peptide	charge	proteins	q_value	score	spectral_angle	20250403_OA3_Evo07_ViAl_SA_FAIMS40_IO44_A556_MOMI_GBGD_P109_F12_R01.mzML
MTVSTLVLGEGATEAEISMTSTR	3	sp|P02760|AMBP_HUMAN	0.0047562425	1.0	0.962136282408294	1017914.0412507666
LQQDVLQFQK	2	sp|Q8NBJ4|GOLM1_HUMAN	0.0047562425	1.0	0.941355440686329	7159.553887635882
TEGDGVYTLNNEK	3	sp|P00738|HPT_HUMAN	0.0047562425	1.0	0.7333368246654047	2286.334773939606
VPTVEPLDSLTLFLFR	3	sp|P13598|ICAM2_HUMAN	0.0047562425	0.9658285256870233	0.9724155974339985	144069.07478797715
ILGGHLDAK	1	sp|P00738|HPT_HUMAN;sp|P00739|HPTR_HUMAN	0.007954545	0.9440873193926883	0.817695460066595	3654.4251568724435
SSNTYTLTDVR	2	sp|Q13740|CD166_HUMAN	0.0047562425	1.0	0.9733360324982614	13929.953299372442
LGFTDLFSK	2	sp|P29622|KAIN_HUMAN	0.0047562425	1.0	0.9146303141687396	59802.268751178744
MQILEGLGLNLQK	2	sp|P05154|IPSP_HUMAN	0.0047562425	1.0	0.8584411035626559	145530.96462406576
DTKTLMFGSYLDDEK	2	sp|P19652|A1AG2_HUMAN	0.0047562425	1.0	0.9547368415661666	1198607.657258487
TSLTVVLLR	2	sp|P32942|ICAM3_HUMAN	0.0047562425	1.0	0.958856198291887	160853.10758483707
ITLLSALVETR	2	sp|P01011|AACT_HUMAN	0.0047562425	0.9933552810135716	0.9588636696257145	1053807.0090090944
DEGTAFLVYGAPGFSK	2	sp|P06276|CHLE_HUMAN	0.0047562425	1.0	0.8915235392487625	676685.5329561784
DTEEEDFHVDQVTTVKVPMMK	3	sp|P01009|A1AT_HUMAN	0.0047562425	1.0	0.8257464917366081	245543.5438674339
FPVFMGR	2	sp|P05155|IC1_HUMAN	0.0047562425	1.0	0.8965752652003756	713141.5120484951
FDPVRGEVPPR	2	sp|P02790|HEMO_HUMAN	0.0047562425	0.9728591838590949	0.9603622395369413	219432.016467087
VQLTGEPVPMAR	3	sp|P15151|PVR_HUMAN	0.008948546	0.9290085173289965	0.8430973565387111	3044.546778786915
HGGLFHENMR	2	sp|Q02985|FHR3_HUMAN	0.019251337	0.672124945171228	0.8182845090035772	633.1698331626636
GFSSGSAVVSGGSR	2	sp|P35908|K22E_HUMAN	0.0047562425	1.0	0.9085397113438122	465.2480128747616
MADEAGSEADHEGTHSTK	2	sp|P02671|FIBA_HUMAN	0.0047562425	1.0	0.8818495329517557	395.84622684356356
QIQVFEDEPAR	2	sp|Q9NPH3|IL1AP_HUMAN	0.0047562425	1.0	0.9157628699649605	66115.6026669281
EETNEIQVVNEEPQR	2	sp|Q8NBJ4|GOLM1_HUMAN	0.0047562425	1.0	0.9024062059724581	161037.2864906093
IGPDNLPYVQILK	3	sp|P11362|FGFR1_HUMAN	0.007954545	0.9440873193926883	0.8006588998540622	506.5929994552686
GVLHNEVK	2	sp|Q92954|PRG4_HUMAN	0.0047562425	0.9797881705057813	0.9508243210053658	6025.52211800748
ALNSIIDVYHK	2	sp|P05109|S10A8_HUMAN	0.0047562425	1.0	0.7366148713279269	93688.24989290298
GLLYQLFR	2	sp|Q9H9K5|MER34_HUMAN	0.0047562425	1.0	0.8636314993926729	25996.761138158945
AADDTWEPFASGK	3	sp|P02766|TTHY_HUMAN	0.0047562425	0.9933552810135716	0.8387242040712065	2064.822288405481
TFTC[+57.021465]TAAYPESK	2	sp|P01876|IGHA1_HUMAN	0.0047562425	0.9933552810135716	0.9449617404738525	33197.191517311876
GEVLPLPEANFPSFPLPHHK	4	sp|P04196|HRG_HUMAN	0.0047562425	1.0	0.8961944685722021	629713.3347458097
EFGNTLEDK	2	sp|P02654|APOC1_HUMAN	0.0047562425	0.9866190731264982	0.8481730566579376	3197.388134354735
SISTAYLQWSSLK	2	sp|A0A0C4DH38|HV551_HUMAN;sp|A0A0J9YXX1|HV5X1_HUMAN	0.0047562425	0.9866190731264982	0.9384466911303214	66345.15836289118
LLVVYPWTQR	2	sp|P02042|HBD_HUMAN;sp|P02100|HBE_HUMAN;sp|P68871|HBB_HUMAN;sp|P69891|HBG1_HUMAN;sp|P69892|HBG2_HUMAN	0.0047562425	1.0	0.927911879449474	56998.160977229774
LYLVQGTQVYVFLTK	3	sp|P02790|HEMO_HUMAN	0.0047562425	0.9658285256870233	0.8922547476443888	18230.928167770395
C[+57.021465]PNPPVQENFDVNK	2	sp|P05090|APOD_HUMAN	0.0047562425	1.0	0.9300685987302074	1612571.4912605924
GPLDQLEK	2	sp|P05546|HEP2_HUMAN	0.0047562425	0.9797881705057813	0.8163039410856087	5986.600064326533
FYYLIASETPGK	2	sp|P29622|KAIN_HUMAN	0.007954545	0.9366095275687156	0.8279171898744203	1958.7849269784397
GEC[+57.021465]QAEGVLFFQGDR	3	sp|P02790|HEMO_HUMAN	0.01618123	0.8058999028144878	0.9063789187222007	14945.037092447023
AVM[+15.994915]DDFAAFVEK	2	sp|P02768|ALBU_HUMAN	0.013245033	1.0	0.8557419671752208	31312.74296518867
VGSALFLSHNLK	3	sp|P29622|KAIN_HUMAN	0.0047562425	0.9728591838590949	0.9275858957867337	65745.12420530686
GDLYFANVEEK	2	sp|O00533|NCHL1_HUMAN	0.0047562425	1.0	0.9475581623286872	6359.647396165523
ISSDSPPSVQFMNR	2	sp|Q9H2A7|CXL16_HUMAN	0.0047562425	0.9797881705057813	0.7690812029439309	24695.432783300123
DTVFALVNYIFFK	3	sp|P01009|A1AT_HUMAN	0.0047562425	1.0	0.9267186266727108	60212.06127696705
HSAQPWADFTLLGAR	3	sp|Q8IYS5|OSCAR_HUMAN	0.0047562425	1.0	0.9117102051393351	104514.43968355324
RYLDGAESVLTVK	3	sp|Q8IZF2|AGRF5_HUMAN	0.0047562425	1.0	0.8409822227403615	26797.5538907679
ASYLDC[+57.021465]IR	2	sp|P02787|TRFE_HUMAN	0.007954545	0.9440873193926883	0.9161290564982354	4849.159214649115
DALSSVQESQVAQQAR	3	sp|P02656|APOC3_HUMAN	0.0047562425	0.9728591838590949	0.9580429509392103	34058.13471484769
GTYSTTVTGR	2	sp|P08519|APOA_HUMAN	0.0047562425	0.9866190731264982	0.9299236489061481	13256.793466532006
TDTSHHDQDHPTFNK	3	sp|P01009|A1AT_HUMAN	0.01722282	0.7626747761196712	0.7855930812803711	798.6549621797587
IDVHWTR	2	sp|P25311|ZA2G_HUMAN	0.0047562425	0.9797881705057813	0.9198489876811907	6280.718206549032
EIGELYLPK	2	sp|P01011|AACT_HUMAN	0.0047562425	1.0	0.9879700800941554	291234.0707845736
AGEQDATIHLK	3	sp|P13591|NCAM1_HUMAN	0.0047562425	0.9728591838590949	0.9095009305937033	2425.600355555277
YPPTVSMVEGQGEK	2	sp|P27918|PROP_HUMAN	0.0047562425	1.0	0.9705027775323537	928227.0033878995
VEIDTKSYWK	3	sp|P02766|TTHY_HUMAN	0.0047562425	1.0	0.8293383314860363	4510.043957401117
KLSSWVLLMK	2	sp|P01009|A1AT_HUMAN	0.0047562425	0.9728591838590949	0.7046699346129869	7535.159960864019
KVPQVSTPTLVEVSR	2	sp|P02768|ALBU_HUMAN	0.0047562425	1.0	0.8624149275491896	332394.5534097236
IMQSSQSMSK	2	sp|O75882|ATRN_HUMAN	0.0047562425	0.9866190731264982	0.9526449801180341	122470.82323210401
SYSC[+57.021465]QVTHEGSTVEK	3	sp|B9A064|IGLL5_HUMAN;sp|P0CF74|IGLC6_HUMAN;sp|P0CG04|IGLC1_HUMAN;sp|P0DOX8|IGL1_HUMAN;sp|P0DOY2|IGLC2_HUMAN;sp|P0DOY3|IGLC3_HUMAN	0.0047562425	0.9728591838590949	0.9128545927146053	79083.87274206341
NWGLSFYADKPETTK	4	sp|P19652|A1AG2_HUMAN	0.0047562425	1.0	0.9280366720904155	313112.3975609314
GTHC[+57.021465]NQVEVIATLK	3	sp|P02775|CXCL7_HUMAN	0.01618123	0.8159995903747699	0.8524676171685525	16267.24317980426
VDGALC[+57.021465]M[+15.994915]EK	2	sp|P02790|HEMO_HUMAN	0.0047562425	1.0	0.957536360090842	137216.37337614302
FSISATYDLGATLLK	3	sp|P05543|THBG_HUMAN	0.0047562425	1.0	0.7478267174882739	41305.15436689537
GFGGLTGQIVAALSTAK	3	sp|Q92954|PRG4_HUMAN	0.0047562425	1.0	0.9500374522865974	1411141.8508858418
VGVIGSIC[+57.021465]DR	2	sp|Q9H1U4|MEGF9_HUMAN	0.0047562425	1.0	0.8745434466387141	79828.93834034524
ASFHIPQVQVR	3	sp|Q9BQ51|PD1L2_HUMAN	0.0047562425	1.0	0.9547714210721422	119189.5475145586
GGYTLVSGYPK	2	sp|P02790|HEMO_HUMAN	0.0047562425	1.0	0.9902697277617533	1713379.9394998052
LLIYDASNR	2	sp|A0A0A0MRZ8|KVD11_HUMAN;sp|P04433|KV311_HUMAN	0.0047562425	1.0	0.8387409199778342	56475.30677252211
LRTEGDGVYTLNNEK	4	sp|P00738|HPT_HUMAN	0.022364218	0.6244097987733555	0.7159228751686837	6978.8881958888305
QLVEIEK	1	sp|P00738|HPT_HUMAN;sp|P00739|HPTR_HUMAN	0.0047562425	0.9728591838590949	0.9486873215757958	19540.927193732274
SDTSLEMTMGNALFLDGSLELLESFSADIK	4	sp|P08185|CBG_HUMAN	0.0047562425	1.0	0.9578522696689787	445230.44999886554
TYLPAVDEK	2	sp|P02655|APOC2_HUMAN	0.0047562425	1.0	0.9798712643984929	825931.0046557885
ADGESC[+57.021465]SASMMYQEGK	2	sp|P01008|ANT3_HUMAN	0.0047562425	1.0	0.9218592856634074	893324.5014694385
DSGPYSC[+57.021465]SVNVQDK	2	sp|Q96AP7|ESAM_HUMAN	0.0047562425	0.9797881705057813	0.9581414386579139	4328.30039705973
REPAVGEPAEVTTTVLVR	4	sp|P05362|ICAM1_HUMAN	0.0047562425	1.0	0.7992735021056467	2404.8550209778114
LVEVNPK	2	sp|Q92954|PRG4_HUMAN	0.0047562425	1.0	0.8847522232417183	36504.84998076271
GVTSVSQIFHSPDLAIR	3	sp|P05155|IC1_HUMAN	0.0047562425	1.0	0.9038570260401633	91225.02886820165
EMEDTLNHLK	3	sp|P17936|IBP3_HUMAN	0.0047562425	1.0	0.9722319262765722	26801.459530780277
GEC[+57.021465]VPGEQEPEPILIPR	2	sp|P02760|AMBP_HUMAN	0.0047562425	1.0	0.8732999492912018	623428.588151288
AVLTIDEK	1	sp|P01009|A1AT_HUMAN	0.0047562425	0.9728591838590949	0.919698280079646	86.61485426735352
VITEPIPVSDLR	2	sp|Q12913|PTPRJ_HUMAN	0.0047562425	1.0	0.961580137759691	11758.696700719676
NPDAVAAPYC[+57.021465]YTR	2	sp|P08519|APOA_HUMAN	0.0047562425	1.0	0.9739513508904332	128838.99920997604
GFMQTYYDDHLR	2	sp|P55056|APOC4_HUMAN	0.007954545	0.9797881705057813	0.8653556682416144	29704.2403474571
AAVAAVLSPEEFMVLLDSVLPESAHR	4	sp|Q8TDL5|BPIB1_HUMAN	0.0047562425	1.0	0.8688473629185088	188003.18508673206
GQYC[+57.021465]YELDEK	2	sp|P04004|VTNC_HUMAN	0.0047562425	1.0	0.9558601400121443	21386.329953975666
ALSIGFETC[+57.021465]R	2	sp|P16070|CD44_HUMAN	0.0047562425	1.0	0.9838336902716864	378211.1118041586
EMEVLHLR	2	sp|P11362|FGFR1_HUMAN	0.0047562425	1.0	0.9580444177024989	260373.88045716545
DIQGSLQDIFK	2	sp|P55290|CAD13_HUMAN	0.0047562425	1.0	0.9019197026674955	21217.680274042457
VDLVLEK	2	sp|P17900|SAP3_HUMAN	0.013245033	0.897262926642552	0.8983257526666312	5925.289507700275
VPLQQNFQDNQFQGK	2	sp|P80188|NGAL_HUMAN	0.0047562425	1.0	0.8813901549411177	1015722.5929271004
YFHHNSDFHIPK	4	sp|O75015|FCG3B_HUMAN	0.0047562425	1.0	0.9838323196240826	866464.1072188567
YFHHNSDFYIPK	4	sp|P08637|FCG3A_HUMAN	0.0047562425	0.9797881705057813	0.8795822641374963	29486.440980358017
SKEQLTPLIK	2	sp|P02652|APOA2_HUMAN	0.0047562425	1.0	0.9239444116030258	14203.022276609394
MSSINADFAFNLYR	2	sp|P05543|THBG_HUMAN	0.0047562425	1.0	0.7755471524698079	390439.45841215283
NLAVSQVVHK	2	sp|P01011|AACT_HUMAN	0.0047562425	1.0	0.9887519158400764	576775.4888347642
GILTVDELLAIR	3	sp|P13473|LAMP2_HUMAN	0.008948546	0.9290085173289965	0.7979292662324149	3256.9681217746756
ILTQDTPEFFIDQGHAK	3	sp|Q8TDL5|BPIB1_HUMAN	0.0047562425	1.0	0.8625683191342011	14882.03371899312
QQLQALSEPQPR	2	sp|Q8NBJ4|GOLM1_HUMAN	0.0047562425	0.9933552810135716	0.9116602417540113	3492.4379650920746
LRTEGDGVYTLNDK	2	sp|P00738|HPT_HUMAN;sp|P00739|HPTR_HUMAN	0.0047562425	1.0	0.9430480874948869	248393.96250275418
NDNDNIFLSPLSISTAFAMTK	3	sp|P01008|ANT3_HUMAN	0.0047562425	0.9866190731264982	0.7069446673651103	658.3690306658698
TEGDGVYTLNDK	2	sp|P00738|HPT_HUMAN;sp|P00739|HPTR_HUMAN	0.0047562425	1.0	0.9536161290987922	177456.1329550914
EQLGEFYEALDC[+57.021465]LR	3	sp|P02763|A1AG1_HUMAN	0.0047562425	0.9728591838590949	0.9267069864410419	468238.8707436583
WLQGSQELPR	2	sp|P01876|IGHA1_HUMAN;sp|P01877|IGHA2_HUMAN;sp|P0DOX2|IGA2_HUMAN	0.0047562425	0.9933552810135716	0.964322613286802	461373.2992374318
VYSTSVTGSR	2	sp|Q9H299|SH3L3_HUMAN	0.0047562425	1.0	0.9180119239762599	29093.694566171413
SISC[+57.021465]QEIPGQQSR	2	sp|P27918|PROP_HUMAN	0.0047562425	1.0	0.9359694665402845	1017869.5640408772
TSDQIHFFFAK	3	sp|P01008|ANT3_HUMAN	0.0047562425	0.9933552810135716	0.9611333792473445	729436.0770561575
EPQVYTLPPSR	2	sp|P01857|IGHG1_HUMAN;sp|P01859|IGHG2_HUMAN;sp|P01860|IGHG3_HUMAN;sp|P0DOX5|IGG1_HUMAN	0.0047562425	1.0	0.9677261708415938	4468.092428385516
LLEGETLSVQC[+57.021465]SYK	2	sp|Q5T2D2|TRML2_HUMAN	0.0047562425	0.9728591838590949	0.7337439016529199	5540.528486159829
NSVIKVPMMNSK	2	sp|P05155|IC1_HUMAN	0.0047562425	0.9933552810135716	0.9738580066247071	96759.3456383802
AIMEKLEMSK	2	sp|P05155|IC1_HUMAN	0.0047562425	0.9933552810135716	0.8595494675174423	2419.4776370474174
ASVSVTAEDEGTQR	2	sp|P05362|ICAM1_HUMAN	0.0047562425	1.0	0.9496011300729139	90432.43005347834
YFHHNSDFHIPK	3	sp|O75015|FCG3B_HUMAN	0.0047562425	1.0	0.8285869078154405	60006.46391162064
ESGTDDFNVWIGLHDPK	3	sp|P05451|REG1A_HUMAN	0.0047562425	1.0	0.8893321847254293	29251.144426933286
RYTIAALLSPYSYSTTAVVTNPK	3	sp|P02766|TTHY_HUMAN	0.0047562425	0.9728591838590949	0.9396512799138474	2149593.479326265
LPGIVAEGRDDLYVSDAFHK	3	sp|P01008|ANT3_HUMAN	0.0047562425	0.9866190731264982	0.9501056205415549	73977.43969087233
VLNQELR	2	sp|P05090|APOD_HUMAN	0.0047562425	1.0	0.9827652031275668	539709.4386484934
LYIEYGIQR	2	sp|Q9NPH3|IL1AP_HUMAN	0.0047562425	1.0	0.9750784234479691	27767.81916931103
HTFM[+15.994915]GVVSLGSPSGEVSHPR	4	sp|P02765|FETUA_HUMAN	0.0047562425	0.9933552810135716	0.8926303303762148	3240.6035772448613
VQPYLDDFQK	2	sp|P02647|APOA1_HUMAN	0.0047562425	1.0	0.9654320938859121	182651.353929659
SSAEAQTPEDTPNK	2	sp|O43493|TGON2_HUMAN	0.0047562425	1.0	0.8140344822585641	14968.213745113024
TFTDKWEDYPK	2	sp|P10721|KIT_HUMAN	0.015300547	0.8540617215638593	0.7305255124997806	6801.981664641027
LGMFNIQHC[+57.021465]K	3	sp|P01009|A1AT_HUMAN	0.0047562425	1.0	0.9139431271501608	32532.89656171548
SGAQATWTELPWPHEK	2	sp|P02790|HEMO_HUMAN	0.0047562425	1.0	0.8732042801550818	1728990.6637530343
DNPMYYC[+57.021465]NK	2	sp|O75882|ATRN_HUMAN	0.0047562425	0.9933552810135716	0.8610909590699016	3645.52400101357
ADGNQLTLEER	2	sp|Q6YHK3|CD109_HUMAN	0.0047562425	0.9933552810135716	0.7374322715553057	2109.8694122517954
LREQLGPVTQEFWDNLEK	4	sp|P02647|APOA1_HUMAN	0.01618123	0.8258516653955662	0.7260255725308238	783.3333317473018
SGTSASLAISGLR	2	sp|P01700|LV147_HUMAN	0.0047562425	1.0	0.9090907482807316	21195.629449180375
WEMPFDPQDTHQSR	2	sp|P01011|AACT_HUMAN	0.007954545	0.9586923939928679	0.9752627172380459	52211.41190381
GIVLFVSK	2	sp|Q99650|OSMR_HUMAN	0.0047562425	0.9728591838590949	0.7180396730367719	8389.546423900207
DSTYSLSSTLTLSK	2	sp|P01834|IGKC_HUMAN;sp|P0DOX7|IGK_HUMAN	0.0047562425	1.0	0.9229068262903061	329922.61013222416
IC[+57.021465]LDLQAPLYK	2	sp|P02776|PLF4_HUMAN	0.0047562425	1.0	0.9770547337446757	285677.0719390471
HTFMGVVSLGSPSGEVSHPR	4	sp|P02765|FETUA_HUMAN	0.0047562425	0.9933552810135716	0.9781883213421486	140023.78696885495
LAIPQQSDFHNNR	2	sp|P07333|CSF1R_HUMAN	0.0047562425	0.9797881705057813	0.8093367614181706	14211.059414435858
LTLTPWVGLR	2	sp|O75882|ATRN_HUMAN	0.0047562425	1.0	0.9869205798781842	1083528.9054977244
HTLNQIDEVK	2	sp|P02765|FETUA_HUMAN	0.0047562425	0.9933552810135716	0.9539960923857423	317629.31578732224
ESTLHLVLR	2	sp|P0CG47|UBB_HUMAN;sp|P0CG48|UBC_HUMAN;sp|P62979|RS27A_HUMAN;sp|P62987|RL40_HUMAN	0.0047562425	1.0	0.9929622931176815	424123.85225816834
AQSQLVAGIK	2	sp|Q15828|CYTM_HUMAN	0.0047562425	1.0	0.8889119456099658	60721.22842124726
QGHNSVFLIK	2	sp|P02790|HEMO_HUMAN	0.0047562425	1.0	0.9870055541243645	54358.80801689122
SC[+57.021465]ALDQNC[+57.021465]QWEPR	2	sp|O75882|ATRN_HUMAN	0.0047562425	1.0	0.946905709796164	160698.59016584922
QVILTLQPTLVAVGK	2	sp|P13598|ICAM2_HUMAN	0.0047562425	1.0	0.9518346885554058	4681546.092184679
LVYHLGLPFSFLTFPYVEEAIK	4	sp|P49908|SEPP1_HUMAN	0.0047562425	1.0	0.924767518647709	61485.14019984944
FTVNNLAEPQK	3	sp|P12259|FA5_HUMAN	0.01618123	0.8448700454299841	0.7201511591551094	305.101631488062
VTTVASHTSDSDVPSGVTEVVVK	4	sp|P10909|CLUS_HUMAN	0.007954545	0.9440873193926883	0.8689891271153247	3607.5691705051304
FRIEDGFSLK	3	sp|P01008|ANT3_HUMAN	0.0047562425	1.0	0.9693541022275165	972117.8099489927
EQVTNVGGAVVTGVTAVAQK	3	sp|P37840|SYUA_HUMAN	0.0047562425	1.0	0.9197598948102506	66019.86489376874
GDDITMVLILPKPEK	2	sp|P01008|ANT3_HUMAN	0.0047562425	1.0	0.9579669104629389	92624.37940351006
LDSSEFLK	2	sp|Q12841|FSTL1_HUMAN	0.0047562425	0.9866190731264982	0.9380390769930483	1149.9606739557478
DNYTDLVAIQNK	2	sp|P14151|LYAM1_HUMAN	0.0047562425	0.9933552810135716	0.7804071910249046	6348.296587803456
APEQEQAAPGPAAGGEAPK	3	sp|P80723|BASP1_HUMAN	0.0047562425	0.9658285256870233	0.8904518182396672	4340.9625520334375
LLIYWASTR	2	sp|P06312|KV401_HUMAN	0.0047562425	0.9866190731264982	0.9719645525610583	226919.98319029677
RTIAVLLDDILQR	3	sp|Q96EE4|CC126_HUMAN	0.0047562425	0.9866190731264982	0.7687791596623494	10282.278567566824
FNKPFVFLMIEQNTK	3	sp|P01009|A1AT_HUMAN	0.0047562425	0.9658285256870233	0.967653522733255	264752.4160702706
AGVETTTPSK	2	sp|P0DOY2|IGLC2_HUMAN;sp|P0DOY3|IGLC3_HUMAN	0.0047562425	0.9728591838590949	0.968505561664448	4079.4817971017437
IILEDENDAMADADR	2	sp|Q9BUN1|MENT_HUMAN	0.0047562425	0.9728591838590949	0.9374829227201921	20880.98059053456
ADLSGITGAR	1	sp|P01011|AACT_HUMAN	0.0047562425	1.0	0.917948027190211	73612.17940243876
SGVQQLIQYYQDQK	2	sp|Q13790|APOF_HUMAN	0.0047562425	1.0	0.7497040155961168	114081.43475739795
MFLSFPTTK	2	sp|P69905|HBA_HUMAN	0.0047562425	1.0	0.9540869563165807	307994.4071647755
GLPNVVTSAISLPNIR	2	sp|Q92954|PRG4_HUMAN	0.0047562425	1.0	0.8923829058779632	205197.2335887926
HYYESEVLAMNFQDWATASR	3	sp|P08185|CBG_HUMAN	0.0047562425	0.9797881705057813	0.9018119313881817	16819.923092109308
TLTLLSVTR	2	sp|P06731|CEAM5_HUMAN;sp|P13688|CEAM1_HUMAN;sp|P31997|CEAM8_HUMAN	0.0047562425	1.0	0.8753654926876117	71221.72603551281
LQHLENELTHDIITK	4	sp|P01009|A1AT_HUMAN	0.0047562425	0.9658285256870233	0.7947329881560705	5744.005247873446
QVVAGLNFR	2	sp|P01042|KNG1_HUMAN	0.0047562425	1.0	0.9605207231840126	257846.45057684722
VGYVSGWGR	2	sp|P00738|HPT_HUMAN	0.0047562425	1.0	0.9702448495917602	759906.8403348103
LREQLGPVTQEFWDNLEK	3	sp|P02647|APOA1_HUMAN	0.0047562425	0.9866190731264982	0.9033903208049001	12321.441666735553
GIYSFNFHVVK	3	sp|P23435|CBLN1_HUMAN	0.0047562425	1.0	0.8236468751192461	7713.82141387854
DASGVTFTWTPSSGK	2	sp|P01876|IGHA1_HUMAN	0.0047562425	0.9866190731264982	0.9269840553956804	5409.758495682903
TMLLQPAGSLGSYSYR	2	sp|P41222|PTGDS_HUMAN	0.0047562425	0.9728591838590949	0.9646035522494983	172621.4111623614
YSPSFQGQVTISADK	2	sp|A0A0C4DH38|HV551_HUMAN	0.0047562425	0.9797881705057813	0.909466963314506	4230.613253048274
DVWGIEGPIDAAFTR	2	sp|P04004|VTNC_HUMAN	0.0047562425	1.0	0.8802849064205659	1204687.2437982897
DIAPTLTLYVGK	3	sp|P00738|HPT_HUMAN;sp|P00739|HPTR_HUMAN	0.0047562425	1.0	0.9338284669921446	15962.639372797481
AVSISPTNVILTWK	2	sp|Q12913|PTPRJ_HUMAN	0.0047562425	0.9866190731264982	0.9488781331943011	88062.2164848635
YVGGQEHFAHLLILR	3	sp|P02763|A1AG1_HUMAN	0.0047562425	0.9728591838590949	0.9697692885819257	509335.54323600477
SDVM[+15.994915]YTDWK	2	sp|P19652|A1AG2_HUMAN	0.01618123	0.8258516653955662	0.8529390984210229	1855.2886383922153
FSGSGSGTDFTLTISR	2	sp|A0A0C4DH25|KVD20_HUMAN;sp|P01619|KV320_HUMAN	0.0047562425	1.0	0.9120951940960608	726657.8977275417
SDVMYTDWK	2	sp|P19652|A1AG2_HUMAN	0.0047562425	1.0	0.971078579111792	740447.215743942
YIC[+57.021465]ENQDSISSK	2	sp|P02768|ALBU_HUMAN	0.0047562425	0.9866190731264982	0.9774540110808756	8579.984143275316
SEAYNTFSER	2	sp|P12259|FA5_HUMAN	0.0047562425	0.9933552810135716	0.7933688518308829	7684.4044326251815
GGSTSYGTGSETESPR	2	sp|P02671|FIBA_HUMAN	0.0047562425	0.9797881705057813	0.9480357953830542	6011.293351410609
EQTVSVSGAFQINTFDLR	3	sp|P13473|LAMP2_HUMAN	0.0047562425	0.9933552810135716	0.8773927449564745	70532.50671304752
SYPGLTSYLVR	2	sp|P80188|NGAL_HUMAN	0.0047562425	1.0	0.9818069278434747	32823.25855389742
EHVAHLLFLRDTK	2	sp|P19652|A1AG2_HUMAN	0.0047562425	1.0	0.954903115947326	256293.99401505326
RLGMFNIQHC[+57.021465]K	3	sp|P01009|A1AT_HUMAN	0.0047562425	0.9797881705057813	0.9568643162889348	215044.04999453225
DM[+15.994915]PASEDLQDLQK	2	sp|P49908|SEPP1_HUMAN	0.0047562425	0.9866190731264982	0.9613902184987344	8917.295208832418
EENFYVDETTVVK	2	sp|P08185|CBG_HUMAN	0.0047562425	0.9797881705057813	0.9213693835448273	26951.039214265664
SAGSVESPSVSSTHR	2	sp|P17936|IBP3_HUMAN	0.0047562425	0.9866190731264982	0.8876775719255894	3606.3952182701155
EFTPPVQAAYQK	2	sp|P68871|HBB_HUMAN	0.0047562425	1.0	0.8598837209334456	47345.66080150225
EVGTPHGIILDSVDAAFIC[+57.021465]PGSSR	3	sp|P02790|HEMO_HUMAN	0.0047562425	1.0	0.9010741717188958	4518806.330630587
IHWESASLLR	2	sp|P01024|CO3_HUMAN	0.0047562425	0.9933552810135716	0.7491944718512031	16238.00552402123
VC[+57.021465]PFAGILENGAVR	2	sp|P02749|APOH_HUMAN	0.0047562425	1.0	0.8294069953462293	13869005.440693352
AFIQLWAFDAVK	3	sp|P02760|AMBP_HUMAN	0.008948546	0.9366095275687156	0.8889131768739319	23763.736521680905
TLLSNLEEAK	2	sp|P10909|CLUS_HUMAN	0.0047562425	1.0	0.9752818742682567	391737.6626340831
VDGALC[+57.021465]MEK	2	sp|P02790|HEMO_HUMAN	0.0047562425	0.9866190731264982	0.9584458425528634	143069.63010100197
VSALVDYER	2	sp|Q9BYE9|CDHR2_HUMAN	0.0047562425	0.9866190731264982	0.9273860501528997	6313.808415332358
FIC[+57.021465]PLTGLWPINTLK	2	sp|P02749|APOH_HUMAN	0.0047562425	0.9658285256870233	0.9371408119376596	358631.0860783261
VIEHIMEDLDTNADK	2	sp|P06702|S10A9_HUMAN	0.0047562425	0.9728591838590949	0.9740712630056354	18092.555592585657
GYWSDWSEEASGITYEDRPSK	3	sp|P40189|IL6RB_HUMAN	0.0047562425	1.0	0.8980974359173098	486731.0340942254
EPQDTYHYLPFSLPHR	3	sp|P10909|CLUS_HUMAN	0.0047562425	1.0	0.8671230783011681	75949.7950716723
DLSPDDPQVQK	2	sp|Q15828|CYTM_HUMAN	0.0047562425	0.9933552810135716	0.9890654697747719	23677.13921165403
SVLGQLGITK	2	sp|P01009|A1AT_HUMAN	0.0047562425	1.0	0.9582477740929876	34201347.47463647
WKNFPSPVDAAFR	2	sp|P02790|HEMO_HUMAN	0.0047562425	0.9866190731264982	0.9497773277907049	50475.03862287106
TM[+15.994915]LLQPAGSLGSYSYR	3	sp|P41222|PTGDS_HUMAN	0.0047562425	0.9728591838590949	0.9490228338007511	23836.91960890293
HPDEAAFFDTASTGK	3	sp|P02671|FIBA_HUMAN	0.0047562425	0.9797881705057813	0.8604005920374588	3667.0088468374297
EGIVEYPR	2	sp|Q02985|FHR3_HUMAN;sp|Q92496|FHR4_HUMAN	0.0047562425	1.0	0.8661984106792882	39868.47333256544
FLENEDRR	2	sp|P01009|A1AT_HUMAN	0.0047562425	1.0	0.9616020233519572	1917635.165972052
FIQSQDYQC[+57.021465]SALMGGR	2	sp|P07333|CSF1R_HUMAN	0.0047562425	0.9658285256870233	0.8865628095711148	202.71303469945735
SIAQYWLGC[+57.021465]PAPGHL	2	sp|P04004|VTNC_HUMAN	0.0047562425	1.0	0.9109080671906347	647691.220582091
EHVAHLLFLR	3	sp|P19652|A1AG2_HUMAN	0.0047562425	1.0	0.9602117255485535	26493266.663592115
YEGGREHVAHLLFLR	4	sp|P19652|A1AG2_HUMAN	0.0047562425	0.9797881705057813	0.9188232914503649	58855.73608583453
KLINDYVK	2	sp|P01011|AACT_HUMAN	0.0047562425	0.9866190731264982	0.9415056768334317	6697.142851739009
TEDTIFLR	2	sp|P02763|A1AG1_HUMAN;sp|P19652|A1AG2_HUMAN	0.0047562425	0.9866190731264982	0.962504046332103	108777.13292351297
DFLQSLK	2	sp|P08697|A2AP_HUMAN	0.0047562425	1.0	0.9882464040586814	515599.22679409204
LSPYVHYTFR	3	sp|P32004|L1CAM_HUMAN	0.0047562425	1.0	0.7517625009255526	54181.392615127974
LC[+57.021465]TPLLPK	2	sp|P27918|PROP_HUMAN	0.0047562425	0.9866190731264982	0.9203277461864092	3719.9928597643884
YTDLVAIQNK	2	sp|P16109|LYAM3_HUMAN	0.0047562425	0.9933552810135716	0.950824423781572	7618.383550610946
AFSVNIFK	2	sp|P11279|LAMP1_HUMAN	0.0047562425	0.9797881705057813	0.7949589684565735	34090.81283437183
EVLLLVHNLPQQLFGYSWYK	3	sp|P13688|CEAM1_HUMAN	0.0047562425	1.0	0.9315663508455869	1746007.4859327844
TVAAC[+57.021465]NLPIVR	2	sp|P02760|AMBP_HUMAN	0.0047562425	0.9933552810135716	0.9905447286786253	49944.55073782477
SKLPGIVAEGRDDLYVSDAFHK	3	sp|P01008|ANT3_HUMAN	0.0047562425	0.9933552810135716	0.8974702557430153	190748.05426794573
IPLNDLFR	2	sp|P13473|LAMP2_HUMAN	0.01618123	0.8258516653955662	0.963147057974616	2037.611706437984
GKEESLDSDLYAELR	4	sp|P02775|CXCL7_HUMAN	0.015300547	0.8718655118414741	0.8350817423276612	2619.162638616943
DSPVLIDFFEDTER	2	sp|P04196|HRG_HUMAN	0.0047562425	0.9728591838590949	0.9338838385913734	474968.13489784964
TYFPHFDLSHGSAQVK	2	sp|P69905|HBA_HUMAN	0.007954545	0.9440873193926883	0.7975883355843923	12278.762996000834
TSESGELHGLTTEEEFVEGIYK	4	sp|P02766|TTHY_HUMAN	0.012208657	0.9054124614333342	0.8278376977642271	53201.59380352365
ALTDMPQMR	2	sp|P02671|FIBA_HUMAN	0.0047562425	1.0	0.9618278851465281	99339.55017314848
QINDYVEK	2	sp|P01009|A1AT_HUMAN	0.0047562425	1.0	0.8886292857590371	25365.05653327772
ELDRDTVFALVNYIFFK	3	sp|P01009|A1AT_HUMAN	0.0047562425	0.9933552810135716	0.950925978062698	967629.895192774
GFQQLLQELNQPR	3	sp|P05154|IPSP_HUMAN	0.007954545	0.9514467542496609	0.7873770388030275	466.19429746768924
WYNLAIGSTC[+57.021465]PWLK	3	sp|P02760|AMBP_HUMAN	0.013245033	0.897262926642552	0.9428839085250489	75038.47961257826
RLWWLDLK	2	sp|P02790|HEMO_HUMAN	0.0047562425	0.9933552810135716	0.9594887603449649	13296.520866721325
EFYSASVAEDAAK	2	sp|Q9BYE9|CDHR2_HUMAN	0.0047562425	0.9933552810135716	0.8255012491593252	1182.7198878505462
SSSNEEVMFLTVQVK	3	sp|P01023|A2MG_HUMAN	0.0047562425	1.0	0.7718049415110021	49286.28196585612
NPNLPPETVDSLK	2	sp|P05090|APOD_HUMAN	0.0047562425	0.9933552810135716	0.9602662550913285	66065.24067274394
ALGISPFHEHAEVVFTANDSGPR	4	sp|P02766|TTHY_HUMAN	0.0047562425	1.0	0.926025860710278	47316537.86234358
WLQDNAENVYVWK	2	sp|P07359|GP1BA_HUMAN	0.0047562425	1.0	0.956726435094258	689726.3098053075
YKEENDDFASFR	2	sp|P04196|HRG_HUMAN	0.0047562425	1.0	0.9665826698564666	336569.93991920404
KLYHSEAFTVNFGDTEEAKK	3	sp|P01009|A1AT_HUMAN	0.0047562425	0.9866190731264982	0.9770276247015902	15100.660681484573
DLATVYVDVLK	3	sp|P02647|APOA1_HUMAN	0.0047562425	1.0	0.8289043711061315	9129.798420598041
SVNNVVVR	1	sp|O75882|ATRN_HUMAN	0.0047562425	0.9797881705057813	0.7108741060900617	146.24875185132112
EC[+57.021465]LQTC[+57.021465]R	2	sp|P02760|AMBP_HUMAN	0.0047562425	1.0	0.896227130892925	75956.55560230634
DSVGQLQLYR	2	sp|Q99941|ATF6B_HUMAN	0.0047562425	0.9933552810135716	0.9123887011148959	14312.110555842211
VAEGTQVLELPFK	2	sp|P01008|ANT3_HUMAN	0.0047562425	1.0	0.9660860578901806	1653784.927451298
GIYSFSFHVIK	3	sp|Q9NTU7|CBLN4_HUMAN	0.0047562425	1.0	0.8139648500154583	152263.2648558172
GTWTQPFDLASTR	2	sp|P08185|CBG_HUMAN	0.0047562425	1.0	0.9492357137947418	30770221.863959715
LNDLEDALQQAK	2	sp|P04264|K2C1_HUMAN	0.008948546	0.9212790999005022	0.7067129706117993	7155.286467706386
TITTTEIMNKPEETAKPK	4	sp|Q92954|PRG4_HUMAN	0.0047562425	1.0	0.8199582040271652	5319.6489789750785
LLIYGASSR	2	sp|P01619|KV320_HUMAN	0.0047562425	1.0	0.8283092753213867	202735.4987253101
EEDPIHLR	2	sp|O75015|FCG3B_HUMAN;sp|P08637|FCG3A_HUMAN	0.0047562425	1.0	0.9239105356845041	273216.0999790678
VATTVISK	1	sp|P05155|IC1_HUMAN	0.0047562425	1.0	0.7556681383979982	10399.107238979797
EALQGVGDMGR	2	sp|P35542|SAA4_HUMAN	0.0047562425	0.9933552810135716	0.9684620526838488	2299.9777267184268
LVLLNAIYLSAK	2	sp|P05155|IC1_HUMAN	0.0047562425	1.0	0.955037262167561	18485.353777321627
EQYAVVGHSAHIVTLK	3	sp|O75882|ATRN_HUMAN	0.0047562425	1.0	0.8199176673354454	28096.97304909127
MNTVIAALSR	2	sp|P08185|CBG_HUMAN	0.0047562425	1.0	0.9690083423836519	310834.6968965302
SDGDPVQPAVLQVHQTS	2	sp|O95810|CAVN2_HUMAN	0.0047562425	1.0	0.9026372040301385	866331.9159317182
TFVLPVTPPR	2	sp|P32942|ICAM3_HUMAN	0.0047562425	0.9933552810135716	0.95044512083659	15514.664390890113
VTTPDTSTTQHNK	3	sp|Q92954|PRG4_HUMAN	0.0047562425	1.0	0.9619336369814621	82102.54038385024
NWGLSVYADKPETTK	2	sp|P02763|A1AG1_HUMAN	0.0047562425	1.0	0.9578533469100768	1741504.126624822
GSSSSPLGISVR	2	sp|Q9NTU7|CBLN4_HUMAN	0.0047562425	1.0	0.9473163608091664	183855.88286283315
VWPQQPSGELFEIEIDTLETTC[+57.021465]HVLDPTPVAR	4	sp|P02765|FETUA_HUMAN	0.0047562425	1.0	0.9431560784260464	5206128.02621975
GSPAINVAVHVFRK	3	sp|P02766|TTHY_HUMAN	0.0047562425	0.9866190731264982	0.9476872435672766	106713.68365837683
LYHSEAFTVNFGDTEEAKK	4	sp|P01009|A1AT_HUMAN	0.0047562425	1.0	0.8891305585091641	167008.70107621004
LVEVNPK	1	sp|Q92954|PRG4_HUMAN	0.013245033	0.888960273227615	0.7548559938954551	853.1266856646278
TITTTEIMNKPEETAKPK	3	sp|Q92954|PRG4_HUMAN	0.0047562425	1.0	0.9507029446124721	42516.30468039762
DYFMPC[+57.021465]PGR	3	sp|P02790|HEMO_HUMAN	0.0047562425	1.0	0.7313403525439486	18169.247094961906
GSPAINVAVHVFR	3	sp|P02766|TTHY_HUMAN	0.0047562425	0.9933552810135716	0.9582780256206673	5682372.02272811
ANRPFLVFIR	2	sp|P01008|ANT3_HUMAN	0.0047562425	0.9728591838590949	0.8847638201233556	6472.0315437717445
SSGQWQTPGATR	2	sp|P06681|CO2_HUMAN	0.0047562425	1.0	0.9596674576602408	14370.526065563905
EAEPLVDIR	2	sp|Q9H8L6|MMRN2_HUMAN	0.019251337	0.7510559064272662	0.9185061367352714	21363.706975636487
EVPLNTIIFMGR	2	sp|P01008|ANT3_HUMAN	0.0047562425	0.9933552810135716	0.9610942630342365	893459.8274774788
EAASNGVLIQMEK	3	sp|P23435|CBLN1_HUMAN	0.022364218	0.5462099337781654	0.8663133225231416	1379.6343471492135
WSAGLTSSQVDLYIPK	2	sp|P08185|CBG_HUMAN	0.0047562425	1.0	0.953290711352641	5499062.707057919
SC[+57.021465]AVAEYGVYVK	2	sp|P00738|HPT_HUMAN;sp|P00739|HPTR_HUMAN	0.018299246	0.9933552810135716	0.9812292366270986	596906.6930067851
AAVAAVLSPEEFMVLLDSVLPESAHR	3	sp|Q8TDL5|BPIB1_HUMAN	0.0047562425	1.0	0.9123767292227632	620543.6932359509
IDPSHTQGYR	3	sp|P40189|IL6RB_HUMAN	0.0047562425	0.9728591838590949	0.9333610438056473	2722.7154119366537
GEVLPLPEANFPSFPLPHHK	3	sp|P04196|HRG_HUMAN	0.0047562425	1.0	0.952259825783467	318608.60914421553
VVSTNYNQHAMVFFK	2	sp|P80188|NGAL_HUMAN	0.0047562425	1.0	0.9310800870992759	530133.766555255
SDVVYTDWKKDK	3	sp|P02763|A1AG1_HUMAN	0.0047562425	0.9866190731264982	0.9950940507452758	7626.329492674662
GSFPWQAK	2	sp|P00738|HPT_HUMAN;sp|P00739|HPTR_HUMAN	0.0047562425	0.9797881705057813	0.9792736472133455	502604.73808728333
WYVVGLAGNAILR	2	sp|P80188|NGAL_HUMAN	0.0047562425	1.0	0.9373810908275978	208829.85467229655
ETLLQDFR	2	sp|P02760|AMBP_HUMAN	0.0047562425	0.9866190731264982	0.9869919366342581	260758.3926578748
AVMDDFAAFVEK	2	sp|P02768|ALBU_HUMAN	0.0047562425	0.9797881705057813	0.9823992164153602	700371.9790189815
VFEVHVRPK	2	sp|P13598|ICAM2_HUMAN	0.0047562425	1.0	0.9526136212310228	194494.69278423273
ALMSPAGMLR	2	sp|O75144|ICOSL_HUMAN	0.0047562425	0.9866190731264982	0.9800393785693654	85826.38807702367
YVGGQEHFAHLLILRDTK	3	sp|P02763|A1AG1_HUMAN	0.0047562425	0.9933552810135716	0.9502434800288423	379857.2427929544
QISNLQQSISDAEQR	3	sp|P04264|K2C1_HUMAN	0.0047562425	0.9728591838590949	0.7629290436909397	2567.5796066486355
QQTHMLDVMQDHFSR	4	sp|P10909|CLUS_HUMAN	0.0047562425	0.9866190731264982	0.9777165443777862	577.6808345388966
NIDVFNVEDQK	2	sp|Q8NBJ4|GOLM1_HUMAN	0.0047562425	1.0	0.8682817393914077	28809.45456512221
VVAGVANALAHK	2	sp|P02042|HBD_HUMAN;sp|P68871|HBB_HUMAN	0.0047562425	1.0	0.9390975414619704	420853.28980250657
QEPSQGTTTFAVTSILR	2	sp|P01876|IGHA1_HUMAN	0.008948546	1.0	0.9483780078228828	922007.2560409743
NFPSPVDAAFR	3	sp|P02790|HEMO_HUMAN	0.0047562425	1.0	0.8572497024622091	38354.94843055731
M[+15.994915]ADEAGSEADHEGTHSTK	3	sp|P02671|FIBA_HUMAN	0.0047562425	1.0	0.9721524106402981	977.6430647192564
DQYYNIDVPSR	2	sp|Q92954|PRG4_HUMAN	0.0047562425	0.9933552810135716	0.9596498601624013	225052.61024206274
ALTFELTLR	2	sp|P07333|CSF1R_HUMAN	0.0047562425	1.0	0.9073055992394505	25810.35679499134
VVHFIYIAILSQK	2	sp|P43652|AFAM_HUMAN	0.0047562425	0.9866190731264982	0.7171471446107182	10771.407617992078
FDPSLTQR	2	sp|P08697|A2AP_HUMAN	0.0047562425	1.0	0.8920143957083521	54940.645887162624
VGSPFELVVSGNK	2	sp|Q6YHK3|CD109_HUMAN	0.0047562425	1.0	0.8976581133024178	11288.997817275824
VKSPELQAEAK	2	sp|P02652|APOA2_HUMAN	0.0047562425	0.9933552810135716	0.9543133691509983	6985.280044470973
EYC[+57.021465]GVPGDGDEELLR	2	sp|P02760|AMBP_HUMAN	0.0047562425	1.0	0.9463192230089572	1853934.6773016148
VFSNGADLSGVTEEAPLK	2	sp|P01009|A1AT_HUMAN	0.0047562425	1.0	0.9235567684122858	32167468.083418056
EQLTPLIK	2	sp|P02652|APOA2_HUMAN	0.0047562425	0.9797881705057813	0.914309492224637	34040.972107583744
GC[+57.021465]TGSLNMTLQR	2	sp|Q96HC4|PDLI5_HUMAN	0.0047562425	0.9933552810135716	0.761840482226318	3648.2099565494373
ADLFYDVEALDLESPK	2	sp|P04196|HRG_HUMAN	0.0047562425	1.0	0.9398616829067185	656249.0876105968
ASFETC[+57.021465]SYGWVGDGFVVISR	3	sp|Q9Y5Y7|LYVE1_HUMAN	0.0047562425	1.0	0.9489885212611922	544259.6144139008
LRTEGDGVYTLNNEK	3	sp|P00738|HPT_HUMAN	0.015300547	0.8718655118414741	0.8202041962731235	243.67474698171566
QQTHMLDVMQDHFSR	3	sp|P10909|CLUS_HUMAN	0.0047562425	0.9866190731264982	0.9524562908387932	133.48434003310288
TYMLAFDVNDEK	2	sp|P02763|A1AG1_HUMAN	0.0047562425	0.9866190731264982	0.9600092393990632	31408546.401363283
SVQEIQATFFYFTPNK	3	sp|P02763|A1AG1_HUMAN;sp|P19652|A1AG2_HUMAN	0.0047562425	1.0	0.8771571212616796	36889.40767601203
SLTEEAENWGDGEPNNK	2	sp|P14151|LYAM1_HUMAN	0.0047562425	1.0	0.9283438091132865	583804.5204161945
EQLGEFYEALDC[+57.021465]LC[+57.021465]IPR	3	sp|P19652|A1AG2_HUMAN	0.0047562425	0.9866190731264982	0.907822150021449	794747.3309254403
DMPASEDLQDLQK	2	sp|P49908|SEPP1_HUMAN	0.0047562425	1.0	0.9516089130994974	6918060.048407887
STSGGTAALGC[+57.021465]LVK	2	sp|P01857|IGHG1_HUMAN;sp|P01860|IGHG3_HUMAN;sp|P0DOX5|IGG1_HUMAN	0.0047562425	1.0	0.9518070076104334	130429.0439882554
KPDGYDYYAFSK	3	sp|Q92954|PRG4_HUMAN	0.0047562425	1.0	0.9280461739864329	40940.7892855098
KWQEEMELYR	2	sp|P02647|APOA1_HUMAN	0.0047562425	0.9933552810135716	0.9775168831341349	87087.10410961305
ALQDQLVLVAAK	2	sp|P01019|ANGT_HUMAN	0.0047562425	1.0	0.8945084794915941	6302.795790255488
LEDMEQALSPSVFK	2	sp|P05155|IC1_HUMAN	0.0047562425	0.9797881705057813	0.955251557258474	1542783.3403321344
SFTIEC[+57.021465]R	1	sp|P13598|ICAM2_HUMAN	0.0047562425	0.9797881705057813	0.744306424628167	661.5961262214748
NSGSELQVYYASPR	2	sp|P18850|ATF6A_HUMAN	0.0047562425	0.9797881705057813	0.8449435081313575	7300.53099800261
ITPNLAEFAFSLYR	3	sp|P01009|A1AT_HUMAN	0.0047562425	1.0	0.9459774217036615	702726.6084967535
VWVYPPEK	2	sp|P02790|HEMO_HUMAN	0.0047562425	0.9866190731264982	0.990636617054787	73898.54835570524
VLHPLEGAVVIIFK	3	sp|Q13740|CD166_HUMAN	0.0047562425	0.9866190731264982	0.8965291175902514	16600.198255740004
YFHHNSDFYIPK	3	sp|P08637|FCG3A_HUMAN	0.0047562425	0.9797881705057813	0.9512678912236225	7280.843642000232
DDLYVSDAFHK	3	sp|P01008|ANT3_HUMAN	0.0047562425	1.0	0.9531341984746938	41166.639831410845
LVYHLGLPFSFLTFPYVEEAIK	3	sp|P49908|SEPP1_HUMAN	0.0047562425	1.0	0.9480087387588737	1553811.6978462292
KNIFISPVSISMALAMLSLGTC[+57.021465]GHTR	3	sp|P08185|CBG_HUMAN	0.0047562425	0.9933552810135716	0.7262330892483284	1299.5796504983323
SLTEEAENWGDGEPNNKK	3	sp|P14151|LYAM1_HUMAN	0.0047562425	0.9933552810135716	0.8493616541143325	64919.276239858176
DFTFDLYR	2	sp|P05154|IPSP_HUMAN	0.0047562425	1.0	0.8405320518345621	87109.37517278292
NTLYLQMNSLK	2	sp|A0A0B4J1V0|HV315_HUMAN	0.0047562425	1.0	0.9534747193341178	30794.872320767226
QNQC[+57.021465]FYNSSYLNVQR	3	sp|P19652|A1AG2_HUMAN	0.0047562425	0.9658285256870233	0.8026893232071806	9380.71517950338
ADEFLNWHALFESIK	3	sp|P60985|KTDAP_HUMAN	0.0047562425	1.0	0.8737453865652021	99.15046200418097
DTINLLDQR	2	sp|Q8NBJ4|GOLM1_HUMAN	0.0047562425	1.0	0.9670855398292179	72661.57128393922
TVVQLEGDNK	2	sp|P07148|FABPL_HUMAN	0.0047562425	1.0	0.9222768461568402	13771.212017908096
AEIEYLEK	2	sp|P14151|LYAM1_HUMAN	0.0047562425	0.9866190731264982	0.9847679517531722	118881.11876921686
YPNC[+57.021465]AYR	1	sp|P07998|RNAS1_HUMAN	0.007954545	0.9440873193926883	0.7235636812455363	252.49731442810477
RPC[+57.021465]FSALEVDETYVPK	3	sp|P02768|ALBU_HUMAN	0.0047562425	1.0	0.8743888946336594	9387.0615683785
RVAEGTQVLELPFK	2	sp|P01008|ANT3_HUMAN	0.0047562425	1.0	0.9719602154982923	2162781.6178848497
YTIAALLSPYSYSTTAVVTNPKE	3	sp|P02766|TTHY_HUMAN	0.0047562425	1.0	0.9517121786255965	57872189.93786934
EWFWDLATGTM[+15.994915]K	2	sp|P02790|HEMO_HUMAN	0.0100334445	0.9134157281067091	0.9607991643215724	259813.9172363834
DIPTNSPELEETLTHTITK	3	sp|P01042|KNG1_HUMAN	0.0047562425	1.0	0.9320947974005428	2122040.5572455837
LGQSLDC[+57.021465]NAEVYVVPWEK	3	sp|P01042|KNG1_HUMAN	0.0047562425	0.9933552810135716	0.931493078238071	12049.642717787772
YVGGQEHFAHLLILR	4	sp|P02763|A1AG1_HUMAN	0.0047562425	0.9728591838590949	0.9581285594579814	19492628.027834687
GEAEYQEIR	2	sp|Q15223|NECT1_HUMAN	0.0047562425	1.0	0.8237800771661751	12536.189914458397
VSFLSALEEYTK	2	sp|P02647|APOA1_HUMAN	0.0047562425	0.9933552810135716	0.9452214637499828	173890.2477595048
DGWHSWPIAHQWPQGPSAVDAAFSWEEK	4	sp|P02790|HEMO_HUMAN	0.0070011667	0.9797881705057813	0.9423576615047413	25761.31016095988
SPSQDEMLPTYLK	2	sp|Q8IZF2|AGRF5_HUMAN	0.0047562425	0.9866190731264982	0.9316784598857267	42582.61045985184
SGAEAQTPEDSPNR	2	sp|O43493|TGON2_HUMAN	0.0047562425	1.0	0.937992242346539	38337.50794513623
GTSAVNVVLSLK	2	sp|P20061|TCO1_HUMAN	0.0047562425	0.9933552810135716	0.7594702858894502	13481.633943921075
GVC[+57.021465]EETSGAYEK	2	sp|P02760|AMBP_HUMAN	0.0047562425	1.0	0.9303252967661548	31392.924434099576
SDVVYTDWKK	2	sp|P02763|A1AG1_HUMAN	0.0047562425	0.9933552810135716	0.9591489095621929	241991.56517771992
RHSLEYSLR	3	sp|Q13449|LSAMP_HUMAN	0.0047562425	1.0	0.9777634118829779	119385.15563124427
FLEDVKK	1	sp|P01009|A1AT_HUMAN	0.0047562425	1.0	0.7241634199721558	5002.866040536221
NILTSNNIDVK	2	sp|P05090|APOD_HUMAN	0.0047562425	1.0	0.8603222458821133	86678.04817860924
STC[+57.021465]QSFEPPETPVVK	2	sp|P09603|CSF1_HUMAN	0.0047562425	1.0	0.7541231160364551	168869.6313595865
GPGEDFR	2	sp|P41222|PTGDS_HUMAN	0.0047562425	0.9728591838590949	0.9540862543080405	4143.132583043384
LFDSDPITVTVPVEVSR	3	sp|P10909|CLUS_HUMAN	0.0047562425	0.9658285256870233	0.9135263872396645	486127.4420494265
EPQDTYHYLPFSLPHR	4	sp|P10909|CLUS_HUMAN	0.0047562425	1.0	0.7906720673240634	62198.42436765586
HQMDLVATLSQLGLQELFQAPDLR	3	sp|P08697|A2AP_HUMAN	0.0047562425	1.0	0.9059443156752489	169694.86022461264
RGENLFAITDEGMDVPLAMEEWHHER	4	sp|Q6UXB8|PI16_HUMAN	0.0047562425	0.9797881705057813	0.9432560034112573	125649.55585657604
TLLVFEVQQPFLFVLWDQQHKFPVFMGR	4	sp|P05155|IC1_HUMAN	0.0047562425	1.0	0.9601329602138607	901337.328035296
YPVAHFIDQTLK	2	sp|P05155|IC1_HUMAN	0.0047562425	1.0	0.9665951116074306	549145.3529922923
FEDGVLDPDYPR	2	sp|P04004|VTNC_HUMAN	0.0047562425	0.9933552810135716	0.8949451229238012	15580.95008057259
ELDESLQVAER	2	sp|P10909|CLUS_HUMAN	0.0047562425	1.0	0.9745642214776432	138578.4982258672
FQPTLLTLPR	2	sp|P05155|IC1_HUMAN	0.0047562425	0.9933552810135716	0.9327617827250899	243240.21744014928
SDVMYTDWKK	2	sp|P19652|A1AG2_HUMAN	0.0047562425	1.0	0.9203930522818461	14645.585797848515
GENLFAITDEGMDVPLAMEEWHHER	4	sp|Q6UXB8|PI16_HUMAN	0.0047562425	1.0	0.8875844387420593	177823.05261933446
FNQPFIIMIFDHFTWSSLFLAR	4	sp|P08185|CBG_HUMAN	0.0047562425	0.9658285256870233	0.8324278204988582	24117.602239404627
NLQEILHGAVR	2	sp|P00533|EGFR_HUMAN	0.0047562425	1.0	0.8992017973583483	6559.793790345432
GSESGIFTNTK	2	sp|P02671|FIBA_HUMAN	0.0047562425	1.0	0.9542561953162794	37092.20348182739
TPVC[+57.021465]TTGQGSGSTATVFAMAELQK	3	sp|Q9H8L6|MMRN2_HUMAN	0.0047562425	0.9797881705057813	0.9782269805977122	6578.454265414757
LINDYVK	1	sp|P01011|AACT_HUMAN	0.0047562425	1.0	0.7304938525923101	22395.407326104418
GKEESLDSDLYAELR	3	sp|P02775|CXCL7_HUMAN	0.0047562425	1.0	0.8900055347895514	95772.22382244749
SDDSVIQLLNPNR	2	sp|Q9BY67|CADM1_HUMAN	0.01618123	0.8258516653955662	0.8389898200733998	32283.823972252365
YGFIEGHVVIPR	2	sp|P16070|CD44_HUMAN	0.0047562425	0.9933552810135716	0.9700864200824122	786788.5265988532
VTVLGQPK	2	sp|B9A064|IGLL5_HUMAN;sp|P0DOX8|IGL1_HUMAN	0.0047562425	0.9728591838590949	0.9704328997699889	8107.97981592123
DLGEENFK	1	sp|P02768|ALBU_HUMAN	0.007954545	0.9440873193926883	0.9399264212040657	1007.4905142258417
GLEEELQFSLGSK	2	sp|P0C0L4|CO4A_HUMAN;sp|P0C0L5|CO4B_HUMAN	0.0047562425	1.0	0.9654917748958122	70502.05251133532
HRLEDMEQALSPSVFK	3	sp|P05155|IC1_HUMAN	0.0047562425	1.0	0.9498527495140294	21584.762505581763
ELDRDTVFALVNYIFFK	4	sp|P01009|A1AT_HUMAN	0.0047562425	0.9933552810135716	0.8851605197630683	3428.1838710395687
AGTELVNFLSYFVELGTQPATQ	3	sp|P02652|APOA2_HUMAN	0.0047562425	1.0	0.931483197709872	2807731.7675934588
LENEIQTYR	2	sp|P13645|K1C10_HUMAN	0.0047562425	0.9933552810135716	0.9026084942774115	515.219947212038
TVAAPSVFIFPPSDEQLK	3	sp|P01834|IGKC_HUMAN	0.0047562425	1.0	0.9385662009138468	5471.263863296689
TFLTVYWTPER	2	sp|P05362|ICAM1_HUMAN	0.0047562425	0.9933552810135716	0.9468173197784834	15767.809152415779
KGPGPGGPGGAGVAR	3	sp|Q92686|NEUG_HUMAN	0.0047562425	0.9728591838590949	0.9456982528423297	4746.176385471172
EFLEDTC[+57.021465]VQYVQK	2	sp|Q9UNN8|EPCR_HUMAN	0.0047562425	1.0	0.8198180943812582	113471.19375306217
THLAPYSDELR	2	sp|P02647|APOA1_HUMAN	0.0047562425	1.0	0.9662046706821024	983112.28510619
AAC[+57.021465]LLPK	2	sp|P02768|ALBU_HUMAN	0.0047562425	1.0	0.7716911506360318	23298.65800451007
DTKTLMFGSYLDDEK	3	sp|P19652|A1AG2_HUMAN	0.020320855	1.0	0.8006123888863502	36789.48326643871
FPVFMGR	1	sp|P05155|IC1_HUMAN	0.015300547	0.8718655118414741	0.7135213450103232	1710.4790220184063
SGAEEQGPIDGPSK	2	sp|O43493|TGON2_HUMAN	0.0047562425	0.9933552810135716	0.9373550519191198	7582.6601898442905
IENVSYQDK	2	sp|O00533|NCHL1_HUMAN	0.0047562425	1.0	0.9260490751358555	46811.28601342238
RHPYFYAPELLFFAK	4	sp|P02768|ALBU_HUMAN	0.0047562425	0.9866190731264982	0.7698884281971874	940.0779815429038
VMTPAVYAPYDVK	3	sp|O00533|NCHL1_HUMAN	0.015300547	0.8540617215638593	0.7576424018149459	2411.258256507134
VQLTGEPVPMAR	2	sp|P15151|PVR_HUMAN	0.0047562425	1.0	0.93115405903949	36605.312206332084
SQYEQLAEQNR	2	sp|P13645|K1C10_HUMAN	0.0047562425	0.9933552810135716	0.886947054622436	1961.2588651230105
HGGLFHENMR	3	sp|Q02985|FHR3_HUMAN	0.0047562425	1.0	0.9114397813021753	148282.213210346
NHNALLASLTTQK	2	sp|O75882|ATRN_HUMAN	0.0047562425	0.9933552810135716	0.9349025994656665	41840.08101677331
VLSYVDWIK	2	sp|Q9NZP8|C1RL_HUMAN	0.0047562425	0.9933552810135716	0.946357702053723	4893.820757960157
TTPPVLDSDGSFFLYSK	2	sp|P01857|IGHG1_HUMAN;sp|P0DOX5|IGG1_HUMAN	0.0047562425	1.0	0.9174694716309078	32486.735362512343
IGPDNLPYVQILK	2	sp|P11362|FGFR1_HUMAN	0.0047562425	0.9866190731264982	0.9379089307791365	134999.88326889445
ALDLINK	1	sp|P04196|HRG_HUMAN	0.01618123	0.7955364837549187	0.8988202400344761	4201.398350791206
AVLDVFEEGTEASAATAVK	2	sp|P01011|AACT_HUMAN	0.0047562425	1.0	0.9460394805870607	1967467.725561073
NWGLSFYADKPETTK	2	sp|P19652|A1AG2_HUMAN	0.0047562425	1.0	0.9482561526429809	1066626.7588304032
SPELQAEAKSYFEK	2	sp|P02652|APOA2_HUMAN	0.0047562425	0.9728591838590949	0.9663829153948011	131430.07283362382
AFLEVNEEGSEAAASTAVVIAGR	4	sp|P01008|ANT3_HUMAN	0.0047562425	1.0	0.8356949159603961	57897.50477105505
GEC[+57.021465]QAEGVLFFQGDR	2	sp|P02790|HEMO_HUMAN	0.0047562425	0.9728591838590949	0.9478167594105527	106488.85945818978
GLAGAVSELLR	2	sp|Q9Y490|TLN1_HUMAN	0.0047562425	1.0	0.9021516063754063	22969.374641238006
STASFEELC[+57.021465]SEYR	2	sp|Q9NQ38|ISK5_HUMAN	0.0047562425	1.0	0.9608257452493691	48136.654858540765
SLSGTAFGGFLMFK	2	sp|Q9H8L6|MMRN2_HUMAN	0.0047562425	1.0	0.9516180872496042	137631.01923843706
TRMEPFHFK	3	sp|P05155|IC1_HUMAN	0.0047562425	1.0	0.8479871767577883	139282.2344674271
ELELQIGNALFIGK	2	sp|P05543|THBG_HUMAN	0.0047562425	1.0	0.9680009250920464	1708879.208214599
AIPVTQYLK	2	sp|P43652|AFAM_HUMAN	0.0047562425	1.0	0.9293898229922037	160260.99165177226
GPSVFPLAPC[+57.021465]SR	2	sp|P01859|IGHG2_HUMAN;sp|P01860|IGHG3_HUMAN;sp|P01861|IGHG4_HUMAN	0.0047562425	1.0	0.9693258594809906	43718.12888212786
FLENEDR	2	sp|P01009|A1AT_HUMAN	0.0047562425	0.9797881705057813	0.9441572810187012	25784.0392125174
YYC[+57.021465]FQGNQFLR	2	sp|P02790|HEMO_HUMAN	0.0047562425	1.0	0.9430937048009744	4363682.659938023
DTVFALVNYIFFK	2	sp|P01009|A1AT_HUMAN	0.0047562425	1.0	0.97150451911907	1325109.2875958162
HSAQPWADFTLLGAR	2	sp|Q8IYS5|OSCAR_HUMAN	0.0047562425	1.0	0.9027758193410447	105839.40240469351
TDASDVKPC[+57.021465]	2	sp|P02749|APOH_HUMAN	0.0047562425	0.9866190731264982	0.9051062225892174	604.5862006488295
VTTSQDMLSIMEK	2	sp|P05155|IC1_HUMAN	0.0047562425	0.9866190731264982	0.9681110682307459	48294.242407100384
DALSSVQESQVAQQAR	2	sp|P02656|APOC3_HUMAN	0.0047562425	0.9728591838590949	0.9233679083597452	131545.35890593968
GQYDEEEMTMQQAK	2	sp|P32926|DSG3_HUMAN	0.0047562425	0.9728591838590949	0.9739948991023172	1846.4673604404059
GSEAINAPGDNPAK	2	sp|Q9NZP8|C1RL_HUMAN	0.0047562425	0.9933552810135716	0.9400369700068005	23544.626258209657
QFTSSTSYNR	2	sp|P02671|FIBA_HUMAN	0.0047562425	0.9933552810135716	0.9880073822154536	13882.365951978705
TDTSHHDQDHPTFNK	2	sp|P01009|A1AT_HUMAN	0.0047562425	0.9797881705057813	0.771432806048136	642.9096460006155
LALDIEIATYR	2	sp|P05787|K2C8_HUMAN;sp|P08729|K2C7_HUMAN;sp|P14136|GFAP_HUMAN;sp|P19013|K2C4_HUMAN;sp|Q6KB66|K2C80_HUMAN	0.008948546	0.9290085173289965	0.700813475142538	2917.475151267549
AGEQDATIHLK	2	sp|P13591|NCAM1_HUMAN	0.0047562425	0.9728591838590949	0.8216660458614645	1189.2329216487276
YPPTVSMVEGQGEK	3	sp|P27918|PROP_HUMAN	0.0100334445	0.9134157281067091	0.7692473450567399	710.1872335644282
ATLLEEQLPLGK	2	sp|Q9BQ51|PD1L2_HUMAN	0.0047562425	1.0	0.824622308616415	44013.31705325007
KVPQVSTPTLVEVSR	3	sp|P02768|ALBU_HUMAN	0.0047562425	1.0	0.792072248890042	44510.04619898871
ASSIIDELFQDR	2	sp|P10909|CLUS_HUMAN	0.0047562425	0.9933552810135716	0.9652457752266119	116670.41522593504
ETC[+57.021465]FAEEGKK	3	sp|P02768|ALBU_HUMAN	0.0047562425	1.0	0.8742903902807082	53560.08361107738
LVVQSSIDSSAFK	2	sp|P10721|KIT_HUMAN	0.0047562425	1.0	0.888869390000517	51301.53491717864
SYSC[+57.021465]QVTHEGSTVEK	2	sp|B9A064|IGLL5_HUMAN;sp|P0CF74|IGLC6_HUMAN;sp|P0CG04|IGLC1_HUMAN;sp|P0DOX8|IGL1_HUMAN;sp|P0DOY2|IGLC2_HUMAN;sp|P0DOY3|IGLC3_HUMAN	0.0047562425	0.9728591838590949	0.9516364588066997	16343.430731894989
IYMYGGK	1	sp|O75882|ATRN_HUMAN	0.0047562425	1.0	0.9349810378002306	30061.94116032804
FMPLSDVLYGR	2	sp|Q10588|BST1_HUMAN	0.0047562425	1.0	0.9613502497551165	10611.131804089133
INHGILYDEEK	2	sp|P36980|FHR2_HUMAN;sp|Q03591|FHR1_HUMAN	0.0047562425	1.0	0.8988971103421035	18360.958478003322
FTDSENVC[+57.021465]QER	2	sp|P43652|AFAM_HUMAN	0.008948546	0.9366095275687156	0.8765757000659781	1526.464460034802
FSISATYDLGATLLK	2	sp|P05543|THBG_HUMAN	0.0047562425	1.0	0.9876470249674236	418835.0152101086
GFGGLTGQIVAALSTAK	2	sp|Q92954|PRG4_HUMAN	0.0047562425	1.0	0.9498776658290901	5766760.114578198
NWGLSVYADKPETTK	4	sp|P02763|A1AG1_HUMAN	0.0047562425	1.0	0.9390207279435534	492576.6125645941
TEGQFVDLTGNR	2	sp|P11226|MBL2_HUMAN	0.0047562425	1.0	0.7355615768873122	139.7300155131981
SASNMAIVDVK	2	sp|P01023|A2MG_HUMAN	0.0047562425	0.9933552810135716	0.8947376682528858	493.9048222410324
QLVEIEK	2	sp|P00738|HPT_HUMAN;sp|P00739|HPTR_HUMAN	0.0047562425	0.9728591838590949	0.9908159811310353	739368.9491095269
EWFWDLATGTMK	2	sp|P02790|HEMO_HUMAN	0.0047562425	0.9866190731264982	0.9610350228657087	42115.94070138808
REPAVGEPAEVTTTVLVR	3	sp|P05362|ICAM1_HUMAN	0.0047562425	1.0	0.9032600278458118	59663.26196463676
LTPTLYVGK	2	sp|O75460|ERN1_HUMAN	0.0047562425	0.9866190731264982	0.9075938021106124	4783.511377579474
AQVSPTASDMLHMR	2	sp|Q6UXB8|PI16_HUMAN	0.015300547	0.8630568252698203	0.8131806017573788	7071.305577414937
EMEDTLNHLK	2	sp|P17936|IBP3_HUMAN	0.019251337	0.9212790999005022	0.9225419022910867	147565.50648170421
DAVEDLESVGK	3	sp|P81605|DCD_HUMAN	0.01618123	0.8258516653955662	0.8503052590484654	13839.993151006754
VFIGINDLEK	2	sp|Q9BWP8|COL11_HUMAN	0.0047562425	1.0	0.9082250217789266	54408.67646129694
KGIYSFSFHVIK	3	sp|Q9NTU7|CBLN4_HUMAN	0.0047562425	0.9866190731264982	0.9470093820970041	14014.333874534976
KREEAPSLRPAPPPISGGGYR	4	sp|P02675|FIBB_HUMAN	0.0047562425	1.0	0.9127398806672169	70255.44749693846
LMVELHNLYR	2	sp|Q6UXB8|PI16_HUMAN	0.0047562425	1.0	0.9746472071282093	31874.133769262866
FKLDDDLEHQGGHVLDHGHK	3	sp|P01042|KNG1_HUMAN	0.0047562425	0.9866190731264982	0.9442332058529931	1296.3491342322332
DLWVNIDQMEK	2	sp|Q6UX71|PXDC2_HUMAN	0.0047562425	0.9933552810135716	0.9488655242385245	25329.111796865473
ITC[+57.021465]TEEGWSPTPK	2	sp|Q03591|FHR1_HUMAN;sp|Q9BXR6|FHR5_HUMAN	0.0047562425	0.9866190731264982	0.84560789888681	1770.5177358436704
YDVDTQMWTILK	3	sp|O75882|ATRN_HUMAN	0.0047562425	1.0	0.8928441901723869	35602.22347714611
TGLFQDVGPQR	2	sp|Q86SQ4|AGRG6_HUMAN	0.0047562425	1.0	0.9762171332203201	19667.53805525304
VTATGFQQC[+57.021465]SLIDGR	2	sp|Q8NFT8|DNER_HUMAN	0.0047562425	1.0	0.9295838714413492	34442.34528878635
SFMLLILER	2	sp|P05543|THBG_HUMAN	0.0047562425	0.9866190731264982	0.9778691179878725	158676.33690338625
LLDSLPSDTR	2	sp|P05155|IC1_HUMAN	0.0047562425	1.0	0.9668265028921069	1464597.5215279544
TNLESILSYPK	2	sp|P05155|IC1_HUMAN	0.0047562425	1.0	0.9739167727259361	418688.3695854041
QSTQTLYVNVAPR	2	sp|P19320|VCAM1_HUMAN	0.0047562425	1.0	0.8302078258563392	34091.15096521136
YVMLPVADQDQC[+57.021465]IR	3	sp|P00738|HPT_HUMAN	0.0047562425	1.0	0.9509406628568162	101793.64604975875
ALYVHGGYK	2	sp|O75882|ATRN_HUMAN	0.0047562425	1.0	0.9710446818189022	750469.9076470444
VVGLIQDLKPNTIMVLVNYIHFK	3	sp|P05543|THBG_HUMAN	0.0047562425	1.0	0.7974910100139045	19722.254968681165
RVWELSK	1	sp|P01008|ANT3_HUMAN	0.0047562425	0.9797881705057813	0.7168386015069865	557.131786161232
QPAVEEPAEVTATVLASR	2	sp|P32942|ICAM3_HUMAN	0.0059101656	0.9658285256870233	0.8577040864307667	1252.2711453979603
DWHGVPGQVDAAMAGR	2	sp|P04004|VTNC_HUMAN	0.0047562425	1.0	0.9551893569323595	357588.5115209669
AVVFLEPQWYR	3	sp|P08637|FCG3A_HUMAN	0.0047562425	0.9933552810135716	0.8678918971321525	6432.786705593336
MSSINADFAFNLYR	3	sp|P05543|THBG_HUMAN	0.019251337	0.686593192055836	0.8550342333268643	13868.27383743907
SGTASVVC[+57.021465]LLNNFYPR	3	sp|P01834|IGKC_HUMAN;sp|P0DOX7|IGK_HUMAN	0.0047562425	0.9933552810135716	0.834714066778199	16230.837358846678
VGYVSGWGQSDNFK	2	sp|P00739|HPTR_HUMAN	0.0047562425	0.9797881705057813	0.9300437961736032	32710.2129907591
VLAKPTPK	1	sp|Q92954|PRG4_HUMAN	0.0047562425	1.0	0.7304723491902247	13496.917041461742
LLGIETPLPK	2	sp|P05362|ICAM1_HUMAN	0.0047562425	1.0	0.841096978310173	17798.29840251813
GILTVDELLAIR	2	sp|P13473|LAMP2_HUMAN	0.0047562425	1.0	0.9693057157556639	17485.2643759263
SYQDFFEAIR	2	sp|P18850|ATF6A_HUMAN	0.0047562425	1.0	0.8013383132630004	5997.29536488816
IIYFDQILVNVGNFFTLESVFVAPR	4	sp|Q9NTU7|CBLN4_HUMAN	0.0047562425	1.0	0.8952563232732694	95288.2866230314
AIGPSQTHTIR	2	sp|Q92954|PRG4_HUMAN	0.0047562425	0.9933552810135716	0.9391303602422756	34470.732884620804
EPFLSC[+57.021465]C[+57.021465]QFAESLR	2	sp|P0C0L4|CO4A_HUMAN;sp|P0C0L5|CO4B_HUMAN	0.0047562425	0.9728591838590949	0.9568732720028691	20350.72648589691
TSDQIHFFFAK	2	sp|P01008|ANT3_HUMAN	0.0047562425	0.9933552810135716	0.9734020263484394	215560.77399893
GWVTDGFSSLK	2	sp|P02656|APOC3_HUMAN	0.0047562425	0.9933552810135716	0.9835530334500608	252674.85472873325
LHMLQISYFR	2	sp|Q9UNN8|EPCR_HUMAN	0.0047562425	1.0	0.9652898149686597	65385.641608714985
EPC[+57.021465]VESLVSQYFQTVTDYGK	3	sp|P02652|APOA2_HUMAN	0.0047562425	0.9797881705057813	0.8492115300007113	123869.10650614338
YTIAALLSPYSYSTTAVVTNPK	3	sp|P02766|TTHY_HUMAN	0.0047562425	0.9797881705057813	0.9698821330019549	357960.14376069873
EHAVEGDC[+57.021465]DFQLLK	2	sp|P02765|FETUA_HUMAN	0.0047562425	1.0	0.9152912798271037	502456.9787908867
VVGLIQDLKPNTIMVLVNYIHFK	4	sp|P05543|THBG_HUMAN	0.0047562425	1.0	0.8974999009679724	847932.2190364369
TLMFGSYLDDEK	2	sp|P19652|A1AG2_HUMAN	0.0047562425	0.9866190731264982	0.9590606015131384	29010335.946472306
FNQPFIIM[+15.994915]IFDHFTWSSLFLAR	3	sp|P08185|CBG_HUMAN	0.0059101656	0.9658285256870233	0.9835672905820689	81192.50776972013
RYTIAALLSPYSYSTTAVVTNPK	4	sp|P02766|TTHY_HUMAN	0.0047562425	0.9728591838590949	0.9887780540694504	208873.2699435738
SPLFMGK	2	sp|P01009|A1AT_HUMAN	0.0047562425	0.9728591838590949	0.943616498133646	136061.66529843022
FNWYVDGVEVHNAK	3	sp|P01857|IGHG1_HUMAN;sp|P0DOX5|IGG1_HUMAN	0.0047562425	1.0	0.9224858629341341	221210.41901098422
KGEVLPLPEANFPSFPLPHHK	4	sp|P04196|HRG_HUMAN	0.0047562425	0.9933552810135716	0.9198639743077083	472897.69773495966
YVGGQEHFAHLLILRDTK	4	sp|P02763|A1AG1_HUMAN	0.0047562425	0.9933552810135716	0.9339344286026293	45228.75299844847
LFDSDPITVTVPVEVSRK	3	sp|P10909|CLUS_HUMAN	0.0047562425	1.0	0.9294847229051231	91324.5171943871
GDSVVYGLR	2	sp|P10451|OSTP_HUMAN	0.0047562425	1.0	0.9188453819618305	130848.63508418521
YPIVSPR	2	sp|P16112|PGCA_HUMAN	0.0047562425	1.0	0.7832267029016564	39249.83912346802
TLILDVPPGVEK	2	sp|P08575|PTPRC_HUMAN	0.0047562425	1.0	0.8874932863673914	5400.8337941038835
KNIFISPVSISMALAMLSLGTC[+57.021465]GHTR	4	sp|P08185|CBG_HUMAN	0.0047562425	0.9933552810135716	0.8389687780185945	1056.0514550369458
DYWSTVK	2	sp|P02656|APOC3_HUMAN	0.0059101656	0.9658285256870233	0.9836044436244258	178218.48984718966
IIYFDQILVNVGNFFTLESVFVAPR	3	sp|Q9NTU7|CBLN4_HUMAN	0.0047562425	1.0	0.968586206366933	61283.96425752678
KAADDTWEPFASGK	2	sp|P02766|TTHY_HUMAN	0.0047562425	1.0	0.8937940476539594	258165.6097597473
VTSIQDWVQK	2	sp|P00738|HPT_HUMAN	0.0047562425	0.9933552810135716	0.9267395624905426	98564.86076334429
LQHLENELTHDIITK	2	sp|P01009|A1AT_HUMAN	0.0059101656	0.9658285256870233	0.8176461391599398	3345.8682647538717
QNC[+57.021465]ELFEQLGEYK	2	sp|P02768|ALBU_HUMAN	0.0047562425	1.0	0.8318117268194485	990269.5804660714
YTIAALLSPYSYSTTAVVTNPK	4	sp|P02766|TTHY_HUMAN	0.0047562425	0.9797881705057813	0.8835524968573445	7197.10457872879
VTTSQDMLSIM[+15.994915]EK	2	sp|P05155|IC1_HUMAN	0.0047562425	1.0	0.8086031779508157	28798.648727207175
IC[+57.021465]LDLQAPLYK	3	sp|P02776|PLF4_HUMAN	0.008948546	0.9212790999005022	0.9411040748812802	16189.55599293704
TPSSTGPSPVFDIK	2	sp|Q12913|PTPRJ_HUMAN	0.0047562425	1.0	0.9669778014759018	426619.68618460424
FDTISEK	2	sp|P01008|ANT3_HUMAN	0.0047562425	1.0	0.9942474563794237	285509.6712835676
YSLTYIYTGLSK	2	sp|P25311|ZA2G_HUMAN	0.0047562425	0.9933552810135716	0.9677601187748858	28762.409925284777
EIPVLVTQISSTNHPVK	3	sp|Q6UX71|PXDC2_HUMAN	0.0047562425	1.0	0.8223158753305994	1316.4267145645692
QGHNSVFLIK	3	sp|P02790|HEMO_HUMAN	0.0047562425	1.0	0.9512920239047686	1819245.5402304754
NTWSILHTQGALVQGGYGHSSVYDHR	3	sp|O75882|ATRN_HUMAN	0.0047562425	0.9728591838590949	0.9334758217543759	34014.41663768693
IVDLFSGLDSPAILVLVNYIFFK	3	sp|P08185|CBG_HUMAN	0.0047562425	1.0	0.9444167895491454	2010213.4593014962
SASLHLPK	2	sp|P01009|A1AT_HUMAN	0.0047562425	1.0	0.9699930935638846	261809.4624441172
IAPQLSTEELVSLGEK	2	sp|P43652|AFAM_HUMAN	0.0047562425	0.9728591838590949	0.9341481645482594	71197.64842771625
FTVNNLAEPQK	2	sp|P12259|FA5_HUMAN	0.0047562425	1.0	0.9815413912806101	7819.759300470138
MEEVEAMLLPETLK	2	sp|P01011|AACT_HUMAN	0.0047562425	1.0	0.9351219190027704	1207210.2697746104
FRIEDGFSLK	2	sp|P01008|ANT3_HUMAN	0.0047562425	1.0	0.878892520532186	62181.63959897778
VTDPQLVVTLHEK	3	sp|P09619|PGFRB_HUMAN	0.0047562425	0.9866190731264982	0.8715913613738273	4915.165218870967
GDDITMVLILPKPEK	3	sp|P01008|ANT3_HUMAN	0.0047562425	1.0	0.960289110703162	1703276.2226953425
GDTFSC[+57.021465]MVGHEALPLAFTQK	3	sp|P01876|IGHA1_HUMAN	0.0047562425	1.0	0.9516382736978948	615117.8187801455
LADQFLEEQK	2	sp|Q6P4E1|GOLM2_HUMAN	0.0047562425	1.0	0.7574370004821698	12313.947595797035
EHVAHLLFLRDTK	4	sp|P19652|A1AG2_HUMAN	0.0047562425	1.0	0.8753071896113896	338464.23102948884
AQWANPFDPSK	2	sp|P05543|THBG_HUMAN	0.0047562425	1.0	0.9641045209605417	78437.90915918804
ATSYAELC[+57.021465]SEYR	2	sp|Q9NQ38|ISK5_HUMAN	0.0047562425	1.0	0.8827324960751681	8290.433705394655
YIFSDDSSQLTIK	2	sp|P13591|NCAM1_HUMAN	0.0047562425	1.0	0.9702646139513648	61347.18359203569
FNKPFVFLMIEQNTK	2	sp|P01009|A1AT_HUMAN	0.0059101656	0.9658285256870233	0.9196431616908806	216933.00843698243
GLPNVVTSAISLPNIR	3	sp|Q92954|PRG4_HUMAN	0.0047562425	1.0	0.92811605413312	355301.67029555
SDVVYTDWK	2	sp|P02763|A1AG1_HUMAN	0.0047562425	1.0	0.9611455174943999	529269.0736284999
SGVQQLIQYYQDQK	3	sp|Q13790|APOF_HUMAN	0.012208657	0.9054124614333342	0.7348781188791856	996.9204269362108
VELAPLPSWQPVGK	3	sp|P05362|ICAM1_HUMAN	0.0100334445	0.9134157281067091	0.8162552963580869	2554.0577257129457
WVQDYIK	2	sp|Q16627|CCL14_HUMAN	0.0047562425	0.9866190731264982	0.9472196133005225	14132.280230521783
HIIVAC[+57.021465]EGSPYVPVHFDASVEDST	3	sp|P07998|RNAS1_HUMAN	0.0047562425	0.9728591838590949	0.959728261789652	19125.311184079714
EVPLNTIIFM[+15.994915]GR	2	sp|P01008|ANT3_HUMAN	0.0047562425	0.9933552810135716	0.9923319237672763	54774.67097968669
GWVDLFVPK	2	sp|P05543|THBG_HUMAN	0.0047562425	1.0	0.9799828359058175	2122651.775241129
GNLMGGWK	1	sp|P23435|CBLN1_HUMAN;sp|Q8IUK8|CBLN2_HUMAN	0.01618123	0.8058999028144878	0.7323185277137633	1785.8537008450226
FLEDVKK	2	sp|P01009|A1AT_HUMAN	0.0047562425	1.0	0.9749357387307912	253803.7261463941
YAASSYLSLTPEQWK	2	sp|A0M8Q6|IGLC7_HUMAN;sp|B9A064|IGLL5_HUMAN;sp|P0CF74|IGLC6_HUMAN;sp|P0CG04|IGLC1_HUMAN;sp|P0DOX8|IGL1_HUMAN;sp|P0DOY2|IGLC2_HUMAN;sp|P0DOY3|IGLC3_HUMAN	0.0047562425	0.9728591838590949	0.9491558951968979	681917.1684797419
TC[+57.021465]PKPDDLPFSTVVPLK	2	sp|P02749|APOH_HUMAN	0.0047562425	1.0	0.9572361462598196	4440734.9536252925
LSSWVLLM[+15.994915]K	2	sp|P01009|A1AT_HUMAN	0.0047562425	1.0	0.9629102238514774	394185.7368058219
LTSLPLGALR	2	sp|P07359|GP1BA_HUMAN	0.0047562425	0.9866190731264982	0.8779388820840237	30522.56161883247
SSEDPNEDIVER	2	sp|P01591|IGJ_HUMAN	0.0047562425	0.9933552810135716	0.8442105908624757	1544.1356402006872
ELTPEVLQEWLDELEEMMLVVHMPR	4	sp|P01008|ANT3_HUMAN	0.0047562425	0.9866190731264982	0.945719374629282	27706.037084483636
TMLLQPAGSLGSYSYR	3	sp|P41222|PTGDS_HUMAN	0.0047562425	0.9728591838590949	0.8454127976759158	10395.767046573423
VILPQTSDAYQVSVAK	2	sp|Q86SQ4|AGRG6_HUMAN	0.0047562425	0.9728591838590949	0.9384659065625964	22114.60809837726
LLDNWDSVTSTFSK	2	sp|P02647|APOA1_HUMAN	0.0047562425	0.9797881705057813	0.9366725636842177	82191.57885093443
WFYIASAFR	3	sp|P02763|A1AG1_HUMAN;sp|P19652|A1AG2_HUMAN	0.01618123	0.8258516653955662	0.8687242550127839	4799.036476426633
AVSISPTNVILTWK	3	sp|Q12913|PTPRJ_HUMAN	0.0047562425	0.9866190731264982	0.8173316800677274	3235.531015883149
ANQQLNFTEAK	2	sp|Q9Y5Y7|LYVE1_HUMAN	0.0047562425	1.0	0.9457851097272569	5494.510568011461
YVGGQEHFAHLLILR	2	sp|P02763|A1AG1_HUMAN	0.0047562425	0.9728591838590949	0.9619908245150361	368176.9679422699
LPGIVAEGR	1	sp|P01008|ANT3_HUMAN	0.0047562425	0.9797881705057813	0.8571469105663226	2897.138014782793
TFYEPGEEITYSC[+57.021465]KPGYVSR	3	sp|P02749|APOH_HUMAN	0.0047562425	1.0	0.9169017271998199	463168.53873822256
RPC[+57.021465]LHVPAC[+57.021465]K	3	sp|P27918|PROP_HUMAN	0.0047562425	1.0	0.9134282232659632	139343.11910064565
VTTSQDM[+15.994915]LSIM[+15.994915]EK	2	sp|P05155|IC1_HUMAN	0.0047562425	1.0	0.8243598006429171	59161.04714030118
NKEDC[+57.021465]VEIYIK	3	sp|P14151|LYAM1_HUMAN	0.0047562425	0.9866190731264982	0.9399901366162412	24235.602105079335
EHVAHLLFLRDTK	3	sp|P19652|A1AG2_HUMAN	0.0047562425	1.0	0.893626791939642	77319.99870967872
RLGMFNIQHC[+57.021465]K	2	sp|P01009|A1AT_HUMAN	0.0047562425	0.9797881705057813	0.9160880836803893	41385.640348723595
EFTPPVQAAYQK	3	sp|P68871|HBB_HUMAN	0.008948546	0.9212790999005022	0.8021231777450608	2010.0119959513534
SAGSVESPSVSSTHR	3	sp|P17936|IBP3_HUMAN	0.0047562425	0.9866190731264982	0.9338075941553194	12446.75711938564
IPKSDVVYTDWK	2	sp|P02763|A1AG1_HUMAN	0.0047562425	1.0	0.972439886928259	745769.2945648138
NSLYLQMNSLR	2	sp|A0A0B4J1V1|HV321_HUMAN;sp|A0A0B4J1X8|HV343_HUMAN;sp|A0A0C4DH32|HV320_HUMAN;sp|P01762|HV311_HUMAN;sp|P01763|HV348_HUMAN;sp|P01766|HV313_HUMAN;sp|P01780|HV307_HUMAN;sp|P01782|HV309_HUMAN;sp|P0DP04|HV43D_HUMAN	0.0047562425	0.9933552810135716	0.9680003784953174	40806.293362239914
QGLLPVLESFK	2	sp|P02647|APOA1_HUMAN	0.0047562425	1.0	0.9597273065259221	346957.01649733336
KATVVYQGER	2	sp|P02749|APOH_HUMAN	0.0047562425	1.0	0.96994932547392	44461.55520057347
MREWFSETFQK	2	sp|P02654|APOC1_HUMAN	0.0047562425	1.0	0.9384414971140809	1041006.4102946197
AREDIFMETLK	3	sp|P25311|ZA2G_HUMAN	0.0047562425	0.9797881705057813	0.8623015094642151	32725.276672722895
TYFPHFDLSHGSAQVK	4	sp|P69905|HBA_HUMAN	0.0047562425	0.9797881705057813	0.9824331002289448	89466.1079626865
GGEGTGYFVDFSVR	2	sp|P04196|HRG_HUMAN	0.0047562425	1.0	0.9607345589676396	212946.9736403355
AGALQLLLVGDK	2	sp|P55058|PLTP_HUMAN	0.0047562425	0.9933552810135716	0.9529439463317578	25659.433890138003
DTEEEDFHVDQVTTVK	2	sp|P01009|A1AT_HUMAN	0.0047562425	1.0	0.9367743371985304	4736767.849330141
ATVVYQGER	2	sp|P02749|APOH_HUMAN	0.0047562425	0.9866190731264982	0.9712013351394537	303072.95627832774
YNSQNQSNNQFVLYR	2	sp|P01042|KNG1_HUMAN	0.0070011667	0.9658285256870233	0.8913452069493871	724942.7452119398
KAGTELVNFLSYFVELGTQPATQ	3	sp|P02652|APOA2_HUMAN	0.0047562425	0.9728591838590949	0.8135823757449023	4464.43623646221
DYVSQFEGSALGK	2	sp|P02647|APOA1_HUMAN	0.0047562425	0.9933552810135716	0.978175815422934	69803.03688214575
IDSLLENDR	2	sp|P10909|CLUS_HUMAN	0.0047562425	1.0	0.9606514899732134	338201.8759118448
TM[+15.994915]LLQPAGSLGSYSYR	2	sp|P41222|PTGDS_HUMAN	0.0047562425	0.9728591838590949	0.9507952574993884	129284.25268908567
HPDEAAFFDTASTGK	2	sp|P02671|FIBA_HUMAN	0.0047562425	0.9797881705057813	0.9553692554032418	8767.320183568225
EHVAHLLFLR	2	sp|P19652|A1AG2_HUMAN	0.0047562425	1.0	0.9669831183041616	11793302.05821189
FSDGAFLGVTTLK	2	sp|O15335|CHAD_HUMAN	0.0047562425	1.0	0.8656245833561682	8762.848656106415
TVAAC[+57.021465]NLPIVR	3	sp|P02760|AMBP_HUMAN	0.0047562425	0.9933552810135716	0.7567207870535486	13564.986344289726
AEAESLYQSK	2	sp|P04264|K2C1_HUMAN	0.0047562425	0.9866190731264982	0.9202794253378905	2946.5558826025936
LLIYDNNK	2	sp|P01701|LV151_HUMAN	0.0047562425	0.9866190731264982	0.96901127470859	23337.271015012306
LLIYGASTR	2	sp|A0A075B6H7|KV37_HUMAN;sp|A0A0C4DH55|KVD07_HUMAN;sp|P01624|KV315_HUMAN	0.0047562425	0.9866190731264982	0.8062567803403586	11645.176042781295
DFVQPPTK	1	sp|P01042|KNG1_HUMAN	0.0047562425	0.9797881705057813	0.8743990853887895	5064.591594540655
SGTASEMGTER	2	sp|Q9ULI3|HEG1_HUMAN	0.0047562425	0.9797881705057813	0.9162073103870457	910.4972368964951
FIVLSNNYLQIR	2	sp|P13591|NCAM1_HUMAN	0.0047562425	1.0	0.9300874177300357	129380.552034146
NEC[+57.021465]FLQHK	2	sp|P02768|ALBU_HUMAN	0.0047562425	1.0	0.8539341354896025	19679.370934315695
STAAMSTYTGIFTDQVLSVLK	3	sp|P02655|APOC2_HUMAN	0.0047562425	1.0	0.970628184441733	929775.1376016233
LWWLDLK	2	sp|P02790|HEMO_HUMAN	0.0047562425	1.0	0.966508071084904	733523.6797267721
ALDLINK	2	sp|P04196|HRG_HUMAN	0.0047562425	0.9728591838590949	0.9891636958114722	17037.474748185643
DIPMNPMC[+57.021465]IYR	2	sp|P01008|ANT3_HUMAN	0.0047562425	0.9866190731264982	0.9436321203452502	62562.287730390206
TEGDGVYTLNNEK	2	sp|P00738|HPT_HUMAN	0.0047562425	1.0	0.9518226917726998	273865.5666266888
VPTVEPLDSLTLFLFR	2	sp|P13598|ICAM2_HUMAN	0.0070011667	0.9658285256870233	0.9459531974670694	1541567.882368606
MQILEGLGLNLQK	3	sp|P05154|IPSP_HUMAN	0.0047562425	1.0	0.848636819801041	10205.94375858597
AFLEVNEEGSEAAASTAVVIAGR	3	sp|P01008|ANT3_HUMAN	0.0047562425	1.0	0.9686097275191009	1655172.877523813
ITLLSALVETR	3	sp|P01011|AACT_HUMAN	0.0047562425	0.9933552810135716	0.8690964884353312	6104.171643504831
DLDSQTMMVLVNYIFFK	3	sp|P01011|AACT_HUMAN	0.0047562425	1.0	0.895065066952079	58677.94335840921
FLENEDR	1	sp|P01009|A1AT_HUMAN	0.0047562425	0.9797881705057813	0.9232447589915297	2051.3245308727815
DTEEEDFHVDQVTTVKVPMMK	4	sp|P01009|A1AT_HUMAN	0.022364218	0.606735609642813	0.7001254486042483	6400.9135685587935
FDPVRGEVPPR	3	sp|P02790|HEMO_HUMAN	0.0047562425	0.9728591838590949	0.9868699876172918	80245.05814731393
EISDGDVIISGNK	2	sp|P00533|EGFR_HUMAN	0.0047562425	0.9933552810135716	0.8812542281756087	3015.9130059450044
MADEAGSEADHEGTHSTK	3	sp|P02671|FIBA_HUMAN	0.0047562425	1.0	0.9370704605647079	55523.56075807293
TLLVFEVQQPFLFVLWDQQHK	3	sp|P05155|IC1_HUMAN	0.0047562425	0.9728591838590949	0.9539106000098734	63661.129399201236
FLSTLTIDGVTR	2	sp|P35968|VGFR2_HUMAN	0.0047562425	1.0	0.8818440936770386	22622.40367304463
AADDTWEPFASGK	2	sp|P02766|TTHY_HUMAN	0.0047562425	0.9933552810135716	0.9471661241642879	2365206.5930575454
IYMYGGK	2	sp|O75882|ATRN_HUMAN	0.014348786	1.0	0.7262736282519497	4665.103540703787
LVLLNAIYLSAK	3	sp|P05155|IC1_HUMAN	0.0047562425	1.0	0.8726913997843438	276.4873616043255
LYLVQGTQVYVFLTK	2	sp|P02790|HEMO_HUMAN	0.0070011667	0.9658285256870233	0.948122492775803	382517.5560612909
EQYAVVGHSAHIVTLK	2	sp|O75882|ATRN_HUMAN	0.0047562425	1.0	0.903021630056712	57609.90725582667
EQLTPLIKK	2	sp|P02652|APOA2_HUMAN	0.0047562425	1.0	0.9514733178037125	173244.0828041924
VNVDEVGGEALGR	2	sp|P68871|HBB_HUMAN	0.0047562425	1.0	0.944157967537631	3099.1751782145557
VTTPDTSTTQHNK	2	sp|Q92954|PRG4_HUMAN	0.0047562425	1.0	0.9055757417304305	20068.348367225346
NWGLSVYADKPETTK	3	sp|P02763|A1AG1_HUMAN	0.0047562425	1.0	0.9361147809084348	847248.8171398749
GDPLGTEGGLDASNTER	2	sp|Q12913|PTPRJ_HUMAN	0.0047562425	0.9728591838590949	0.944293927502357	205702.118693826
LLLGSNQNEIVSLK	2	sp|Q86SQ4|AGRG6_HUMAN	0.0047562425	1.0	0.9230596665481865	249361.16722838904
GLYDVVSVLR	2	sp|O75144|ICOSL_HUMAN	0.0047562425	0.9933552810135716	0.9534218491067179	63426.81583285669
ETPAATEAPSSTPK	2	sp|P80723|BASP1_HUMAN	0.0047562425	0.9933552810135716	0.8900137993864972	1680.1387520463513
AVLHIGEK	2	sp|P05543|THBG_HUMAN	0.0047562425	1.0	0.9912030460952366	819430.460054374
TDTSHHDQDHPTFNK	4	sp|P01009|A1AT_HUMAN	0.0047562425	0.9797881705057813	0.982787715229513	43542.84788480481
LYHSEAFTVNFGDTEEAKK	3	sp|P01009|A1AT_HUMAN	0.0047562425	1.0	0.9161724163885405	110966.83989266056
FAGVFHVEK	2	sp|P16070|CD44_HUMAN	0.0047562425	1.0	0.8487895157326378	88803.4911645211
GPALTTPK	2	sp|Q92954|PRG4_HUMAN	0.0047562425	0.9728591838590949	0.9636010948291867	12986.864300345225
VEIDTKSYWK	2	sp|P02766|TTHY_HUMAN	0.0047562425	1.0	0.9420432648893686	170142.14051726423
DYFMPC[+57.021465]PGR	2	sp|P02790|HEMO_HUMAN	0.0047562425	1.0	0.8914196665739565	17704212.991151
KLSSWVLLMK	3	sp|P01009|A1AT_HUMAN	0.0047562425	0.9728591838590949	0.8366253784316472	12013.561444283454
VTGNPGDEEFIEPSTENEFGLTSLR	4	sp|Q9ULI3|HEG1_HUMAN	0.0070011667	0.9658285256870233	0.8176464493090572	2552.877681138617
ANRPFLVFIR	3	sp|P01008|ANT3_HUMAN	0.0047562425	0.9728591838590949	0.9516218640719463	383891.6858420529
WSAGLTSSQVDLYIPK	3	sp|P08185|CBG_HUMAN	0.013245033	0.897262926642552	0.8440906654411715	7639.960343127154
FLASVSTVLTSK	2	sp|P69905|HBA_HUMAN	0.0047562425	1.0	0.9811350866892837	22696.407655969724
GLGELQELYLK	2	sp|P07359|GP1BA_HUMAN	0.0047562425	1.0	0.978338478639151	164385.06046010897
LPTDSELAPR	2	sp|P49908|SEPP1_HUMAN	0.0047562425	1.0	0.9171002892949006	21197.71876077513
GTHC[+57.021465]NQVEVIATLK	2	sp|P02775|CXCL7_HUMAN	0.0047562425	0.9797881705057813	0.9494498356296343	221913.85470107445
SDVVYTDWKKDK	2	sp|P02763|A1AG1_HUMAN	0.0047562425	0.9866190731264982	0.9253846098671892	10414.491420001697
DSHSLTTNIMEILR	2	sp|P02671|FIBA_HUMAN	0.0059101656	0.9728591838590949	0.8571393228023019	95402.02910843733
GLGEISAASEFK	2	sp|P13591|NCAM1_HUMAN	0.0047562425	0.9933552810135716	0.862103027256916	21288.55920049477
AVMDDFAAFVEK	3	sp|P02768|ALBU_HUMAN	0.0047562425	0.9797881705057813	0.9777098093644415	27561.11817263264
EESLDSDLYAELR	2	sp|P02775|CXCL7_HUMAN	0.0047562425	0.9866190731264982	0.937947007474393	258739.63534803578
QISNLQQSISDAEQR	2	sp|P04264|K2C1_HUMAN	0.0047562425	0.9728591838590949	0.9227067663093366	15142.839187716601
VIVVSMNYR	2	sp|P06276|CHLE_HUMAN	0.0047562425	1.0	0.9482060667920067	114539.60929586373
MTVTDQVNC[+57.021465]PK	2	sp|P05090|APOD_HUMAN	0.0047562425	1.0	0.9484286974218066	132602.17795744288
VVAGVANALAHK	3	sp|P02042|HBD_HUMAN;sp|P68871|HBB_HUMAN	0.0047562425	1.0	0.9355609956101464	199807.9659539759
DGYLFQLLR	2	sp|P04196|HRG_HUMAN	0.0047562425	0.9933552810135716	0.9851472252713059	4061.1771035654415
NFPSPVDAAFR	2	sp|P02790|HEMO_HUMAN	0.0047562425	1.0	0.9798767044259192	3824307.6831618436
GVTSVSQIFHSPDLAIR	2	sp|P05155|IC1_HUMAN	0.0047562425	1.0	0.9447200450940139	94870.27353326819
AVLTIDEK	2	sp|P01009|A1AT_HUMAN	0.0047562425	0.9728591838590949	0.981328398741025	6778.4750395712945
RYTIAALLSPYSYSTTAVVTNPKE	4	sp|P02766|TTHY_HUMAN	0.0047562425	1.0	0.9399462234659044	7879763.584246234
TWQDC[+57.021465]EYK	2	sp|P01042|KNG1_HUMAN	0.0047562425	0.9933552810135716	0.8852900761026964	1096.2520493109253
DQYYNIDVPSR	3	sp|Q92954|PRG4_HUMAN	0.008948546	0.9366095275687156	0.8923162321864668	2117.831129426448
GFMQTYYDDHLR	3	sp|P55056|APOC4_HUMAN	0.0047562425	0.9797881705057813	0.8812008060534026	19700.683905029877
KYPVAHFIDQTLK	4	sp|P05155|IC1_HUMAN	0.01618123	0.8159995903747699	0.8392520045330202	1310.220495190555
C[+57.021465]TWLIEGQPNR	2	sp|O75882|ATRN_HUMAN	0.0047562425	0.9933552810135716	0.9563764208361354	66100.08636237019
VVHFIYIAILSQK	3	sp|P43652|AFAM_HUMAN	0.0047562425	0.9866190731264982	0.914841665566232	30295.521084753444
VTMTTDTSTSTAYMELR	2	sp|A0A0C4DH31|HV118_HUMAN	0.015300547	0.8804971228634604	0.7746454626972015	8904.165604336962
STSESTAALGC[+57.021465]LVK	2	sp|P01859|IGHG2_HUMAN;sp|P01861|IGHG4_HUMAN	0.0047562425	0.9933552810135716	0.9752288053350058	4414.4670034116025
VFSNGADLSGVTEEAPLK	3	sp|P01009|A1AT_HUMAN	0.0047562425	1.0	0.9445746267421165	494206.4090402499
EQLTPLIK	1	sp|P02652|APOA2_HUMAN	0.007954545	0.9440873193926883	0.7115872123482784	1820.4607339598754
ADLFYDVEALDLESPK	3	sp|P04196|HRG_HUMAN	0.0047562425	1.0	0.9617148651978301	653805.8658674348
QPAVEEPAEVTATVLASR	4	sp|P32942|ICAM3_HUMAN	0.0070011667	0.9658285256870233	0.7599613054072962	11042.387249320234
SKEQLTPLIK	3	sp|P02652|APOA2_HUMAN	0.0047562425	1.0	0.9089455842633278	34390.97903273097
GDSVVYGLR	1	sp|P10451|OSTP_HUMAN	0.0047562425	1.0	0.8953811317177174	12323.694443490816
LRTEGDGVYTLNNEK	2	sp|P00738|HPT_HUMAN	0.0047562425	1.0	0.932812894262834	550028.1156977199
AQSIAYHLK	2	sp|Q14515|SPRL1_HUMAN	0.0047562425	1.0	0.9882376691980256	36514.52014738192
SEAAC[+57.021465]LAAGPGIR	2	sp|O75882|ATRN_HUMAN	0.0047562425	1.0	0.9647249493407564	13319.052739795496
GPPFSSSQSIPVVPR	2	sp|Q8IZP9|AGRG2_HUMAN	0.0047562425	0.9797881705057813	0.8528201102436435	14365.006689485563
TVESITDIR	2	sp|P11279|LAMP1_HUMAN	0.0047562425	1.0	0.9429251878397104	73409.43688222712
FATTFYQHLADSK	2	sp|P01008|ANT3_HUMAN	0.0047562425	0.9866190731264982	0.9428534725541613	3256.221516529408
ATLVC[+57.021465]LISDFYPGAVTVAWK	3	sp|B9A064|IGLL5_HUMAN;sp|P0CG04|IGLC1_HUMAN;sp|P0DOX8|IGL1_HUMAN;sp|P0DOY2|IGLC2_HUMAN;sp|P0DOY3|IGLC3_HUMAN	0.0047562425	1.0	0.9289597396066214	66128.43439416932
QQDVLGFLEANK	2	sp|O75368|SH3L1_HUMAN	0.0047562425	0.9933552810135716	0.826870210295211	36941.99633470659
LYGSEAFATDFQDSAAAK	2	sp|P01011|AACT_HUMAN	0.0047562425	1.0	0.9458807017070503	2115702.919092198
DTATLSWGLPK	2	sp|O00533|NCHL1_HUMAN	0.0047562425	0.9933552810135716	0.8582093609868994	26868.4974940259
GTQEQDFYVTSETVVR	2	sp|P05154|IPSP_HUMAN	0.0070011667	0.9658285256870233	0.9906849520184782	7803.963427651312
EQLGEFYEALDC[+57.021465]LR	2	sp|P02763|A1AG1_HUMAN	0.0047562425	0.9728591838590949	0.9467031433688067	20301573.540266175
C[+57.021465]EDLETQTQSEK	2	sp|O00592|PODXL_HUMAN	0.0047562425	0.9866190731264982	0.9341660712636217	2891.0567143154644
KWQEEMELYR	3	sp|P02647|APOA1_HUMAN	0.0047562425	0.9933552810135716	0.8748833792129455	1553.5057146483493
IQYQLVDISQDNALR	2	sp|Q9H299|SH3L3_HUMAN	0.0047562425	0.9728591838590949	0.8061486931680163	9200.221801352167
LEDMEQALSPSVFK	3	sp|P05155|IC1_HUMAN	0.0047562425	0.9797881705057813	0.9307238524585476	53801.17019277043
YLDFVFAVK	2	sp|P13473|LAMP2_HUMAN	0.0047562425	1.0	0.7777590489145106	47627.748374565555
EDC[+57.021465]VEIYIK	2	sp|P14151|LYAM1_HUMAN	0.0047562425	1.0	0.893368575618275	18588.56885701755
VLDAVRGSPAINVAVHVFR	3	sp|P02766|TTHY_HUMAN	0.0047562425	0.9933552810135716	0.8876032784125488	85549.04705907896
EPQVYTLPPSR	3	sp|P01857|IGHG1_HUMAN;sp|P01859|IGHG2_HUMAN;sp|P01860|IGHG3_HUMAN;sp|P0DOX5|IGG1_HUMAN	0.0047562425	1.0	0.8908511118259841	934.7977353189497
ITPNLAEFAFSLYR	2	sp|P01009|A1AT_HUMAN	0.0047562425	1.0	0.953004698485017	2833889.464406267
ALDLINKR	2	sp|P04196|HRG_HUMAN	0.0047562425	0.9866190731264982	0.98799296076272	667.3019047205831
NSVIKVPMMNSK	3	sp|P05155|IC1_HUMAN	0.0047562425	0.9933552810135716	0.932195706412363	63230.436767557476
EILSVDC[+57.021465]STNNPSQAK	2	sp|P10909|CLUS_HUMAN	0.0047562425	1.0	0.9327088585650923	942294.6711454364
AIMEKLEMSK	3	sp|P05155|IC1_HUMAN	0.0047562425	0.9933552810135716	0.8563557783796734	795.3987557280689
YFHHNSDFHIPK	2	sp|O75015|FCG3B_HUMAN	0.0047562425	1.0	0.8864146710692395	85954.94416438753
YFHHNSDFYIPK	2	sp|P08637|FCG3A_HUMAN	0.0047562425	0.9797881705057813	0.9128478651167389	65437.759711131854
VETNMAFSPFSIASLLTQVLLGAGENTK	4	sp|P05155|IC1_HUMAN	0.0047562425	1.0	0.9537687292497746	55817.30191053571
DDLYVSDAFHK	2	sp|P01008|ANT3_HUMAN	0.0047562425	1.0	0.9685838774141886	700515.141754374
LTQLNLDR	2	sp|P07359|GP1BA_HUMAN	0.0047562425	1.0	0.876134805134755	145004.6457175163
AESPEVC[+57.021465]FNEESPK	2	sp|P43652|AFAM_HUMAN	0.0047562425	1.0	0.9162645827300692	32926.05350544942
DYFM[+15.994915]PC[+57.021465]PGR	2	sp|P02790|HEMO_HUMAN	0.0047562425	1.0	0.9524943351672501	139895.02363802632
DVSSSVYSTWK	2	sp|P10721|KIT_HUMAN	0.0047562425	1.0	0.9270802228922109	12777.750311293823
ITC[+57.021465]AEEGWSPTPK	2	sp|P36980|FHR2_HUMAN	0.0047562425	1.0	0.8860723111125008	29272.30400880926
C[+57.021465]SPHLVLSALTSDNHGATYAFSGTHYWR	4	sp|P02790|HEMO_HUMAN	0.0047562425	0.9797881705057813	0.9416884688839963	487158.5488159825
LGMFNIQHC[+57.021465]K	2	sp|P01009|A1AT_HUMAN	0.0047562425	1.0	0.9370444169487421	11910.589111956271
LVVEWQLQDDK	2	sp|P61916|NPC2_HUMAN	0.0047562425	0.9933552810135716	0.8659496655670231	20575.682186379658
SGAQATWTELPWPHEK	3	sp|P02790|HEMO_HUMAN	0.0047562425	1.0	0.8953556077194058	501805.9640724389
YWNDC[+57.021465]EPPDSR	2	sp|P04196|HRG_HUMAN	0.0047562425	1.0	0.9218258844094167	39483.121263584246
GNLMGGWK	2	sp|P23435|CBLN1_HUMAN;sp|Q8IUK8|CBLN2_HUMAN	0.0047562425	0.9728591838590949	0.9275576013975766	45651.191034178846
QNQC[+57.021465]FYNSSYLNVQR	2	sp|P19652|A1AG2_HUMAN	0.0070011667	0.9658285256870233	0.8980809880440301	35347.401649722604
ASVDSGSSEEQGGSSR	2	sp|P01833|PIGR_HUMAN	0.007954545	0.9440873193926883	0.9523452171248443	2436.692376321836
VLDAVRGSPAINVAVHVFR	4	sp|P02766|TTHY_HUMAN	0.0047562425	0.9933552810135716	0.8307328830807188	92595.86621958668
TLM[+15.994915]FGSYLDDEK	2	sp|P19652|A1AG2_HUMAN	0.0047562425	1.0	0.9746365030900225	474797.94257164275
MEPFHFK	2	sp|P05155|IC1_HUMAN	0.0047562425	0.9797881705057813	0.9785858702864768	104458.37978798444
FLEQQNQVLQTK	2	sp|P04264|K2C1_HUMAN;sp|P35908|K22E_HUMAN;sp|Q7Z794|K2C1B_HUMAN	0.0047562425	1.0	0.8957295924951193	35150.375405941726
RVAEGTQVLELPFK	3	sp|P01008|ANT3_HUMAN	0.0047562425	1.0	0.7679484618815339	159708.42582440856
YTIAALLSPYSYSTTAVVTNPKE	4	sp|P02766|TTHY_HUMAN	0.0047562425	1.0	0.9510697975453126	1501378.1534141838
GGSIQQYIYK	2	sp|Q92954|PRG4_HUMAN	0.0047562425	1.0	0.9549035086956801	106039.89389710581
ALFLETEQLK	2	sp|Q13740|CD166_HUMAN	0.0047562425	0.9933552810135716	0.9487179704352865	16092.453611029776
SGFPQVSMFFTHTFPK	3	sp|P04196|HRG_HUMAN	0.0047562425	1.0	0.977154623003129	273741.13679685094
HTLNQIDEVK	3	sp|P02765|FETUA_HUMAN	0.0047562425	0.9933552810135716	0.9563877018974811	27670.79869807403
HTFMGVVSLGSPSGEVSHPR	3	sp|P02765|FETUA_HUMAN	0.0047562425	0.9933552810135716	0.921088954027721	187512.306399718
TFYEPGEEITYSC[+57.021465]KPGYVSR	4	sp|P02749|APOH_HUMAN	0.0047562425	1.0	0.7204439531340328	9227.78571497783
LPGIVAEGR	2	sp|P01008|ANT3_HUMAN	0.0047562425	0.9797881705057813	0.9216138965363571	4408.973709244918
QVILTLQPTLVAVGK	3	sp|P13598|ICAM2_HUMAN	0.0047562425	1.0	0.9962722397683881	935201.9110753951
TVPLAVLQLR	2	sp|P23467|PTPRB_HUMAN	0.0047562425	1.0	0.9400013474197725	40136.45967768316
TVGSDTFYSFK	2	sp|P01042|KNG1_HUMAN	0.0047562425	1.0	0.9511067134264077	10687.75893753309
STESYFIPEVR	2	sp|P16284|PECA1_HUMAN	0.011135858	0.9134157281067091	0.8737073184055277	2064.9637735308875
LTGSSGFVTDGPGNYK	2	sp|O75882|ATRN_HUMAN	0.0047562425	0.9797881705057813	0.9455230657702547	82729.73784443057
GLDTSLGAVQSDTGR	2	sp|Q13477|MADCA_HUMAN	0.0047562425	1.0	0.8678463891923291	19817.474821333715
APEQEQAAPGPAAGGEAPK	2	sp|P80723|BASP1_HUMAN	0.0070011667	0.9658285256870233	0.9398157507635869	17349.08577580417
ITDVIPSEAINELTVLVLVNTIYFK	4	sp|P01008|ANT3_HUMAN	0.0070011667	0.9658285256870233	0.8650215583915688	15253.038566204503
SGAQATWTELPWPHEK	4	sp|P02790|HEMO_HUMAN	0.015300547	0.888960273227615	0.7582019779923679	13456.291180206068
YFIDFVAR	2	sp|P01042|KNG1_HUMAN	0.0047562425	1.0	0.9814699069274709	2150668.4156938163
LEDM[+15.994915]EQALSPSVFK	2	sp|P05155|IC1_HUMAN	0.0047562425	0.9797881705057813	0.9929031877826404	10648.298988440161
SYYWIGIR	2	sp|P14151|LYAM1_HUMAN	0.0047562425	1.0	0.9870082999429284	3044592.3714689175
GIYSFNFHVVK	2	sp|P23435|CBLN1_HUMAN	0.0047562425	1.0	0.8439549491333724	17597.826053377506
AEELSIQVSC[+57.021465]R	2	sp|Q9Y5Y7|LYVE1_HUMAN	0.0047562425	1.0	0.9579780560735826	58707.10664556701
TC[+57.021465]PKPDDLPFSTVVPLK	4	sp|P02749|APOH_HUMAN	0.0047562425	1.0	0.9869709360546701	999044.784854011
YVSELHLTR	2	sp|P10721|KIT_HUMAN	0.0047562425	1.0	0.9589231192137636	144275.48017725634
NLHDLDVSDNQLER	2	sp|Q6EMK4|VASN_HUMAN	0.0047562425	1.0	0.8741520224636641	67743.35524275532
GFSGIFEDR	2	sp|P09619|PGFRB_HUMAN	0.0047562425	1.0	0.9165398221435864	55448.54752544776
YEGSYALTSEEAER	2	sp|O95810|CAVN2_HUMAN	0.0047562425	0.9797881705057813	0.8626904289859099	2887.0946905673827
TPEGLYQVTSVLR	2	sp|Q9BQ51|PD1L2_HUMAN	0.0047562425	1.0	0.8679812535191586	62429.78838546551
DIAPTLTLYVGK	2	sp|P00738|HPT_HUMAN;sp|P00739|HPTR_HUMAN	0.0047562425	1.0	0.9700161695709086	1298542.561895475
SDVMYTDWKK	3	sp|P19652|A1AG2_HUMAN	0.0047562425	1.0	0.8153383524578371	4172.735595402159
GENLFAITDEGMDVPLAMEEWHHER	3	sp|Q6UXB8|PI16_HUMAN	0.0047562425	1.0	0.9462611443857085	84537.8565058229
FSGSNSGNTATLTISR	2	sp|A0A075B6K5|LV39_HUMAN;sp|P80748|LV321_HUMAN	0.0047562425	0.9797881705057813	0.9771411128078367	10594.358346436438
WQEEMELYR	2	sp|P02647|APOA1_HUMAN	0.0047562425	1.0	0.8182312318163216	8607.697104265411
IASFSQNC[+57.021465]DIYPGK	2	sp|P01042|KNG1_HUMAN	0.0047562425	0.9797881705057813	0.9398674998008467	525228.2812629365
M[+15.994915]TVTDQVNC[+57.021465]PK	2	sp|P05090|APOD_HUMAN	0.0047562425	1.0	0.9383638325255728	6914.791451245012
LINDYVK	2	sp|P01011|AACT_HUMAN	0.0047562425	1.0	0.9814433477232302	719873.4685445456
AFIQLWAFDAVK	2	sp|P02760|AMBP_HUMAN	0.0047562425	0.9866190731264982	0.902820141081799	7534.01202936839
AFQVQQAVDLR	2	sp|P13497|BMP1_HUMAN	0.0047562425	1.0	0.9215399219801866	4104.787000852415
WTFEILDETNENK	2	sp|P10721|KIT_HUMAN	0.0047562425	1.0	0.9666235216030429	759181.7991048783
HRLEDMEQALSPSVFK	4	sp|P05155|IC1_HUMAN	0.0047562425	1.0	0.9634492979299609	86897.18928941869
FIC[+57.021465]PLTGLWPINTLK	3	sp|P02749|APOH_HUMAN	0.0070011667	0.9658285256870233	0.931693122163566	1431039.0204943574
AVGEEVWHSK	2	sp|P13591|NCAM1_HUMAN	0.0047562425	1.0	0.9187073639493397	14026.868516033157
GPLQLER	2	sp|P02750|A2GL_HUMAN	0.0047562425	1.0	0.9858943723065495	117104.78848138357
THLAPYSDELR	3	sp|P02647|APOA1_HUMAN	0.0047562425	1.0	0.9860703138020606	548249.9298976177
SVDIWLR	2	sp|P15151|PVR_HUMAN	0.0047562425	0.9797881705057813	0.9522815326432807	28492.19512865527
GDDITM[+15.994915]VLILPKPEK	3	sp|P01008|ANT3_HUMAN	0.0047562425	0.9933552810135716	0.7945917240158	1125.696407758409
GFFADYEIPNLQK	2	sp|Q10588|BST1_HUMAN	0.0047562425	0.9797881705057813	0.8892722174986388	37967.457515319315
AATGEC[+57.021465]TATVGK	2	sp|P01042|KNG1_HUMAN	0.0047562425	0.9933552810135716	0.9451333614562206	1050.9213324203406
NHNALLASLTTQK	3	sp|O75882|ATRN_HUMAN	0.0047562425	0.9933552810135716	0.9649617350426686	22907.05573446445
SKLPGIVAEGRDDLYVSDAFHK	4	sp|P01008|ANT3_HUMAN	0.0047562425	0.9933552810135716	0.9294656362244792	185956.23707523383
VMTPAVYAPYDVK	2	sp|O00533|NCHL1_HUMAN	0.0047562425	1.0	0.8349798725772903	147651.98264698792
TTPPVLDSDGSFFLYSK	3	sp|P01857|IGHG1_HUMAN;sp|P0DOX5|IGG1_HUMAN	0.0047562425	1.0	0.7855649775204144	12162.134132581037
TQSSLVPALTDFVR	2	sp|O60888|CUTA_HUMAN	0.0047562425	0.9866190731264982	0.8554893745121178	7144.137198714885
DLMEKVK	2	sp|P02652|APOA2_HUMAN	0.0047562425	0.9728591838590949	0.9768214971571844	28087.287799763966
TSESGELHGLTTEEEFVEGIYK	3	sp|P02766|TTHY_HUMAN	0.0047562425	1.0	0.9240520001466334	2563492.3386673774
GFQQLLQELNQPR	2	sp|P05154|IPSP_HUMAN	0.0047562425	0.9797881705057813	0.9445927955198908	10775.22982420769
WYNLAIGSTC[+57.021465]PWLK	2	sp|P02760|AMBP_HUMAN	0.0047562425	1.0	0.9341742784692549	837045.9065024606
AVLDVFEEGTEASAATAVK	3	sp|P01011|AACT_HUMAN	0.0047562425	1.0	0.9524753660136196	2728814.236591886
SSSNEEVMFLTVQVK	2	sp|P01023|A2MG_HUMAN	0.0047562425	1.0	0.8746811792134354	176283.21148948354
NWGLSFYADKPETTK	3	sp|P19652|A1AG2_HUMAN	0.0047562425	1.0	0.9955583707844723	795436.6288358719
ILGGHLDAK	2	sp|P00738|HPT_HUMAN;sp|P00739|HPTR_HUMAN	0.0047562425	0.9797881705057813	0.9722035457604115	24411.286493532407
NPNLPPETVDSLK	3	sp|P05090|APOD_HUMAN	0.0047562425	0.9933552810135716	0.7294833224174372	2522.348114813406
LISLIC[+57.021465]R	2	sp|O00592|PODXL_HUMAN	0.0047562425	1.0	0.8817895617941375	59897.53248531563
TLNQPDSQLQLTTGNGLFLSEGLK	3	sp|P01009|A1AT_HUMAN	0.007954545	0.9586923939928679	0.8260391222331206	41728.8713093566
ELELQIGNALFIGK	3	sp|P05543|THBG_HUMAN	0.015300547	0.8630568252698203	0.7951988682916079	11999.205868673504
TFPGFFSPMLGEFVSETESR	3	sp|P02671|FIBA_HUMAN	0.0047562425	0.9866190731264982	0.9835446135438185	30831.989211072167
ILLDEQAQWK	2	sp|P13598|ICAM2_HUMAN	0.0047562425	1.0	0.9443264672530186	11081.841094004067
HIQETEWQSQEGK	2	sp|Q14515|SPRL1_HUMAN	0.0047562425	0.9797881705057813	0.9503269371267351	9629.19177230215
GAQTQTEEEMTR	2	sp|Q12841|FSTL1_HUMAN	0.0047562425	1.0	0.8810052924420948	4057.0449534959653
LLGLSLAGK	2	sp|Q9Y5Y7|LYVE1_HUMAN	0.01618123	1.0	0.9667210224912683	1063965.1606949796
KLYHSEAFTVNFGDTEEAKK	4	sp|P01009|A1AT_HUMAN	0.0047562425	0.9866190731264982	0.8197140324200121	13038.689985250292
DLATVYVDVLK	2	sp|P02647|APOA1_HUMAN	0.0047562425	1.0	0.9816590287403762	1924518.94706025
SVNNVVVR	2	sp|O75882|ATRN_HUMAN	0.0047562425	0.9797881705057813	0.9751356072813951	4374.070733596428
IWC[+57.021465]SDPSPGIVAFPR	2	sp|Q16620|NTRK2_HUMAN	0.0047562425	1.0	0.8393590894263999	171874.30479457858
VMPIC[+57.021465]LPSK	2	sp|P00738|HPT_HUMAN;sp|P00739|HPTR_HUMAN	0.0047562425	0.9866190731264982	0.9362204630613244	135533.6355085799
GQC[+57.021465]IINSNK	2	sp|P43652|AFAM_HUMAN	0.0047562425	1.0	0.9189428507693357	17269.22454202581
AVLHIGEK	1	sp|P05543|THBG_HUMAN	0.0047562425	1.0	0.9411199560079266	30730.651409382153
VAEGTQVLELPFK	3	sp|P01008|ANT3_HUMAN	0.0047562425	1.0	0.7320000392719204	25473.829902658006
GTWTQPFDLASTR	3	sp|P08185|CBG_HUMAN	0.0047562425	1.0	0.838561722314128	107687.12843523125
LSFQEFLK	2	sp|Q12841|FSTL1_HUMAN	0.0047562425	1.0	0.9872326382826888	186425.5820483263
VTGNPGDEEFIEPSTENEFGLTSLR	3	sp|Q9ULI3|HEG1_HUMAN	0.0070011667	0.9658285256870233	0.971744232635478	123274.9695912181
DEELSC[+57.021465]TVVELK	2	sp|P01011|AACT_HUMAN	0.0047562425	0.9933552810135716	0.9671841108638972	9162.21340468405
ETC[+57.021465]FAEEGKK	2	sp|P02768|ALBU_HUMAN	0.0047562425	1.0	0.9096428979823774	61495.84464922259
SETEIHQGFQHLHQLFAK	3	sp|P08185|CBG_HUMAN	0.0047562425	1.0	0.9054936124346823	521225.9977905294
TLGDSSAGEIALSTR	2	sp|P09619|PGFRB_HUMAN	0.0047562425	1.0	0.8777779392010079	30720.82739626761
SPELQAEAK	2	sp|P02652|APOA2_HUMAN	0.0047562425	1.0	0.9512627812738195	62464.27111929647
EGQMESVEAAMSSK	2	sp|P05543|THBG_HUMAN	0.0047562425	0.9866190731264982	0.9233459031667163	357643.9555401966
EQYAVVGHSAHIVTLK	4	sp|O75882|ATRN_HUMAN	0.0047562425	1.0	0.9710691370225163	981712.0407699873
ALQATVGNSYK	2	sp|P11279|LAMP1_HUMAN	0.0047562425	1.0	0.9795787435864454	63811.592519377715
DLDMFINASK	2	sp|O75882|ATRN_HUMAN	0.0047562425	1.0	0.8818079016160559	88186.37316144761
ESLSSYWESAK	2	sp|P02655|APOC2_HUMAN	0.0047562425	1.0	0.9787442955355922	262297.9923890487
ATFNPAQDK	2	sp|O00592|PODXL_HUMAN	0.0047562425	0.9866190731264982	0.9055875870699395	1288.5088703706454
FLQSFAR	2	sp|Q13201|MMRN1_HUMAN	0.0047562425	1.0	0.9127558715231434	66896.30923914353
GSSSSPLGISVR	3	sp|Q9NTU7|CBLN4_HUMAN	0.019251337	0.7266555365444503	0.7847053144465589	569.2291013029594
LLETEC[+57.021465]PQYIR	2	sp|P05109|S10A8_HUMAN	0.0047562425	0.9933552810135716	0.8571285114570714	9290.544703777929
EAQDTSDGIIQK	2	sp|P18850|ATF6A_HUMAN	0.0047562425	1.0	0.9759659601672743	2520.9758814711818
TEDSSSFLIDK	2	sp|P05543|THBG_HUMAN	0.0047562425	0.9933552810135716	0.9380736169907737	185479.438426525
TYM[+15.994915]LAFDVNDEK	2	sp|P02763|A1AG1_HUMAN	0.022364218	1.0	0.9718514074959876	7383244.620199136
TLLVFEVQQPFLFVLWDQQHK	4	sp|P05155|IC1_HUMAN	0.0047562425	0.9728591838590949	0.8915460396198048	15157.691944117256
REPAVGEPAEVTTTVLVR	2	sp|P05362|ICAM1_HUMAN	0.0047562425	1.0	0.9878724159274926	39049.01671620239
NIFISPVSISMALAMLSLGTC[+57.021465]GHTR	3	sp|P08185|CBG_HUMAN	0.0047562425	0.9933552810135716	0.915628136134634	1243863.58887593
AQVSPTASDMLHMR	3	sp|Q6UXB8|PI16_HUMAN	0.0047562425	1.0	0.8592762668362381	105540.32873970033
LSSVTAADTAVYYC[+57.021465]AR	2	sp|A0A075B6R2|HV404_HUMAN;sp|A0A087WSY4|HV432_HUMAN;sp|A0A0C4DH41|HV461_HUMAN;sp|P01824|HV439_HUMAN;sp|P01825|HV459_HUMAN;sp|P06331|HV434_HUMAN;sp|P0DP06|HVD34_HUMAN;sp|P0DP07|HV431_HUMAN;sp|P0DP08|HVD82_HUMAN	0.0047562425	1.0	0.8224762815395286	141871.77444508098
DAVEDLESVGK	2	sp|P81605|DCD_HUMAN	0.0047562425	0.9933552810135716	0.9145581468969548	9808.284926913124
GSPAINVAVHVFR	2	sp|P02766|TTHY_HUMAN	0.0047562425	0.9933552810135716	0.9591677660021753	467200.4916570769
KGIYSFSFHVIK	2	sp|Q9NTU7|CBLN4_HUMAN	0.0047562425	0.9866190731264982	0.8960730820983528	5835.3888258117595
EVPLNTIIFMGR	3	sp|P01008|ANT3_HUMAN	0.0047562425	0.9933552810135716	0.8441387157989598	17156.416608943822
SETEIHQGFQHLHQLFAK	4	sp|P08185|CBG_HUMAN	0.0047562425	1.0	0.9116765060686978	1371305.22377765
FKLDDDLEHQGGHVLDHGHK	4	sp|P01042|KNG1_HUMAN	0.007954545	0.9440873193926883	0.8425123684974244	1247.781418511512
YDVDTQMWTILK	2	sp|O75882|ATRN_HUMAN	0.0047562425	1.0	0.9670748559279941	1778814.7574326906
ENEGFTVTAEGK	2	sp|P01024|CO3_HUMAN	0.0047562425	1.0	0.9354220438259219	3577.048000777533
TGDTIEFMC[+57.021465]K	2	sp|Q02985|FHR3_HUMAN;sp|Q92496|FHR4_HUMAN	0.0047562425	0.9933552810135716	0.9084779885532542	25876.8310641239
GSFPWQAK	1	sp|P00738|HPT_HUMAN;sp|P00739|HPTR_HUMAN	0.0047562425	0.9797881705057813	0.9328242757164353	5875.569830645261
LGNFPWQAFTSIHGR	3	sp|Q9NZP8|C1RL_HUMAN	0.0047562425	1.0	0.8465267549330106	52859.916657654554
YVMLPVADQDQC[+57.021465]IR	2	sp|P00738|HPT_HUMAN	0.0047562425	1.0	0.9491550713432307	4173164.881775519
ESNEELTESC[+57.021465]ETK	2	sp|P01042|KNG1_HUMAN	0.0047562425	0.9797881705057813	0.8938539310976595	5036.0261749760275
RVWELSK	2	sp|P01008|ANT3_HUMAN	0.0047562425	0.9797881705057813	0.9839250195124706	66330.52307444117
AATVGSLAGQPLQER	2	sp|P02649|APOE_HUMAN	0.0047562425	1.0	0.9308749824870568	30202.245801210178
QPAVEEPAEVTATVLASR	3	sp|P32942|ICAM3_HUMAN	0.007954545	0.9658285256870233	0.8096566902136547	4093.0890935517145
AVVFLEPQWYR	2	sp|P08637|FCG3A_HUMAN	0.0047562425	0.9933552810135716	0.9704548792743015	218003.59420991148
HTFM[+15.994915]GVVSLGSPSGEVSHPR	3	sp|P02765|FETUA_HUMAN	0.0047562425	0.9933552810135716	0.937959250364418	8853.365944592828
YLTWASR	2	sp|P01876|IGHA1_HUMAN;sp|P01877|IGHA2_HUMAN;sp|P0DOX2|IGA2_HUMAN	0.0047562425	0.9797881705057813	0.9174855937426989	18584.36156209763
QEPSQGTTTFAVTSILR	3	sp|P01876|IGHA1_HUMAN	0.0047562425	1.0	0.9579434078829616	568641.9778531783
DASGATFTWTPSSGK	2	sp|P01877|IGHA2_HUMAN;sp|P0DOX2|IGA2_HUMAN	0.0047562425	1.0	0.9067163660900024	155119.99632078788
VLAKPTPK	2	sp|Q92954|PRG4_HUMAN	0.0047562425	1.0	0.9560689639202259	77993.35724615051
LLQDEFPGIPSPLDAAVEC[+57.021465]HR	3	sp|P02790|HEMO_HUMAN	0.0047562425	0.9933552810135716	0.9306141157537573	3358372.535417208
NIFISPVSISMALAMLSLGTC[+57.021465]GHTR	4	sp|P08185|CBG_HUMAN	0.0047562425	0.9933552810135716	0.8959165158667052	83397.37429957002
ISVFIQTDK	2	sp|Q6YHK3|CD109_HUMAN	0.008948546	0.9366095275687156	0.8417659031194512	4026.873011283901
GVTSVSQIFHSPDLAIR	4	sp|P05155|IC1_HUMAN	0.0047562425	1.0	0.8794440735777294	14307.695983266643
KYPVAHFIDQTLK	2	sp|P05155|IC1_HUMAN	0.0047562425	0.9797881705057813	0.966343015373109	351780.03287453094
DDFLIYDR	2	sp|P49908|SEPP1_HUMAN	0.0047562425	1.0	0.965884464560799	211398.62950202808
VKSPELQAEAK	3	sp|P02652|APOA2_HUMAN	0.0047562425	0.9933552810135716	0.9556363195389675	6492.1015812598
TIQEVAGYVLIALNTVER	3	sp|P00533|EGFR_HUMAN	0.0047562425	1.0	0.824309470289361	10951.92718433601
LHMLQISYFR	3	sp|Q9UNN8|EPCR_HUMAN	0.0047562425	1.0	0.9658174242568152	58886.165856256324
EQLSLLDR	2	sp|P01011|AACT_HUMAN	0.0047562425	1.0	0.7242780493622428	24046.158755495082
GDEC[+57.021465]QLC[+57.021465]EVENR	2	sp|O75882|ATRN_HUMAN	0.01722282	0.9866190731264982	0.7199599329585625	2164.981619089563
SLTVSLGPVSK	2	sp|Q9ULI3|HEG1_HUMAN	0.0047562425	1.0	0.9028295720553523	22050.01956078341
FNQPFIIM[+15.994915]IFDHFTWSSLFLAR	4	sp|P08185|CBG_HUMAN	0.007954545	0.9658285256870233	0.9014149792700832	9677.853985761016
KGEVLPLPEANFPSFPLPHHK	3	sp|P04196|HRG_HUMAN	0.0047562425	0.9933552810135716	0.9427933056504546	25633.213455463974
SPLFMGK	1	sp|P01009|A1AT_HUMAN	0.01722282	0.7848914682405913	0.7447902928100347	1161.650910582919
IADAHLDR	2	sp|P04196|HRG_HUMAN	0.0047562425	0.9797881705057813	0.9070643764740958	4686.015830707558
GPSVFPLAPSSK	2	sp|P01857|IGHG1_HUMAN;sp|P0DOX5|IGG1_HUMAN	0.0047562425	0.9933552810135716	0.9571053001463353	88356.88576304456
AYLEEEC[+57.021465]PATLR	2	sp|P25311|ZA2G_HUMAN	0.021390375	1.0	0.9680501538754298	149223.52878186485
QQTHMLDVMQDHFSR	2	sp|P10909|CLUS_HUMAN	0.0047562425	0.9866190731264982	0.7727123268685416	92.78438989454753
YGEGDSLTLQQLK	2	sp|Q15043|S39AE_HUMAN	0.0047562425	1.0	0.7335035637684266	14914.650715060543
LLQDEFPGIPSPLDAAVEC[+57.021465]HR	4	sp|P02790|HEMO_HUMAN	0.0047562425	0.9933552810135716	0.8915616497974806	106312.94689573269
DYWSTVK	1	sp|P02656|APOC3_HUMAN	0.007954545	0.9658285256870233	0.9686262922993092	79384.35612883145
DLQFVEVTDVK	2	sp|P02751|FINC_HUMAN	0.0047562425	1.0	0.8275284402230924	6260.873500539433
FNKPFVFLMIEQNTK	4	sp|P01009|A1AT_HUMAN	0.007954545	0.9658285256870233	0.7809088056092724	5666.828582969556
RYTIAALLSPYSYSTTAVVTNPKE	3	sp|P02766|TTHY_HUMAN	0.0047562425	1.0	0.9477458675885228	18516532.56650312
KPDGYDYYAFSK	2	sp|Q92954|PRG4_HUMAN	0.0047562425	1.0	0.93500024674725	30328.936527483358
DYNLNDILLQLGIEEAFTSK	3	sp|P01011|AACT_HUMAN	0.0047562425	0.9866190731264982	0.932484324237158	42674.9066939644
YQDLYTVEPNNAR	2	sp|P54289|CA2D1_HUMAN	0.013245033	0.9054124614333342	0.9367906848705904	3090.4075586392655
LQHLENELTHDIITK	3	sp|P01009|A1AT_HUMAN	0.007954545	0.9586923939928679	0.8819992197035809	16720.44796172416
ITGKWFYIASAFR	2	sp|P02763|A1AG1_HUMAN;sp|P19652|A1AG2_HUMAN	0.0047562425	0.9797881705057813	0.979301701300982	118374.08486721637
SFTIEC[+57.021465]R	2	sp|P13598|ICAM2_HUMAN	0.0047562425	0.9797881705057813	0.9310245979331733	14687.889761864335
IEDGFSLK	2	sp|P01008|ANT3_HUMAN	0.0047562425	0.9797881705057813	0.8863175994003972	21362.419771165645
AEGPEVDVNLPK	2	sp|Q09666|AHNK_HUMAN	0.0047562425	1.0	0.8454710228048488	2474.271323144708
GLASANVDFAFSLYK	2	sp|P08185|CBG_HUMAN	0.0047562425	0.9797881705057813	0.9354999388388717	10312.280620292584
NQVSLTC[+57.021465]LVK	2	sp|P01857|IGHG1_HUMAN;sp|P01859|IGHG2_HUMAN;sp|P01860|IGHG3_HUMAN;sp|P01861|IGHG4_HUMAN;sp|P0DOX5|IGG1_HUMAN	0.0047562425	0.9933552810135716	0.9633196905216735	69650.5401655686
MEPFHFK	1	sp|P05155|IC1_HUMAN	0.007954545	0.9440873193926883	0.9129427692042005	26389.653311933736
LESEETMVLEAHDAQGDVPVTVTVHDFPGK	4	sp|P01024|CO3_HUMAN	0.0047562425	0.9797881705057813	0.8900884841871185	4166.151904527198
FDTISEK	1	sp|P01008|ANT3_HUMAN	0.0047562425	1.0	0.8870416033370208	21733.455309118413
SILFLGK	2	sp|P05543|THBG_HUMAN	0.0047562425	0.9728591838590949	0.9391904213950316	26670.31129140013
VLNQELR	1	sp|P05090|APOD_HUMAN	0.022364218	0.6244097987733555	0.9459514525907574	11375.820608705846
NTWSILHTQGALVQGGYGHSSVYDHR	4	sp|O75882|ATRN_HUMAN	0.0047562425	0.9728591838590949	0.9142254216055252	87777.80902838492
IVDLFSGLDSPAILVLVNYIFFK	4	sp|P08185|CBG_HUMAN	0.0047562425	1.0	0.7815098618548934	14955.745195546095
SASLHLPK	1	sp|P01009|A1AT_HUMAN	0.0047562425	1.0	0.9631035330888762	76979.95795650856
MEEVEAMLLPETLK	3	sp|P01011|AACT_HUMAN	0.0047562425	1.0	0.8794047831042863	158967.36426768944
VTDPQLVVTLHEK	2	sp|P09619|PGFRB_HUMAN	0.0047562425	0.9866190731264982	0.8567666271941338	4703.055468890665
FLNVLSPR	2	sp|P17936|IBP3_HUMAN	0.0047562425	0.9866190731264982	0.9815241303195711	110894.20899632378
VELAPLPSWQPVGK	2	sp|P05362|ICAM1_HUMAN	0.0047562425	1.0	0.9227123931427904	630921.6480832513
LSPLGEEMR	2	sp|P02647|APOA1_HUMAN	0.0047562425	1.0	0.9657307711289547	1967622.838452174
KLVAASQAALGL	2	sp|P02768|ALBU_HUMAN	0.0047562425	1.0	0.9817375401307306	955193.2656250942
DVQYFLYIR	2	sp|P15509|CSF2R_HUMAN	0.008948546	0.9212790999005022	0.9730272332328522	746844.5178089391
ATEHLSTLSEK	2	sp|P02647|APOA1_HUMAN	0.0047562425	0.9933552810135716	0.9823529805234514	48026.89710590361
EVGTPHGIILDSVDAAFIC[+57.021465]PGSSR	4	sp|P02790|HEMO_HUMAN	0.0047562425	1.0	0.8660851899100015	1831876.2125250937
TGLEAISNHK	2	sp|Q14515|SPRL1_HUMAN	0.0047562425	1.0	0.9894726711694168	101606.70195268957
DGTFPLPIGESVTVTR	2	sp|P05362|ICAM1_HUMAN	0.0047562425	0.9728591838590949	0.9583119741816839	104574.52226087058
TVVQPSVGAAAGPVVPPC[+57.021465]PGR	3	sp|P02765|FETUA_HUMAN	0.0047562425	0.9933552810135716	0.9099419959049978	133864.38305425944
EAATNGVLLYLDK	2	sp|Q9NTU7|CBLN4_HUMAN	0.0047562425	0.9933552810135716	0.908533347781406	10763.37644964515
QEINSHVEMQTK	2	sp|P05543|THBG_HUMAN	0.0047562425	0.9866190731264982	0.8511290817479645	15573.610543167411
TC[+57.021465]PKPDDLPFSTVVPLK	3	sp|P02749|APOH_HUMAN	0.0047562425	1.0	0.9130070033343367	2251673.0289214104
RPC[+57.021465]FSALEVDETYVPK	2	sp|P02768|ALBU_HUMAN	0.0047562425	1.0	0.9543004088258809	45616.4320678384
YPNC[+57.021465]AYR	2	sp|P07998|RNAS1_HUMAN	0.0047562425	0.9797881705057813	0.9517076709143384	9233.034223879647
DTKTYMLAFDVNDEK	2	sp|P02763|A1AG1_HUMAN	0.0047562425	1.0	0.9231796765497907	1785839.0681527716
IKVTTSQDMLSIMEK	2	sp|P05155|IC1_HUMAN	0.0047562425	1.0	0.9602251328302975	1244340.2997594867
KGDTFSC[+57.021465]MVGHEALPLAFTQK	4	sp|P01876|IGHA1_HUMAN	0.0047562425	1.0	0.8601080876887535	148324.8765784878
WFYIASAFR	2	sp|P02763|A1AG1_HUMAN;sp|P19652|A1AG2_HUMAN	0.0047562425	0.9933552810135716	0.9665085552454893	2734570.6072632982
GGGALLGDR	2	sp|P00736|C1R_HUMAN;sp|Q9NZP8|C1RL_HUMAN	0.0047562425	1.0	0.9612321516705178	62037.43316098232
VTTVASHTSDSDVPSGVTEVVVK	3	sp|P10909|CLUS_HUMAN	0.0047562425	0.9866190731264982	0.9521618174620381	81604.06950775946
AKPALEDLR	2	sp|P02647|APOA1_HUMAN	0.0047562425	1.0	0.932154371915324	245962.84118323147
LSSWVLLMK	2	sp|P01009|A1AT_HUMAN	0.0047562425	1.0	0.8676718619369669	171828.2550413518
EQQC[+57.021465]VIMAENR	2	sp|P00747|PLMN_HUMAN;sp|Q02325|PLGB_HUMAN	0.008948546	0.9212790999005022	0.9078872711477447	5483.1674916717975
NKEDC[+57.021465]VEIYIK	2	sp|P14151|LYAM1_HUMAN	0.0047562425	0.9866190731264982	0.9578231646162473	568098.7122291556
AEDTAVYYC[+57.021465]AK	2	sp|P01764|HV323_HUMAN;sp|P01768|HV330_HUMAN;sp|P0DP03|HVC05_HUMAN	0.0047562425	1.0	0.964465372565701	5640.252405077397
NALALFVLPK	2	sp|P05543|THBG_HUMAN	0.0047562425	1.0	0.9629570518715892	611039.4404152659
EVLLLVHNLPQQLFGYSWYK	4	sp|P13688|CEAM1_HUMAN	0.0047562425	1.0	0.8005286219100439	84350.44429706119
ELISERWK	2	sp|P02790|HEMO_HUMAN	0.0047562425	1.0	0.9195961947726123	62906.20063011831
ADLSGITGAR	2	sp|P01011|AACT_HUMAN	0.0047562425	1.0	0.9201091568885121	44437.465735846534
SDVVYTDWKK	3	sp|P02763|A1AG1_HUMAN	0.0047562425	0.9933552810135716	0.9569801296103508	67696.83096117763
AREDIFMETLK	2	sp|P25311|ZA2G_HUMAN	0.0047562425	0.9797881705057813	0.8849255244583278	61522.57191887852
VWFELTQGSITK	2	sp|Q9H8L6|MMRN2_HUMAN	0.0047562425	0.9866190731264982	0.8725804469547417	30948.408197806704
NANTFISPQQR	2	sp|P08493|MGP_HUMAN	0.0047562425	1.0	0.8797169347304051	1437.7215052349572
VSWYQQPPGTAPK	2	sp|A0A075B6J9|LV218_HUMAN	0.012208657	0.9134157281067091	0.8539842229990614	4023.357429094192
EWFSETFQK	2	sp|P02654|APOC1_HUMAN	0.0047562425	0.9933552810135716	0.9433672249710778	16334.844191386104
KMTVTDQVNC[+57.021465]PK	2	sp|P05090|APOD_HUMAN	0.0047562425	0.9866190731264982	0.9795739068424446	31045.48526775999
GPGEDFR	1	sp|P41222|PTGDS_HUMAN	0.0047562425	0.9728591838590949	0.7387978677760803	328.83310567046664
LFDSDPITVTVPVEVSR	2	sp|P10909|CLUS_HUMAN	0.007954545	0.9658285256870233	0.9482124624352244	110752.67283566526
EHSSLAFWK	2	sp|P02749|APOH_HUMAN	0.0047562425	1.0	0.9479490791046679	272422.3661381039
NLMIDIQK	2	sp|Q9BY67|CADM1_HUMAN	0.0047562425	1.0	0.9914259817833041	382384.5086765041
DSGSYFC[+57.021465]R	2	sp|O75015|FCG3B_HUMAN;sp|P08637|FCG3A_HUMAN	0.0047562425	0.9866190731264982	0.9693682382812794	13911.688683033428
FQPTLLTLPR	3	sp|P05155|IC1_HUMAN	0.019251337	0.7390601692542802	0.9743313665057799	11797.828717843673
AVLQLNEEGVDTAGSTGVTLNLTSKPIILR	4	sp|P08185|CBG_HUMAN	0.0047562425	0.9797881705057813	0.9598742372184431	33545.35591087075
FNQPFIIMIFDHFTWSSLFLAR	3	sp|P08185|CBG_HUMAN	0.007954545	0.9658285256870233	0.954567817555685	134990.36459085325
YEGGREHVAHLLFLR	2	sp|P19652|A1AG2_HUMAN	0.0047562425	0.9797881705057813	0.9256462696064175	6791.839786444468
ENFLFLTPDC[+57.021465]K	2	sp|P01042|KNG1_HUMAN	0.0047562425	1.0	0.9884952715058241	367948.11977715173
GDTFYVVSFR	2	sp|P18850|ATF6A_HUMAN	0.0047562425	0.9933552810135716	0.773718052207744	6778.240454330508
VLAPWITETHFK	3	sp|P23467|PTPRB_HUMAN	0.0047562425	1.0	0.8927121247785675	165263.10308253788
ALGISPFHEHAEVVFTANDSGPR	3	sp|P02766|TTHY_HUMAN	0.0047562425	1.0	0.9304180795059135	10508542.351248499
TLYLADTFPTNFR	2	sp|P05154|IPSP_HUMAN	0.0047562425	0.9797881705057813	0.8558223501770863	44654.981759412876
ITDVIPSEAINELTVLVLVNTIYFK	3	sp|P01008|ANT3_HUMAN	0.007954545	0.9658285256870233	0.9353033711561385	30561.126864908627
GKEESLDSDLYAELR	2	sp|P02775|CXCL7_HUMAN	0.0047562425	1.0	0.9507152541514031	19213246.418416288
LSITGTYDLK	2	sp|P01009|A1AT_HUMAN	0.0047562425	1.0	0.9755518036380382	1462231.1323561654
ALVLIAFAQYLQQC[+57.021465]PFEDHVK	3	sp|P02768|ALBU_HUMAN	0.019251337	0.7266555365444503	0.8333870133474457	17129.614815973637
GEVQAMLGQSTEELR	2	sp|P02649|APOE_HUMAN	0.0047562425	1.0	0.7800041186361181	88858.50163320625
DFTC[+57.021465]VHQALK	2	sp|P05155|IC1_HUMAN	0.0047562425	1.0	0.9328944095938767	65834.77130101336
SFM[+15.994915]LLILER	2	sp|P05543|THBG_HUMAN	0.0047562425	1.0	0.971941042183228	44421.98704969011
DFVQPPTK	2	sp|P01042|KNG1_HUMAN	0.0047562425	0.9797881705057813	0.9723993269354928	24257.447554933493
YGFIEGHVVIPR	3	sp|P16070|CD44_HUMAN	0.0047562425	0.9933552810135716	0.9614649542269427	2777555.713416342
HITSLEVIK	2	sp|P02776|PLF4_HUMAN;sp|P10720|PF4V_HUMAN	0.0047562425	1.0	0.9697775602038694	980147.0045002393
M[+15.994915]EEVEAM[+15.994915]LLPETLK	2	sp|P01011|AACT_HUMAN	0.0047562425	1.0	0.8544489499051116	136610.391824579
YLTLNTESTR	2	sp|P06276|CHLE_HUMAN	0.008948546	0.9290085173289965	0.8554468226817319	2190.4653322902404
DLGEENFK	2	sp|P02768|ALBU_HUMAN	0.0047562425	0.9797881705057813	0.8019533169179428	9465.82264373682
TAAQNLYEK	2	sp|P02655|APOC2_HUMAN	0.0047562425	1.0	0.9850257188911887	194975.30165941126
ETSLTVNK	2	sp|Q92954|PRG4_HUMAN	0.0047562425	0.9797881705057813	0.8739918501910308	311.53285725900616
HRLEDMEQALSPSVFK	2	sp|P05155|IC1_HUMAN	0.0047562425	1.0	0.803304733457371	7734.9077342395
