peptide	charge	proteins	q_value	score	spectral_angle	20250403_OA3_Evo07_ViAl_SA_FAIMS40_IO44_A556_MOMI_GBGD_P109_G12_R01.mzML
MTVSTLVLGEGATEAEISMTSTR	3	sp|P02760|AMBP_HUMAN	0.010057472	1.0	0.9422282746716623	1094576.791634877
GWVTDGFSSLK	2	sp|P02656|APOC3_HUMAN	0.010057472	0.9933552810135716	0.9678020143370981	535048.8965392367
LQQDVLQFQK	2	sp|Q8NBJ4|GOLM1_HUMAN	0.010057472	1.0	0.958001230653597	6690.436762094415
LHMLQISYFR	2	sp|Q9UNN8|EPCR_HUMAN	0.010057472	1.0	0.9454111819195944	52500.36108719704
EPC[+57.021465]VESLVSQYFQTVTDYGK	3	sp|P02652|APOA2_HUMAN	0.010057472	0.9797881705057813	0.8993494175003625	152867.40465197043
YTIAALLSPYSYSTTAVVTNPK	3	sp|P02766|TTHY_HUMAN	0.010057472	0.9797881705057813	0.9520621141557932	12524619.96042806
EHAVEGDC[+57.021465]DFQLLK	2	sp|P02765|FETUA_HUMAN	0.010057472	1.0	0.9797549024082541	396235.10150801524
TLMFGSYLDDEK	2	sp|P19652|A1AG2_HUMAN	0.010057472	0.9866190731264982	0.9600121458220864	29711726.172614176
VPTVEPLDSLTLFLFR	3	sp|P13598|ICAM2_HUMAN	0.010057472	1.0	0.9186969072524229	344827.55549094063
RYTIAALLSPYSYSTTAVVTNPK	4	sp|P02766|TTHY_HUMAN	0.010057472	0.9728591838590949	0.9464596853902054	1158593.830820094
FNQPFIIM[+15.994915]IFDHFTWSSLFLAR	3	sp|P08185|CBG_HUMAN	0.010884354	0.9658285256870233	0.9536168117024691	74929.3365555411
SPLFMGK	2	sp|P01009|A1AT_HUMAN	0.010057472	0.9728591838590949	0.9254193940409738	59189.47478614227
ILGGHLDAK	1	sp|P00738|HPT_HUMAN;sp|P00739|HPTR_HUMAN	0.010057472	0.9797881705057813	0.8627083016863539	4412.400099299816
YVGGQEHFAHLLILRDTK	4	sp|P02763|A1AG1_HUMAN	0.010057472	0.9933552810135716	0.8268392511180702	13274.897102007586
DTKTLMFGSYLDDEK	2	sp|P19652|A1AG2_HUMAN	0.010057472	1.0	0.9161776728386892	2504856.458844745
LGFTDLFSK	2	sp|P29622|KAIN_HUMAN	0.010057472	1.0	0.9065374868079812	41994.48920880435
SSNTYTLTDVR	2	sp|Q13740|CD166_HUMAN	0.010057472	1.0	0.9491814416565798	8066.525915917464
GDSVVYGLR	2	sp|P10451|OSTP_HUMAN	0.0249066	1.0	0.9480516418603363	78380.88942126963
DEGTAFLVYGAPGFSK	2	sp|P06276|CHLE_HUMAN	0.010057472	1.0	0.9800483383154261	589641.3490697944
MQILEGLGLNLQK	2	sp|P05154|IPSP_HUMAN	0.010057472	1.0	0.8964098168897293	101817.19793045841
FQNALLVR	2	sp|P02768|ALBU_HUMAN	0.010057472	1.0	0.8676194157834503	29778.944243934802
FNWYVDGVEVHNAK	3	sp|P01857|IGHG1_HUMAN;sp|P0DOX5|IGG1_HUMAN	0.010057472	1.0	0.9202400668920114	259764.8822011915
TSLTVVLLR	2	sp|P32942|ICAM3_HUMAN	0.010057472	1.0	0.8989984589935668	70238.94074227664
ITLLSALVETR	2	sp|P01011|AACT_HUMAN	0.010057472	0.9933552810135716	0.9570947271299144	1690049.436673326
KGEVLPLPEANFPSFPLPHHK	4	sp|P04196|HRG_HUMAN	0.010057472	0.9933552810135716	0.9012272101511931	334538.4751404642
FPVFMGR	2	sp|P05155|IC1_HUMAN	0.010057472	1.0	0.8766641003500389	512041.2385319462
GDTFSC[+57.021465]MVGHEALPLAFTQK	4	sp|P01876|IGHA1_HUMAN	0.010057472	1.0	0.7236816501011106	24954.38499977949
FDPVRGEVPPR	2	sp|P02790|HEMO_HUMAN	0.010057472	0.9728591838590949	0.9611550483063042	149593.07775788198
VQLTGEPVPMAR	3	sp|P15151|PVR_HUMAN	0.010057472	1.0	0.8718750042434061	1927.3506119296171
DYWSTVK	2	sp|P02656|APOC3_HUMAN	0.010884354	0.9658285256870233	0.9829679563893204	104359.01070265943
IIYFDQILVNVGNFFTLESVFVAPR	3	sp|Q9NTU7|CBLN4_HUMAN	0.010057472	1.0	0.9205481519984854	64163.505653267144
ATVVYQGERVK	3	sp|P02749|APOH_HUMAN	0.01305483	0.9290085173289965	0.8779028129423921	2434.8486725798057
KAADDTWEPFASGK	2	sp|P02766|TTHY_HUMAN	0.010057472	1.0	0.9300774921401656	232092.837639222
HGGLFHENMR	2	sp|Q02985|FHR3_HUMAN	0.026086956	0.672124945171228	0.8861721504655553	2038.98302438302
KNIFISPVSISMALAMLSLGTC[+57.021465]GHTR	4	sp|P08185|CBG_HUMAN	0.010057472	0.9933552810135716	0.8844999092109358	2672.0961618283386
MADEAGSEADHEGTHSTK	2	sp|P02671|FIBA_HUMAN	0.010057472	1.0	0.9091186216682188	564.3022892798762
QIQVFEDEPAR	2	sp|Q9NPH3|IL1AP_HUMAN	0.010057472	1.0	0.9851008400142448	46505.925923896924
EETNEIQVVNEEPQR	2	sp|Q8NBJ4|GOLM1_HUMAN	0.010057472	1.0	0.8802198930638786	242371.70873680984
IGPDNLPYVQILK	3	sp|P11362|FGFR1_HUMAN	0.023690773	0.7510559064272662	0.8549731579701383	3330.123182608473
VTSIQDWVQK	2	sp|P00738|HPT_HUMAN	0.010057472	0.9933552810135716	0.9857468076630131	65373.55638320114
LQHLENELTHDIITK	2	sp|P01009|A1AT_HUMAN	0.010884354	0.9658285256870233	0.9323858454782914	366587.9229673211
ALNSIIDVYHK	2	sp|P05109|S10A8_HUMAN	0.010057472	1.0	0.756429934164156	4251.943916368424
LILVDYILFK	2	sp|Q9UK55|ZPI_HUMAN	0.010057472	1.0	0.9777584105971456	36951.25613013884
GLLYQLFR	2	sp|Q9H9K5|MER34_HUMAN	0.010057472	1.0	0.9122202284818862	25835.084553625526
TFTC[+57.021465]TAAYPESK	2	sp|P01876|IGHA1_HUMAN	0.010057472	0.9933552810135716	0.9354766372474951	34011.667535591674
GLASANVDFAFSLYK	3	sp|P08185|CBG_HUMAN	0.010057472	0.9797881705057813	0.7706151812429116	1443.4933620593167
GEVLPLPEANFPSFPLPHHK	4	sp|P04196|HRG_HUMAN	0.010057472	1.0	0.9107191199120427	368356.72281620005
EFGNTLEDK	2	sp|P02654|APOC1_HUMAN	0.010057472	0.9866190731264982	0.9292059794931958	9155.134593301185
QNC[+57.021465]ELFEQLGEYK	2	sp|P02768|ALBU_HUMAN	0.010057472	1.0	0.9637812143297069	1223143.0263978739
YTIAALLSPYSYSTTAVVTNPK	4	sp|P02766|TTHY_HUMAN	0.010057472	0.9797881705057813	0.9461600471009808	213023.59205550572
IC[+57.021465]LDLQAPLYK	3	sp|P02776|PLF4_HUMAN	0.010057472	1.0	0.9573562678281101	29315.884026782198
LLVVYPWTQR	2	sp|P02042|HBD_HUMAN;sp|P02100|HBE_HUMAN;sp|P68871|HBB_HUMAN;sp|P69891|HBG1_HUMAN;sp|P69892|HBG2_HUMAN	0.010057472	1.0	0.8735445509131176	62527.185695207365
TPSSTGPSPVFDIK	2	sp|Q12913|PTPRJ_HUMAN	0.010057472	1.0	0.9615761847180826	197679.04818501518
C[+57.021465]PNPPVQENFDVNK	2	sp|P05090|APOD_HUMAN	0.010057472	1.0	0.9132142115314753	2455110.0216686223
FDTISEK	2	sp|P01008|ANT3_HUMAN	0.010057472	1.0	0.977701081189475	100423.95839516964
GPLDQLEK	2	sp|P05546|HEP2_HUMAN	0.010057472	0.9797881705057813	0.8198204009950438	10537.28875056162
YSLTYIYTGLSK	2	sp|P25311|ZA2G_HUMAN	0.010057472	0.9933552810135716	0.9443512613399221	5514.760852784875
GEC[+57.021465]QAEGVLFFQGDR	3	sp|P02790|HEMO_HUMAN	0.010057472	0.9728591838590949	0.8616841004894379	16858.46244396338
QGHNSVFLIK	3	sp|P02790|HEMO_HUMAN	0.010057472	1.0	0.9537729263247158	1093367.8656841388
EIPVLVTQISSTNHPVK	3	sp|Q6UX71|PXDC2_HUMAN	0.010057472	1.0	0.9297967384501876	4072.3874040513665
VGSALFLSHNLK	3	sp|P29622|KAIN_HUMAN	0.010057472	0.9728591838590949	0.9811554179418658	110799.07242438164
NTWSILHTQGALVQGGYGHSSVYDHR	3	sp|O75882|ATRN_HUMAN	0.010057472	0.9728591838590949	0.9178430598131299	15218.921561698167
SASLHLPK	2	sp|P01009|A1AT_HUMAN	0.010057472	1.0	0.9584265024738237	166133.3473307167
IAPQLSTEELVSLGEK	2	sp|P43652|AFAM_HUMAN	0.010057472	0.9728591838590949	0.796505748611764	26477.32862174481
SISTAYLQWSSLK	2	sp|A0A0C4DH38|HV551_HUMAN;sp|A0A0J9YXX1|HV5X1_HUMAN	0.010057472	0.9866190731264982	0.8852408608437287	36989.561419385864
MEEVEAMLLPETLK	2	sp|P01011|AACT_HUMAN	0.010057472	1.0	0.9537520371193704	1009997.4441135717
LYLVQGTQVYVFLTK	3	sp|P02790|HEMO_HUMAN	0.010057472	0.9728591838590949	0.9671271711666609	97834.63796091235
DTVFALVNYIFFK	3	sp|P01009|A1AT_HUMAN	0.010057472	1.0	0.9193339658546782	33294.87237599273
FRIEDGFSLK	2	sp|P01008|ANT3_HUMAN	0.010057472	1.0	0.8738122247047303	119476.92581551663
HSAQPWADFTLLGAR	3	sp|Q8IYS5|OSCAR_HUMAN	0.010057472	1.0	0.962671368930479	50686.99817367884
GDDITMVLILPKPEK	3	sp|P01008|ANT3_HUMAN	0.010057472	1.0	0.9281169307307683	648311.5479020944
GDTFSC[+57.021465]MVGHEALPLAFTQK	3	sp|P01876|IGHA1_HUMAN	0.010057472	1.0	0.9010333635268776	604437.6943551556
EQLGEFYEALDC[+57.021465]LC[+57.021465]IPR	4	sp|P19652|A1AG2_HUMAN	0.010057472	0.9866190731264982	0.9528973380667705	32525.22923783892
VTDPQLVVTLHEK	3	sp|P09619|PGFRB_HUMAN	0.010057472	0.9866190731264982	0.8471331148278899	1837.1289267018062
EHVAHLLFLRDTK	4	sp|P19652|A1AG2_HUMAN	0.010057472	1.0	0.9288640458625279	1667129.0412011023
AQWANPFDPSK	2	sp|P05543|THBG_HUMAN	0.010057472	1.0	0.9473272198638439	83540.2506451217
YIFSDDSSQLTIK	2	sp|P13591|NCAM1_HUMAN	0.010057472	1.0	0.8469765829553891	82209.04301052171
FNKPFVFLMIEQNTK	2	sp|P01009|A1AT_HUMAN	0.010057472	1.0	0.9292581231176162	410059.6526104755
GTYSTTVTGR	2	sp|P08519|APOA_HUMAN	0.010057472	0.9866190731264982	0.9488798414104267	11765.796731632903
GLPNVVTSAISLPNIR	3	sp|Q92954|PRG4_HUMAN	0.010057472	1.0	0.9491562095463267	2600871.67371251
TDTSHHDQDHPTFNK	3	sp|P01009|A1AT_HUMAN	0.010057472	0.9797881705057813	0.9611649533428788	2090.6535152677507
SGVQQLIQYYQDQK	3	sp|Q13790|APOF_HUMAN	0.017902814	0.897262926642552	0.7538211984373628	11281.030077381609
WVQDYIK	2	sp|Q16627|CCL14_HUMAN	0.010057472	0.9866190731264982	0.9686132157026732	18768.188022422943
DALSSVQESQVAQQAR	3	sp|P02656|APOC3_HUMAN	0.010057472	0.9728591838590949	0.8090786367442656	3431.962055074214
EIGELYLPK	2	sp|P01011|AACT_HUMAN	0.010057472	1.0	0.9736597874041756	372211.0843559926
SDVVYTDWK	2	sp|P02763|A1AG1_HUMAN	0.010057472	1.0	0.9824394177200646	540283.0129506992
GWVDLFVPK	2	sp|P05543|THBG_HUMAN	0.010057472	1.0	0.9741141828903116	1887675.160440505
VEIDTKSYWK	3	sp|P02766|TTHY_HUMAN	0.010057472	1.0	0.9395738425125072	26818.373002966862
IMQSSQSMSK	2	sp|O75882|ATRN_HUMAN	0.010057472	0.9866190731264982	0.9718302479071217	87232.37087263136
KVPQVSTPTLVEVSR	2	sp|P02768|ALBU_HUMAN	0.010057472	1.0	0.96061550208694	398867.54185112374
FLEDVKK	2	sp|P01009|A1AT_HUMAN	0.010057472	1.0	0.9687363243874022	839041.6876041518
FTVNNLAEPQK	2	sp|P12259|FA5_HUMAN	0.010057472	1.0	0.9302010784678802	5526.693661963333
YPPTVSMVEGQGEK	2	sp|P27918|PROP_HUMAN	0.010057472	1.0	0.9759669418713398	857255.7719668953
YAASSYLSLTPEQWK	2	sp|A0M8Q6|IGLC7_HUMAN;sp|B9A064|IGLL5_HUMAN;sp|P0CF74|IGLC6_HUMAN;sp|P0CG04|IGLC1_HUMAN;sp|P0DOX8|IGL1_HUMAN;sp|P0DOY2|IGLC2_HUMAN;sp|P0DOY3|IGLC3_HUMAN	0.010057472	0.9728591838590949	0.9424360315016234	545373.1128583227
EVPLNTIIFM[+15.994915]GR	2	sp|P01008|ANT3_HUMAN	0.010057472	0.9933552810135716	0.9536414146276548	32782.387046984484
TC[+57.021465]PKPDDLPFSTVVPLK	2	sp|P02749|APOH_HUMAN	0.010057472	1.0	0.9357152881339811	4459576.180337459
LSSWVLLM[+15.994915]K	2	sp|P01009|A1AT_HUMAN	0.010057472	1.0	0.9205439112087684	173272.7069062227
SSEDPNEDIVER	2	sp|P01591|IGJ_HUMAN	0.010057472	0.9933552810135716	0.9811164504183111	2344.0655761843955
VILPQTSDAYQVSVAK	2	sp|Q86SQ4|AGRG6_HUMAN	0.010057472	0.9728591838590949	0.7593834348662795	13061.485692105538
NWGLSFYADKPETTK	4	sp|P19652|A1AG2_HUMAN	0.010057472	0.9728591838590949	0.9780491631874504	44262.357757120466
TMLLQPAGSLGSYSYR	3	sp|P41222|PTGDS_HUMAN	0.010057472	0.9728591838590949	0.953990117865495	234511.4369618944
ELTPEVLQEWLDELEEMMLVVHMPR	4	sp|P01008|ANT3_HUMAN	0.010057472	0.9866190731264982	0.9216565665474149	39896.85935605255
SEDAGGAEGETPHMLLRPHVFMPEVTPDMDYLPR	4	sp|Q92954|PRG4_HUMAN	0.010057472	0.9728591838590949	0.9087141780871109	3405.079526419114
LRTEGDGVYTLNDKK	4	sp|P00738|HPT_HUMAN;sp|P00739|HPTR_HUMAN	0.010057472	1.0	0.9493884296607155	136631.05384141405
LWLQGIDVR	2	sp|P28827|PTPRM_HUMAN	0.010057472	1.0	0.9054732726679674	23371.983907652873
SYSC[+57.021465]QVTHEGSTVEK	3	sp|B9A064|IGLL5_HUMAN;sp|P0CF74|IGLC6_HUMAN;sp|P0CG04|IGLC1_HUMAN;sp|P0DOX8|IGL1_HUMAN;sp|P0DOY2|IGLC2_HUMAN;sp|P0DOY3|IGLC3_HUMAN	0.010057472	1.0	0.94249720758583	624977.3662298257
LLDNWDSVTSTFSK	2	sp|P02647|APOA1_HUMAN	0.010057472	0.9797881705057813	0.8649789049414562	21457.188767274303
TLNQPDSQLQLTTGNGLFLSEGLK	4	sp|P01009|A1AT_HUMAN	0.010057472	0.9728591838590949	0.9411753774001977	4296.568348788197
AVSISPTNVILTWK	3	sp|Q12913|PTPRJ_HUMAN	0.010057472	0.9866190731264982	0.991679026497617	3005.0464532725555
YVGGQEHFAHLLILR	2	sp|P02763|A1AG1_HUMAN	0.010057472	0.9728591838590949	0.956921243754341	282577.79315293074
FSISATYDLGATLLK	3	sp|P05543|THBG_HUMAN	0.010057472	1.0	0.8388359457359895	70699.50313121962
GDLYFANVEEK	2	sp|O00533|NCHL1_HUMAN	0.010057472	1.0	0.9462036219182188	11559.406708753484
VTTSQDM[+15.994915]LSIM[+15.994915]EK	2	sp|P05155|IC1_HUMAN	0.010057472	1.0	0.7067847571824722	18229.80359358974
IVDLFSGLDSPAILVLVNYIFFK	3	sp|P08185|CBG_HUMAN	0.010057472	1.0	0.9023373741703238	666932.7832909538
GGYTLVSGYPK	2	sp|P02790|HEMO_HUMAN	0.010057472	1.0	0.9626733785495614	1760281.3055013623
VDGALC[+57.021465]M[+15.994915]EK	2	sp|P02790|HEMO_HUMAN	0.010057472	1.0	0.9449750857868956	83508.96472832929
AVFLTEALER	2	sp|Q9NQ38|ISK5_HUMAN	0.010057472	1.0	0.9092764490815314	23394.57707647549
ANQQLNFTEAK	2	sp|Q9Y5Y7|LYVE1_HUMAN	0.010057472	1.0	0.9557735404949419	8910.752705566487
GFGGLTGQIVAALSTAK	3	sp|Q92954|PRG4_HUMAN	0.010057472	1.0	0.9402106245238949	679849.3092269319
TFYEPGEEITYSC[+57.021465]KPGYVSR	3	sp|P02749|APOH_HUMAN	0.010057472	1.0	0.9292443353286589	2472385.907688298
NKEDC[+57.021465]VEIYIK	3	sp|P14151|LYAM1_HUMAN	0.010057472	0.9866190731264982	0.822553164184313	6369.434802744543
LRTEGDGVYTLNNEK	4	sp|P00738|HPT_HUMAN	0.022613065	0.8718655118414741	0.7342963352884342	1583.5306896660034
EHVAHLLFLRDTK	3	sp|P19652|A1AG2_HUMAN	0.010057472	1.0	0.9576966599589631	417379.2257567675
QLVEIEK	1	sp|P00738|HPT_HUMAN;sp|P00739|HPTR_HUMAN	0.010057472	0.9728591838590949	0.9310579830693851	9461.12899594847
RLGMFNIQHC[+57.021465]K	2	sp|P01009|A1AT_HUMAN	0.010057472	0.9797881705057813	0.975601958097085	91478.91280463996
TYLPAVDEK	2	sp|P02655|APOC2_HUMAN	0.010057472	1.0	0.9547484487057487	475651.20918038697
SAGSVESPSVSSTHR	3	sp|P17936|IBP3_HUMAN	0.010057472	0.9866190731264982	0.8858878213615601	3768.868250831755
ADGESC[+57.021465]SASMMYQEGK	2	sp|P01008|ANT3_HUMAN	0.010057472	1.0	0.9394689702375324	258627.5529999276
IPKSDVVYTDWK	2	sp|P02763|A1AG1_HUMAN	0.010057472	1.0	0.9630700063708852	124477.12390259025
VITEPIPVSDLR	2	sp|Q12913|PTPRJ_HUMAN	0.010057472	0.9933552810135716	0.9553350361205997	662069.191277266
REPAVGEPAEVTTTVLVR	4	sp|P05362|ICAM1_HUMAN	0.01305483	0.9290085173289965	0.7758586143501865	2437.1100331855055
ESLLNHFLYEVAR	3	sp|P43652|AFAM_HUMAN	0.010057472	1.0	0.8446814488025433	112027.31929227569
QGLLPVLESFK	2	sp|P02647|APOA1_HUMAN	0.010057472	1.0	0.9138517614089036	53186.164067678284
MREWFSETFQK	2	sp|P02654|APOC1_HUMAN	0.010057472	1.0	0.953926141295026	553803.1636415798
EMEDTLNHLK	3	sp|P17936|IBP3_HUMAN	0.010057472	1.0	0.9160441304541281	30886.672194235012
GEC[+57.021465]VPGEQEPEPILIPR	2	sp|P02760|AMBP_HUMAN	0.010057472	1.0	0.9004171729170677	483591.0245644207
AVLTIDEK	1	sp|P01009|A1AT_HUMAN	0.010884354	0.9658285256870233	0.9766531453782559	28453.19526218173
GGEGTGYFVDFSVR	2	sp|P04196|HRG_HUMAN	0.010057472	1.0	0.9026692666633	310681.4594413668
GVTSVSQIFHSPDLAIR	3	sp|P05155|IC1_HUMAN	0.010057472	1.0	0.7677440628738534	43260.62425366245
TYFPHFDLSHGSAQVK	4	sp|P69905|HBA_HUMAN	0.010057472	0.9797881705057813	0.8955335260040554	146836.56155789574
GFMQTYYDDHLR	2	sp|P55056|APOC4_HUMAN	0.015523933	1.0	0.9425957713465305	108863.2887425842
MATLYSR	2	sp|P41222|PTGDS_HUMAN	0.010057472	0.9728591838590949	0.8249262958275317	1303.2974726491746
KATVVYQGER	2	sp|P02749|APOH_HUMAN	0.010057472	1.0	0.9545881213277089	47632.3950288043
AGALQLLLVGDK	2	sp|P55058|PLTP_HUMAN	0.010057472	0.9933552810135716	0.9234874599339945	31931.877550823363
DTEEEDFHVDQVTTVK	2	sp|P01009|A1AT_HUMAN	0.010057472	1.0	0.9440430866745951	2531676.0152031733
GQYC[+57.021465]YELDEK	2	sp|P04004|VTNC_HUMAN	0.010057472	1.0	0.8525146877314849	29900.600150072667
ALSIGFETC[+57.021465]R	2	sp|P16070|CD44_HUMAN	0.010057472	1.0	0.9780542444937043	319542.1582887228
WKNFPSPVDAAFR	3	sp|P02790|HEMO_HUMAN	0.010057472	0.9866190731264982	0.7925820358326511	5232.176895477468
EMEVLHLR	2	sp|P11362|FGFR1_HUMAN	0.010057472	1.0	0.9487062590804424	188300.41695098236
ATVVYQGER	2	sp|P02749|APOH_HUMAN	0.010057472	0.9866190731264982	0.9516261696148095	7267405.696172968
KAGTELVNFLSYFVELGTQPATQ	3	sp|P02652|APOA2_HUMAN	0.010057472	0.9728591838590949	0.9237725567259358	358783.9953432694
EQLSLLDR	1	sp|P01011|AACT_HUMAN	0.010057472	1.0	0.724248511689562	12140.007607541156
DYVSQFEGSALGK	2	sp|P02647|APOA1_HUMAN	0.010057472	0.9933552810135716	0.9640869853277526	40106.86072047878
VDLVLEK	2	sp|P17900|SAP3_HUMAN	0.010057472	1.0	0.7493594310093024	27024.065703010187
VPLQQNFQDNQFQGK	2	sp|P80188|NGAL_HUMAN	0.010057472	1.0	0.8239727905859827	824417.4985717227
IDSLLENDR	2	sp|P10909|CLUS_HUMAN	0.010057472	1.0	0.9433873802900913	113850.78341594899
TM[+15.994915]LLQPAGSLGSYSYR	2	sp|P41222|PTGDS_HUMAN	0.01305483	0.9586923939928679	0.9435733843428392	134654.16779153695
EHVAHLLFLR	2	sp|P19652|A1AG2_HUMAN	0.010057472	1.0	0.956653309869443	101725054.39219244
HPDEAAFFDTASTGK	2	sp|P02671|FIBA_HUMAN	0.010057472	0.9797881705057813	0.9603406610350598	16235.557612595292
YFHHNSDFHIPK	4	sp|O75015|FCG3B_HUMAN	0.010057472	1.0	0.9436695557287063	673310.9912471158
YFHHNSDFYIPK	4	sp|P08637|FCG3A_HUMAN	0.0121951215	0.9797881705057813	0.8589714677878253	8708.892458935654
SKEQLTPLIK	2	sp|P02652|APOA2_HUMAN	0.010057472	1.0	0.8935667911547732	120417.52471386765
STSESTAALGC[+57.021465]LVK	3	sp|P01859|IGHG2_HUMAN;sp|P01861|IGHG4_HUMAN	0.010057472	0.9866190731264982	0.8123643553882269	2638.214771660316
ENFLFLTPDC[+57.021465]K	3	sp|P01042|KNG1_HUMAN	0.022613065	0.8540617215638593	0.8499305590330652	1125.029321251275
MSSINADFAFNLYR	2	sp|P05543|THBG_HUMAN	0.010057472	1.0	0.9741257419451144	2416765.702813228
NLAVSQVVHK	2	sp|P01011|AACT_HUMAN	0.010057472	1.0	0.962082586792327	1101466.0001899076
SEVEEWSDMYTVTSQLMLK	3	sp|Q9BY67|CADM1_HUMAN	0.010057472	1.0	0.9608683183438107	103012.7352110831
GNLMGGWK	1	sp|P23435|CBLN1_HUMAN;sp|Q8IUK8|CBLN2_HUMAN	0.022613065	0.8058999028144878	0.7322256588576492	1455.904527039888
TVAAC[+57.021465]NLPIVR	3	sp|P02760|AMBP_HUMAN	0.010057472	0.9933552810135716	0.8828244057472427	17854.331261542466
GILTVDELLAIR	3	sp|P13473|LAMP2_HUMAN	0.01305483	0.9290085173289965	0.879352614300604	2509.483643340981
ILTQDTPEFFIDQGHAK	3	sp|Q8TDL5|BPIB1_HUMAN	0.010057472	1.0	0.9488924423778078	17415.00624497184
QQLQALSEPQPR	2	sp|Q8NBJ4|GOLM1_HUMAN	0.01305483	0.9366095275687156	0.8738609325940551	1989.1796182347002
LRTEGDGVYTLNDK	2	sp|P00738|HPT_HUMAN;sp|P00739|HPTR_HUMAN	0.010057472	1.0	0.9039061216622608	154004.95926211533
AIGPSQTHTIR	3	sp|Q92954|PRG4_HUMAN	0.023690773	0.7390601692542802	0.713914983663161	905.748898985909
AVVFLEPQWYSVLEK	2	sp|O75015|FCG3B_HUMAN	0.010884354	0.9658285256870233	0.9158623603319856	51771.29782062047
NDNDNIFLSPLSISTAFAMTK	3	sp|P01008|ANT3_HUMAN	0.01305483	0.9440873193926883	0.7061812260700481	18479.187547580117
TEGDGVYTLNDK	2	sp|P00738|HPT_HUMAN;sp|P00739|HPTR_HUMAN	0.010057472	1.0	0.9612524958054347	85469.82971181338
LLIYGASTR	2	sp|A0A075B6H7|KV37_HUMAN;sp|A0A0C4DH55|KVD07_HUMAN;sp|P01624|KV315_HUMAN	0.010057472	0.9866190731264982	0.9691765707422826	21261.30948142891
ALAQC[+57.021465]APPPAVC[+57.021465]AELVR	3	sp|P17936|IBP3_HUMAN	0.022613065	0.8354707271418766	0.9299571840730672	10447.802336158345
FIVLSNNYLQIR	2	sp|P13591|NCAM1_HUMAN	0.010057472	1.0	0.7415953433058038	62644.9045298001
NEC[+57.021465]FLQHK	2	sp|P02768|ALBU_HUMAN	0.010057472	1.0	0.874272757092067	15173.352837419578
AADDTWEPFASGKTSESGELHGLTTEEEFVEGIYK	4	sp|P02766|TTHY_HUMAN	0.010057472	1.0	0.9551466823918118	8229294.140787284
DFVQPPTK	1	sp|P01042|KNG1_HUMAN	0.01305483	0.9440873193926883	0.9750476594773615	3902.3587726205255
WLQGSQELPR	2	sp|P01876|IGHA1_HUMAN;sp|P01877|IGHA2_HUMAN;sp|P0DOX2|IGA2_HUMAN	0.010057472	0.9933552810135716	0.9698272813107092	614056.120424977
LWWLDLK	2	sp|P02790|HEMO_HUMAN	0.010057472	1.0	0.9853922753810829	474082.4020757233
VYSTSVTGSR	2	sp|Q9H299|SH3L3_HUMAN	0.010057472	1.0	0.9285468300212485	18652.300458028996
EQLGEFYEALDC[+57.021465]LR	3	sp|P02763|A1AG1_HUMAN	0.010057472	0.9728591838590949	0.9409846291134536	456401.1594930409
SISC[+57.021465]QEIPGQQSR	2	sp|P27918|PROP_HUMAN	0.010057472	1.0	0.9646730543751889	442693.0994658814
GTQEQDFYVTSETVVR	3	sp|P05154|IPSP_HUMAN	0.010884354	0.9658285256870233	0.8019924594764776	5539.1022672127
TSDQIHFFFAK	3	sp|P01008|ANT3_HUMAN	0.010057472	0.9933552810135716	0.9831046303301835	934660.5726191318
TYFPHFDLSHGSAQVK	3	sp|P69905|HBA_HUMAN	0.03213844	0.4967407757382715	0.8023060434411325	4605.337184887583
STAAMSTYTGIFTDQVLSVLK	3	sp|P02655|APOC2_HUMAN	0.010057472	1.0	0.9349385022671487	671535.5680350935
EPQVYTLPPSR	2	sp|P01857|IGHG1_HUMAN;sp|P01859|IGHG2_HUMAN;sp|P01860|IGHG3_HUMAN;sp|P0DOX5|IGG1_HUMAN	0.010057472	1.0	0.8489115011446252	2562.4222910713165
ALDLINK	2	sp|P04196|HRG_HUMAN	0.010057472	0.9728591838590949	0.9548299303759472	30278.571107732918
SAVQGPPER	2	sp|P01876|IGHA1_HUMAN;sp|P01877|IGHA2_HUMAN	0.010057472	0.9797881705057813	0.9490852251242604	4589.6391037645
TEGDGVYTLNNEK	2	sp|P00738|HPT_HUMAN	0.010057472	1.0	0.9570483348567005	159173.95502342202
NSVIKVPMMNSK	2	sp|P05155|IC1_HUMAN	0.010057472	0.9933552810135716	0.9704883340595778	205660.42937467663
SGTASEMGTER	2	sp|Q9ULI3|HEG1_HUMAN	0.010057472	0.9866190731264982	0.8718160795060345	2326.6603054598186
AIMEKLEMSK	2	sp|P05155|IC1_HUMAN	0.010057472	0.9933552810135716	0.9529736353256971	7265.841762497553
ALAAAGYDVEK	2	sp|P10412|H14_HUMAN;sp|P16402|H13_HUMAN;sp|P16403|H12_HUMAN;sp|P22492|H1T_HUMAN;sp|Q02539|H11_HUMAN	0.010057472	1.0	0.7083905589294297	6381.503636013137
DIPMNPMC[+57.021465]IYR	2	sp|P01008|ANT3_HUMAN	0.010057472	0.9933552810135716	0.8741644522264959	2806.994604669926
VPTVEPLDSLTLFLFR	2	sp|P13598|ICAM2_HUMAN	0.010057472	1.0	0.9619332601428732	2837568.920634221
RYTIAALLSPYSYSTTAVVTNPK	3	sp|P02766|TTHY_HUMAN	0.010057472	0.9728591838590949	0.9441270650883228	7822812.869878118
ASVSVTAEDEGTQR	2	sp|P05362|ICAM1_HUMAN	0.010057472	1.0	0.9756419265764923	80631.59710421199
AFLEVNEEGSEAAASTAVVIAGR	3	sp|P01008|ANT3_HUMAN	0.010057472	1.0	0.9377706949318473	1683687.0595203298
LPGIVAEGRDDLYVSDAFHK	3	sp|P01008|ANT3_HUMAN	0.010057472	0.9866190731264982	0.8953718787998417	39270.50045118806
VLNQELR	2	sp|P05090|APOD_HUMAN	0.010057472	1.0	0.9755721496446171	1000237.0297847617
AYVPIAQVK	2	sp|Q14956|GPNMB_HUMAN	0.010057472	0.9866190731264982	0.938972767205516	17183.05700958575
ITLLSALVETR	3	sp|P01011|AACT_HUMAN	0.010057472	0.9933552810135716	0.763931870621759	13020.583845184528
DLDSQTMMVLVNYIFFK	3	sp|P01011|AACT_HUMAN	0.010057472	1.0	0.9433772190762575	51722.6776580875
LYIEYGIQR	2	sp|Q9NPH3|IL1AP_HUMAN	0.010057472	1.0	0.9211028571118478	133600.062337454
HTFM[+15.994915]GVVSLGSPSGEVSHPR	4	sp|P02765|FETUA_HUMAN	0.010057472	0.9933552810135716	0.9477111907834311	6668.685397436064
ALPAPIEK	2	sp|P01857|IGHG1_HUMAN;sp|P01860|IGHG3_HUMAN;sp|P0DOX5|IGG1_HUMAN	0.010057472	1.0	0.8986084069229026	140233.0486422351
VQPYLDDFQK	2	sp|P02647|APOA1_HUMAN	0.010057472	1.0	0.9095037970466373	31319.639681844168
FDPVRGEVPPR	3	sp|P02790|HEMO_HUMAN	0.010057472	0.9728591838590949	0.9883772402824239	67094.59020852752
ATVVYQGERVK	2	sp|P02749|APOH_HUMAN	0.010057472	1.0	0.8946403633934721	1347.4954074396842
TFTDKWEDYPK	2	sp|P10721|KIT_HUMAN	0.010057472	1.0	0.9761200512095055	66673.77484224192
MADEAGSEADHEGTHSTK	3	sp|P02671|FIBA_HUMAN	0.010057472	1.0	0.9576997336412205	10940.864530189303
TLLVFEVQQPFLFVLWDQQHK	3	sp|P05155|IC1_HUMAN	0.010057472	0.9728591838590949	0.9262721118454301	117563.17921046603
SGAQATWTELPWPHEK	2	sp|P02790|HEMO_HUMAN	0.010057472	1.0	0.9466737395739583	2101724.828452716
LGMFNIQHC[+57.021465]K	3	sp|P01009|A1AT_HUMAN	0.010057472	0.9933552810135716	0.9815054606088986	379842.52316646255
ADGNQLTLEER	2	sp|Q6YHK3|CD109_HUMAN	0.010057472	0.9933552810135716	0.903380219919588	7317.998925014523
FLSTLTIDGVTR	2	sp|P35968|VGFR2_HUMAN	0.010057472	1.0	0.8597872224088643	33586.1843491966
ALNSIIDVYHK	3	sp|P05109|S10A8_HUMAN	0.010057472	1.0	0.8359402874589626	9561.949415142875
AADDTWEPFASGK	2	sp|P02766|TTHY_HUMAN	0.010057472	0.9933552810135716	0.9539200418472102	477759.47568503476
SGTSASLAISGLR	2	sp|P01700|LV147_HUMAN	0.010057472	1.0	0.8577049238546745	8289.855907560377
WEMPFDPQDTHQSR	2	sp|P01011|AACT_HUMAN	0.010057472	0.9728591838590949	0.9594213322616162	8774.648908250241
DSTYSLSSTLTLSK	2	sp|P01834|IGKC_HUMAN;sp|P0DOX7|IGK_HUMAN	0.010057472	1.0	0.8989712071216053	302748.65994532424
IC[+57.021465]LDLQAPLYK	2	sp|P02776|PLF4_HUMAN	0.010057472	1.0	0.9832340554620265	757247.0929340346
HTFMGVVSLGSPSGEVSHPR	4	sp|P02765|FETUA_HUMAN	0.010057472	0.9933552810135716	0.9462434485936491	420242.1821758595
LVLLNAIYLSAK	3	sp|P05155|IC1_HUMAN	0.010057472	1.0	0.9139277011569098	2798.403390751185
LTLTPWVGLR	2	sp|O75882|ATRN_HUMAN	0.010057472	1.0	0.9620148002603295	281647.88625188835
HTLNQIDEVK	2	sp|P02765|FETUA_HUMAN	0.010057472	0.9933552810135716	0.9372103610635015	34240.50605887017
ESTLHLVLR	2	sp|P0CG47|UBB_HUMAN;sp|P0CG48|UBC_HUMAN;sp|P62979|RS27A_HUMAN;sp|P62987|RL40_HUMAN	0.010057472	1.0	0.7548930302203632	414379.8761776625
LYLVQGTQVYVFLTK	2	sp|P02790|HEMO_HUMAN	0.010057472	0.9728591838590949	0.9605918012372112	262555.85658062214
EQLTPLIKK	2	sp|P02652|APOA2_HUMAN	0.010057472	1.0	0.9782598115934108	238533.20162277974
QGHNSVFLIK	2	sp|P02790|HEMO_HUMAN	0.010057472	1.0	0.9000650563842049	89287.22148812452
VNVDEVGGEALGR	2	sp|P68871|HBB_HUMAN	0.010057472	0.9933552810135716	0.9253785655706378	70066.67258741219
SC[+57.021465]ALDQNC[+57.021465]QWEPR	2	sp|O75882|ATRN_HUMAN	0.010057472	1.0	0.9609833638193537	136484.10034468048
EQYAVVGHSAHIVTLK	2	sp|O75882|ATRN_HUMAN	0.010057472	1.0	0.7948975980298221	60618.46012938782
QVILTLQPTLVAVGK	2	sp|P13598|ICAM2_HUMAN	0.010057472	1.0	0.9490998505881166	2505458.783829729
LVYHLGLPFSFLTFPYVEEAIK	4	sp|P49908|SEPP1_HUMAN	0.010057472	1.0	0.9664261611092352	274630.1483400235
FTVNNLAEPQK	3	sp|P12259|FA5_HUMAN	0.010057472	1.0	0.7545170454585188	1269.8881331845953
NWGLSVYADKPETTK	3	sp|P02763|A1AG1_HUMAN	0.010057472	1.0	0.9293577098369838	1765668.9502336932
FRIEDGFSLK	3	sp|P01008|ANT3_HUMAN	0.010057472	1.0	0.9707774896377823	3854190.779017329
GDPLGTEGGLDASNTER	2	sp|Q12913|PTPRJ_HUMAN	0.010057472	0.9728591838590949	0.9473923349666932	40627.80080491236
GDDITMVLILPKPEK	2	sp|P01008|ANT3_HUMAN	0.010057472	1.0	0.8808982107586524	32955.53845434991
LDSSEFLK	2	sp|Q12841|FSTL1_HUMAN	0.010057472	0.9866190731264982	0.8641682220841087	658.5433658908895
VTTVASHTSDSDVPSGVTEVVVK	4	sp|P10909|CLUS_HUMAN	0.010057472	0.9866190731264982	0.8505670638459143	2362.2856550059237
GLYDVVSVLR	2	sp|O75144|ICOSL_HUMAN	0.010057472	0.9933552810135716	0.958146547254127	12682.409083302766
ETPAATEAPSSTPK	2	sp|P80723|BASP1_HUMAN	0.010057472	0.9933552810135716	0.994570779212815	3669.0221587409524
APEQEQAAPGPAAGGEAPK	3	sp|P80723|BASP1_HUMAN	0.01305483	0.9586923939928679	0.8416020634718541	910.5898725724347
LLIYWASTR	2	sp|P06312|KV401_HUMAN	0.010057472	0.9933552810135716	0.9820933031041069	1468.6367586829151
RTIAVLLDDILQR	3	sp|Q96EE4|CC126_HUMAN	0.01305483	0.9440873193926883	0.8779385260010095	2631.605747858579
FNKPFVFLMIEQNTK	3	sp|P01009|A1AT_HUMAN	0.010057472	1.0	0.9811883951890699	495856.73908014374
AGVETTTPSK	2	sp|P0DOY2|IGLC2_HUMAN;sp|P0DOY3|IGLC3_HUMAN	0.010057472	0.9866190731264982	0.9281001156246949	3482.2643113528193
IILEDENDAMADADR	2	sp|Q9BUN1|MENT_HUMAN	0.010057472	0.9728591838590949	0.9398717806172103	26257.14891997197
TDTSHHDQDHPTFNK	4	sp|P01009|A1AT_HUMAN	0.010057472	0.9797881705057813	0.9287252393795838	517003.4383674417
LYHSEAFTVNFGDTEEAKK	3	sp|P01009|A1AT_HUMAN	0.010057472	1.0	0.9566225158170333	680138.861642578
SGVQQLIQYYQDQK	2	sp|Q13790|APOF_HUMAN	0.010057472	1.0	0.9146741940317512	277814.99976913113
ADLSGITGAR	1	sp|P01011|AACT_HUMAN	0.010057472	1.0	0.7642211104467761	40317.198367437704
MFLSFPTTK	2	sp|P69905|HBA_HUMAN	0.010057472	1.0	0.8882122240223845	142377.03248027535
TLTLLSVTR	2	sp|P06731|CEAM5_HUMAN;sp|P13688|CEAM1_HUMAN;sp|P31997|CEAM8_HUMAN	0.010057472	1.0	0.8155008623042594	46314.306934795604
LQHLENELTHDIITK	4	sp|P01009|A1AT_HUMAN	0.010884354	0.9658285256870233	0.9154139879918795	56685.710023463565
GLPNVVTSAISLPNIR	2	sp|Q92954|PRG4_HUMAN	0.010057472	1.0	0.9312682663077568	873920.7781406598
HYYESEVLAMNFQDWATASR	3	sp|P08185|CBG_HUMAN	0.010057472	0.9797881705057813	0.927201826177816	56931.244813573285
DYFMPC[+57.021465]PGR	2	sp|P02790|HEMO_HUMAN	0.010057472	1.0	0.9424051649226093	32463459.51935221
FAGVFHVEK	2	sp|P16070|CD44_HUMAN	0.010057472	1.0	0.9947101710653132	144781.19619145547
QVVAGLNFR	2	sp|P01042|KNG1_HUMAN	0.010057472	1.0	0.9824761654158991	443137.26785296964
ANRPFLVFIR	3	sp|P01008|ANT3_HUMAN	0.010057472	0.9728591838590949	0.9777775605653464	454891.67804154643
GIYSFNFHVVK	3	sp|P23435|CBLN1_HUMAN	0.010057472	1.0	0.84102380720375	4055.1311198080716
VEIDTKSYWK	2	sp|P02766|TTHY_HUMAN	0.010057472	1.0	0.9664734509494879	309499.19013152627
GPALTTPK	2	sp|Q92954|PRG4_HUMAN	0.010057472	0.9728591838590949	0.9703627914248211	34046.598995926295
DASGVTFTWTPSSGK	2	sp|P01876|IGHA1_HUMAN	0.010057472	0.9797881705057813	0.9479931719197278	218975.38129300848
FLASVSTVLTSK	2	sp|P69905|HBA_HUMAN	0.010057472	1.0	0.968889350857389	138918.8802593717
GLGELQELYLK	2	sp|P07359|GP1BA_HUMAN	0.010057472	1.0	0.988226209417847	87676.02338130467
AVLHIGEK	2	sp|P05543|THBG_HUMAN	0.010057472	1.0	0.9888000371962491	617923.3747565624
VGYVSGWGR	2	sp|P00738|HPT_HUMAN	0.010057472	1.0	0.9618654080512231	1940830.1097035597
TMLLQPAGSLGSYSYR	2	sp|P41222|PTGDS_HUMAN	0.010057472	0.9728591838590949	0.9452157413657436	1784428.0461989585
LPTDSELAPR	2	sp|P49908|SEPP1_HUMAN	0.010057472	1.0	0.835274323387007	11863.247708219078
GTHC[+57.021465]NQVEVIATLK	2	sp|P02775|CXCL7_HUMAN	0.010057472	0.9797881705057813	0.8925026090624962	159272.13519082824
SDVVYTDWKKDK	2	sp|P02763|A1AG1_HUMAN	0.010057472	0.9866190731264982	0.8833506352746389	4971.7325690149055
YSPSFQGQVTISADK	2	sp|A0A0C4DH38|HV551_HUMAN	0.010057472	0.9797881705057813	0.8451018510175566	3395.136614638013
WVFKEEDPIHLR	2	sp|O75015|FCG3B_HUMAN;sp|P08637|FCG3A_HUMAN	0.010057472	0.9728591838590949	0.8396918957695396	6795.041827900897
DIAPTLTLYVGK	3	sp|P00738|HPT_HUMAN;sp|P00739|HPTR_HUMAN	0.010057472	1.0	0.8838809620424767	15415.085514165814
AVSISPTNVILTWK	2	sp|Q12913|PTPRJ_HUMAN	0.010057472	0.9866190731264982	0.9826003729963133	75343.82399590717
YVGGQEHFAHLLILR	3	sp|P02763|A1AG1_HUMAN	0.010057472	0.9728591838590949	0.8964928413311205	246490.51409982835
FSGSGSGTDFTLTISR	2	sp|A0A0C4DH25|KVD20_HUMAN;sp|P01619|KV320_HUMAN	0.010057472	1.0	0.9226228751282689	86534.31789170187
AVMDDFAAFVEK	3	sp|P02768|ALBU_HUMAN	0.010057472	0.9797881705057813	0.9375717608826716	27356.583390777974
SDVMYTDWK	2	sp|P19652|A1AG2_HUMAN	0.010057472	1.0	0.9448264930899896	471893.44892989675
EESLDSDLYAELR	2	sp|P02775|CXCL7_HUMAN	0.010057472	0.9866190731264982	0.9543777228921222	102783.84385297172
EQVTNVGGAVVTGVTAVAQK	3	sp|P37840|SYUA_HUMAN	0.010057472	1.0	0.9312273378264186	55493.40890593239
YIC[+57.021465]ENQDSISSK	2	sp|P02768|ALBU_HUMAN	0.010057472	0.9866190731264982	0.8714621701867217	10513.713674415843
SEAYNTFSER	2	sp|P12259|FA5_HUMAN	0.010057472	0.9933552810135716	0.9040590906928473	3150.056440611818
GGSTSYGTGSETESPR	2	sp|P02671|FIBA_HUMAN	0.010057472	0.9797881705057813	0.8499516330072177	4052.2097837350843
SYPGLTSYLVR	2	sp|P80188|NGAL_HUMAN	0.010057472	1.0	0.9185659873786034	34774.62377648503
VIVVSMNYR	2	sp|P06276|CHLE_HUMAN	0.010057472	1.0	0.9394899286272063	161107.2312798409
MTVTDQVNC[+57.021465]PK	2	sp|P05090|APOD_HUMAN	0.010057472	1.0	0.990958074997115	21921.488906892813
EHVAHLLFLRDTK	2	sp|P19652|A1AG2_HUMAN	0.010057472	1.0	0.9350834030543764	918781.588046378
RLGMFNIQHC[+57.021465]K	3	sp|P01009|A1AT_HUMAN	0.010057472	0.9797881705057813	0.9685524931484413	317472.99672287714
VVAGVANALAHK	3	sp|P02042|HBD_HUMAN;sp|P68871|HBB_HUMAN	0.010057472	1.0	0.9215835039076298	68491.50000339664
EFTPPVQAAYQK	2	sp|P68871|HBB_HUMAN	0.015523933	0.9212790999005022	0.91374489489262	6925.732278372788
EENFYVDETTVVK	2	sp|P08185|CBG_HUMAN	0.010057472	0.9797881705057813	0.957438597681851	904987.1535814701
SAGSVESPSVSSTHR	2	sp|P17936|IBP3_HUMAN	0.010057472	0.9866190731264982	0.9609772970578349	1245.6525052678826
IHWESASLLR	2	sp|P01024|CO3_HUMAN	0.010057472	0.9933552810135716	0.8127731848483964	10568.385587780316
EVGTPHGIILDSVDAAFIC[+57.021465]PGSSR	3	sp|P02790|HEMO_HUMAN	0.010057472	1.0	0.9294291326504708	7484030.711532224
VC[+57.021465]PFAGILENGAVR	2	sp|P02749|APOH_HUMAN	0.022613065	0.8630568252698203	0.7423935092222309	68538.75933522324
ESLLNHFLYEVAR	2	sp|P43652|AFAM_HUMAN	0.010057472	1.0	0.8354907967830871	174075.92491981073
NFPSPVDAAFR	2	sp|P02790|HEMO_HUMAN	0.010057472	1.0	0.9775260580828288	272450.8151488763
AFIQLWAFDAVK	3	sp|P02760|AMBP_HUMAN	0.010057472	0.9866190731264982	0.9133607610704666	2221.7387149150136
AVLTIDEK	2	sp|P01009|A1AT_HUMAN	0.010884354	0.9658285256870233	0.9766318296599652	1692946.148609099
GVTSVSQIFHSPDLAIR	2	sp|P05155|IC1_HUMAN	0.010057472	1.0	0.9239898618445878	49611.497138791536
AFQVQQAVDLR	3	sp|P13497|BMP1_HUMAN	0.022613065	0.8354707271418766	0.895065317169306	4056.3438739571566
TWQDC[+57.021465]EYK	2	sp|P01042|KNG1_HUMAN	0.010057472	0.9933552810135716	0.9192549093194198	1765.5108981068686
RYTIAALLSPYSYSTTAVVTNPKE	4	sp|P02766|TTHY_HUMAN	0.010057472	1.0	0.9188821946490431	10406377.732816799
TLLSNLEEAK	2	sp|P10909|CLUS_HUMAN	0.010057472	1.0	0.9703300591522518	1620560.1660820264
DQYYNIDVPSR	3	sp|Q92954|PRG4_HUMAN	0.014304291	0.9290085173289965	0.8566680101370512	17877.567726414185
GFMQTYYDDHLR	3	sp|P55056|APOC4_HUMAN	0.010057472	1.0	0.7466175279481969	21771.84242507638
KYPVAHFIDQTLK	4	sp|P05155|IC1_HUMAN	0.010057472	0.9797881705057813	0.8152453671375193	2367.3688558586673
C[+57.021465]TWLIEGQPNR	2	sp|O75882|ATRN_HUMAN	0.010057472	0.9933552810135716	0.9693412638730584	33729.48098367184
FIC[+57.021465]PLTGLWPINTLK	2	sp|P02749|APOH_HUMAN	0.010884354	0.9658285256870233	0.9367133561354993	213714.66053314123
VSALVDYER	2	sp|Q9BYE9|CDHR2_HUMAN	0.010057472	0.9866190731264982	0.9207435051865033	2535.4751368902753
VVHFIYIAILSQK	3	sp|P43652|AFAM_HUMAN	0.010057472	0.9866190731264982	0.8588706506461822	16108.095815757335
GYWSDWSEEASGITYEDRPSK	3	sp|P40189|IL6RB_HUMAN	0.010057472	1.0	0.8871516565498013	271072.77771088685
VDGALC[+57.021465]MEK	2	sp|P02790|HEMO_HUMAN	0.010057472	0.9866190731264982	0.9423686728623127	157080.01178311347
DGYLFQLLR	2	sp|P04196|HRG_HUMAN	0.010057472	0.9933552810135716	0.9382897943546172	8877.720624122996
SVLGQLGITK	2	sp|P01009|A1AT_HUMAN	0.010057472	1.0	0.9807127937350127	720185.3174819092
WKNFPSPVDAAFR	2	sp|P02790|HEMO_HUMAN	0.010057472	0.9866190731264982	0.929416578925154	238396.34531113727
TM[+15.994915]LLQPAGSLGSYSYR	3	sp|P41222|PTGDS_HUMAN	0.01305483	0.9586923939928679	0.889677188906752	27802.483085829543
VFSNGADLSGVTEEAPLK	3	sp|P01009|A1AT_HUMAN	0.010057472	1.0	0.8184051192389259	129132.67157856683
HPDEAAFFDTASTGK	3	sp|P02671|FIBA_HUMAN	0.010057472	0.9797881705057813	0.8182485896148316	4562.109437568208
FLENEDRR	2	sp|P01009|A1AT_HUMAN	0.010057472	1.0	0.9706111375829837	1631051.0362480478
EGIVEYPR	2	sp|Q02985|FHR3_HUMAN;sp|Q92496|FHR4_HUMAN	0.010057472	1.0	0.8873338755721194	55158.67959348622
FIQSQDYQC[+57.021465]SALMGGR	2	sp|P07333|CSF1R_HUMAN	0.010884354	0.9658285256870233	0.8929414066366685	2424.5374527309114
SGIIFAGHDK	2	sp|Q13449|LSAMP_HUMAN	0.010057472	0.9866190731264982	0.8917301501868267	11590.895981445894
ADLFYDVEALDLESPK	3	sp|P04196|HRG_HUMAN	0.010057472	1.0	0.9673936097556727	599299.1431440238
SIAQYWLGC[+57.021465]PAPGHL	2	sp|P04004|VTNC_HUMAN	0.010057472	1.0	0.9464156766909512	550948.3164042002
EHVAHLLFLR	3	sp|P19652|A1AG2_HUMAN	0.010057472	1.0	0.9624090847203443	182299358.38058367
TEDTIFLR	2	sp|P02763|A1AG1_HUMAN;sp|P19652|A1AG2_HUMAN	0.010057472	0.9866190731264982	0.9767788024993354	76853.82608738926
QPAVEEPAEVTATVLASR	4	sp|P32942|ICAM3_HUMAN	0.010884354	0.9658285256870233	0.931877298567195	1818.3227968501433
YEGGREHVAHLLFLR	4	sp|P19652|A1AG2_HUMAN	0.010057472	0.9797881705057813	0.874206048194274	10369.711130674727
GDSVVYGLR	1	sp|P10451|OSTP_HUMAN	0.017902814	0.9054124614333342	0.7170033306735085	639.0803937549593
SKEQLTPLIK	3	sp|P02652|APOA2_HUMAN	0.010057472	1.0	0.9312677541997112	210213.85497235652
LRTEGDGVYTLNNEK	2	sp|P00738|HPT_HUMAN	0.010057472	1.0	0.9527784093557303	444235.8318028683
LC[+57.021465]TPLLPK	2	sp|P27918|PROP_HUMAN	0.010057472	0.9866190731264982	0.9241389013815481	4215.794285229264
SEAAC[+57.021465]LAAGPGIR	2	sp|O75882|ATRN_HUMAN	0.010057472	1.0	0.9902964879069351	11498.819758268672
DFLQSLK	2	sp|P08697|A2AP_HUMAN	0.010057472	1.0	0.9778332358655992	562087.96944512
STSESTAALGC[+57.021465]LVK	2	sp|P01859|IGHG2_HUMAN;sp|P01861|IGHG4_HUMAN	0.010057472	0.9866190731264982	0.8757487750649613	62513.891905932556
KLINDYVK	2	sp|P01011|AACT_HUMAN	0.010057472	0.9866190731264982	0.9095391256564627	2412.0011675783153
TVESITDIR	2	sp|P11279|LAMP1_HUMAN	0.010057472	1.0	0.9753528736031806	618622.6980757496
YTDLVAIQNK	2	sp|P16109|LYAM3_HUMAN	0.010057472	0.9933552810135716	0.9199658758651277	6540.408789665588
AFSVNIFK	2	sp|P11279|LAMP1_HUMAN	0.010057472	0.9797881705057813	0.9481788323627033	61013.46223332686
TVAAC[+57.021465]NLPIVR	2	sp|P02760|AMBP_HUMAN	0.010057472	0.9933552810135716	0.968733318904111	166487.50367728574
ATLVC[+57.021465]LISDFYPGAVTVAWK	3	sp|B9A064|IGLL5_HUMAN;sp|P0CG04|IGLC1_HUMAN;sp|P0DOX8|IGL1_HUMAN;sp|P0DOY2|IGLC2_HUMAN;sp|P0DOY3|IGLC3_HUMAN	0.010057472	1.0	0.9423801187433419	80129.80061871509
SKLPGIVAEGRDDLYVSDAFHK	3	sp|P01008|ANT3_HUMAN	0.010057472	1.0	0.9379688074737673	3098.229418177477
FATTFYQHLADSK	2	sp|P01008|ANT3_HUMAN	0.010057472	0.9866190731264982	0.9398242418701973	90209.8207079241
LYGSEAFATDFQDSAAAK	2	sp|P01011|AACT_HUMAN	0.010057472	1.0	0.9477402846903228	2158820.2004164336
DSPVLIDFFEDTER	2	sp|P04196|HRG_HUMAN	0.010057472	0.9728591838590949	0.9464673282255517	236108.10824825102
DTATLSWGLPK	2	sp|O00533|NCHL1_HUMAN	0.010057472	0.9933552810135716	0.8369998336955912	9238.10630298483
GTQEQDFYVTSETVVR	2	sp|P05154|IPSP_HUMAN	0.010884354	0.9658285256870233	0.925630217011753	5638.189339544631
EQLGEFYEALDC[+57.021465]LR	2	sp|P02763|A1AG1_HUMAN	0.010057472	0.9728591838590949	0.9447578798533961	17883729.912412215
C[+57.021465]EDLETQTQSEK	2	sp|O00592|PODXL_HUMAN	0.010057472	0.9866190731264982	0.8931777345403142	2090.6835868619564
TSESGELHGLTTEEEFVEGIYK	4	sp|P02766|TTHY_HUMAN	0.010057472	1.0	0.907816358107472	891694.35205908
ALTDMPQMR	2	sp|P02671|FIBA_HUMAN	0.010057472	1.0	0.9402527822083344	139340.36608044853
KWQEEMELYR	3	sp|P02647|APOA1_HUMAN	0.01305483	0.9366095275687156	0.8760533888143063	4063.0650694278734
IQYQLVDISQDNALR	2	sp|Q9H299|SH3L3_HUMAN	0.01305483	0.9586923939928679	0.8523744439578529	21640.35599118056
LEDMEQALSPSVFK	3	sp|P05155|IC1_HUMAN	0.010057472	0.9797881705057813	0.9444393918047983	19352.39818570476
TYFPHFDLSHGSAQVK	2	sp|P69905|HBA_HUMAN	0.023690773	0.7626747761196712	0.8017551716133858	7395.600500859031
ELDRDTVFALVNYIFFK	3	sp|P01009|A1AT_HUMAN	0.010057472	0.9933552810135716	0.8200554610392641	96020.42973713447
EDC[+57.021465]VEIYIK	2	sp|P14151|LYAM1_HUMAN	0.010057472	1.0	0.9259040819998358	15038.691403832507
GFQQLLQELNQPR	3	sp|P05154|IPSP_HUMAN	0.01305483	0.9514467542496609	0.8192329453601215	1098.3720840807657
VLDAVRGSPAINVAVHVFR	3	sp|P02766|TTHY_HUMAN	0.010057472	0.9933552810135716	0.9462934561109797	328117.2433702822
WYNLAIGSTC[+57.021465]PWLK	3	sp|P02760|AMBP_HUMAN	0.02173913	1.0	0.9302926302203558	638834.1137192254
EPQVYTLPPSR	3	sp|P01857|IGHG1_HUMAN;sp|P01859|IGHG2_HUMAN;sp|P01860|IGHG3_HUMAN;sp|P0DOX5|IGG1_HUMAN	0.014304291	0.9290085173289965	0.8723046422182151	479.73749613174687
RLWWLDLK	2	sp|P02790|HEMO_HUMAN	0.010057472	0.9933552810135716	0.9893696039155963	13780.287499565993
ITPNLAEFAFSLYR	2	sp|P01009|A1AT_HUMAN	0.010057472	1.0	0.957623328999541	2822343.4924251097
ALDLINKR	2	sp|P04196|HRG_HUMAN	0.010057472	0.9866190731264982	0.972211001455262	490.05142945090813
NSVIKVPMMNSK	3	sp|P05155|IC1_HUMAN	0.010057472	0.9933552810135716	0.9490884607135706	128966.24245829634
EILSVDC[+57.021465]STNNPSQAK	2	sp|P10909|CLUS_HUMAN	0.010057472	1.0	0.8972620789986611	627151.0154022784
AIMEKLEMSK	3	sp|P05155|IC1_HUMAN	0.010057472	0.9933552810135716	0.9053946199652053	5056.486943968936
DIPMNPMC[+57.021465]IYR	3	sp|P01008|ANT3_HUMAN	0.01305483	0.9366095275687156	0.81882759055017	5815.911674116262
YFHHNSDFHIPK	2	sp|O75015|FCG3B_HUMAN	0.027295286	0.672124945171228	0.8264898979360328	1383.8136892382195
YFHHNSDFYIPK	2	sp|P08637|FCG3A_HUMAN	0.010057472	0.9797881705057813	0.922516839018939	23160.954942304055
VETNMAFSPFSIASLLTQVLLGAGENTK	4	sp|P05155|IC1_HUMAN	0.010057472	1.0	0.8450941117305749	32725.519711273613
EQLTPLIK	1	sp|P02652|APOA2_HUMAN	0.010057472	0.9797881705057813	0.9839809070468161	326386.9020883504
DDLYVSDAFHK	2	sp|P01008|ANT3_HUMAN	0.010057472	1.0	0.9775352022002981	317955.71490401914
NPNLPPETVDSLK	2	sp|P05090|APOD_HUMAN	0.010057472	0.9933552810135716	0.9791108168817805	3983.9287296690154
SGYFLSISDSK	2	sp|Q86SQ4|AGRG6_HUMAN	0.010057472	0.9933552810135716	0.8388148024159754	23291.254458720163
LTQLNLDR	2	sp|P07359|GP1BA_HUMAN	0.010057472	1.0	0.901989670530718	191853.76791209934
AESPEVC[+57.021465]FNEESPK	2	sp|P43652|AFAM_HUMAN	0.010057472	1.0	0.9026539884948859	74862.4992551457
DYFM[+15.994915]PC[+57.021465]PGR	2	sp|P02790|HEMO_HUMAN	0.010057472	1.0	0.9418476559127048	184729.9879108009
DVSSSVYSTWK	2	sp|P10721|KIT_HUMAN	0.010057472	1.0	0.9385727622086213	14321.089979408483
ALGISPFHEHAEVVFTANDSGPR	4	sp|P02766|TTHY_HUMAN	0.010057472	1.0	0.9229246674931405	10305537.312085046
IISLDEER	2	sp|P23467|PTPRB_HUMAN	0.010057472	1.0	0.9228372010928351	64133.75747443423
YKEENDDFASFR	2	sp|P04196|HRG_HUMAN	0.010057472	1.0	0.9220099337154845	120877.59526767532
WLQDNAENVYVWK	2	sp|P07359|GP1BA_HUMAN	0.010057472	1.0	0.9022418432347344	922638.9923980437
KLYHSEAFTVNFGDTEEAKK	3	sp|P01009|A1AT_HUMAN	0.010057472	1.0	0.7406663674801317	29671.23413740348
DSVGQLQLYR	2	sp|Q99941|ATF6B_HUMAN	0.010057472	0.9933552810135716	0.9441822429411909	10515.696150247813
ITC[+57.021465]AEEGWSPTPK	2	sp|P36980|FHR2_HUMAN	0.010057472	1.0	0.8616825229655387	26526.577745292914
C[+57.021465]SPHLVLSALTSDNHGATYAFSGTHYWR	4	sp|P02790|HEMO_HUMAN	0.010057472	0.9797881705057813	0.9056677117546191	191761.48236782005
LVVEWQLQDDK	2	sp|P61916|NPC2_HUMAN	0.010057472	0.9933552810135716	0.924680182534278	12131.703776441696
VAEGTQVLELPFK	2	sp|P01008|ANT3_HUMAN	0.010057472	1.0	0.9498750712577374	507523.6964923305
SGAQATWTELPWPHEK	3	sp|P02790|HEMO_HUMAN	0.010057472	1.0	0.9350778106430878	2669482.0253760675
GTWTQPFDLASTR	2	sp|P08185|CBG_HUMAN	0.010057472	1.0	0.941866908815836	31491045.44763184
LGMFNIQHC[+57.021465]K	2	sp|P01009|A1AT_HUMAN	0.010057472	0.9933552810135716	0.9616070169968063	173396.67016534606
GNLMGGWK	2	sp|P23435|CBLN1_HUMAN;sp|Q8IUK8|CBLN2_HUMAN	0.010057472	0.9728591838590949	0.9353615885209245	43803.75578781525
QNQC[+57.021465]FYNSSYLNVQR	2	sp|P19652|A1AG2_HUMAN	0.010884354	0.9658285256870233	0.9595561621035174	14250.73372772127
TITTTEIMNKPEETAKPK	4	sp|Q92954|PRG4_HUMAN	0.010057472	1.0	0.8004113600223846	6712.112383299559
ASVDSGSSEEQGGSSR	2	sp|P01833|PIGR_HUMAN	0.010057472	0.9797881705057813	0.7358458064808892	853.7351916076602
VLDAVRGSPAINVAVHVFR	4	sp|P02766|TTHY_HUMAN	0.010057472	0.9933552810135716	0.880129371973519	333133.0010629398
TLM[+15.994915]FGSYLDDEK	2	sp|P19652|A1AG2_HUMAN	0.010057472	1.0	0.9821531987440709	305500.8744303376
TLLSNLEEAKK	2	sp|P10909|CLUS_HUMAN	0.010057472	1.0	0.8003052550843347	233.2465728993331
EEDPIHLR	2	sp|O75015|FCG3B_HUMAN;sp|P08637|FCG3A_HUMAN	0.010057472	1.0	0.9611817589839885	198752.84902261873
MEPFHFK	2	sp|P05155|IC1_HUMAN	0.010057472	0.9797881705057813	0.9753335322888554	123628.91230310638
SPELQAEAK	1	sp|P02652|APOA2_HUMAN	0.010884354	0.9658285256870233	0.9587377627702819	22950.80698263895
ALFLETEQLK	2	sp|Q13740|CD166_HUMAN	0.010057472	0.9933552810135716	0.87922782994218	16362.918295936797
YTIAALLSPYSYSTTAVVTNPKE	4	sp|P02766|TTHY_HUMAN	0.010057472	1.0	0.8816154288405975	87875.04624557849
GGSIQQYIYK	2	sp|Q92954|PRG4_HUMAN	0.010057472	1.0	0.9375194897366489	39828.116222211145
HTFMGVVSLGSPSGEVSHPR	3	sp|P02765|FETUA_HUMAN	0.010057472	0.9933552810135716	0.9499684383610796	329800.80975976697
SGFPQVSMFFTHTFPK	3	sp|P04196|HRG_HUMAN	0.010057472	1.0	0.9567517893997516	86200.99679173279
MNTVIAALSR	2	sp|P08185|CBG_HUMAN	0.010057472	1.0	0.9023003192068274	54067.78462257931
HTLNQIDEVK	3	sp|P02765|FETUA_HUMAN	0.010057472	0.9933552810135716	0.9580340768331286	15327.633492229657
EALQGVGDMGR	2	sp|P35542|SAA4_HUMAN	0.010057472	0.9933552810135716	0.9416495527717537	5714.839837050204
LVLLNAIYLSAK	2	sp|P05155|IC1_HUMAN	0.010057472	1.0	0.9456127865504581	412266.1044555542
SDGDPVQPAVLQVHQTS	2	sp|O95810|CAVN2_HUMAN	0.010057472	1.0	0.9161386126159385	318308.19678149204
TFVLPVTPPR	2	sp|P32942|ICAM3_HUMAN	0.010057472	0.9933552810135716	0.9138863834540614	9453.66711972089
TFYEPGEEITYSC[+57.021465]KPGYVSR	4	sp|P02749|APOH_HUMAN	0.010057472	1.0	0.8802437906738327	49789.15513855233
QVILTLQPTLVAVGK	3	sp|P13598|ICAM2_HUMAN	0.010057472	1.0	0.887846497635349	466645.52064765274
TVPLAVLQLR	2	sp|P23467|PTPRB_HUMAN	0.010057472	1.0	0.7571367406973476	19088.13378388697
NWGLSVYADKPETTK	2	sp|P02763|A1AG1_HUMAN	0.010057472	1.0	0.9785761398072924	4434507.352127104
TVGSDTFYSFK	2	sp|P01042|KNG1_HUMAN	0.010057472	1.0	0.9855047702883724	11717.073678067383
GSSSSPLGISVR	2	sp|Q9NTU7|CBLN4_HUMAN	0.010057472	1.0	0.9648196006796348	144476.17926657846
LTGSSGFVTDGPGNYK	2	sp|O75882|ATRN_HUMAN	0.010057472	0.9797881705057813	0.960030493490742	29440.105561164728
IDLYDVR	2	sp|P54289|CA2D1_HUMAN;sp|Q9NY47|CA2D2_HUMAN	0.010057472	0.9797881705057813	0.7848391359583563	493.3939796529611
VWPQQPSGELFEIEIDTLETTC[+57.021465]HVLDPTPVAR	4	sp|P02765|FETUA_HUMAN	0.010057472	1.0	0.9547686592488023	4604746.797523903
GSPAINVAVHVFRK	3	sp|P02766|TTHY_HUMAN	0.010057472	0.9866190731264982	0.9855770259290144	171651.3556152231
GLDTSLGAVQSDTGR	2	sp|Q13477|MADCA_HUMAN	0.010057472	1.0	0.9441890161289023	30842.611911002004
APEQEQAAPGPAAGGEAPK	2	sp|P80723|BASP1_HUMAN	0.010884354	0.9658285256870233	0.8557496701903835	12015.519447848686
ITDVIPSEAINELTVLVLVNTIYFK	4	sp|P01008|ANT3_HUMAN	0.010884354	0.9658285256870233	0.9256565549212691	20102.14747895873
SGAQATWTELPWPHEK	4	sp|P02790|HEMO_HUMAN	0.010057472	1.0	0.7920544258751692	179941.6773244071
LYHSEAFTVNFGDTEEAKK	4	sp|P01009|A1AT_HUMAN	0.010057472	1.0	0.9332737110091732	925653.5010189426
YFIDFVAR	2	sp|P01042|KNG1_HUMAN	0.010057472	1.0	0.9660593799579333	420784.42475927103
LEDM[+15.994915]EQALSPSVFK	2	sp|P05155|IC1_HUMAN	0.010057472	0.9797881705057813	0.9387582388522177	6806.605328132301
TITTTEIMNKPEETAKPK	3	sp|Q92954|PRG4_HUMAN	0.010057472	1.0	0.9141336474795608	38740.83015497288
DYFMPC[+57.021465]PGR	3	sp|P02790|HEMO_HUMAN	0.010057472	1.0	0.9568189376011841	45244.07030365736
SYYWIGIR	2	sp|P14151|LYAM1_HUMAN	0.010057472	1.0	0.9690984153358857	1122031.4275173452
GSPAINVAVHVFR	3	sp|P02766|TTHY_HUMAN	0.010057472	0.9933552810135716	0.9463745942368331	6267949.450693597
ANRPFLVFIR	2	sp|P01008|ANT3_HUMAN	0.010057472	0.9728591838590949	0.8273662388915094	8431.93335928319
SSGQWQTPGATR	2	sp|P06681|CO2_HUMAN	0.010057472	1.0	0.9325344299071103	8463.119320267902
GIYSFNFHVVK	2	sp|P23435|CBLN1_HUMAN	0.010057472	1.0	0.8687766611767744	8854.534217448925
EVPLNTIIFMGR	2	sp|P01008|ANT3_HUMAN	0.010057472	0.9933552810135716	0.9631859884653983	307391.2643807303
TC[+57.021465]PKPDDLPFSTVVPLK	4	sp|P02749|APOH_HUMAN	0.010057472	1.0	0.8718882316668117	1086389.6183725777
AEELSIQVSC[+57.021465]R	2	sp|Q9Y5Y7|LYVE1_HUMAN	0.010057472	1.0	0.9982731608334756	91991.65569069816
WSAGLTSSQVDLYIPK	2	sp|P08185|CBG_HUMAN	0.010057472	1.0	0.9470988629968456	6585669.718445528
IDPSHTQGYR	3	sp|P40189|IL6RB_HUMAN	0.010057472	0.9728591838590949	0.8355143474717168	367.2975618914222
EGEEFTVTC[+57.021465]TIK	3	sp|P10721|KIT_HUMAN	0.022613065	0.8258516653955662	0.8664392541398069	2580.237946324444
SC[+57.021465]AVAEYGVYVK	2	sp|P00738|HPT_HUMAN;sp|P00739|HPTR_HUMAN	0.010057472	0.9933552810135716	0.9453512101975265	787632.2426218393
YVSELHLTR	2	sp|P10721|KIT_HUMAN	0.010057472	1.0	0.961928931900607	86138.20605025704
SDVVYTDWKKDK	3	sp|P02763|A1AG1_HUMAN	0.010057472	0.9866190731264982	0.9336567743541029	3782.334499543133
GFSGIFEDR	2	sp|P09619|PGFRB_HUMAN	0.022613065	0.8630568252698203	0.7199632990374312	1916.1038639536941
VVSTNYNQHAMVFFK	2	sp|P80188|NGAL_HUMAN	0.010057472	1.0	0.879345724164257	564688.3739952868
TPEGLYQVTSVLR	2	sp|Q9BQ51|PD1L2_HUMAN	0.010057472	1.0	0.9365256236271454	85815.0235583335
DIAPTLTLYVGK	2	sp|P00738|HPT_HUMAN;sp|P00739|HPTR_HUMAN	0.010057472	1.0	0.9693982356689318	2358594.2566781673
WYVVGLAGNAILR	2	sp|P80188|NGAL_HUMAN	0.010057472	1.0	0.9274142724774922	216262.01620034047
GSFPWQAK	2	sp|P00738|HPT_HUMAN;sp|P00739|HPTR_HUMAN	0.010057472	0.9797881705057813	0.9699238713376862	633997.0833502454
ETLLQDFR	2	sp|P02760|AMBP_HUMAN	0.010057472	0.9866190731264982	0.9766999297439867	154156.5913470068
GEVLPLPEANFPSFPLPHHK	3	sp|P04196|HRG_HUMAN	0.010057472	1.0	0.9259081305148148	167343.75907850722
AVMDDFAAFVEK	2	sp|P02768|ALBU_HUMAN	0.010057472	0.9797881705057813	0.9902840191575502	612247.5667451711
VFEVHVRPK	2	sp|P13598|ICAM2_HUMAN	0.010057472	1.0	0.9785228483403811	127070.64612543394
ALMSPAGMLR	2	sp|O75144|ICOSL_HUMAN	0.010057472	0.9866190731264982	0.9347860042460605	102059.5882424349
YVGGQEHFAHLLILRDTK	3	sp|P02763|A1AG1_HUMAN	0.010057472	0.9933552810135716	0.9383907042698392	273942.9627507496
EESLDSDLYAELR	3	sp|P02775|CXCL7_HUMAN	0.01305483	0.9440873193926883	0.8667885773704853	14165.29383068964
FSGSNSGNTATLTISR	2	sp|A0A075B6K5|LV39_HUMAN;sp|P80748|LV321_HUMAN	0.010057472	0.9728591838590949	0.9512407003157832	51695.45047091521
SDVMYTDWKK	3	sp|P19652|A1AG2_HUMAN	0.010057472	1.0	0.8119451284600194	4788.775019708244
YEGSYALTSEEAER	2	sp|O95810|CAVN2_HUMAN	0.010057472	0.9797881705057813	0.9438782434386306	5255.645340118809
QQTHMLDVMQDHFSR	4	sp|P10909|CLUS_HUMAN	0.010057472	0.9797881705057813	0.8614991641072128	100478.16106562314
NIDVFNVEDQK	2	sp|Q8NBJ4|GOLM1_HUMAN	0.010057472	1.0	0.7583280651049863	20384.504591408266
WQEEMELYR	2	sp|P02647|APOA1_HUMAN	0.010057472	1.0	0.9533768551235782	9601.380116208255
IASFSQNC[+57.021465]DIYPGK	2	sp|P01042|KNG1_HUMAN	0.010057472	0.9797881705057813	0.9701339431844623	386636.3167868091
VVAGVANALAHK	2	sp|P02042|HBD_HUMAN;sp|P68871|HBB_HUMAN	0.010057472	1.0	0.9646511247425996	141277.76829391584
QEPSQGTTTFAVTSILR	2	sp|P01876|IGHA1_HUMAN	0.03213844	1.0	0.9437468850945964	766546.9756218701
EENFYVDETTVVK	3	sp|P08185|CBG_HUMAN	0.010057472	0.9797881705057813	0.958824082126799	31018.02579858884
M[+15.994915]TVTDQVNC[+57.021465]PK	2	sp|P05090|APOD_HUMAN	0.010057472	1.0	0.8885130966892985	6073.169999316436
ITQVTWQK	2	sp|Q15223|NECT1_HUMAN	0.010057472	1.0	0.8042851426597395	17831.98717693583
IHWESASLLR	3	sp|P01024|CO3_HUMAN	0.014304291	0.9290085173289965	0.7171870996833466	5215.976123964509
NFPSPVDAAFR	3	sp|P02790|HEMO_HUMAN	0.016774194	0.9212790999005022	0.8879000716365604	17407.65300248623
AFIQLWAFDAVK	2	sp|P02760|AMBP_HUMAN	0.010057472	0.9866190731264982	0.9745802103143886	67497.07476149745
AFQVQQAVDLR	2	sp|P13497|BMP1_HUMAN	0.010057472	1.0	0.8922354649340358	5826.255535427479
GYQINWWK	2	sp|O00533|NCHL1_HUMAN	0.010057472	1.0	0.8905220438621944	23794.935718151788
DQYYNIDVPSR	2	sp|Q92954|PRG4_HUMAN	0.010057472	0.9933552810135716	0.933082466070276	436372.73205353075
KYPVAHFIDQTLK	3	sp|P05155|IC1_HUMAN	0.022613065	0.8159995903747699	0.7810515004127023	904.7241581497415
WTFEILDETNENK	2	sp|P10721|KIT_HUMAN	0.010057472	1.0	0.9733017407379672	462968.8730622865
ALTFELTLR	2	sp|P07333|CSF1R_HUMAN	0.010057472	1.0	0.8578435496731799	118512.0277356843
FIC[+57.021465]PLTGLWPINTLK	3	sp|P02749|APOH_HUMAN	0.010884354	0.9658285256870233	0.9422175589766538	1016528.5442725851
SKLPGIVAEGR	2	sp|P01008|ANT3_HUMAN	0.010057472	0.9866190731264982	0.9635293973405944	62069.14238583439
FDPSLTQR	2	sp|P08697|A2AP_HUMAN	0.010057472	1.0	0.9403642428717044	39673.32300974812
AVGEEVWHSK	2	sp|P13591|NCAM1_HUMAN	0.010057472	1.0	0.9696112524997852	71594.91723716019
VKSPELQAEAK	2	sp|P02652|APOA2_HUMAN	0.010057472	0.9933552810135716	0.962882609453032	8490.319341311304
EYC[+57.021465]GVPGDGDEELLR	2	sp|P02760|AMBP_HUMAN	0.010057472	1.0	0.9207271752757659	3093086.7088694875
VFSNGADLSGVTEEAPLK	2	sp|P01009|A1AT_HUMAN	0.010057472	1.0	0.8403786707080135	5406419.160628737
EQLTPLIK	2	sp|P02652|APOA2_HUMAN	0.010057472	0.9797881705057813	0.9348082275808774	30247.949322282166
THLAPYSDELR	3	sp|P02647|APOA1_HUMAN	0.010057472	1.0	0.750855154158067	93031.88097689112
ADLFYDVEALDLESPK	2	sp|P04196|HRG_HUMAN	0.010057472	1.0	0.9469073162269603	392095.30260499683
SVDIWLR	2	sp|P15151|PVR_HUMAN	0.010057472	0.9797881705057813	0.8941947359489485	15411.918314946124
ASFETC[+57.021465]SYGWVGDGFVVISR	3	sp|Q9Y5Y7|LYVE1_HUMAN	0.010057472	1.0	0.9409450802117565	428755.06709175464
NIQSLEVIGK	2	sp|P02775|CXCL7_HUMAN	0.010057472	1.0	0.8481927560927011	15953.756348131177
LRTEGDGVYTLNNEK	3	sp|P00738|HPT_HUMAN	0.022613065	0.8718655118414741	0.7556798490399159	3997.144190481823
QQTHMLDVMQDHFSR	3	sp|P10909|CLUS_HUMAN	0.010057472	0.9797881705057813	0.7262617832441267	18525.44409345666
TYMLAFDVNDEK	2	sp|P02763|A1AG1_HUMAN	0.010057472	0.9866190731264982	0.9498856374598942	220302.9450962175
LC[+57.021465]TPLLPK	1	sp|P27918|PROP_HUMAN	0.01305483	0.9440873193926883	0.7133488868309852	1209.875360705188
SVQEIQATFFYFTPNK	3	sp|P02763|A1AG1_HUMAN;sp|P19652|A1AG2_HUMAN	0.010057472	1.0	0.8416619121711061	36236.000049337454
SLTEEAENWGDGEPNNK	2	sp|P14151|LYAM1_HUMAN	0.010057472	1.0	0.9226311937912547	360396.8142704387
AATGEC[+57.021465]TATVGK	2	sp|P01042|KNG1_HUMAN	0.029739777	0.9933552810135716	0.853735983349501	710.2472154254966
EQLGEFYEALDC[+57.021465]LC[+57.021465]IPR	3	sp|P19652|A1AG2_HUMAN	0.010057472	0.9866190731264982	0.9169242015046035	1200934.1656956708
SKLPGIVAEGRDDLYVSDAFHK	4	sp|P01008|ANT3_HUMAN	0.010057472	1.0	0.9268022147081251	2728.6717785547726
VMTPAVYAPYDVK	2	sp|O00533|NCHL1_HUMAN	0.010057472	1.0	0.8178630244104338	100554.8570040169
LQPLDFKENAEQSR	2	sp|P01008|ANT3_HUMAN	0.010884354	0.9728591838590949	0.8886923435892782	13988.28738465776
NHNALLASLTTQK	3	sp|O75882|ATRN_HUMAN	0.010057472	0.9866190731264982	0.8603340339117278	41200.45553854489
DMPASEDLQDLQK	2	sp|P49908|SEPP1_HUMAN	0.010057472	1.0	0.9613035496750487	5867366.841872472
DLMEKVK	2	sp|P02652|APOA2_HUMAN	0.010884354	0.9728591838590949	0.9678482209595983	48522.93219054609
STSGGTAALGC[+57.021465]LVK	2	sp|P01857|IGHG1_HUMAN;sp|P01860|IGHG3_HUMAN;sp|P0DOX5|IGG1_HUMAN	0.016774194	0.9212790999005022	0.9765314667437548	102110.06301859501
GWSEEELQGVLR	2	sp|Q9H4A9|DPEP2_HUMAN	0.010057472	0.9933552810135716	0.9197554154715103	6925.447513534569
TSESGELHGLTTEEEFVEGIYK	3	sp|P02766|TTHY_HUMAN	0.010057472	1.0	0.9419738663484993	16744686.26722228
KPDGYDYYAFSK	3	sp|Q92954|PRG4_HUMAN	0.010057472	1.0	0.8131726699581385	110635.23332175333
KWQEEMELYR	2	sp|P02647|APOA1_HUMAN	0.010057472	0.9933552810135716	0.9861523754140252	3570.90727913673
LEDMEQALSPSVFK	2	sp|P05155|IC1_HUMAN	0.010057472	0.9797881705057813	0.9548245727235163	462611.512173001
TTPPVLDSDGSFFLYSK	3	sp|P01857|IGHG1_HUMAN;sp|P0DOX5|IGG1_HUMAN	0.010057472	1.0	0.9377502416822613	7718.892974430095
GFQQLLQELNQPR	2	sp|P05154|IPSP_HUMAN	0.010057472	0.9797881705057813	0.8557014290825543	20381.625976648254
WYNLAIGSTC[+57.021465]PWLK	2	sp|P02760|AMBP_HUMAN	0.010057472	1.0	0.8965466243375357	6906889.206853494
ITPNLAEFAFSLYR	3	sp|P01009|A1AT_HUMAN	0.010057472	1.0	0.9415195923900941	547824.3996980818
AVLDVFEEGTEASAATAVK	3	sp|P01011|AACT_HUMAN	0.010057472	1.0	0.9300884254999003	63821.49664333099
EILSVDC[+57.021465]STNNPSQAK	3	sp|P10909|CLUS_HUMAN	0.02850062	0.6411227749434683	0.8269206123297866	966.4069953337957
VWVYPPEK	2	sp|P02790|HEMO_HUMAN	0.010057472	0.9866190731264982	0.9763931473271124	770791.729384771
NWGLSFYADKPETTK	3	sp|P19652|A1AG2_HUMAN	0.010884354	0.9728591838590949	0.9326179836201574	83741.86244685295
VLHPLEGAVVIIFK	3	sp|Q13740|CD166_HUMAN	0.010057472	0.9866190731264982	0.8386050252850832	18077.953564500887
ILGGHLDAK	2	sp|P00738|HPT_HUMAN;sp|P00739|HPTR_HUMAN	0.010057472	0.9797881705057813	0.9784449268573655	202691.41960868047
DLGGFDEDAEPR	2	sp|Q9BRK5|CAB45_HUMAN	0.010057472	1.0	0.9637618262254849	13168.37923239042
NPNLPPETVDSLK	3	sp|P05090|APOD_HUMAN	0.010057472	0.9933552810135716	0.8640945514196792	58.760595654838355
DDLYVSDAFHK	3	sp|P01008|ANT3_HUMAN	0.010057472	1.0	0.9387958083336814	32680.506338187093
TLNQPDSQLQLTTGNGLFLSEGLK	3	sp|P01009|A1AT_HUMAN	0.03213844	0.4677351412871981	0.8175657179432352	267687.71643754776
ELELQIGNALFIGK	3	sp|P05543|THBG_HUMAN	0.010057472	0.9797881705057813	0.8188136384732071	11857.758653294755
TFPGFFSPMLGEFVSETESR	3	sp|P02671|FIBA_HUMAN	0.010057472	0.9866190731264982	0.927779784573794	29481.072768645965
ILLDEQAQWK	2	sp|P13598|ICAM2_HUMAN	0.010057472	0.9933552810135716	0.9925093719432199	435427.4086828029
LVYHLGLPFSFLTFPYVEEAIK	3	sp|P49908|SEPP1_HUMAN	0.010057472	1.0	0.9523014007060614	6818846.074313395
GAQTQTEEEMTR	2	sp|Q12841|FSTL1_HUMAN	0.010057472	1.0	0.8394853569637952	2396.8288025893708
HIQETEWQSQEGK	2	sp|Q14515|SPRL1_HUMAN	0.010057472	0.9797881705057813	0.9263192939416707	8940.963185720375
LLGLSLAGK	2	sp|Q9Y5Y7|LYVE1_HUMAN	0.010057472	1.0	0.9814097680862645	2895348.0078891637
KNIFISPVSISMALAMLSLGTC[+57.021465]GHTR	3	sp|P08185|CBG_HUMAN	0.010057472	0.9933552810135716	0.9815782817668514	3042.4666635122144
KLYHSEAFTVNFGDTEEAKK	4	sp|P01009|A1AT_HUMAN	0.010057472	1.0	0.8598363625665592	44918.429907854355
MEEVEAMLLPETLKR	3	sp|P01011|AACT_HUMAN	0.010057472	0.9933552810135716	0.843780909848481	49988.475267385875
DLATVYVDVLK	2	sp|P02647|APOA1_HUMAN	0.010057472	1.0	0.9753549735809929	897180.2677881429
TLMFGSYLDDEKNWGLSFYADKPETTK	4	sp|P19652|A1AG2_HUMAN	0.010057472	1.0	0.9417581283742812	767732.9412552749
SVNNVVVR	2	sp|O75882|ATRN_HUMAN	0.010057472	0.9797881705057813	0.9686353674228927	1805.3223789500241
VMPIC[+57.021465]LPSK	2	sp|P00738|HPT_HUMAN;sp|P00739|HPTR_HUMAN	0.010057472	0.9866190731264982	0.9865869573087321	68682.90294904237
AVLHIGEK	1	sp|P05543|THBG_HUMAN	0.010057472	1.0	0.9286536142490246	12215.263549005835
SLTEEAENWGDGEPNNKK	3	sp|P14151|LYAM1_HUMAN	0.010057472	0.9933552810135716	0.9662302540716077	63959.40253159185
DFTFDLYR	2	sp|P05154|IPSP_HUMAN	0.010057472	1.0	0.9398240354238606	147105.38281932738
VAEGTQVLELPFK	3	sp|P01008|ANT3_HUMAN	0.010057472	1.0	0.8618201376328879	8510.72339666021
ITQDAQLK	1	sp|P08185|CBG_HUMAN	0.01305483	0.9440873193926883	0.9490283066583752	5811.986385318178
GTWTQPFDLASTR	3	sp|P08185|CBG_HUMAN	0.010057472	1.0	0.9564941286187771	401884.4119027793
LSFQEFLK	2	sp|Q12841|FSTL1_HUMAN	0.010057472	1.0	0.950581650865426	172292.51504573578
QNQC[+57.021465]FYNSSYLNVQR	3	sp|P19652|A1AG2_HUMAN	0.01305483	0.9586923939928679	0.7928437114254042	3453.902250640202
TVVQPSVGAAAGPVVPPC[+57.021465]PGR	4	sp|P02765|FETUA_HUMAN	0.010057472	0.9933552810135716	0.7403556982782205	4439.388107582163
VTGNPGDEEFIEPSTENEFGLTSLR	3	sp|Q9ULI3|HEG1_HUMAN	0.010884354	0.9658285256870233	0.9331150018129654	94232.34995516964
DEELSC[+57.021465]TVVELK	2	sp|P01011|AACT_HUMAN	0.010057472	0.9866190731264982	0.9838211690709072	379401.0821621567
SLDFTELDVAAEK	2	sp|P01019|ANGT_HUMAN	0.010057472	1.0	0.7565866936024856	79236.75456505355
DTINLLDQR	2	sp|Q8NBJ4|GOLM1_HUMAN	0.010057472	1.0	0.9649746826865688	72574.864240848
AEIEYLEK	2	sp|P14151|LYAM1_HUMAN	0.010057472	0.9866190731264982	0.9858605535754116	156767.16949739386
SETEIHQGFQHLHQLFAK	3	sp|P08185|CBG_HUMAN	0.010057472	1.0	0.9722854175281762	313415.1513282067
TLGDSSAGEIALSTR	2	sp|P09619|PGFRB_HUMAN	0.017902814	0.9134157281067091	0.8581844963082741	6857.649195994296
SPELQAEAK	2	sp|P02652|APOA2_HUMAN	0.010884354	0.9658285256870233	0.8966548917068979	6231.617370113654
EGQMESVEAAMSSK	2	sp|P05543|THBG_HUMAN	0.010057472	0.9866190731264982	0.8942933069003586	101184.8623338675
YTIAALLSPYSYSTTAVVTNPKE	3	sp|P02766|TTHY_HUMAN	0.010057472	1.0	0.919075124987695	2399007.5013526417
YILEWC[+57.021465]VLSDK	2	sp|P40189|IL6RB_HUMAN	0.010057472	1.0	0.7331587438796692	23358.31554078499
ALQATVGNSYK	2	sp|P11279|LAMP1_HUMAN	0.010057472	1.0	0.9750269721564238	17426.23172930149
DLDMFINASK	2	sp|O75882|ATRN_HUMAN	0.010057472	1.0	0.753893172057138	56580.70806449389
EQYAVVGHSAHIVTLK	4	sp|O75882|ATRN_HUMAN	0.010057472	1.0	0.913816164631567	616632.1125179676
EWFWDLATGTM[+15.994915]K	2	sp|P02790|HEMO_HUMAN	0.010057472	1.0	0.9101879322564566	772140.0502811022
ESLSSYWESAK	2	sp|P02655|APOC2_HUMAN	0.010057472	1.0	0.9515980141851478	187880.2417313871
DIPTNSPELEETLTHTITK	3	sp|P01042|KNG1_HUMAN	0.010057472	1.0	0.9342704066490338	7670656.629749443
ATFNPAQDK	2	sp|O00592|PODXL_HUMAN	0.010057472	0.9866190731264982	0.9379353716317742	4913.090121210081
LGQSLDC[+57.021465]NAEVYVVPWEK	3	sp|P01042|KNG1_HUMAN	0.010057472	0.9933552810135716	0.9445985239556838	14024.180407096119
YVGGQEHFAHLLILR	4	sp|P02763|A1AG1_HUMAN	0.010884354	0.9728591838590949	0.9451128640939128	8541510.228830483
FLQSFAR	2	sp|Q13201|MMRN1_HUMAN	0.010057472	1.0	0.7762479706856756	62851.09674953523
SDGDPVQPAVLQVHQTS	3	sp|O95810|CAVN2_HUMAN	0.022613065	0.8718655118414741	0.7463948409220948	7110.176241976695
GEAEYQEIR	2	sp|Q15223|NECT1_HUMAN	0.017902814	0.9134157281067091	0.8639715355931006	1529.0237669512726
GSSSSPLGISVR	3	sp|Q9NTU7|CBLN4_HUMAN	0.0249066	0.7266555365444503	0.9162693723275704	962.6239458625968
YLLLHPDFLR	3	sp|Q9NSC7|SIA7A_HUMAN	0.010057472	0.9797881705057813	0.7212828241057994	661.908752963983
TEDSSSFLIDK	2	sp|P05543|THBG_HUMAN	0.010057472	1.0	0.9312040752386946	163.61652763583564
DGWHSWPIAHQWPQGPSAVDAAFSWEEK	4	sp|P02790|HEMO_HUMAN	0.010057472	0.9797881705057813	0.9208479642960647	842101.5403767362
TYM[+15.994915]LAFDVNDEK	2	sp|P02763|A1AG1_HUMAN	0.010057472	1.0	0.9479129399585061	677161.4423164794
GTEAAGAMFLEAIPMSIPPEVK	3	sp|P01009|A1AT_HUMAN	0.010057472	0.9866190731264982	0.9189744441884465	21562.01974473702
TLLVFEVQQPFLFVLWDQQHK	4	sp|P05155|IC1_HUMAN	0.010884354	0.9728591838590949	0.9279242274853641	25590.27221251575
SPSQDEMLPTYLK	2	sp|Q8IZF2|AGRF5_HUMAN	0.010057472	0.9866190731264982	0.8531806966959965	20206.96109650627
SGAEAQTPEDSPNR	2	sp|O43493|TGON2_HUMAN	0.010057472	1.0	0.9415742693390361	32373.258165512078
GTSAVNVVLSLK	2	sp|P20061|TCO1_HUMAN	0.010057472	0.9933552810135716	0.8826288319693628	16469.694263332603
GVC[+57.021465]EETSGAYEK	2	sp|P02760|AMBP_HUMAN	0.010057472	1.0	0.9379265722591376	27251.758894745428
REPAVGEPAEVTTTVLVR	2	sp|P05362|ICAM1_HUMAN	0.010057472	1.0	0.9378540542330028	4770.3867821930235
SDVVYTDWKK	2	sp|P02763|A1AG1_HUMAN	0.010057472	1.0	0.9682383104801188	20697.44092164628
NIFISPVSISMALAMLSLGTC[+57.021465]GHTR	3	sp|P08185|CBG_HUMAN	0.010057472	0.9933552810135716	0.9468502526478952	1503916.0169616775
AQVSPTASDMLHMR	3	sp|Q6UXB8|PI16_HUMAN	0.010057472	1.0	0.969610876036289	835913.526920599
DAVEDLESVGK	2	sp|P81605|DCD_HUMAN	0.010057472	0.9933552810135716	0.9266523564051939	5505.368708562942
GSPAINVAVHVFR	2	sp|P02766|TTHY_HUMAN	0.010057472	0.9933552810135716	0.9634401778593394	485676.85325059545
FLEDVKK	1	sp|P01009|A1AT_HUMAN	0.010057472	1.0	0.9215983970859503	19548.70586493867
LSSVTAADTAVYYC[+57.021465]AR	2	sp|A0A075B6R2|HV404_HUMAN;sp|A0A087WSY4|HV432_HUMAN;sp|A0A0C4DH41|HV461_HUMAN;sp|P01824|HV439_HUMAN;sp|P01825|HV459_HUMAN;sp|P06331|HV434_HUMAN;sp|P0DP06|HVD34_HUMAN;sp|P0DP07|HV431_HUMAN;sp|P0DP08|HVD82_HUMAN	0.010057472	1.0	0.8306941058623234	116500.52352252461
KGIYSFSFHVIK	2	sp|Q9NTU7|CBLN4_HUMAN	0.010057472	0.9866190731264982	0.7929228370043919	5528.724297528301
EVPLNTIIFMGR	3	sp|P01008|ANT3_HUMAN	0.010057472	0.9933552810135716	0.9044404559009601	5504.295724185546
SETEIHQGFQHLHQLFAK	4	sp|P08185|CBG_HUMAN	0.010057472	1.0	0.9631406269114087	854041.1616120958
NILTSNNIDVK	2	sp|P05090|APOD_HUMAN	0.010057472	1.0	0.9136817051728393	138977.63414678967
LFDSDPITVTVPVEVSR	3	sp|P10909|CLUS_HUMAN	0.010057472	1.0	0.9127328984725331	18306.119732394218
RHSLEYSLR	3	sp|Q13449|LSAMP_HUMAN	0.010057472	1.0	0.927083913290813	72863.72423161035
MATLYSR	1	sp|P41222|PTGDS_HUMAN	0.010884354	0.9728591838590949	0.9171580440400801	4390.68568017781
YDVDTQMWTILK	2	sp|O75882|ATRN_HUMAN	0.010057472	1.0	0.955495141746519	801988.3236000347
RGENLFAITDEGMDVPLAMEEWHHER	4	sp|Q6UXB8|PI16_HUMAN	0.010057472	0.9866190731264982	0.9001108224415827	4864.8632862050135
ELDESLQVAER	2	sp|P10909|CLUS_HUMAN	0.010057472	1.0	0.9589993295640568	73434.28201006023
ENEGFTVTAEGK	2	sp|P01024|CO3_HUMAN	0.010057472	1.0	0.9456426160194755	2763.263521120395
YPVAHFIDQTLK	2	sp|P05155|IC1_HUMAN	0.010057472	1.0	0.9700694348456207	374060.3032961973
TGDTIEFMC[+57.021465]K	2	sp|Q02985|FHR3_HUMAN;sp|Q92496|FHR4_HUMAN	0.010057472	0.9933552810135716	0.8394440408800328	25232.113734643517
FEDGVLDPDYPR	2	sp|P04004|VTNC_HUMAN	0.010057472	0.9933552810135716	0.7795286317680434	3479.9689193670865
GSFPWQAK	1	sp|P00738|HPT_HUMAN;sp|P00739|HPTR_HUMAN	0.010057472	0.9797881705057813	0.9266061382689406	5691.630330872494
FQPTLLTLPR	2	sp|P05155|IC1_HUMAN	0.010057472	0.9933552810135716	0.9859738045642722	761531.3631996347
YVMLPVADQDQC[+57.021465]IR	2	sp|P00738|HPT_HUMAN	0.010057472	1.0	0.9393901123010853	10272000.186134975
SSSPELSEMLEYDR	2	sp|P12259|FA5_HUMAN	0.010057472	1.0	0.9099079945434307	141968.14383807927
SDVMYTDWKK	2	sp|P19652|A1AG2_HUMAN	0.010057472	1.0	0.9528196326417739	75244.79709496257
FNQPFIIMIFDHFTWSSLFLAR	4	sp|P08185|CBG_HUMAN	0.0121951215	0.9658285256870233	0.9481405983595831	63223.370894319465
QPAVEEPAEVTATVLASR	3	sp|P32942|ICAM3_HUMAN	0.023690773	0.7955364837549187	0.8188707176773597	3380.6232390360424
NLQEILHGAVR	2	sp|P00533|EGFR_HUMAN	0.010057472	1.0	0.856895570644371	3617.5361608794387
LGNFPWQAFTSIHGR	3	sp|Q9NZP8|C1RL_HUMAN	0.010057472	1.0	0.940571637469752	34778.57268268468
GSESGIFTNTK	2	sp|P02671|FIBA_HUMAN	0.010057472	1.0	0.94996828278807	239297.85185093977
RVWELSK	2	sp|P01008|ANT3_HUMAN	0.010057472	0.9797881705057813	0.9704154474044071	33529.86563798795
EITVATGGFIYTGEVVHR	3	sp|Q6UX71|PXDC2_HUMAN	0.010057472	1.0	0.8859556565416575	5596.761610049597
AVVFLEPQWYR	2	sp|P08637|FCG3A_HUMAN	0.010057472	0.9933552810135716	0.9669550173285637	325112.6284287185
TPVC[+57.021465]TTGQGSGSTATVFAMAELQK	3	sp|Q9H8L6|MMRN2_HUMAN	0.010057472	0.9797881705057813	0.9375826319113449	14469.408697837362
HTFM[+15.994915]GVVSLGSPSGEVSHPR	3	sp|P02765|FETUA_HUMAN	0.010057472	0.9933552810135716	0.9698568584568286	11280.197812705284
QEPSQGTTTFAVTSILR	3	sp|P01876|IGHA1_HUMAN	0.010057472	1.0	0.9466899378266034	505362.65129896783
DASGATFTWTPSSGK	2	sp|P01877|IGHA2_HUMAN;sp|P0DOX2|IGA2_HUMAN	0.010057472	1.0	0.9367200291869217	359415.96603958565
GKEESLDSDLYAELR	3	sp|P02775|CXCL7_HUMAN	0.010057472	1.0	0.8385521738840571	29529.35838479596
LLQDEFPGIPSPLDAAVEC[+57.021465]HR	3	sp|P02790|HEMO_HUMAN	0.010057472	1.0	0.8860964268350389	1111465.7349332345
NIFISPVSISMALAMLSLGTC[+57.021465]GHTR	4	sp|P08185|CBG_HUMAN	0.010057472	0.9933552810135716	0.9487071500560939	108156.68768009508
GVTSVSQIFHSPDLAIR	4	sp|P05155|IC1_HUMAN	0.010057472	1.0	0.928346133512649	24069.35716456702
YGFIEGHVVIPR	2	sp|P16070|CD44_HUMAN	0.010057472	0.9933552810135716	0.9498674603330292	542933.9866099949
VTVLGQPK	2	sp|B9A064|IGLL5_HUMAN;sp|P0DOX8|IGL1_HUMAN	0.010884354	0.9728591838590949	0.7428064989545883	2858.433486542524
DLGEENFK	1	sp|P02768|ALBU_HUMAN	0.010057472	0.9866190731264982	0.9138121891311467	35.617031280127385
KYPVAHFIDQTLK	2	sp|P05155|IC1_HUMAN	0.010057472	0.9797881705057813	0.9492141644196822	467866.13877056714
GLEEELQFSLGSK	2	sp|P0C0L4|CO4A_HUMAN;sp|P0C0L5|CO4B_HUMAN	0.010057472	1.0	0.9609682271626143	207144.93985986954
ELDRDTVFALVNYIFFK	4	sp|P01009|A1AT_HUMAN	0.022613065	0.8258516653955662	0.7962401816683152	14427.166093039627
DDFLIYDR	2	sp|P49908|SEPP1_HUMAN	0.010057472	1.0	0.9693154107288801	201922.86841793833
AGTELVNFLSYFVELGTQPATQ	3	sp|P02652|APOA2_HUMAN	0.010057472	1.0	0.9432350405363825	696046.5923787722
TVAAPSVFIFPPSDEQLK	3	sp|P01834|IGKC_HUMAN	0.010057472	1.0	0.864837328976958	36831.066708002196
TFLTVYWTPER	2	sp|P05362|ICAM1_HUMAN	0.010057472	0.9866190731264982	0.8890273697548687	24944.229931524333
LHMLQISYFR	3	sp|Q9UNN8|EPCR_HUMAN	0.010057472	1.0	0.9675890774544794	54619.04840324643
KGPGPGGPGGAGVAR	3	sp|Q92686|NEUG_HUMAN	0.010884354	0.9728591838590949	0.8497940001634204	2486.482266046457
AVGEEVWHSK	3	sp|P13591|NCAM1_HUMAN	0.010057472	1.0	0.7849642482371127	22896.988167737265
EFLEDTC[+57.021465]VQYVQK	2	sp|Q9UNN8|EPCR_HUMAN	0.010057472	1.0	0.9314864644674888	375670.74969808594
VKSPELQAEAK	3	sp|P02652|APOA2_HUMAN	0.010057472	0.9933552810135716	0.9000343602305337	7671.79599649754
EQLSLLDR	2	sp|P01011|AACT_HUMAN	0.017902814	0.9054124614333342	0.9094851807322722	3142.5422119631885
GDEC[+57.021465]QLC[+57.021465]EVENR	2	sp|O75882|ATRN_HUMAN	0.010057472	0.9866190731264982	0.9594811175931811	3875.9118568659032
THLAPYSDELR	2	sp|P02647|APOA1_HUMAN	0.010057472	1.0	0.8283310255837643	569344.3631042411
SLTVSLGPVSK	2	sp|Q9ULI3|HEG1_HUMAN	0.010057472	1.0	0.9873630166049215	23630.37146565178
FNQPFIIM[+15.994915]IFDHFTWSSLFLAR	4	sp|P08185|CBG_HUMAN	0.0121951215	0.9658285256870233	0.8817280778490052	8207.457387492792
KGEVLPLPEANFPSFPLPHHK	3	sp|P04196|HRG_HUMAN	0.010057472	0.9933552810135716	0.8657417802094616	24999.07303464131
SPLFMGK	1	sp|P01009|A1AT_HUMAN	0.023690773	0.7848914682405913	0.7434294172891659	371.3389810117597
IADAHLDR	2	sp|P04196|HRG_HUMAN	0.010057472	0.9797881705057813	0.9841712614459531	8362.73971966846
GPSVFPLAPSSK	2	sp|P01857|IGHG1_HUMAN;sp|P0DOX5|IGG1_HUMAN	0.010057472	0.9933552810135716	0.946301680065396	227367.20956319614
AYLEEEC[+57.021465]PATLR	2	sp|P25311|ZA2G_HUMAN	0.019181585	1.0	0.928997288876175	288023.1117951412
LTQLNLDR	1	sp|P07359|GP1BA_HUMAN	0.026086956	0.686593192055836	0.7239585503883257	2070.7053598895086
WMQLWQEQGEAK	2	sp|Q16288|NTRK3_HUMAN	0.010057472	0.9866190731264982	0.7142076737258332	2708.6219454294583
QQTHMLDVMQDHFSR	2	sp|P10909|CLUS_HUMAN	0.010057472	0.9797881705057813	0.7716404222101253	15466.32842001896
NHNALLASLTTQK	2	sp|O75882|ATRN_HUMAN	0.010057472	0.9866190731264982	0.9510746926642791	69198.21601147336
VQLTGEPVPMAR	2	sp|P15151|PVR_HUMAN	0.010057472	1.0	0.9748548108366996	82561.11125294797
DYWSTVK	1	sp|P02656|APOC3_HUMAN	0.0121951215	0.9658285256870233	0.9772080008508566	87074.81562338787
HGGLFHENMR	3	sp|Q02985|FHR3_HUMAN	0.010057472	1.0	0.9472644884718506	97609.40756500438
VLSYVDWIK	2	sp|Q9NZP8|C1RL_HUMAN	0.010057472	0.9933552810135716	0.9006258175450095	6549.114526877418
TTPPVLDSDGSFFLYSK	2	sp|P01857|IGHG1_HUMAN;sp|P0DOX5|IGG1_HUMAN	0.010057472	1.0	0.9540473436128609	15024.108413212429
LLQDEFPGIPSPLDAAVEC[+57.021465]HR	4	sp|P02790|HEMO_HUMAN	0.017902814	0.9054124614333342	0.9603797797225324	312804.0820846577
FNKPFVFLMIEQNTK	4	sp|P01009|A1AT_HUMAN	0.010057472	1.0	0.780505571061718	7920.396786002869
RYTIAALLSPYSYSTTAVVTNPKE	3	sp|P02766|TTHY_HUMAN	0.010057472	1.0	0.9470684141392182	16337809.819856519
KPDGYDYYAFSK	2	sp|Q92954|PRG4_HUMAN	0.014304291	1.0	0.9026514104138811	124136.42276380371
RNPFVFAPTLLTVAVHFEEVAK	4	sp|P43652|AFAM_HUMAN	0.015523933	0.9290085173289965	0.8707634888686663	16141.087765129076
IGPDNLPYVQILK	2	sp|P11362|FGFR1_HUMAN	0.010057472	0.9866190731264982	0.940370141004952	48132.77287037344
ALDLINK	1	sp|P04196|HRG_HUMAN	0.010884354	0.9728591838590949	0.7606936028453766	530.7468509471843
ITGKWFYIASAFR	2	sp|P02763|A1AG1_HUMAN;sp|P19652|A1AG2_HUMAN	0.010057472	0.9797881705057813	0.946385120017198	114647.13211590683
GLASANVDFAFSLYK	2	sp|P08185|CBG_HUMAN	0.010057472	0.9797881705057813	0.9471126322696637	176470.1687283527
AVLDVFEEGTEASAATAVK	2	sp|P01011|AACT_HUMAN	0.010057472	1.0	0.9959853030968665	63770.88879436368
NQVSLTC[+57.021465]LVK	2	sp|P01857|IGHG1_HUMAN;sp|P01859|IGHG2_HUMAN;sp|P01860|IGHG3_HUMAN;sp|P01861|IGHG4_HUMAN;sp|P0DOX5|IGG1_HUMAN	0.010057472	0.9933552810135716	0.9501829643595342	16808.692769693334
MEPFHFK	1	sp|P05155|IC1_HUMAN	0.01305483	0.9440873193926883	0.8101562835385171	21866.484905629888
NWGLSFYADKPETTK	2	sp|P19652|A1AG2_HUMAN	0.010884354	0.9728591838590949	0.9511814557966166	152672.5785081432
LESEETMVLEAHDAQGDVPVTVTVHDFPGK	4	sp|P01024|CO3_HUMAN	0.010884354	0.9728591838590949	0.8512178046680677	108398.04180778423
SPELQAEAKSYFEK	2	sp|P02652|APOA2_HUMAN	0.010884354	0.9728591838590949	0.9483224902457892	214452.69491475058
AFLEVNEEGSEAAASTAVVIAGR	4	sp|P01008|ANT3_HUMAN	0.010057472	1.0	0.7746432814281227	37698.727016045385
SILFLGK	2	sp|P05543|THBG_HUMAN	0.010884354	0.9728591838590949	0.9342091103142302	43238.26710437831
GEC[+57.021465]QAEGVLFFQGDR	2	sp|P02790|HEMO_HUMAN	0.010884354	0.9728591838590949	0.9677439245295144	255806.0619288185
IMGITLVSK	2	sp|Q9Y5Y7|LYVE1_HUMAN	0.010057472	1.0	0.9041588324516294	240884.60326317028
VLNQELR	1	sp|P05090|APOD_HUMAN	0.022613065	0.8718655118414741	0.876699724259167	2247.8383144240765
ELELQIGNALFIGK	2	sp|P05543|THBG_HUMAN	0.010057472	0.9797881705057813	0.9385175859872704	451830.3386802101
SLSGTAFGGFLMFK	2	sp|Q9H8L6|MMRN2_HUMAN	0.010057472	1.0	0.936815042301069	120369.40286611873
SASLHLPK	1	sp|P01009|A1AT_HUMAN	0.010057472	1.0	0.9126283658106469	46826.168713171675
AIPVTQYLK	2	sp|P43652|AFAM_HUMAN	0.010057472	1.0	0.9519235711474787	120215.44849910584
GPSVFPLAPC[+57.021465]SR	2	sp|P01859|IGHG2_HUMAN;sp|P01860|IGHG3_HUMAN;sp|P01861|IGHG4_HUMAN	0.010057472	1.0	0.9318685539504269	23743.242572571293
MEEVEAMLLPETLK	3	sp|P01011|AACT_HUMAN	0.010057472	1.0	0.8888352454649332	200433.31203281536
NTWSILHTQGALVQGGYGHSSVYDHR	4	sp|O75882|ATRN_HUMAN	0.010884354	0.9728591838590949	0.9212581756045727	36224.09891602958
YYC[+57.021465]FQGNQFLR	2	sp|P02790|HEMO_HUMAN	0.010057472	1.0	0.9520046580654118	1103634.1208271144
DTVFALVNYIFFK	2	sp|P01009|A1AT_HUMAN	0.010057472	1.0	0.9597181588733406	553624.5123764214
HSAQPWADFTLLGAR	2	sp|Q8IYS5|OSCAR_HUMAN	0.010057472	1.0	0.8315741829302659	70289.52855635846
IVDLFSGLDSPAILVLVNYIFFK	4	sp|P08185|CBG_HUMAN	0.010057472	1.0	0.8370183708511086	25741.823423668196
TDASDVKPC[+57.021465]	2	sp|P02749|APOH_HUMAN	0.010057472	0.9866190731264982	0.9321336387954332	848.9172115864436
LPGIVAEGRDDLYVSDAFHK	4	sp|P01008|ANT3_HUMAN	0.01305483	0.9366095275687156	0.8759663401064746	8923.17426192645
VTTSQDMLSIMEK	2	sp|P05155|IC1_HUMAN	0.010057472	0.9866190731264982	0.9735947198649934	86291.4573486882
DALSSVQESQVAQQAR	2	sp|P02656|APOC3_HUMAN	0.010884354	0.9728591838590949	0.9456230034027827	32573.988825837238
FLNVLSPR	2	sp|P17936|IBP3_HUMAN	0.010057472	0.9866190731264982	0.9751512149923075	13985.63581533303
QFTSSTSYNR	2	sp|P02671|FIBA_HUMAN	0.010057472	0.9933552810135716	0.9228988563232867	24312.37178864301
ITQDAQLK	2	sp|P08185|CBG_HUMAN	0.010057472	0.9797881705057813	0.8413967209721066	3052.9684137703516
TDTSHHDQDHPTFNK	2	sp|P01009|A1AT_HUMAN	0.010057472	0.9797881705057813	0.9271912068371964	10868.055889326337
ATEHLSTLSEK	2	sp|P02647|APOA1_HUMAN	0.010057472	0.9933552810135716	0.9733832469563348	29699.35814831059
LSPLGEEMR	2	sp|P02647|APOA1_HUMAN	0.010057472	1.0	0.974684744641337	933173.0296456681
KLVAASQAALGL	2	sp|P02768|ALBU_HUMAN	0.010057472	1.0	0.9838008144783243	834892.756086542
EVGTPHGIILDSVDAAFIC[+57.021465]PGSSR	4	sp|P02790|HEMO_HUMAN	0.010057472	1.0	0.9193738937754212	3494851.482269358
TVVQPSVGAAAGPVVPPC[+57.021465]PGR	3	sp|P02765|FETUA_HUMAN	0.010057472	0.9933552810135716	0.966848818906276	412922.16802338214
DGTFPLPIGESVTVTR	2	sp|P05362|ICAM1_HUMAN	0.010884354	0.9728591838590949	0.950471348774308	93349.58804909258
TGLEAISNHK	2	sp|Q14515|SPRL1_HUMAN	0.010057472	1.0	0.9336811671331002	57946.62700343701
YPPTVSMVEGQGEK	3	sp|P27918|PROP_HUMAN	0.010057472	1.0	0.7849543883553404	12324.7230336941
KVPQVSTPTLVEVSR	3	sp|P02768|ALBU_HUMAN	0.010057472	1.0	0.844511876669548	64942.538221677416
EAATNGVLLYLDK	2	sp|Q9NTU7|CBLN4_HUMAN	0.010057472	0.9933552810135716	0.8978606382804739	3275.944231795263
ASSIIDELFQDR	2	sp|P10909|CLUS_HUMAN	0.010057472	0.9933552810135716	0.9654909024433344	183625.4664073759
QEINSHVEMQTK	2	sp|P05543|THBG_HUMAN	0.010057472	0.9866190731264982	0.9476305484893683	21750.873624744163
TC[+57.021465]PKPDDLPFSTVVPLK	3	sp|P02749|APOH_HUMAN	0.010057472	1.0	0.9070481479926956	2104661.8708254416
SYSC[+57.021465]QVTHEGSTVEK	2	sp|B9A064|IGLL5_HUMAN;sp|P0CF74|IGLC6_HUMAN;sp|P0CG04|IGLC1_HUMAN;sp|P0DOX8|IGL1_HUMAN;sp|P0DOY2|IGLC2_HUMAN;sp|P0DOY3|IGLC3_HUMAN	0.010057472	1.0	0.9273507309830351	218631.42655660474
YPNC[+57.021465]AYR	2	sp|P07998|RNAS1_HUMAN	0.010057472	0.9797881705057813	0.9187045956699523	9068.561125052884
DTKTYMLAFDVNDEK	2	sp|P02763|A1AG1_HUMAN	0.010057472	1.0	0.9299688770119848	4836297.7969331555
IKVTTSQDMLSIMEK	2	sp|P05155|IC1_HUMAN	0.010057472	1.0	0.9802836983751039	1829138.4965205193
KGDTFSC[+57.021465]MVGHEALPLAFTQK	4	sp|P01876|IGHA1_HUMAN	0.010057472	1.0	0.9770063069931745	143098.3617043493
LVVQSSIDSSAFK	2	sp|P10721|KIT_HUMAN	0.010057472	1.0	0.9847877107218219	35536.72769927228
FMPLSDVLYGR	2	sp|Q10588|BST1_HUMAN	0.010057472	1.0	0.922121924217389	13785.309016070027
WVFKEEDPIHLR	4	sp|O75015|FCG3B_HUMAN;sp|P08637|FCG3A_HUMAN	0.010884354	0.9728591838590949	0.957139709420118	21215.334572052136
INHGILYDEEK	2	sp|P36980|FHR2_HUMAN;sp|Q03591|FHR1_HUMAN	0.010057472	1.0	0.8374982627094936	6752.205180678398
FTDSENVC[+57.021465]QER	2	sp|P43652|AFAM_HUMAN	0.010057472	0.9933552810135716	0.880629290597743	2984.6033305226474
WFYIASAFR	2	sp|P02763|A1AG1_HUMAN;sp|P19652|A1AG2_HUMAN	0.010057472	0.9933552810135716	0.9762893124727163	546703.6593399118
FSISATYDLGATLLK	2	sp|P05543|THBG_HUMAN	0.010057472	1.0	0.9638037049817593	628314.9460124945
GFGGLTGQIVAALSTAK	2	sp|Q92954|PRG4_HUMAN	0.010057472	1.0	0.9431463199715231	3591347.3568350147
NWGLSVYADKPETTK	4	sp|P02763|A1AG1_HUMAN	0.010057472	1.0	0.8923380925833876	1475548.8805434704
VTTVASHTSDSDVPSGVTEVVVK	3	sp|P10909|CLUS_HUMAN	0.010057472	0.9866190731264982	0.921970323725505	47523.123084805506
LSSWVLLMK	2	sp|P01009|A1AT_HUMAN	0.010057472	1.0	0.9287762136256661	375587.5912634166
EQQC[+57.021465]VIMAENR	2	sp|P00747|PLMN_HUMAN;sp|Q02325|PLGB_HUMAN	0.010057472	1.0	0.8592700606398654	9401.61157400754
NKEDC[+57.021465]VEIYIK	2	sp|P14151|LYAM1_HUMAN	0.010057472	0.9866190731264982	0.9710997902443818	116518.85116935484
YLLLHPDFLR	2	sp|Q9NSC7|SIA7A_HUMAN	0.01305483	0.9514467542496609	0.7360793136918263	6406.68823105202
SASNMAIVDVK	2	sp|P01023|A2MG_HUMAN	0.026086956	0.9366095275687156	0.8832111874587656	4135.759412511719
AEDTAVYYC[+57.021465]AK	2	sp|P01764|HV323_HUMAN;sp|P01768|HV330_HUMAN;sp|P0DP03|HVC05_HUMAN	0.010057472	1.0	0.9618300277636238	4180.339117921084
QLVEIEK	2	sp|P00738|HPT_HUMAN;sp|P00739|HPTR_HUMAN	0.010884354	0.9728591838590949	0.9879023955296248	369198.38457940164
HYYESEVLAMNFQDWATASR	4	sp|P08185|CBG_HUMAN	0.01305483	0.9514467542496609	0.7610980970362602	15511.893204527187
NALALFVLPK	2	sp|P05543|THBG_HUMAN	0.010057472	1.0	0.9761095929591295	905229.1938598751
ELISERWK	2	sp|P02790|HEMO_HUMAN	0.010057472	1.0	0.9775278338206426	152626.75687762946
ADLSGITGAR	2	sp|P01011|AACT_HUMAN	0.010057472	1.0	0.9431965598777978	84873.11693799357
DTKTYM[+15.994915]LAFDVNDEK	2	sp|P02763|A1AG1_HUMAN	0.01305483	0.9658285256870233	0.930126404083587	36517.247083985334
KATVVYQGER	3	sp|P02749|APOH_HUMAN	0.010057472	1.0	0.8432764683075914	2579.924913086183
REPAVGEPAEVTTTVLVR	3	sp|P05362|ICAM1_HUMAN	0.015523933	0.9290085173289965	0.8915717657460724	37340.11048635379
LTPTLYVGK	2	sp|O75460|ERN1_HUMAN	0.010057472	0.9866190731264982	0.8412035355749442	8658.902526840617
SDVVYTDWKK	3	sp|P02763|A1AG1_HUMAN	0.010057472	1.0	0.9424538773630301	733.80811842754
EMEDTLNHLK	2	sp|P17936|IBP3_HUMAN	0.010057472	1.0	0.8249495171191771	56045.21193225358
AQVSPTASDMLHMR	2	sp|Q6UXB8|PI16_HUMAN	0.010057472	1.0	0.8246658213418433	155840.4904034876
DAVEDLESVGK	3	sp|P81605|DCD_HUMAN	0.022613065	0.8258516653955662	0.8313411847762937	2756.6799408925067
EWFWDLATGTMK	2	sp|P02790|HEMO_HUMAN	0.010057472	0.9866190731264982	0.9676020092553523	921705.4287110025
VFIGINDLEK	2	sp|Q9BWP8|COL11_HUMAN	0.010057472	1.0	0.9784848919271947	50442.315554560955
VWFELTQGSITK	2	sp|Q9H8L6|MMRN2_HUMAN	0.010057472	0.9933552810135716	0.9285911510174979	19357.745934732124
KGIYSFSFHVIK	3	sp|Q9NTU7|CBLN4_HUMAN	0.010057472	0.9866190731264982	0.9615826692419577	12088.171238562925
KREEAPSLRPAPPPISGGGYR	4	sp|P02675|FIBB_HUMAN	0.010057472	1.0	0.823963964260743	72899.60623698265
KMTVTDQVNC[+57.021465]PK	2	sp|P05090|APOD_HUMAN	0.010057472	0.9866190731264982	0.9194480388278047	24947.857348330002
EWFSETFQK	2	sp|P02654|APOC1_HUMAN	0.010057472	0.9933552810135716	0.9589071560749215	333329.2126002826
LMVELHNLYR	2	sp|Q6UXB8|PI16_HUMAN	0.010057472	1.0	0.9748380255498554	16522.13373992702
FKLDDDLEHQGGHVLDHGHK	3	sp|P01042|KNG1_HUMAN	0.010057472	0.9866190731264982	0.9176983175370802	3137.71905451912
LFDSDPITVTVPVEVSR	2	sp|P10909|CLUS_HUMAN	0.016774194	0.9290085173289965	0.890057616228308	50772.31671974309
DLWVNIDQMEK	2	sp|Q6UX71|PXDC2_HUMAN	0.010057472	0.9933552810135716	0.9652796973021351	41425.84713056349
YDVDTQMWTILK	3	sp|O75882|ATRN_HUMAN	0.017902814	0.9134157281067091	0.8145548694958576	2051.4519049450273
TGLFQDVGPQR	2	sp|Q86SQ4|AGRG6_HUMAN	0.010057472	1.0	0.8624129523084912	16907.725456170443
EHSSLAFWK	2	sp|P02749|APOH_HUMAN	0.010057472	1.0	0.9442992311767592	162480.22925181052
SFMLLILER	2	sp|P05543|THBG_HUMAN	0.010057472	0.9933552810135716	0.9228215579333646	1759.19147847268
LLDSLPSDTR	2	sp|P05155|IC1_HUMAN	0.010057472	1.0	0.9573183426776232	206308.79870917127
TNLESILSYPK	2	sp|P05155|IC1_HUMAN	0.010057472	1.0	0.8754697795435357	108595.84480094428
NLMIDIQK	2	sp|Q9BY67|CADM1_HUMAN	0.030978935	1.0	0.9807945474456715	203647.19734406762
FQPTLLTLPR	3	sp|P05155|IC1_HUMAN	0.010057472	0.9933552810135716	0.8854588637330926	11605.433283506447
ALYVHGGYK	2	sp|O75882|ATRN_HUMAN	0.010057472	1.0	0.9719796288392021	581255.3808742887
AVLQLNEEGVDTAGSTGVTLNLTSKPIILR	4	sp|P08185|CBG_HUMAN	0.010057472	0.9797881705057813	0.9154678219686931	65736.36948615055
YVMLPVADQDQC[+57.021465]IR	3	sp|P00738|HPT_HUMAN	0.010057472	1.0	0.8311695036440266	195050.99700937944
DSGSYFC[+57.021465]R	2	sp|O75015|FCG3B_HUMAN;sp|P08637|FCG3A_HUMAN	0.010057472	0.9866190731264982	0.9564988117709019	6140.680315325135
FNQPFIIMIFDHFTWSSLFLAR	3	sp|P08185|CBG_HUMAN	0.01305483	0.9658285256870233	0.9055024629187711	436375.26566052134
QPAVEEPAEVTATVLASR	2	sp|P32942|ICAM3_HUMAN	0.01305483	0.9658285256870233	0.8879065076008583	8966.414281731773
YEGGREHVAHLLFLR	2	sp|P19652|A1AG2_HUMAN	0.023690773	0.7626747761196712	0.7751527101017578	4598.016330502622
ENFLFLTPDC[+57.021465]K	2	sp|P01042|KNG1_HUMAN	0.010057472	1.0	0.9758013169060716	695371.4428780703
GDTFYVVSFR	2	sp|P18850|ATF6A_HUMAN	0.010057472	0.9933552810135716	0.8968803395560548	10053.82211655932
DWHGVPGQVDAAMAGR	2	sp|P04004|VTNC_HUMAN	0.010057472	1.0	0.8962148922540258	283768.3673005289
AVVFLEPQWYR	3	sp|P08637|FCG3A_HUMAN	0.010057472	0.9933552810135716	0.90318118213729	9531.107521479324
MSSINADFAFNLYR	3	sp|P05543|THBG_HUMAN	0.010057472	1.0	0.810661330763015	48174.9881334895
SGTASVVC[+57.021465]LLNNFYPR	3	sp|P01834|IGKC_HUMAN;sp|P0DOX7|IGK_HUMAN	0.01305483	0.9366095275687156	0.910972388680098	1743.0943581617228
VGYVSGWGQSDNFK	2	sp|P00739|HPTR_HUMAN	0.010057472	0.9797881705057813	0.8530776803805262	19883.904275194676
ALGISPFHEHAEVVFTANDSGPR	3	sp|P02766|TTHY_HUMAN	0.010057472	1.0	0.9371619681972023	2527887.563137739
ITDVIPSEAINELTVLVLVNTIYFK	3	sp|P01008|ANT3_HUMAN	0.01305483	0.9658285256870233	0.9112161407083547	25288.537562223086
GILTVDELLAIR	2	sp|P13473|LAMP2_HUMAN	0.010057472	1.0	0.9041420080752756	7247.249451396675
GKEESLDSDLYAELR	2	sp|P02775|CXCL7_HUMAN	0.010057472	1.0	0.9677506652114665	6633204.47783327
SYQDFFEAIR	2	sp|P18850|ATF6A_HUMAN	0.010057472	1.0	0.8175571904730657	4902.196615612938
LSITGTYDLK	2	sp|P01009|A1AT_HUMAN	0.010057472	1.0	0.9784069506076608	781130.2515480508
AIGPSQTHTIR	2	sp|Q92954|PRG4_HUMAN	0.010057472	0.9933552810135716	0.9671006316720844	22671.217937065885
IIYFDQILVNVGNFFTLESVFVAPR	4	sp|Q9NTU7|CBLN4_HUMAN	0.010057472	1.0	0.9033662171993938	121150.85696775967
DFTC[+57.021465]VHQALK	2	sp|P05155|IC1_HUMAN	0.010057472	1.0	0.9767804536101494	359927.35767406883
DFVQPPTK	2	sp|P01042|KNG1_HUMAN	0.010057472	0.9797881705057813	0.9866797095789207	13194.199616734028
YGFIEGHVVIPR	3	sp|P16070|CD44_HUMAN	0.010057472	0.9933552810135716	0.9529342840218042	2139972.787925138
HITSLEVIK	2	sp|P02776|PLF4_HUMAN;sp|P10720|PF4V_HUMAN	0.010057472	1.0	0.9955304156072027	443669.2213109209
DLGEENFK	2	sp|P02768|ALBU_HUMAN	0.010057472	0.9866190731264982	0.9717625422013018	416.282571689129
TAAQNLYEK	2	sp|P02655|APOC2_HUMAN	0.010057472	1.0	0.9294362942755935	34706.15721656563
EPFLSC[+57.021465]C[+57.021465]QFAESLR	2	sp|P0C0L4|CO4A_HUMAN;sp|P0C0L5|CO4B_HUMAN	0.010884354	0.9728591838590949	0.9176567700629116	23730.18411645127
TSDQIHFFFAK	2	sp|P01008|ANT3_HUMAN	0.010057472	0.9933552810135716	0.9549021848681635	178011.95612841976
