peptide	charge	proteins	q_value	score	spectral_angle	20250325_OA3_Evo02_ViAl_SA_FAIMS40_IO43_A556_MOMI_GBGD_P108_F12_R01.mzML
MTVSTLVLGEGATEAEISMTSTR	3	sp|P02760|AMBP_HUMAN	0.014869888	1.0	0.927717382966671	751636.0092058419
LQQDVLQFQK	2	sp|Q8NBJ4|GOLM1_HUMAN	0.014869888	0.9933552810135716	0.966258456823521	129141.25843971384
VPTVEPLDSLTLFLFR	3	sp|P13598|ICAM2_HUMAN	0.014869888	0.9658285256870233	0.977895725296619	127705.47486044223
ILGGHLDAK	1	sp|P00738|HPT_HUMAN;sp|P00739|HPTR_HUMAN	0.014869888	0.9797881705057813	0.8906665677099548	7789.176377599255
SSNTYTLTDVR	2	sp|Q13740|CD166_HUMAN	0.014869888	1.0	0.8793333883529207	15527.123572753306
LGFTDLFSK	2	sp|P29622|KAIN_HUMAN	0.014869888	1.0	0.868103732319751	19776.817459426897
MQILEGLGLNLQK	2	sp|P05154|IPSP_HUMAN	0.014869888	1.0	0.9383513752749549	112166.80433974508
DTKTLMFGSYLDDEK	2	sp|P19652|A1AG2_HUMAN	0.014869888	1.0	0.9587178779271154	895762.6540419313
TSLTVVLLR	2	sp|P32942|ICAM3_HUMAN	0.014869888	1.0	0.9022770664319506	75132.59819320714
ITLLSALVETR	2	sp|P01011|AACT_HUMAN	0.014869888	0.9933552810135716	0.9937925508660896	1182119.4615815135
DEGTAFLVYGAPGFSK	2	sp|P06276|CHLE_HUMAN	0.014869888	1.0	0.9362002528575382	1057305.9588850485
FDPVRGEVPPR	2	sp|P02790|HEMO_HUMAN	0.014869888	0.9728591838590949	0.9475765409924001	130050.20816346278
VQLTGEPVPMAR	3	sp|P15151|PVR_HUMAN	0.02402746	0.8354707271418766	0.805935428193944	6076.505196852986
MADEAGSEADHEGTHSTK	2	sp|P02671|FIBA_HUMAN	0.018757327	0.9212790999005022	0.8865906289417396	2409.453044508687
QIQVFEDEPAR	2	sp|Q9NPH3|IL1AP_HUMAN	0.014869888	1.0	0.9407266617663946	79544.48824469179
ETAPTTPK	1	sp|Q92954|PRG4_HUMAN	0.017899761	0.9366095275687156	0.7545937096762887	657.8299744088516
IGPDNLPYVQILK	3	sp|P11362|FGFR1_HUMAN	0.014869888	0.9866190731264982	0.7511239198076509	4893.40939604359
EETNEIQVVNEEPQR	2	sp|Q8NBJ4|GOLM1_HUMAN	0.014869888	1.0	0.9581589077367054	205941.77400817254
ALNSIIDVYHK	2	sp|P05109|S10A8_HUMAN	0.014869888	1.0	0.7339564903149421	6133.087664909936
TFTC[+57.021465]TAAYPESK	2	sp|P01876|IGHA1_HUMAN	0.014869888	0.9933552810135716	0.9410598938603523	51870.17201808142
GEVLPLPEANFPSFPLPHHK	4	sp|P04196|HRG_HUMAN	0.014869888	1.0	0.9481303035121267	708125.5544575481
EFGNTLEDK	2	sp|P02654|APOC1_HUMAN	0.014869888	0.9866190731264982	0.7849662019032413	2726.6487207101018
LEQEIATYR	2	sp|P02533|K1C14_HUMAN;sp|P08727|K1C19_HUMAN;sp|P08779|K1C16_HUMAN;sp|P13646|K1C13_HUMAN;sp|P19012|K1C15_HUMAN;sp|P35900|K1C20_HUMAN;sp|Q04695|K1C17_HUMAN;sp|Q8N1A0|KT222_HUMAN	0.017899761	0.9366095275687156	0.928719335680937	13702.011684374229
SISTAYLQWSSLK	2	sp|A0A0C4DH38|HV551_HUMAN;sp|A0A0J9YXX1|HV5X1_HUMAN	0.014869888	0.9866190731264982	0.9569015186693748	66100.62246044698
LLVVYPWTQR	2	sp|P02042|HBD_HUMAN;sp|P02100|HBE_HUMAN;sp|P68871|HBB_HUMAN;sp|P69891|HBG1_HUMAN;sp|P69892|HBG2_HUMAN	0.014869888	1.0	0.9971947322863676	86640.64755790606
LYLVQGTQVYVFLTK	3	sp|P02790|HEMO_HUMAN	0.014869888	0.9658285256870233	0.9529972434074507	8263335.009967208
C[+57.021465]PNPPVQENFDVNK	2	sp|P05090|APOD_HUMAN	0.014869888	1.0	0.9336624661235678	904880.5316388699
GPLDQLEK	2	sp|P05546|HEP2_HUMAN	0.014869888	0.9797881705057813	0.7407424402452822	6011.964564787367
GEC[+57.021465]QAEGVLFFQGDR	3	sp|P02790|HEMO_HUMAN	0.014869888	0.9728591838590949	0.7374649158242694	5621.755831516939
AVM[+15.994915]DDFAAFVEK	2	sp|P02768|ALBU_HUMAN	0.014869888	1.0	0.8448751968377252	19036.608416503284
VGSALFLSHNLK	3	sp|P29622|KAIN_HUMAN	0.014869888	0.9728591838590949	0.9229976864767732	70080.3125933432
DTVFALVNYIFFK	3	sp|P01009|A1AT_HUMAN	0.014869888	1.0	0.8975431345805283	57204.48433783395
HSAQPWADFTLLGAR	3	sp|Q8IYS5|OSCAR_HUMAN	0.014869888	1.0	0.8301375454123836	114260.36989916685
DALSSVQESQVAQQAR	3	sp|P02656|APOC3_HUMAN	0.014869888	0.9728591838590949	0.8380879836766458	2970.433528439283
GTYSTTVTGR	2	sp|P08519|APOA_HUMAN	0.014869888	0.9866190731264982	0.9314902328375868	51828.09096828422
EIGELYLPK	2	sp|P01011|AACT_HUMAN	0.014869888	1.0	0.9590844588388522	243402.8152763392
YPPTVSMVEGQGEK	2	sp|P27918|PROP_HUMAN	0.014869888	1.0	0.9602191407026169	908699.7398087194
VEIDTKSYWK	3	sp|P02766|TTHY_HUMAN	0.014869888	1.0	0.7760099327572744	632.9424619240585
NKLEGLEDALQK	2	sp|P02538|K2C6A_HUMAN;sp|P04259|K2C6B_HUMAN;sp|P48668|K2C6C_HUMAN	0.014869888	1.0	0.8371638479003477	42367.9449493999
IMQSSQSMSK	2	sp|O75882|ATRN_HUMAN	0.014869888	0.9866190731264982	0.9472236572261082	124298.94431244735
SYSC[+57.021465]QVTHEGSTVEK	3	sp|B9A064|IGLL5_HUMAN;sp|P0CF74|IGLC6_HUMAN;sp|P0CG04|IGLC1_HUMAN;sp|P0DOX8|IGL1_HUMAN;sp|P0DOY2|IGLC2_HUMAN;sp|P0DOY3|IGLC3_HUMAN	0.014869888	1.0	0.9495381791261843	4637753.177913602
NWGLSFYADKPETTK	4	sp|P19652|A1AG2_HUMAN	0.014869888	0.9728591838590949	0.9331130767774967	31698.17848336397
GTHC[+57.021465]NQVEVIATLK	3	sp|P02775|CXCL7_HUMAN	0.025	0.8159995903747699	0.8049210478916583	17798.373053629337
TLNQPDSQLQLTTGNGLFLSEGLK	4	sp|P01009|A1AT_HUMAN	0.027149322	0.7739449743159442	0.82283419699581	12888.840564801549
VDGALC[+57.021465]M[+15.994915]EK	2	sp|P02790|HEMO_HUMAN	0.014869888	1.0	0.8244317390501923	13038.766323379745
FSISATYDLGATLLK	3	sp|P05543|THBG_HUMAN	0.015795868	0.9514467542496609	0.815089973430513	12831.616944443453
GFGGLTGQIVAALSTAK	3	sp|Q92954|PRG4_HUMAN	0.014869888	1.0	0.9420313698446018	1097214.5799595348
GGYTLVSGYPK	2	sp|P02790|HEMO_HUMAN	0.014869888	1.0	0.9594967956436541	979976.4106193371
ASFHIPQVQVR	3	sp|Q9BQ51|PD1L2_HUMAN	0.014869888	1.0	0.8885220038672434	187010.5283925547
LLIYDASNR	2	sp|A0A0A0MRZ8|KVD11_HUMAN;sp|P04433|KV311_HUMAN	0.01983664	0.9134157281067091	0.88500411148476	6116.481013706911
WELLQQVDTSTR	2	sp|P04264|K2C1_HUMAN	0.014869888	1.0	0.9541557770881333	1115722.821178552
SFSTASAITPSVSR	2	sp|P13647|K2C5_HUMAN	0.014869888	0.9933552810135716	0.9301458808686988	47.53830977040603
QLVEIEK	1	sp|P00738|HPT_HUMAN;sp|P00739|HPTR_HUMAN	0.014869888	0.9728591838590949	0.7428794438767661	3974.3183081271636
TYLPAVDEK	2	sp|P02655|APOC2_HUMAN	0.014869888	1.0	0.9787829939244106	637597.9010008995
FSSC[+57.021465]GGGGGSFGAGGGFGSR	2	sp|P04264|K2C1_HUMAN	0.014869888	1.0	0.9253785966695227	143356.3289001677
ADGESC[+57.021465]SASMMYQEGK	2	sp|P01008|ANT3_HUMAN	0.014869888	1.0	0.9544357658967207	1232487.2806518404
VITEPIPVSDLR	2	sp|Q12913|PTPRJ_HUMAN	0.014869888	0.9933552810135716	0.9474855325103514	99123.83906854609
REPAVGEPAEVTTTVLVR	4	sp|P05362|ICAM1_HUMAN	0.014869888	1.0	0.9187751987984835	3512.9076487774364
ESLLNHFLYEVAR	3	sp|P43652|AFAM_HUMAN	0.014869888	1.0	0.9268088380855019	101014.05305675593
GVTSVSQIFHSPDLAIR	3	sp|P05155|IC1_HUMAN	0.014869888	0.9797881705057813	0.8182472095258121	9526.791938942242
EMEDTLNHLK	3	sp|P17936|IBP3_HUMAN	0.014869888	1.0	0.9723158273892498	85064.49184893751
AVLTIDEK	1	sp|P01009|A1AT_HUMAN	0.014869888	0.9658285256870233	0.9795960152569085	54162.18241205184
NPDAVAAPYC[+57.021465]YTR	2	sp|P08519|APOA_HUMAN	0.014869888	1.0	0.9806467216129331	121107.88616370759
AIGGGLSSVGGGSSTIK	2	sp|P02538|K2C6A_HUMAN;sp|P48668|K2C6C_HUMAN	0.014869888	0.9866190731264982	0.9429893860509244	259842.80135335168
GFMQTYYDDHLR	2	sp|P55056|APOC4_HUMAN	0.015795868	0.9797881705057813	0.844488440700548	19501.750662557166
VLDELTLTK	2	sp|P13645|K1C10_HUMAN	0.014869888	1.0	0.952383587307419	268504.26443337207
TVAGPVGGSLSVQC[+57.021465]PYEK	2	sp|Q9UGN4|CLM8_HUMAN	0.014869888	0.9658285256870233	0.7796336185017005	4230.48251094255
ALSIGFETC[+57.021465]R	2	sp|P16070|CD44_HUMAN	0.014869888	1.0	0.9675137402669721	236544.82593246578
STSESTAALGC[+57.021465]LVK	3	sp|P01859|IGHG2_HUMAN;sp|P01861|IGHG4_HUMAN	0.017899761	0.9366095275687156	0.7428667044275878	2348.341047949736
EMEVLHLR	2	sp|P11362|FGFR1_HUMAN	0.014869888	1.0	0.9497063393688914	233832.80613675102
VPLQQNFQDNQFQGK	2	sp|P80188|NGAL_HUMAN	0.014869888	1.0	0.9440682648734927	1649278.8552511039
YFHHNSDFHIPK	4	sp|O75015|FCG3B_HUMAN	0.014869888	1.0	0.922211943457482	1493484.6981497216
YFHHNSDFYIPK	4	sp|P08637|FCG3A_HUMAN	0.014869888	0.9797881705057813	0.8857112538833065	14502.171738722118
SKEQLTPLIK	2	sp|P02652|APOA2_HUMAN	0.014869888	1.0	0.9524298737924465	71622.15715787282
MSSINADFAFNLYR	2	sp|P05543|THBG_HUMAN	0.014869888	1.0	0.8953141197792914	647782.5945202996
NLAVSQVVHK	2	sp|P01011|AACT_HUMAN	0.014869888	1.0	0.9911736887013406	1220800.368745695
SEVEEWSDMYTVTSQLMLK	3	sp|Q9BY67|CADM1_HUMAN	0.014869888	1.0	0.9752359296639148	121917.23676254821
GILTVDELLAIR	3	sp|P13473|LAMP2_HUMAN	0.018757327	0.9290085173289965	0.8665568418084366	2718.335764051124
QQLQALSEPQPR	2	sp|Q8NBJ4|GOLM1_HUMAN	0.014869888	0.9933552810135716	0.9112473148897953	2935.2933972914575
NDNDNIFLSPLSISTAFAMTK	3	sp|P01008|ANT3_HUMAN	0.025	0.8159995903747699	0.9302164404443158	11923.029533950888
TEGDGVYTLNDK	2	sp|P00738|HPT_HUMAN;sp|P00739|HPTR_HUMAN	0.014869888	1.0	0.967937923300888	61747.424324787484
GGSGGSYGGGGSGGGYGGGSGSR	2	sp|P35527|K1C9_HUMAN	0.014869888	1.0	0.8495896882171303	122588.70487099995
EQLGEFYEALDC[+57.021465]LR	3	sp|P02763|A1AG1_HUMAN	0.014869888	0.9728591838590949	0.9221560346297955	117385.42417862108
WLQGSQELPR	2	sp|P01876|IGHA1_HUMAN;sp|P01877|IGHA2_HUMAN;sp|P0DOX2|IGA2_HUMAN	0.014869888	0.9933552810135716	0.9885352100318933	386117.99982382916
VYSTSVTGSR	2	sp|Q9H299|SH3L3_HUMAN	0.014869888	1.0	0.9305869644947528	17979.78211772205
SISC[+57.021465]QEIPGQQSR	2	sp|P27918|PROP_HUMAN	0.014869888	1.0	0.9482584322615589	676922.2842001192
TSDQIHFFFAK	3	sp|P01008|ANT3_HUMAN	0.014869888	0.9933552810135716	0.9564743357029312	987790.3048550107
EPQVYTLPPSR	2	sp|P01857|IGHG1_HUMAN;sp|P01859|IGHG2_HUMAN;sp|P01860|IGHG3_HUMAN;sp|P0DOX5|IGG1_HUMAN	0.014869888	1.0	0.8568858658333599	1517.24967530247
NSVIKVPMMNSK	2	sp|P05155|IC1_HUMAN	0.014869888	0.9933552810135716	0.9733547306294408	481941.2142412443
AIMEKLEMSK	2	sp|P05155|IC1_HUMAN	0.014869888	0.9933552810135716	0.852361351009147	2912.9721123268473
ASVSVTAEDEGTQR	2	sp|P05362|ICAM1_HUMAN	0.014869888	1.0	0.9410921357631098	66258.81833476236
ESGTDDFNVWIGLHDPK	3	sp|P05451|REG1A_HUMAN	0.014869888	1.0	0.9408580031417655	16112.857183618537
RYTIAALLSPYSYSTTAVVTNPK	3	sp|P02766|TTHY_HUMAN	0.014869888	0.9728591838590949	0.9595626354373139	5375429.483411917
KGEVLPLPEANFPSFPLPHHK	5	sp|P04196|HRG_HUMAN	0.014869888	0.9933552810135716	0.9708705203102104	57568.917013853454
LPGIVAEGRDDLYVSDAFHK	3	sp|P01008|ANT3_HUMAN	0.014869888	0.9866190731264982	0.9486422004936271	71666.52252732005
VLNQELR	2	sp|P05090|APOD_HUMAN	0.014869888	1.0	0.9497016210624591	187719.31868055766
VSLAGAC[+57.021465]GVGGYGSR	2	sp|P13647|K2C5_HUMAN	0.014869888	0.9866190731264982	0.8610684871230613	4588.503391225804
LYIEYGIQR	2	sp|Q9NPH3|IL1AP_HUMAN	0.014869888	1.0	0.9625229064910223	111685.1355136966
HTFM[+15.994915]GVVSLGSPSGEVSHPR	4	sp|P02765|FETUA_HUMAN	0.014869888	0.9933552810135716	0.9294641267055453	6021.849678507305
TKYEHELALR	2	sp|P08779|K1C16_HUMAN	0.014869888	0.9728591838590949	0.7426480842837108	1832.732779008247
VQPYLDDFQK	2	sp|P02647|APOA1_HUMAN	0.014869888	1.0	0.9677398330820212	206956.4471969009
C[+57.021465]SPHLVLSALTSDNHGATYAFSGTHYWR	5	sp|P02790|HEMO_HUMAN	0.014869888	0.9797881705057813	0.9046532960994633	273724.81941976544
TFTDKWEDYPK	2	sp|P10721|KIT_HUMAN	0.014869888	1.0	0.7596814126837439	47324.691939726676
LGMFNIQHC[+57.021465]K	3	sp|P01009|A1AT_HUMAN	0.014869888	1.0	0.9843442974899905	28394.096624826674
SGAQATWTELPWPHEK	2	sp|P02790|HEMO_HUMAN	0.014869888	1.0	0.9299977911346449	4136297.2587984074
LEGLEDALQK	2	sp|P02538|K2C6A_HUMAN;sp|P04259|K2C6B_HUMAN;sp|P48668|K2C6C_HUMAN	0.014869888	1.0	0.9818235777410339	90195.48408718941
SGTSASLAISGLR	2	sp|P01700|LV147_HUMAN	0.014869888	1.0	0.9111074676248785	4651.953449880454
WEMPFDPQDTHQSR	2	sp|P01011|AACT_HUMAN	0.014869888	0.9728591838590949	0.8955908423431003	501.7306226496829
DSTYSLSSTLTLSK	2	sp|P01834|IGKC_HUMAN;sp|P0DOX7|IGK_HUMAN	0.014869888	1.0	0.9242828559544457	263030.4096186433
IC[+57.021465]LDLQAPLYK	2	sp|P02776|PLF4_HUMAN	0.014869888	1.0	0.9276154433911584	233141.34983494857
HTFMGVVSLGSPSGEVSHPR	4	sp|P02765|FETUA_HUMAN	0.014869888	0.9933552810135716	0.9307838504041418	723156.6248313468
ESTLHLVLR	2	sp|P0CG47|UBB_HUMAN;sp|P0CG48|UBC_HUMAN;sp|P62979|RS27A_HUMAN;sp|P62987|RL40_HUMAN	0.014869888	1.0	0.9168410833276129	1192335.0272576674
LTLTPWVGLR	2	sp|O75882|ATRN_HUMAN	0.014869888	1.0	0.9578964212117679	34013.19487345544
HTLNQIDEVK	2	sp|P02765|FETUA_HUMAN	0.014869888	0.9933552810135716	0.9247673342315406	27252.02490985551
AQSQLVAGIK	2	sp|Q15828|CYTM_HUMAN	0.014869888	1.0	0.9292440017590726	68093.19022685761
QGHNSVFLIK	2	sp|P02790|HEMO_HUMAN	0.014869888	1.0	0.9102677130743	43463.14331128253
SC[+57.021465]ALDQNC[+57.021465]QWEPR	2	sp|O75882|ATRN_HUMAN	0.014869888	1.0	0.9134475443055808	193594.0411581522
QVILTLQPTLVAVGK	2	sp|P13598|ICAM2_HUMAN	0.014869888	1.0	0.9395261405402066	3066149.6285340446
VTTVASHTSDSDVPSGVTEVVVK	4	sp|P10909|CLUS_HUMAN	0.014869888	0.9866190731264982	0.7659799534816226	4252.046555241981
FRIEDGFSLK	3	sp|P01008|ANT3_HUMAN	0.014869888	1.0	0.9450944137796806	5682778.2557937745
EQVTNVGGAVVTGVTAVAQK	3	sp|P37840|SYUA_HUMAN	0.018757327	0.9290085173289965	0.8644119952625994	50121.60665403036
GDDITMVLILPKPEK	2	sp|P01008|ANT3_HUMAN	0.014869888	1.0	0.9023586907825718	67223.68775489312
LDSSEFLK	2	sp|Q12841|FSTL1_HUMAN	0.014869888	0.9866190731264982	0.9533895859735153	393.38044996197056
DNYTDLVAIQNK	2	sp|P14151|LYAM1_HUMAN	0.014869888	0.9933552810135716	0.8952305697972144	4171.57531213028
AGVETTTPSK	2	sp|P0DOY2|IGLC2_HUMAN;sp|P0DOY3|IGLC3_HUMAN	0.014869888	0.9866190731264982	0.7220631242002514	321.6251649621538
LLIYWASTR	2	sp|P06312|KV401_HUMAN	0.014869888	0.9933552810135716	0.9123991638179575	3139.890339842311
HYYESEVLAMNFQDWATASR	3	sp|P08185|CBG_HUMAN	0.014869888	0.9797881705057813	0.9483435450790406	33198.905406277256
FNKPFVFLMIEQNTK	3	sp|P01009|A1AT_HUMAN	0.014869888	1.0	0.9734057153125594	107544.87011248631
IILEDENDAMADADR	2	sp|Q9BUN1|MENT_HUMAN	0.014869888	0.9728591838590949	0.8096735272638277	11606.623070992067
ADLSGITGAR	1	sp|P01011|AACT_HUMAN	0.02402746	0.8718655118414741	0.9489714334958212	531.3966905216715
SGVQQLIQYYQDQK	2	sp|Q13790|APOF_HUMAN	0.014869888	1.0	0.9376674681428675	490545.9046012642
MFLSFPTTK	2	sp|P69905|HBA_HUMAN	0.014869888	1.0	0.9778223573041024	241331.74042914697
GLPNVVTSAISLPNIR	2	sp|Q92954|PRG4_HUMAN	0.014869888	1.0	0.9636074576015926	1117215.2402375292
QVVAGLNFR	2	sp|P01042|KNG1_HUMAN	0.014869888	1.0	0.9325418427385979	196510.45159004466
TLTLLSVTR	2	sp|P06731|CEAM5_HUMAN;sp|P13688|CEAM1_HUMAN;sp|P31997|CEAM8_HUMAN	0.014869888	1.0	0.9305299131083764	82636.59511958188
LQHLENELTHDIITK	4	sp|P01009|A1AT_HUMAN	0.014869888	0.9658285256870233	0.9481828567097352	483770.4550315975
YENEVALR	2	sp|P13645|K1C10_HUMAN	0.017899761	0.9366095275687156	0.8525674622386575	3938.9430639224897
VGYVSGWGR	2	sp|P00738|HPT_HUMAN	0.014869888	1.0	0.9810947314210162	287979.3286122718
LALDVEIATYR	3	sp|O95678|K2C75_HUMAN;sp|P02538|K2C6A_HUMAN;sp|P04259|K2C6B_HUMAN;sp|P12035|K2C3_HUMAN;sp|P13647|K2C5_HUMAN;sp|P35908|K22E_HUMAN;sp|P48668|K2C6C_HUMAN;sp|Q01546|K22O_HUMAN;sp|Q5XKE5|K2C79_HUMAN	0.018757327	0.9290085173289965	0.8747383785143035	4392.292663217717
GIYSFNFHVVK	3	sp|P23435|CBLN1_HUMAN	0.018757327	0.9212790999005022	0.8034459213830235	5180.760858150968
DASGVTFTWTPSSGK	2	sp|P01876|IGHA1_HUMAN	0.014869888	0.9866190731264982	0.9406125815647896	21925.667453427828
QDQC[+57.021465]IYNTTYLNVQR	3	sp|P02763|A1AG1_HUMAN	0.014869888	1.0	0.8656159889746586	167914.11870540155
EGEEFTVTC[+57.021465]TIK	2	sp|P10721|KIT_HUMAN	0.014869888	0.9933552810135716	0.8265519941558329	706.0807584442985
TMLLQPAGSLGSYSYR	2	sp|P41222|PTGDS_HUMAN	0.014869888	0.9728591838590949	0.9765347312475217	149820.9267235201
RGENLFAITDEGMDVPLAMEEWHHER	6	sp|Q6UXB8|PI16_HUMAN	0.018757327	0.9212790999005022	0.8216624614553036	5428.414538387567
YSPSFQGQVTISADK	2	sp|A0A0C4DH38|HV551_HUMAN	0.014869888	0.9797881705057813	0.7566657526973422	4130.9409835286115
DIAPTLTLYVGK	3	sp|P00738|HPT_HUMAN;sp|P00739|HPTR_HUMAN	0.014869888	1.0	0.8776370981870439	2370.554864205365
AVSISPTNVILTWK	2	sp|Q12913|PTPRJ_HUMAN	0.014869888	0.9866190731264982	0.9706032667059964	62858.63057235644
YVGGQEHFAHLLILR	3	sp|P02763|A1AG1_HUMAN	0.014869888	0.9728591838590949	0.9381434473719826	296497.05544863443
FSGSGSGTDFTLTISR	2	sp|A0A0C4DH25|KVD20_HUMAN;sp|P01619|KV320_HUMAN	0.014869888	1.0	0.9177011115903568	910819.0043279697
SDVMYTDWK	2	sp|P19652|A1AG2_HUMAN	0.014869888	1.0	0.9940204426947006	850813.7786328075
YIC[+57.021465]ENQDSISSK	2	sp|P02768|ALBU_HUMAN	0.014869888	0.9866190731264982	0.9788812470305126	25443.736246317967
AQYEEIAQR	2	sp|P02538|K2C6A_HUMAN;sp|P04259|K2C6B_HUMAN;sp|P19013|K2C4_HUMAN;sp|P35908|K22E_HUMAN;sp|P48668|K2C6C_HUMAN;sp|Q01546|K22O_HUMAN	0.014869888	1.0	0.9149215516635757	101963.35591029725
SEAYNTFSER	2	sp|P12259|FA5_HUMAN	0.014869888	0.9933552810135716	0.9149189206126118	9093.713395552995
GGSTSYGTGSETESPR	2	sp|P02671|FIBA_HUMAN	0.014869888	0.9797881705057813	0.8458039359024162	18341.955713850442
SYPGLTSYLVR	2	sp|P80188|NGAL_HUMAN	0.014869888	1.0	0.958306392773216	11813.524040614993
VQFLEQQNK	2	sp|P19013|K2C4_HUMAN	0.014869888	0.9933552810135716	0.9350691082425554	2828.6254499257957
EHVAHLLFLRDTK	2	sp|P19652|A1AG2_HUMAN	0.014869888	1.0	0.9201926793077196	658846.0724600304
RLGMFNIQHC[+57.021465]K	3	sp|P01009|A1AT_HUMAN	0.014869888	0.9933552810135716	0.9429347050501465	2959.771030405711
DM[+15.994915]PASEDLQDLQK	2	sp|P49908|SEPP1_HUMAN	0.014869888	0.9866190731264982	0.9289142021281803	6855.269621077315
EENFYVDETTVVK	2	sp|P08185|CBG_HUMAN	0.014869888	0.9797881705057813	0.8849757115075169	64078.73403848243
SAGSVESPSVSSTHR	2	sp|P17936|IBP3_HUMAN	0.014869888	0.9866190731264982	0.9290259888100187	5453.619459109594
EVGTPHGIILDSVDAAFIC[+57.021465]PGSSR	3	sp|P02790|HEMO_HUMAN	0.014869888	1.0	0.9455389909226002	11600497.984147804
VC[+57.021465]PFAGILENGAVR	2	sp|P02749|APOH_HUMAN	0.014869888	1.0	0.8807425358388405	10616005.438583342
APSTYGGGLSVSSR	2	sp|P08779|K1C16_HUMAN	0.014869888	0.9933552810135716	0.9866779774150773	15254.243370006498
AFIQLWAFDAVK	3	sp|P02760|AMBP_HUMAN	0.027149322	0.7510559064272662	0.8506122214726455	1878.107268013935
GMQDLVEDFK	2	sp|P02538|K2C6A_HUMAN	0.014869888	0.9933552810135716	0.9892840729781174	54763.02766232475
AFQVQQAVDLR	3	sp|P13497|BMP1_HUMAN	0.02402746	0.8354707271418766	0.7565700906752377	4445.856004589022
TLLSNLEEAK	2	sp|P10909|CLUS_HUMAN	0.014869888	1.0	0.9646239973031426	3714738.6790524293
VDGALC[+57.021465]MEK	2	sp|P02790|HEMO_HUMAN	0.014869888	0.9866190731264982	0.9594341050337306	628533.6419967011
FIC[+57.021465]PLTGLWPINTLK	2	sp|P02749|APOH_HUMAN	0.014869888	0.9933552810135716	0.9075293393720035	222144.35077598272
VIEHIMEDLDTNADK	2	sp|P06702|S10A9_HUMAN	0.014869888	0.9728591838590949	0.9615920926968363	14348.11933814363
SVLGQLGITK	2	sp|P01009|A1AT_HUMAN	0.014869888	1.0	0.9578349318639092	1199443.487083117
TM[+15.994915]LLQPAGSLGSYSYR	3	sp|P41222|PTGDS_HUMAN	0.015795868	0.9586923939928679	0.9556091652882822	49883.89420126134
HPDEAAFFDTASTGK	3	sp|P02671|FIBA_HUMAN	0.014869888	0.9797881705057813	0.9546463298610358	12043.16326140801
EGIVEYPR	2	sp|Q02985|FHR3_HUMAN;sp|Q92496|FHR4_HUMAN	0.014869888	1.0	0.9297616358141815	41517.96017085288
FLENEDRR	2	sp|P01009|A1AT_HUMAN	0.014869888	1.0	0.963038005523561	2134900.090929136
NWPESVYFFK	2	sp|Q92954|PRG4_HUMAN	0.014869888	0.9933552810135716	0.8661786764962608	20028.00840281076
FIQSQDYQC[+57.021465]SALMGGR	2	sp|P07333|CSF1R_HUMAN	0.014869888	0.9658285256870233	0.9327116467429677	9506.464386522583
TEAPAAPAAQETK	2	sp|P80723|BASP1_HUMAN	0.014869888	1.0	0.9308701717886765	856.9625821401506
MYATIYELK	2	sp|P80188|NGAL_HUMAN	0.014869888	0.9933552810135716	0.8815755715403716	5843.9483805625905
SIAQYWLGC[+57.021465]PAPGHL	2	sp|P04004|VTNC_HUMAN	0.014869888	1.0	0.9188324791690969	879157.0930482851
EHVAHLLFLR	3	sp|P19652|A1AG2_HUMAN	0.014869888	1.0	0.9860691267928087	8931184.235132141
YEGGREHVAHLLFLR	4	sp|P19652|A1AG2_HUMAN	0.014869888	0.9797881705057813	0.9122107116242223	121808.25908109127
KLINDYVK	2	sp|P01011|AACT_HUMAN	0.014869888	0.9866190731264982	0.9318490446059332	15975.665611261807
TEDTIFLR	2	sp|P02763|A1AG1_HUMAN;sp|P19652|A1AG2_HUMAN	0.014869888	0.9866190731264982	0.983541739585619	226010.77283607522
LC[+57.021465]TPLLPK	2	sp|P27918|PROP_HUMAN	0.014869888	0.9797881705057813	0.9227549317337687	80918.22536355784
YTDLVAIQNK	2	sp|P16109|LYAM3_HUMAN	0.017899761	0.9366095275687156	0.9499498403759243	7153.371258529623
AFSVNIFK	2	sp|P11279|LAMP1_HUMAN	0.014869888	0.9797881705057813	0.976326688657497	69105.59522770603
TVAAC[+57.021465]NLPIVR	2	sp|P02760|AMBP_HUMAN	0.014869888	0.9933552810135716	0.954250113890539	52718.78985138081
QNLEPLFEQYINNLR	2	sp|P02538|K2C6A_HUMAN;sp|P04259|K2C6B_HUMAN;sp|P13647|K2C5_HUMAN;sp|P48668|K2C6C_HUMAN	0.027149322	0.7266555365444503	0.7789301594059056	8044.215212066791
SGGGFSSGSAGIINYQR	3	sp|P04264|K2C1_HUMAN	0.014869888	1.0	0.7248120929128132	44035.68534187911
TYFPHFDLSHGSAQVK	2	sp|P69905|HBA_HUMAN	0.014869888	0.9797881705057813	0.7731656641536271	9232.854609101752
TSESGELHGLTTEEEFVEGIYK	4	sp|P02766|TTHY_HUMAN	0.014869888	1.0	0.9828089112815083	1197666.6012725087
ALTDMPQMR	2	sp|P02671|FIBA_HUMAN	0.014869888	1.0	0.959265250588669	128543.64145454808
QINDYVEK	2	sp|P01009|A1AT_HUMAN	0.014869888	1.0	0.9498794349208669	117962.78155807599
ELDRDTVFALVNYIFFK	3	sp|P01009|A1AT_HUMAN	0.014869888	0.9933552810135716	0.9502397275277042	1974172.5004386264
GFQQLLQELNQPR	3	sp|P05154|IPSP_HUMAN	0.014869888	0.9797881705057813	0.9577813945340172	5046.716781419606
WYNLAIGSTC[+57.021465]PWLK	3	sp|P02760|AMBP_HUMAN	0.014869888	1.0	0.8161273358192447	409538.6933881333
RLWWLDLK	2	sp|P02790|HEMO_HUMAN	0.014869888	0.9933552810135716	0.8732024490497532	10353.99961873655
NHEEEMLALR	2	sp|P08779|K1C16_HUMAN	0.014869888	0.9933552810135716	0.9695411389663304	82126.10878218416
SSSNEEVMFLTVQVK	3	sp|P01023|A2MG_HUMAN	0.02078522	0.897262926642552	0.793930466637287	5646.977286612325
SGLSTGWTQLSK	2	sp|P04217|A1BG_HUMAN	0.014869888	1.0	0.7831300147325764	1678.5055295386464
NPNLPPETVDSLK	2	sp|P05090|APOD_HUMAN	0.014869888	0.9933552810135716	0.9581257993167785	33357.05575394243
ALGISPFHEHAEVVFTANDSGPR	4	sp|P02766|TTHY_HUMAN	0.014869888	1.0	0.9329765148991823	9148703.191267788
WLQDNAENVYVWK	2	sp|P07359|GP1BA_HUMAN	0.014869888	1.0	0.9580648592117401	909497.5154634002
YKEENDDFASFR	2	sp|P04196|HRG_HUMAN	0.014869888	1.0	0.9515034750652166	103615.24439648753
QEYEQLIAK	2	sp|P35527|K1C9_HUMAN	0.014869888	0.9866190731264982	0.7847742277299751	15446.354042586412
DLATVYVDVLK	3	sp|P02647|APOA1_HUMAN	0.03262092	0.5678582329614409	0.8378337710079553	8858.106703670554
SVNNVVVR	1	sp|O75882|ATRN_HUMAN	0.015795868	0.9514467542496609	0.7464059509732031	250.37018790178533
DSVGQLQLYR	2	sp|Q99941|ATF6B_HUMAN	0.014869888	0.9933552810135716	0.9083835772824493	16647.83114502801
VAEGTQVLELPFK	2	sp|P01008|ANT3_HUMAN	0.014869888	1.0	0.9798546594537406	715777.8870812762
GIYSFSFHVIK	3	sp|Q9NTU7|CBLN4_HUMAN	0.014869888	1.0	0.8268929598406043	97676.10803332135
GTWTQPFDLASTR	2	sp|P08185|CBG_HUMAN	0.014869888	1.0	0.9435830141546137	12414056.680379795
LNDLEDALQQAK	2	sp|P04264|K2C1_HUMAN	0.014869888	1.0	0.9330557332760964	340104.9897686494
WQQGNVFSC[+57.021465]SVMHEALHNHYTQK	5	sp|P01857|IGHG1_HUMAN;sp|P01859|IGHG2_HUMAN;sp|P0DOX5|IGG1_HUMAN	0.014869888	0.9658285256870233	0.8844114797866813	10214.326529461814
ALGISPFHEHAEVVFTANDSGPRR	4	sp|P02766|TTHY_HUMAN	0.014869888	0.9866190731264982	0.8838738079731844	17044.058362554406
EEDPIHLR	2	sp|O75015|FCG3B_HUMAN;sp|P08637|FCG3A_HUMAN	0.014869888	1.0	0.9544008113361989	364519.64049185603
SPELQAEAK	1	sp|P02652|APOA2_HUMAN	0.014869888	1.0	0.9843558515052836	184394.0923061048
EALQGVGDMGR	2	sp|P35542|SAA4_HUMAN	0.014869888	0.9933552810135716	0.895724522412541	1129.010006663547
LVLLNAIYLSAK	2	sp|P05155|IC1_HUMAN	0.014869888	1.0	0.9768440545210922	426234.61581023753
EQYAVVGHSAHIVTLK	3	sp|O75882|ATRN_HUMAN	0.014869888	1.0	0.7410063926559584	19381.3869120001
QSLEASLAETEGR	2	sp|P13645|K1C10_HUMAN	0.014869888	0.9933552810135716	0.8788384964180572	28510.072985932748
MNTVIAALSR	2	sp|P08185|CBG_HUMAN	0.014869888	1.0	0.969809321293725	227041.04487155713
SDGDPVQPAVLQVHQTS	2	sp|O95810|CAVN2_HUMAN	0.014869888	1.0	0.888688463557478	544732.1189072895
TFVLPVTPPR	2	sp|P32942|ICAM3_HUMAN	0.014869888	0.9933552810135716	0.9698913832786046	11496.996717421904
QC[+57.021465]ASLQAAIADAEQR	3	sp|P48668|K2C6C_HUMAN	0.014869888	0.9797881705057813	0.8309008025431496	253.6582361800622
NWGLSVYADKPETTK	2	sp|P02763|A1AG1_HUMAN	0.014869888	1.0	0.9812486347440355	1795301.335265646
IEISELNR	2	sp|P04264|K2C1_HUMAN;sp|P35908|K22E_HUMAN	0.014869888	1.0	0.9208638484357152	149743.38948427024
GSSSSPLGISVR	2	sp|Q9NTU7|CBLN4_HUMAN	0.014869888	1.0	0.9722651091210022	204093.5291108884
AQYEEIANR	2	sp|P13647|K2C5_HUMAN	0.014869888	1.0	0.9016479528337361	12764.09769263903
VWPQQPSGELFEIEIDTLETTC[+57.021465]HVLDPTPVAR	4	sp|P02765|FETUA_HUMAN	0.014869888	1.0	0.9114635797104356	3279881.6192641933
SQYEQLAEQNRK	3	sp|P13645|K1C10_HUMAN	0.014869888	0.9866190731264982	0.8657778383332007	11300.334159024918
GSPAINVAVHVFRK	3	sp|P02766|TTHY_HUMAN	0.014869888	0.9866190731264982	0.9568858468115078	215264.8231891605
VYLKLEK	2	sp|Q9NTU7|CBLN4_HUMAN	0.014869888	0.9797881705057813	0.8674221460109726	2132.4734160984126
HGVQELEIELQSQLSK	2	sp|P35527|K1C9_HUMAN	0.014869888	1.0	0.8767191053623772	856524.8303435292
LYHSEAFTVNFGDTEEAKK	4	sp|P01009|A1AT_HUMAN	0.014869888	1.0	0.9252969461408037	361306.5806902546
NVQALEIELQSQLALK	3	sp|P13645|K1C10_HUMAN	0.014869888	0.9933552810135716	0.8203180002059667	34199.78720917646
DYFMPC[+57.021465]PGR	3	sp|P02790|HEMO_HUMAN	0.014869888	1.0	0.8499476972147407	10310.580877668759
GSPAINVAVHVFR	3	sp|P02766|TTHY_HUMAN	0.014869888	0.9933552810135716	0.9423799287804169	2269491.6799448924
ANRPFLVFIR	2	sp|P01008|ANT3_HUMAN	0.015795868	0.9586923939928679	0.8881928299355202	2210.3425455577626
SSGQWQTPGATR	2	sp|P06681|CO2_HUMAN	0.014869888	1.0	0.8280467170181361	6323.844483964146
EAEPLVDIR	2	sp|Q9H8L6|MMRN2_HUMAN	0.02402746	0.8258516653955662	0.9756467045011034	11538.764126885224
EVPLNTIIFMGR	2	sp|P01008|ANT3_HUMAN	0.014869888	0.9933552810135716	0.9300966253299919	312838.3993738588
WSAGLTSSQVDLYIPK	2	sp|P08185|CBG_HUMAN	0.014869888	1.0	0.9570422295045019	27122038.33168508
SC[+57.021465]AVAEYGVYVK	2	sp|P00738|HPT_HUMAN;sp|P00739|HPTR_HUMAN	0.014869888	0.9933552810135716	0.9832961986321097	156916.267179446
GEVLPLPEANFPSFPLPHHK	3	sp|P04196|HRG_HUMAN	0.014869888	1.0	0.9119589017871932	384645.45728828287
FKLDDDLEHQGGHVLDHGHK	5	sp|P01042|KNG1_HUMAN	0.014869888	0.9797881705057813	0.957393252333984	49439.1796856605
IDPSHTQGYR	3	sp|P40189|IL6RB_HUMAN	0.014869888	0.9728591838590949	0.8964799673094281	3171.045724558717
SDVVYTDWKKDK	3	sp|P02763|A1AG1_HUMAN	0.014869888	0.9866190731264982	0.9413693903994007	10734.66101269445
DGEQIEQEEDDEK	2	sp|P13591|NCAM1_HUMAN	0.014869888	0.9797881705057813	0.8597953036950411	1087.4588195422918
GSFPWQAK	2	sp|P00738|HPT_HUMAN;sp|P00739|HPTR_HUMAN	0.014869888	0.9797881705057813	0.9818322314485043	303535.7567693916
WYVVGLAGNAILR	2	sp|P80188|NGAL_HUMAN	0.014869888	1.0	0.8316666229740739	228785.15348258536
ETLLQDFR	2	sp|P02760|AMBP_HUMAN	0.014869888	0.9866190731264982	0.9610815253033623	86345.05520007209
SVVTVIDVFYK	2	sp|Q5D862|FILA2_HUMAN	0.014869888	1.0	0.8487595488051856	7141.402376619668
AVMDDFAAFVEK	2	sp|P02768|ALBU_HUMAN	0.014869888	0.9797881705057813	0.9853894224791054	656115.7702196897
VFEVHVRPK	2	sp|P13598|ICAM2_HUMAN	0.014869888	1.0	0.9772042149950553	249485.63015677631
ALMSPAGMLR	2	sp|O75144|ICOSL_HUMAN	0.014869888	0.9866190731264982	0.9634844850705774	70449.68746445623
YVGGQEHFAHLLILRDTK	3	sp|P02763|A1AG1_HUMAN	0.014869888	0.9933552810135716	0.9103049268540593	182539.49774689905
QISNLQQSISDAEQR	3	sp|P04264|K2C1_HUMAN	0.014869888	0.9728591838590949	0.7798662240037418	10206.764831927256
EESLDSDLYAELR	3	sp|P02775|CXCL7_HUMAN	0.017899761	0.9440873193926883	0.7966977026393899	19133.843876310802
ASLGTGTASPR	2	sp|Q9UBW5|BIN2_HUMAN	0.017899761	0.9366095275687156	0.8754528901091178	3958.4373907581053
QQTHMLDVMQDHFSR	4	sp|P10909|CLUS_HUMAN	0.014869888	1.0	0.9474430399545812	81205.45036702241
NIDVFNVEDQK	2	sp|Q8NBJ4|GOLM1_HUMAN	0.014869888	1.0	0.8898873562442776	27726.785287042152
VVAGVANALAHK	2	sp|P02042|HBD_HUMAN;sp|P68871|HBB_HUMAN	0.014869888	1.0	0.9625888981816232	95374.59993325367
EGVAAPLQYR	2	sp|Q8IYS5|OSCAR_HUMAN	0.014869888	1.0	0.9858497402083849	25288.51721457529
APSTYGGGLSVSSSR	2	sp|P02533|K1C14_HUMAN	0.014869888	1.0	0.9753307677939753	49424.16539659895
DSYETSQLDDQSAETHSHK	3	sp|P10451|OSTP_HUMAN	0.014869888	1.0	0.7917404538079684	24562.180973478615
DQYYNIDVPSR	2	sp|Q92954|PRG4_HUMAN	0.014869888	0.9933552810135716	0.9546834040673494	803923.8679908528
ALTFELTLR	2	sp|P07333|CSF1R_HUMAN	0.014869888	1.0	0.9146714168620979	128620.93907454576
SKLPGIVAEGR	2	sp|P01008|ANT3_HUMAN	0.014869888	0.9933552810135716	0.9072613985572054	1642.7887759004118
FDPSLTQR	2	sp|P08697|A2AP_HUMAN	0.014869888	1.0	0.9812038561465729	35911.71014835334
VGSPFELVVSGNK	2	sp|Q6YHK3|CD109_HUMAN	0.018757327	0.9212790999005022	0.863102255589324	6841.204287436156
VKSPELQAEAK	2	sp|P02652|APOA2_HUMAN	0.014869888	0.9728591838590949	0.9527391867638189	5606.048543640747
QC[+57.021465]ANLQNAIADAEQR	2	sp|P13647|K2C5_HUMAN	0.014869888	1.0	0.9658328231360978	156462.9341955859
EYC[+57.021465]GVPGDGDEELLR	2	sp|P02760|AMBP_HUMAN	0.014869888	1.0	0.9342353984833421	6526379.997367018
SSAEVC[+57.021465]QLLGSQR	2	sp|Q9ULI3|HEG1_HUMAN	0.014869888	1.0	0.8441871756906962	9808.57095736048
VFSNGADLSGVTEEAPLK	2	sp|P01009|A1AT_HUMAN	0.014869888	1.0	0.8636701418393344	10974561.972823808
VADALTNAVAHVDDMPNALSALSDLHAHK	4	sp|P69905|HBA_HUMAN	0.014869888	0.9933552810135716	0.97579101232112	108259.89165641011
EQLTPLIK	2	sp|P02652|APOA2_HUMAN	0.014869888	0.9797881705057813	0.8795807390915444	21650.631030052435
ASLENSLEETK	2	sp|P02533|K1C14_HUMAN;sp|P08779|K1C16_HUMAN	0.014869888	1.0	0.9485101848395522	124949.16951904836
ADLFYDVEALDLESPK	2	sp|P04196|HRG_HUMAN	0.014869888	1.0	0.9237890347025534	411937.7095872938
QQTHMLDVMQDHFSR	3	sp|P10909|CLUS_HUMAN	0.014869888	1.0	0.8323653717694218	19557.57455352198
TYMLAFDVNDEK	2	sp|P02763|A1AG1_HUMAN	0.014869888	0.9866190731264982	0.972562197580165	419652.15327424585
LRTEGDGVYTLNNEK	3	sp|P00738|HPT_HUMAN	0.030439684	0.6244097987733555	0.7452463937641319	5764.5871484558365
SVQEIQATFFYFTPNK	3	sp|P02763|A1AG1_HUMAN;sp|P19652|A1AG2_HUMAN	0.014869888	1.0	0.8607465430089759	68410.20749668934
SLTEEAENWGDGEPNNK	2	sp|P14151|LYAM1_HUMAN	0.014869888	1.0	0.7946201710988633	940348.7226433312
EQLGEFYEALDC[+57.021465]LC[+57.021465]IPR	3	sp|P19652|A1AG2_HUMAN	0.014869888	0.9933552810135716	0.9632783167474017	43661.31965968018
DMPASEDLQDLQK	2	sp|P49908|SEPP1_HUMAN	0.014869888	1.0	0.9557526342377248	862275.8221153064
STSTAYMELSSLR	2	sp|P01742|HV169_HUMAN	0.014869888	0.9866190731264982	0.7780595718478985	7575.623468354348
STSGGTAALGC[+57.021465]LVK	2	sp|P01857|IGHG1_HUMAN;sp|P01860|IGHG3_HUMAN;sp|P0DOX5|IGG1_HUMAN	0.018757327	0.9212790999005022	0.9249860518388618	67812.9611615802
ALQDQLVLVAAK	2	sp|P01019|ANGT_HUMAN	0.014869888	1.0	0.8685277096005243	1989.8290401577751
GWSEEELQGVLR	2	sp|Q9H4A9|DPEP2_HUMAN	0.014869888	0.9933552810135716	0.8712175075706974	6243.104656830435
KWQEEMELYR	2	sp|P02647|APOA1_HUMAN	0.014869888	0.9933552810135716	0.9302519912153795	10259.38477167963
LEDMEQALSPSVFK	2	sp|P05155|IC1_HUMAN	0.014869888	0.9797881705057813	0.9586537400625383	374634.3411396393
ITPNLAEFAFSLYR	3	sp|P01009|A1AT_HUMAN	0.014869888	1.0	0.9673135803720518	1658309.9711714403
VWVYPPEK	2	sp|P02790|HEMO_HUMAN	0.014869888	0.9866190731264982	0.9815459448833784	1060612.7640841794
VLHPLEGAVVIIFK	3	sp|Q13740|CD166_HUMAN	0.014869888	0.9866190731264982	0.906362130027872	8444.682966671044
YFHHNSDFYIPK	3	sp|P08637|FCG3A_HUMAN	0.014869888	0.9797881705057813	0.8158767046320083	2898.558758546362
DDLYVSDAFHK	3	sp|P01008|ANT3_HUMAN	0.014869888	1.0	0.9726088362027958	96014.60481405913
NTWSILHTQGALVQGGYGHSSVYDHR	5	sp|O75882|ATRN_HUMAN	0.014869888	0.9658285256870233	0.9215289845794228	1447659.482458999
LVVLPFPK	2	sp|Q9UGM5|FETUB_HUMAN	0.014869888	0.9797881705057813	0.7409463655595481	7291.29723413206
VEEVKPLEGR	3	sp|O00533|NCHL1_HUMAN	0.014869888	1.0	0.9022388361489508	135027.7026195477
SIIGMIDMFHK	3	sp|P31151|S10A7_HUMAN;sp|Q86SG5|S1A7A_HUMAN	0.014869888	0.9797881705057813	0.8220667683384133	623.7282473903829
SLTEEAENWGDGEPNNKK	3	sp|P14151|LYAM1_HUMAN	0.014869888	0.9933552810135716	0.7528202525508798	13715.841887621315
DFTFDLYR	2	sp|P05154|IPSP_HUMAN	0.014869888	1.0	0.902023726369778	102692.30509407869
NTLYLQMNSLK	2	sp|A0A0B4J1V0|HV315_HUMAN	0.014869888	1.0	0.9572145054267789	50940.07195458531
SDVMYTDWKKDK	2	sp|P19652|A1AG2_HUMAN	0.014869888	1.0	0.863785578000203	40402.52325862104
QNQC[+57.021465]FYNSSYLNVQR	3	sp|P19652|A1AG2_HUMAN	0.014869888	0.9658285256870233	0.8978099956069943	14600.185592314543
DTINLLDQR	2	sp|Q8NBJ4|GOLM1_HUMAN	0.02078522	0.9134157281067091	0.7139104739948569	1508.5815160031557
QC[+57.021465]ANLQAAIADAEQR	2	sp|P02538|K2C6A_HUMAN;sp|P04259|K2C6B_HUMAN	0.014869888	1.0	0.951705902347516	339603.9417658794
AEIEYLEK	2	sp|P14151|LYAM1_HUMAN	0.014869888	0.9866190731264982	0.9496077933997777	5563.7953462996265
LGMFNIQHC[+57.021465]KK	3	sp|P01009|A1AT_HUMAN	0.014869888	0.9933552810135716	0.949567650191763	21540.902280620583
RPC[+57.021465]FSALEVDETYVPK	3	sp|P02768|ALBU_HUMAN	0.014869888	1.0	0.8697878911076192	9127.75346276258
YTIAALLSPYSYSTTAVVTNPKE	3	sp|P02766|TTHY_HUMAN	0.014869888	1.0	0.9681995057826438	4707041.121942374
EWFWDLATGTM[+15.994915]K	2	sp|P02790|HEMO_HUMAN	0.014869888	1.0	0.8428757295925431	100555.10797841752
DIPTNSPELEETLTHTITK	3	sp|P01042|KNG1_HUMAN	0.014869888	1.0	0.9424366096912783	7766698.169383734
YVGGQEHFAHLLILR	4	sp|P02763|A1AG1_HUMAN	0.014869888	0.9728591838590949	0.9505851127998308	19327257.35515363
GEAEYQEIR	2	sp|Q15223|NECT1_HUMAN	0.014869888	1.0	0.920150636138825	16368.21921133841
DGWHSWPIAHQWPQGPSAVDAAFSWEEK	4	sp|P02790|HEMO_HUMAN	0.014869888	0.9797881705057813	0.9032283062410114	6623.483913026588
SPSQDEMLPTYLK	2	sp|Q8IZF2|AGRF5_HUMAN	0.014869888	0.9866190731264982	0.8399647431433703	4365.761157912977
GSGGLGGAC[+57.021465]GGAGFGSR	2	sp|P02538|K2C6A_HUMAN;sp|P04259|K2C6B_HUMAN;sp|P48668|K2C6C_HUMAN	0.014869888	1.0	0.8861259956978951	31007.471302350496
AC[+57.021465]NLMIFDTR	2	sp|Q9H8J5|MANS1_HUMAN	0.018757327	0.9290085173289965	0.8003471179197615	9342.748746436473
GVC[+57.021465]EETSGAYEK	2	sp|P02760|AMBP_HUMAN	0.014869888	1.0	0.9695593221131827	162914.54916305677
GTSAVNVVLSLK	2	sp|P20061|TCO1_HUMAN	0.014869888	0.9933552810135716	0.8190095496438249	13795.387097399944
SDVVYTDWKK	2	sp|P02763|A1AG1_HUMAN	0.014869888	0.9933552810135716	0.963598947538707	365396.45424345444
RHSLEYSLR	3	sp|Q13449|LSAMP_HUMAN	0.014869888	1.0	0.9438694684880071	137560.81171324427
VQALEEANNDLENK	2	sp|P35527|K1C9_HUMAN	0.014869888	1.0	0.9172011580149998	528023.6786812752
FLEDVKK	1	sp|P01009|A1AT_HUMAN	0.014869888	1.0	0.9121883938308256	23150.987389542595
NILTSNNIDVK	2	sp|P05090|APOD_HUMAN	0.014869888	1.0	0.9663284543093222	310678.0111806695
LFDSDPITVTVPVEVSR	3	sp|P10909|CLUS_HUMAN	0.014869888	1.0	0.9352048235511664	30962.48723996315
RGENLFAITDEGMDVPLAMEEWHHER	4	sp|Q6UXB8|PI16_HUMAN	0.014869888	1.0	0.7698933075777358	27338.126861652425
ELDESLQVAER	2	sp|P10909|CLUS_HUMAN	0.014869888	1.0	0.9540722345077222	126146.7025834855
TLLVFEVQQPFLFVLWDQQHKFPVFMGR	4	sp|P05155|IC1_HUMAN	0.014869888	1.0	0.931813886789591	1357114.9363489042
YPVAHFIDQTLK	2	sp|P05155|IC1_HUMAN	0.014869888	1.0	0.958579444847343	77172.42900036126
FEDGVLDPDYPR	2	sp|P04004|VTNC_HUMAN	0.014869888	0.9933552810135716	0.9605770331671687	12358.38998326103
FQPTLLTLPR	2	sp|P05155|IC1_HUMAN	0.014869888	0.9933552810135716	0.9772147064501476	1093578.2891550292
SSSPELSEMLEYDR	2	sp|P12259|FA5_HUMAN	0.014869888	1.0	0.9464094914535185	269392.55616360804
SDVMYTDWKK	2	sp|P19652|A1AG2_HUMAN	0.014869888	1.0	0.959356169066401	116722.29207702981
FNQPFIIMIFDHFTWSSLFLAR	4	sp|P08185|CBG_HUMAN	0.014869888	0.9658285256870233	0.9108980065257583	21738.935843817046
GSESGIFTNTK	2	sp|P02671|FIBA_HUMAN	0.014869888	1.0	0.9558634882306152	82915.61730544455
TPVC[+57.021465]TTGQGSGSTATVFAMAELQK	3	sp|Q9H8L6|MMRN2_HUMAN	0.014869888	0.9797881705057813	0.8797486140272263	16472.66668933945
DQIVDLTVGNNK	2	sp|P35527|K1C9_HUMAN	0.014869888	1.0	0.8803464411762321	6492.389218649635
LINDYVK	1	sp|P01011|AACT_HUMAN	0.014869888	1.0	0.8442695525163156	20606.326222457927
GKEESLDSDLYAELR	3	sp|P02775|CXCL7_HUMAN	0.014869888	1.0	0.9022652039065121	156650.5024093601
SDDSVIQLLNPNR	2	sp|Q9BY67|CADM1_HUMAN	0.014869888	0.9866190731264982	0.9292430928496331	81909.3500130333
ADLEMQIENLK	2	sp|Q04695|K1C17_HUMAN	0.014869888	1.0	0.842442087526981	4849.429882917154
YGFIEGHVVIPR	2	sp|P16070|CD44_HUMAN	0.014869888	0.9933552810135716	0.9631970928459239	837623.1924106312
VTVLGQPK	2	sp|B9A064|IGLL5_HUMAN;sp|P0DOX8|IGL1_HUMAN	0.014869888	0.9728591838590949	0.9450420985416177	7766.743146144254
DLGEENFK	1	sp|P02768|ALBU_HUMAN	0.014869888	0.9866190731264982	0.8707358103575576	217.18663377118554
GLEEELQFSLGSK	2	sp|P0C0L4|CO4A_HUMAN;sp|P0C0L5|CO4B_HUMAN	0.014869888	1.0	0.9633820315732544	226773.55064509282
ELDRDTVFALVNYIFFK	4	sp|P01009|A1AT_HUMAN	0.014869888	0.9933552810135716	0.7544971153977866	7819.287185241947
IC[+57.021465]LDPDAPR	2	sp|P02775|CXCL7_HUMAN	0.014869888	1.0	0.9556885396988946	52333.65584342443
TVAAPSVFIFPPSDEQLK	3	sp|P01834|IGKC_HUMAN	0.014869888	1.0	0.9236429467086201	40673.363184223555
TFLTVYWTPER	2	sp|P05362|ICAM1_HUMAN	0.014869888	0.9866190731264982	0.9674705145848463	121307.14136765637
KGPGPGGPGGAGVAR	3	sp|Q92686|NEUG_HUMAN	0.014869888	0.9728591838590949	0.8292656490473059	2358.324476452764
EFLEDTC[+57.021465]VQYVQK	2	sp|Q9UNN8|EPCR_HUMAN	0.030439684	1.0	0.8834607596605666	240299.48130315493
THLAPYSDELR	2	sp|P02647|APOA1_HUMAN	0.014869888	1.0	0.9355726222546275	768224.3329033689
EVASNSELVQSSR	2	sp|P08779|K1C16_HUMAN	0.014869888	0.9933552810135716	0.8974648897339976	47.15508879298492
TAAENEFVTLKK	2	sp|P02538|K2C6A_HUMAN;sp|P04259|K2C6B_HUMAN;sp|P12035|K2C3_HUMAN;sp|P48668|K2C6C_HUMAN	0.014869888	0.9933552810135716	0.9773035904764753	36062.03550689119
IQSSHNFQLESVNK	2	sp|Q8NBJ4|GOLM1_HUMAN	0.014869888	0.9728591838590949	0.8647962363621973	29781.68964468436
VTNDGSLTSLK	2	sp|P23467|PTPRB_HUMAN	0.014869888	0.9933552810135716	0.8079353666232226	207.1929918200492
SGAEEQGPIDGPSK	2	sp|O43493|TGON2_HUMAN	0.014869888	0.9933552810135716	0.9271907275167642	8684.392828746642
NHNALLASLTTQK	2	sp|O75882|ATRN_HUMAN	0.014869888	0.9866190731264982	0.9631614017330583	477403.03325106896
VQLTGEPVPMAR	2	sp|P15151|PVR_HUMAN	0.014869888	1.0	0.940693513578843	68162.95037003918
VLSYVDWIK	2	sp|Q9NZP8|C1RL_HUMAN	0.014869888	0.9933552810135716	0.8886570272848131	3089.7840234196706
TTPPVLDSDGSFFLYSK	2	sp|P01857|IGHG1_HUMAN;sp|P0DOX5|IGG1_HUMAN	0.014869888	1.0	0.9355262171394362	42005.209265294136
SQYEQLAEQNR	2	sp|P13645|K1C10_HUMAN	0.014869888	0.9933552810135716	0.9277041480874746	14510.551526569523
IGPDNLPYVQILK	2	sp|P11362|FGFR1_HUMAN	0.014869888	0.9866190731264982	0.9322568497554582	160549.52772223201
AVLDVFEEGTEASAATAVK	2	sp|P01011|AACT_HUMAN	0.014869888	1.0	0.8753578870736141	2497504.626959895
NWGLSFYADKPETTK	2	sp|P19652|A1AG2_HUMAN	0.014869888	0.9728591838590949	0.9481910666206324	143590.73383277317
SPELQAEAKSYFEK	2	sp|P02652|APOA2_HUMAN	0.014869888	0.9728591838590949	0.9629404011960397	174531.6319848204
AFLEVNEEGSEAAASTAVVIAGR	4	sp|P01008|ANT3_HUMAN	0.02078522	0.9134157281067091	0.702695457303264	2772.973758852737
GEC[+57.021465]QAEGVLFFQGDR	2	sp|P02790|HEMO_HUMAN	0.014869888	0.9728591838590949	0.9763910929346346	141386.8435788326
ELELQIGNALFIGK	2	sp|P05543|THBG_HUMAN	0.014869888	1.0	0.9473269488339897	1980075.8101062623
SLSGTAFGGFLMFK	2	sp|Q9H8L6|MMRN2_HUMAN	0.014869888	1.0	0.9155262800038262	173062.74401674932
TRMEPFHFK	3	sp|P05155|IC1_HUMAN	0.02078522	1.0	0.9513734040352597	296064.0078488597
AIPVTQYLK	2	sp|P43652|AFAM_HUMAN	0.014869888	1.0	0.9864644041899303	141907.43382574653
GPSVFPLAPC[+57.021465]SR	2	sp|P01859|IGHG2_HUMAN;sp|P01860|IGHG3_HUMAN;sp|P01861|IGHG4_HUMAN	0.014869888	1.0	0.953130012113882	62671.29628197838
YYC[+57.021465]FQGNQFLR	2	sp|P02790|HEMO_HUMAN	0.014869888	1.0	0.9743616999122164	1619944.1239540586
DTVFALVNYIFFK	2	sp|P01009|A1AT_HUMAN	0.014869888	1.0	0.9645449569529513	1069432.7476356833
HSAQPWADFTLLGAR	2	sp|Q8IYS5|OSCAR_HUMAN	0.03262092	1.0	0.9518095455537898	114570.35660620674
IEISELNR	1	sp|P04264|K2C1_HUMAN;sp|P35908|K22E_HUMAN	0.014869888	1.0	0.8893461718500861	20110.970471556364
TDASDVKPC[+57.021465]	2	sp|P02749|APOH_HUMAN	0.014869888	0.9866190731264982	0.8123654249631317	445.7021906270067
VTTSQDMLSIMEK	2	sp|P05155|IC1_HUMAN	0.014869888	0.9866190731264982	0.9756369737750311	237585.89190659684
DALSSVQESQVAQQAR	2	sp|P02656|APOC3_HUMAN	0.014869888	0.9728591838590949	0.9368925841093712	59609.2103181036
GQYDEEEMTMQQAK	2	sp|P32926|DSG3_HUMAN	0.015795868	0.9514467542496609	0.9198034342447151	3310.8282521526344
QFTSSTSYNR	2	sp|P02671|FIBA_HUMAN	0.014869888	0.9933552810135716	0.9733379639585935	80261.29405973949
TDTSHHDQDHPTFNK	2	sp|P01009|A1AT_HUMAN	0.014869888	0.9797881705057813	0.7661551004863969	322.9611456189039
LALDIEIATYR	2	sp|P05787|K2C8_HUMAN;sp|P08729|K2C7_HUMAN;sp|P14136|GFAP_HUMAN;sp|P19013|K2C4_HUMAN;sp|Q6KB66|K2C80_HUMAN	0.014869888	1.0	0.9108365381214648	131393.24185004501
WQQGNVFSC[+57.021465]SVMHEALHNHYTQK	3	sp|P01857|IGHG1_HUMAN;sp|P01859|IGHG2_HUMAN;sp|P0DOX5|IGG1_HUMAN	0.014869888	0.9658285256870233	0.8788055920312057	4957.535902056653
YPPTVSMVEGQGEK	3	sp|P27918|PROP_HUMAN	0.02078522	0.9134157281067091	0.7676656697369408	447.32416915176054
ATLLEEQLPLGK	2	sp|Q9BQ51|PD1L2_HUMAN	0.014869888	1.0	0.8294811425684941	27943.408601906434
DEELSC[+57.021465]TVVELK	3	sp|P01011|AACT_HUMAN	0.017899761	0.9366095275687156	0.8667622376983898	2998.50677312094
ASSIIDELFQDR	2	sp|P10909|CLUS_HUMAN	0.014869888	0.9933552810135716	0.9491621948667514	202139.7931663181
ETC[+57.021465]FAEEGKK	3	sp|P02768|ALBU_HUMAN	0.014869888	0.9933552810135716	0.7656940957345859	904.9398975031295
LVVQSSIDSSAFK	2	sp|P10721|KIT_HUMAN	0.014869888	1.0	0.9694080347431459	75394.25491683515
SYSC[+57.021465]QVTHEGSTVEK	2	sp|B9A064|IGLL5_HUMAN;sp|P0CF74|IGLC6_HUMAN;sp|P0CG04|IGLC1_HUMAN;sp|P0DOX8|IGL1_HUMAN;sp|P0DOY2|IGLC2_HUMAN;sp|P0DOY3|IGLC3_HUMAN	0.014869888	1.0	0.9492373815962265	1264139.725531533
FMPLSDVLYGR	2	sp|Q10588|BST1_HUMAN	0.014869888	1.0	0.9761222064232342	15574.478302961063
FTDSENVC[+57.021465]QER	2	sp|P43652|AFAM_HUMAN	0.014869888	0.9933552810135716	0.8857577026462747	4307.459410035985
FSISATYDLGATLLK	2	sp|P05543|THBG_HUMAN	0.015795868	0.9514467542496609	0.9794667744795641	85139.95737033524
GFGGLTGQIVAALSTAK	2	sp|Q92954|PRG4_HUMAN	0.014869888	1.0	0.9415858401981512	3968710.686799494
NWGLSVYADKPETTK	4	sp|P02763|A1AG1_HUMAN	0.014869888	1.0	0.9610481486432016	483205.2706306363
SASNMAIVDVK	2	sp|P01023|A2MG_HUMAN	0.017899761	0.9366095275687156	0.8909215801329237	5521.473232944226
QLVEIEK	2	sp|P00738|HPT_HUMAN;sp|P00739|HPTR_HUMAN	0.014869888	0.9728591838590949	0.9582531608059677	66705.74141313105
GGEDAAVQEPR	2	sp|Q9HBR0|S38AA_HUMAN	0.014869888	0.9933552810135716	0.9143175463171512	60.64674347050866
EWFWDLATGTMK	2	sp|P02790|HEMO_HUMAN	0.014869888	0.9866190731264982	0.8719035912302532	19868.416410191458
REPAVGEPAEVTTTVLVR	3	sp|P05362|ICAM1_HUMAN	0.014869888	1.0	0.8874635471193684	51018.3925769518
LTPTLYVGK	2	sp|O75460|ERN1_HUMAN	0.014869888	0.9866190731264982	0.8920348586716258	5281.888129163524
AQVSPTASDMLHMR	2	sp|Q6UXB8|PI16_HUMAN	0.014869888	1.0	0.9460037723615038	233794.995101717
EMEDTLNHLK	2	sp|P17936|IBP3_HUMAN	0.017899761	1.0	0.9178101490845116	208101.54118641256
DAVEDLESVGK	3	sp|P81605|DCD_HUMAN	0.025	0.8258516653955662	0.887423297733161	12694.767200622182
DYQELMNTK	2	sp|P04264|K2C1_HUMAN	0.014869888	1.0	0.9678464654618121	191335.9441516854
SETEIHQGFQHLHQLFAK	5	sp|P08185|CBG_HUMAN	0.014869888	1.0	0.9106160256853574	5271945.151628848
LMVELHNLYR	2	sp|Q6UXB8|PI16_HUMAN	0.014869888	1.0	0.9429031417280401	38777.09431819458
FKLDDDLEHQGGHVLDHGHK	3	sp|P01042|KNG1_HUMAN	0.014869888	0.9797881705057813	0.872405226451425	11249.169244448804
GSC[+57.021465]GIGGGIGGGSSR	2	sp|P02533|K1C14_HUMAN;sp|P08779|K1C16_HUMAN	0.014869888	1.0	0.9552795701334307	18430.092641700146
ITC[+57.021465]TEEGWSPTPK	2	sp|Q03591|FHR1_HUMAN;sp|Q9BXR6|FHR5_HUMAN	0.014869888	0.9866190731264982	0.832591868606488	1799.9405473822383
YDVDTQMWTILK	3	sp|O75882|ATRN_HUMAN	0.02078522	0.9134157281067091	0.9658424362416016	3211.2454366480297
DLWVNIDQMEK	2	sp|Q6UX71|PXDC2_HUMAN	0.014869888	0.9933552810135716	0.9438124382703487	24368.005547790985
TGLFQDVGPQR	2	sp|Q86SQ4|AGRG6_HUMAN	0.014869888	1.0	0.8311316695804393	12254.684564591396
VTATGFQQC[+57.021465]SLIDGR	2	sp|Q8NFT8|DNER_HUMAN	0.014869888	1.0	0.7513469576527917	32478.193530238805
SFMLLILER	2	sp|P05543|THBG_HUMAN	0.014869888	0.9866190731264982	0.976408344513927	165628.49426264918
LLDSLPSDTR	2	sp|P05155|IC1_HUMAN	0.014869888	1.0	0.9667063305239406	136560.62695505843
TNLESILSYPK	2	sp|P05155|IC1_HUMAN	0.014869888	1.0	0.9841961304039016	226990.4845438973
YVMLPVADQDQC[+57.021465]IR	3	sp|P00738|HPT_HUMAN	0.014869888	1.0	0.8613375454126452	57040.93929879025
ALYVHGGYK	2	sp|O75882|ATRN_HUMAN	0.014869888	1.0	0.9719125670191152	684646.9902723168
DWHGVPGQVDAAMAGR	2	sp|P04004|VTNC_HUMAN	0.014869888	1.0	0.9497863106008106	845479.4995765241
AVVFLEPQWYR	3	sp|P08637|FCG3A_HUMAN	0.014869888	0.9933552810135716	0.8567770809817628	8352.203606090741
MSSINADFAFNLYR	3	sp|P05543|THBG_HUMAN	0.02078522	0.9054124614333342	0.7749583246468333	1833.9417134573705
WNDDAC[+57.021465]HK	2	sp|P14151|LYAM1_HUMAN	0.014869888	0.9866190731264982	0.8855144177744524	8955.83186855798
NYSPYYNTIDDLK	2	sp|P35527|K1C9_HUMAN	0.014869888	0.9797881705057813	0.9664512892716427	37887.09166307996
VGYVSGWGQSDNFK	2	sp|P00739|HPTR_HUMAN	0.014869888	0.9797881705057813	0.9858171779206281	24221.35788651188
TEGDGVYTLNDKK	3	sp|P00738|HPT_HUMAN;sp|P00739|HPTR_HUMAN	0.014869888	1.0	0.9771709221651085	99362.51445744977
NLDLDSIIAEVK	3	sp|O95678|K2C75_HUMAN;sp|P02538|K2C6A_HUMAN;sp|P04259|K2C6B_HUMAN;sp|P13647|K2C5_HUMAN;sp|P35908|K22E_HUMAN;sp|P48668|K2C6C_HUMAN;sp|Q5XKE5|K2C79_HUMAN	0.014869888	1.0	0.7574812660369732	26197.342833832045
LLGIETPLPK	2	sp|P05362|ICAM1_HUMAN	0.02078522	0.9134157281067091	0.9073175493215642	3358.8933931173497
GILTVDELLAIR	2	sp|P13473|LAMP2_HUMAN	0.014869888	1.0	0.9736812051167532	7207.409148246686
SYQDFFEAIR	2	sp|P18850|ATF6A_HUMAN	0.014869888	1.0	0.7985068582015091	10507.101353753511
IIYFDQILVNVGNFFTLESVFVAPR	4	sp|Q9NTU7|CBLN4_HUMAN	0.014869888	1.0	0.9658936395527563	553577.5306427452
AIGPSQTHTIR	2	sp|Q92954|PRG4_HUMAN	0.014869888	0.9933552810135716	0.9661529288169658	38609.883152402
EPFLSC[+57.021465]C[+57.021465]QFAESLR	2	sp|P0C0L4|CO4A_HUMAN;sp|P0C0L5|CO4B_HUMAN	0.014869888	0.9728591838590949	0.9143659041701799	18018.8648804553
TSDQIHFFFAK	2	sp|P01008|ANT3_HUMAN	0.014869888	0.9933552810135716	0.9485471513995504	333117.2920728584
GWVTDGFSSLK	2	sp|P02656|APOC3_HUMAN	0.014869888	0.9933552810135716	0.9499049163856936	1409715.803300799
LHMLQISYFR	2	sp|Q9UNN8|EPCR_HUMAN	0.014869888	1.0	0.9794070417816839	62325.426341162995
EPC[+57.021465]VESLVSQYFQTVTDYGK	3	sp|P02652|APOA2_HUMAN	0.014869888	0.9797881705057813	0.7289754770318401	7074.38053776205
YTIAALLSPYSYSTTAVVTNPK	3	sp|P02766|TTHY_HUMAN	0.014869888	0.9797881705057813	0.9743172193953408	746545.9110951682
SLDLDSIIAEVK	2	sp|P04264|K2C1_HUMAN	0.014869888	1.0	0.9060698642113273	8605.152168867078
EHAVEGDC[+57.021465]DFQLLK	2	sp|P02765|FETUA_HUMAN	0.014869888	1.0	0.9103065931174268	616927.8162075216
TLMFGSYLDDEK	2	sp|P19652|A1AG2_HUMAN	0.014869888	0.9866190731264982	0.964839034647174	479611.6823475379
FNQPFIIM[+15.994915]IFDHFTWSSLFLAR	3	sp|P08185|CBG_HUMAN	0.014869888	0.9658285256870233	0.9269492751303666	37897.647903925856
RYTIAALLSPYSYSTTAVVTNPK	4	sp|P02766|TTHY_HUMAN	0.014869888	0.9728591838590949	0.9407798373047294	518319.68765224435
SPLFMGK	2	sp|P01009|A1AT_HUMAN	0.014869888	0.9728591838590949	0.9488804996009186	188491.20652250884
FNWYVDGVEVHNAK	3	sp|P01857|IGHG1_HUMAN;sp|P0DOX5|IGG1_HUMAN	0.014869888	1.0	0.9478634713985691	357323.3031060023
KGEVLPLPEANFPSFPLPHHK	4	sp|P04196|HRG_HUMAN	0.014869888	0.9933552810135716	0.9566088716587314	369832.6010397895
YVGGQEHFAHLLILRDTK	4	sp|P02763|A1AG1_HUMAN	0.014869888	0.9933552810135716	0.8192839560353071	13503.541153009435
GDSVVYGLR	2	sp|P10451|OSTP_HUMAN	0.028280543	1.0	0.9220454019378811	151809.9632870471
VDLLNQEIEFLK	2	sp|P35908|K22E_HUMAN	0.014869888	1.0	0.9411334751058457	115278.97127572785
YPIVSPR	2	sp|P16112|PGCA_HUMAN	0.014869888	1.0	0.9641649039589482	35636.149034851675
TKYEHELALR	3	sp|P08779|K1C16_HUMAN	0.014869888	0.9728591838590949	0.9082243301673213	16250.00431985415
GDTFSC[+57.021465]MVGHEALPLAFTQK	4	sp|P01876|IGHA1_HUMAN	0.014869888	1.0	0.7113659697260306	12043.429930553208
DYWSTVK	2	sp|P02656|APOC3_HUMAN	0.014869888	0.9658285256870233	0.9739881358693858	407170.8216072395
IIYFDQILVNVGNFFTLESVFVAPR	3	sp|Q9NTU7|CBLN4_HUMAN	0.014869888	1.0	0.8717664922824465	268063.76818427996
KAADDTWEPFASGK	2	sp|P02766|TTHY_HUMAN	0.014869888	1.0	0.9229723339878928	305588.9570070017
VTSIQDWVQK	2	sp|P00738|HPT_HUMAN	0.014869888	0.9933552810135716	0.9547857334680956	157967.8773723405
LQHLENELTHDIITK	2	sp|P01009|A1AT_HUMAN	0.014869888	0.9658285256870233	0.9443125713704332	715202.5661949067
GLASANVDFAFSLYK	3	sp|P08185|CBG_HUMAN	0.025	0.8058999028144878	0.7431840177831495	633.8457570850703
QNC[+57.021465]ELFEQLGEYK	2	sp|P02768|ALBU_HUMAN	0.014869888	1.0	0.8305505314515353	746401.9439103083
YTIAALLSPYSYSTTAVVTNPK	4	sp|P02766|TTHY_HUMAN	0.014869888	0.9797881705057813	0.9319592475957674	14816.637231717452
IC[+57.021465]LDLQAPLYK	3	sp|P02776|PLF4_HUMAN	0.014869888	1.0	0.8528048303262227	8215.52291650452
TPSSTGPSPVFDIK	2	sp|Q12913|PTPRJ_HUMAN	0.014869888	1.0	0.920235001989696	587985.2566813218
YSLTYIYTGLSK	2	sp|P25311|ZA2G_HUMAN	0.014869888	0.9933552810135716	0.9696023215393809	27492.446799269517
FEMEQNLR	2	sp|P35527|K1C9_HUMAN	0.014869888	1.0	0.8837059995124664	37995.604703514364
QGHNSVFLIK	3	sp|P02790|HEMO_HUMAN	0.014869888	1.0	0.9443153578066315	2310710.129385421
EIPVLVTQISSTNHPVK	3	sp|Q6UX71|PXDC2_HUMAN	0.014869888	1.0	0.9788100573791663	9646.099600840564
NTWSILHTQGALVQGGYGHSSVYDHR	3	sp|O75882|ATRN_HUMAN	0.014869888	0.9658285256870233	0.9576939695350348	582889.5064574121
AEAESWYQTK	2	sp|O95678|K2C75_HUMAN;sp|P02538|K2C6A_HUMAN;sp|P04259|K2C6B_HUMAN;sp|P48668|K2C6C_HUMAN	0.014869888	0.9933552810135716	0.972265669883606	59939.688025283605
SASLHLPK	2	sp|P01009|A1AT_HUMAN	0.014869888	1.0	0.9618699366151561	260036.9342907661
SDVM[+15.994915]YTDWKK	2	sp|P19652|A1AG2_HUMAN	0.014869888	1.0	0.9226139784953981	5217.18676942867
IAPQLSTEELVSLGEK	2	sp|P43652|AFAM_HUMAN	0.014869888	0.9728591838590949	0.9505202051636794	61352.956955927984
MEEVEAMLLPETLK	2	sp|P01011|AACT_HUMAN	0.014869888	1.0	0.9796220682202847	1656587.1653635122
FTVNNLAEPQK	2	sp|P12259|FA5_HUMAN	0.014869888	1.0	0.8866108859597515	5060.694496407778
IVDLFSGLDSPAILVLVNYIFFK	3	sp|P08185|CBG_HUMAN	0.014869888	1.0	0.9573184874045436	46666581.15158296
FRIEDGFSLK	2	sp|P01008|ANT3_HUMAN	0.014869888	1.0	0.9600201525039936	723473.0942635569
GDDITMVLILPKPEK	3	sp|P01008|ANT3_HUMAN	0.014869888	1.0	0.924701829691282	1153337.0369714587
GDTFSC[+57.021465]MVGHEALPLAFTQK	3	sp|P01876|IGHA1_HUMAN	0.014869888	1.0	0.9025093987819557	930973.023704331
LADQFLEEQK	2	sp|Q6P4E1|GOLM2_HUMAN	0.027149322	0.7266555365444503	0.7131115417792006	6549.281686867136
EHVAHLLFLRDTK	4	sp|P19652|A1AG2_HUMAN	0.014869888	1.0	0.96499122088232	1126888.671900075
AQWANPFDPSK	2	sp|P05543|THBG_HUMAN	0.014869888	1.0	0.9787832427627975	111917.34185079887
YIFSDDSSQLTIK	2	sp|P13591|NCAM1_HUMAN	0.014869888	1.0	0.8337895283653244	84904.35142748227
FNKPFVFLMIEQNTK	2	sp|P01009|A1AT_HUMAN	0.025	1.0	0.8789534857936924	88595.06390044614
GLPNVVTSAISLPNIR	3	sp|Q92954|PRG4_HUMAN	0.014869888	1.0	0.8732355835306929	2347442.2555674613
SDVVYTDWK	2	sp|P02763|A1AG1_HUMAN	0.014869888	1.0	0.9701854468559885	410115.01474822126
VELAPLPSWQPVGK	3	sp|P05362|ICAM1_HUMAN	0.02402746	0.8630568252698203	0.8096863812794712	4057.72415872532
WVQDYIK	2	sp|Q16627|CCL14_HUMAN	0.014869888	0.9866190731264982	0.9923388795598289	53607.73859786993
EVPLNTIIFM[+15.994915]GR	2	sp|P01008|ANT3_HUMAN	0.014869888	0.9933552810135716	0.8634195706892505	16639.78406978142
GWVDLFVPK	2	sp|P05543|THBG_HUMAN	0.014869888	1.0	0.9481495973760059	1048198.2466849774
FLEDVKK	2	sp|P01009|A1AT_HUMAN	0.014869888	1.0	0.9820326821694416	708244.2520274674
QDQC[+57.021465]IYNTTYLNVQR	2	sp|P02763|A1AG1_HUMAN	0.014869888	1.0	0.8935339716111008	472900.9900815218
YAASSYLSLTPEQWK	2	sp|A0M8Q6|IGLC7_HUMAN;sp|B9A064|IGLL5_HUMAN;sp|P0CF74|IGLC6_HUMAN;sp|P0CG04|IGLC1_HUMAN;sp|P0DOX8|IGL1_HUMAN;sp|P0DOY2|IGLC2_HUMAN;sp|P0DOY3|IGLC3_HUMAN	0.014869888	0.9728591838590949	0.9497088688486456	750658.2211202584
TC[+57.021465]PKPDDLPFSTVVPLK	2	sp|P02749|APOH_HUMAN	0.014869888	1.0	0.9418275011371187	6492289.101649339
LSSWVLLM[+15.994915]K	2	sp|P01009|A1AT_HUMAN	0.014869888	1.0	0.8884962220369268	137121.03868558537
SSEDPNEDIVER	2	sp|P01591|IGJ_HUMAN	0.014869888	0.9933552810135716	0.9720114901937812	2669.284062900619
VILPQTSDAYQVSVAK	2	sp|Q86SQ4|AGRG6_HUMAN	0.014869888	0.9728591838590949	0.9172103411308035	29652.638375921375
ELTPEVLQEWLDELEEMMLVVHMPR	4	sp|P01008|ANT3_HUMAN	0.014869888	0.9866190731264982	0.9349906870420289	27488.428786728997
TMLLQPAGSLGSYSYR	3	sp|P41222|PTGDS_HUMAN	0.014869888	0.9728591838590949	0.9614269849142041	8023.568913117369
EFTFTDLVPGR	2	sp|P23467|PTPRB_HUMAN	0.014869888	1.0	0.8692544103493741	3482.684802925968
LLDNWDSVTSTFSK	2	sp|P02647|APOA1_HUMAN	0.014869888	0.9797881705057813	0.9229568717107354	43990.29319610687
AVSISPTNVILTWK	3	sp|Q12913|PTPRJ_HUMAN	0.017899761	0.9440873193926883	0.813535865430246	11552.191036719838
ANQQLNFTEAK	2	sp|Q9Y5Y7|LYVE1_HUMAN	0.014869888	1.0	0.9608614913758868	7082.989255397932
YVGGQEHFAHLLILR	2	sp|P02763|A1AG1_HUMAN	0.014869888	0.9728591838590949	0.9380133595002146	571886.0770457782
TFYEPGEEITYSC[+57.021465]KPGYVSR	3	sp|P02749|APOH_HUMAN	0.014869888	1.0	0.9836080746052779	191879.1533863668
NKEDC[+57.021465]VEIYIK	3	sp|P14151|LYAM1_HUMAN	0.017899761	0.9366095275687156	0.9206541350715635	9881.859254481824
EHVAHLLFLRDTK	3	sp|P19652|A1AG2_HUMAN	0.014869888	1.0	0.9109902998263691	312765.035245411
RLGMFNIQHC[+57.021465]K	2	sp|P01009|A1AT_HUMAN	0.014869888	0.9933552810135716	0.9856066970890435	770.5768607599567
SAGSVESPSVSSTHR	3	sp|P17936|IBP3_HUMAN	0.014869888	0.9866190731264982	0.9626849229917852	18255.84839815955
NSLYLQMNSLR	2	sp|A0A0B4J1V1|HV321_HUMAN;sp|A0A0B4J1X8|HV343_HUMAN;sp|A0A0C4DH32|HV320_HUMAN;sp|P01762|HV311_HUMAN;sp|P01763|HV348_HUMAN;sp|P01766|HV313_HUMAN;sp|P01780|HV307_HUMAN;sp|P01782|HV309_HUMAN;sp|P0DP04|HV43D_HUMAN	0.014869888	0.9933552810135716	0.9688012737270872	39638.20038437664
IPKSDVVYTDWK	2	sp|P02763|A1AG1_HUMAN	0.014869888	1.0	0.9271066513141623	267680.6915108006
KATVVYQGER	2	sp|P02749|APOH_HUMAN	0.014869888	1.0	0.995406884019052	46464.53926857484
QGLLPVLESFK	2	sp|P02647|APOA1_HUMAN	0.014869888	1.0	0.9678489524028225	392748.95932312874
MREWFSETFQK	2	sp|P02654|APOC1_HUMAN	0.014869888	1.0	0.9755199938746565	568821.3875287446
AREDIFMETLK	3	sp|P25311|ZA2G_HUMAN	0.014869888	0.9797881705057813	0.9373967012890778	27524.279121115163
LQGEIAHVK	2	sp|P35908|K22E_HUMAN	0.014869888	0.9866190731264982	0.7053983341229841	1505.0436759393817
TYFPHFDLSHGSAQVK	4	sp|P69905|HBA_HUMAN	0.014869888	0.9797881705057813	0.9493126822672271	340534.25873041543
GGEGTGYFVDFSVR	2	sp|P04196|HRG_HUMAN	0.014869888	1.0	0.8973124677335896	248810.82222096957
AGALQLLLVGDK	2	sp|P55058|PLTP_HUMAN	0.014869888	0.9933552810135716	0.9508239186004472	34957.86594434261
DTEEEDFHVDQVTTVK	2	sp|P01009|A1AT_HUMAN	0.014869888	1.0	0.9146387584977305	26797816.21495973
TLLVFEVQQPFLFVLWDQQHKFPVFMGR	6	sp|P05155|IC1_HUMAN	0.014869888	1.0	0.7603193925206253	57320.92138604546
ATVVYQGER	2	sp|P02749|APOH_HUMAN	0.014869888	0.9866190731264982	0.9982548077321473	31848.962530097466
YNSQNQSNNQFVLYR	2	sp|P01042|KNG1_HUMAN	0.014869888	0.9658285256870233	0.7810600102812791	400650.7840462794
IDSLLENDR	2	sp|P10909|CLUS_HUMAN	0.014869888	1.0	0.9310437363433661	400800.0775028299
DYVSQFEGSALGK	2	sp|P02647|APOA1_HUMAN	0.014869888	0.9933552810135716	0.9255253477534563	52804.29458742025
TM[+15.994915]LLQPAGSLGSYSYR	2	sp|P41222|PTGDS_HUMAN	0.014869888	0.9728591838590949	0.9357786933699852	10511.97313984252
HPDEAAFFDTASTGK	2	sp|P02671|FIBA_HUMAN	0.014869888	0.9797881705057813	0.9290264420064351	32623.183640114363
EHVAHLLFLR	2	sp|P19652|A1AG2_HUMAN	0.014869888	1.0	0.941357503832144	3213797.304954508
SGFSSISVSR	2	sp|P04259|K2C6B_HUMAN;sp|P48668|K2C6C_HUMAN	0.014869888	1.0	0.9463959917532804	55424.29331522226
TVAAC[+57.021465]NLPIVR	3	sp|P02760|AMBP_HUMAN	0.014869888	0.9933552810135716	0.967882500713812	25084.783044826065
AEAESLYQSK	2	sp|P04264|K2C1_HUMAN	0.014869888	0.9866190731264982	0.9599381207732357	101417.8573021558
LLIYDNNK	2	sp|P01701|LV151_HUMAN	0.014869888	0.9866190731264982	0.9532575124996485	6283.3420147910465
DFVQPPTK	1	sp|P01042|KNG1_HUMAN	0.014869888	0.9797881705057813	0.9728905772627052	9673.507093277409
TYFPHFDLSHGSAQVK	3	sp|P69905|HBA_HUMAN	0.014869888	0.9797881705057813	0.7476041613086941	6961.065072857171
STAAMSTYTGIFTDQVLSVLK	3	sp|P02655|APOC2_HUMAN	0.014869888	1.0	0.9318816457458251	357645.78901346173
LWWLDLK	2	sp|P02790|HEMO_HUMAN	0.014869888	1.0	0.9715285743161612	707459.6768169
TLLDIDNTR	2	sp|P35527|K1C9_HUMAN	0.014869888	1.0	0.9054639478158022	135440.95459332757
DIPMNPMC[+57.021465]IYR	2	sp|P01008|ANT3_HUMAN	0.014869888	0.9933552810135716	0.9571495383956395	4558.109447216688
TEGDGVYTLNNEK	2	sp|P00738|HPT_HUMAN	0.014869888	1.0	0.9471314297669264	433102.3976879302
VPTVEPLDSLTLFLFR	2	sp|P13598|ICAM2_HUMAN	0.014869888	0.9658285256870233	0.9502604412844039	1019290.8882792216
AFLEVNEEGSEAAASTAVVIAGR	3	sp|P01008|ANT3_HUMAN	0.014869888	1.0	0.9134361381910078	1933962.2958321164
ITLLSALVETR	3	sp|P01011|AACT_HUMAN	0.014869888	0.9933552810135716	0.8393825806881111	12360.587405196919
ALGISPFHEHAEVVFTANDSGPR	5	sp|P02766|TTHY_HUMAN	0.014869888	1.0	0.9083040838310256	110111.43328451211
WLQDNAENVYVWK	3	sp|P07359|GP1BA_HUMAN	0.030439684	0.6411227749434683	6.4362351187486215	-0.9334688052589621
FDPVRGEVPPR	3	sp|P02790|HEMO_HUMAN	0.014869888	0.9728591838590949	0.9796539464118718	74552.58963754869
EISDGDVIISGNK	2	sp|P00533|EGFR_HUMAN	0.014869888	0.9933552810135716	0.7834069824872579	3874.6961074720134
QINSYVK	2	sp|P08185|CBG_HUMAN	0.014869888	1.0	0.7430310770160663	21056.89692193683
GSSSGGGYSSGSSSYGSGGR	2	sp|P35908|K22E_HUMAN	0.014869888	0.9728591838590949	0.9590356075636663	674.8220826558774
MADEAGSEADHEGTHSTK	3	sp|P02671|FIBA_HUMAN	0.014869888	1.0	0.9453573328648083	10550.615839719481
TLLVFEVQQPFLFVLWDQQHK	3	sp|P05155|IC1_HUMAN	0.014869888	0.9728591838590949	0.9372402867158846	110148.64309919668
FLSTLTIDGVTR	2	sp|P35968|VGFR2_HUMAN	0.01983664	0.9212790999005022	0.8868567370500477	25224.32371411006
ALNSIIDVYHK	3	sp|P05109|S10A8_HUMAN	0.018757327	0.9290085173289965	0.8685020574666042	2945.042199424034
ALGISPFHEHAEVVFTANDSGPRR	5	sp|P02766|TTHY_HUMAN	0.014869888	0.9866190731264982	0.8166056480731826	61163.90450302258
SLNNQFASFIDK	2	sp|P04264|K2C1_HUMAN	0.014869888	1.0	0.9556188959177733	890971.5671424844
AADDTWEPFASGK	2	sp|P02766|TTHY_HUMAN	0.014869888	0.9933552810135716	0.9559896524471807	80091.47504610383
FSSSSGYGGGSSR	2	sp|P35527|K1C9_HUMAN	0.014869888	1.0	0.9539593566391116	5823.374847588238
WSAGLTSSQVDLYIPK	4	sp|P08185|CBG_HUMAN	0.021914648	0.897262926642552	0.8254104455237582	4157.216655195796
LVLLNAIYLSAK	3	sp|P05155|IC1_HUMAN	0.014869888	1.0	0.9363554029770828	5892.791318234939
LYLVQGTQVYVFLTK	2	sp|P02790|HEMO_HUMAN	0.014869888	0.9658285256870233	0.9596807503796708	17265593.847406764
EQYAVVGHSAHIVTLK	2	sp|O75882|ATRN_HUMAN	0.014869888	1.0	0.8807835320004425	54325.50130305906
VNVDEVGGEALGR	2	sp|P68871|HBB_HUMAN	0.014869888	1.0	0.9600509377888857	3356.580815833105
LLGLSLAGK	1	sp|Q9Y5Y7|LYVE1_HUMAN	0.02402746	0.8718655118414741	0.9321715096974486	3373.6390868592525
NWGLSVYADKPETTK	3	sp|P02763|A1AG1_HUMAN	0.014869888	1.0	0.9610427651985493	987710.6228576035
GDPLGTEGGLDASNTER	2	sp|Q12913|PTPRJ_HUMAN	0.014869888	0.9728591838590949	0.9173360931706421	30133.231836460458
LLLGSNQNEIVSLK	2	sp|Q86SQ4|AGRG6_HUMAN	0.014869888	1.0	0.7859991219762213	196198.96304403245
GLYDVVSVLR	2	sp|O75144|ICOSL_HUMAN	0.014869888	0.9866190731264982	0.953435343928748	637556.9084109259
GSPAINVAVHVFRK	2	sp|P02766|TTHY_HUMAN	0.014869888	0.9866190731264982	0.8432884629717913	2465.9440833098306
ETPAATEAPSSTPK	2	sp|P80723|BASP1_HUMAN	0.014869888	0.9933552810135716	0.9416789680403621	13442.532215890575
AVLHIGEK	2	sp|P05543|THBG_HUMAN	0.014869888	1.0	0.9809896079415292	520595.5813674699
TDTSHHDQDHPTFNK	4	sp|P01009|A1AT_HUMAN	0.014869888	0.9797881705057813	0.9345241811463169	2521.92908598879
LYHSEAFTVNFGDTEEAKK	3	sp|P01009|A1AT_HUMAN	0.014869888	1.0	0.9027368896372484	256410.17156423186
FAGVFHVEK	2	sp|P16070|CD44_HUMAN	0.014869888	1.0	0.9581634745337885	81955.49875651415
GPALTTPK	2	sp|Q92954|PRG4_HUMAN	0.014869888	0.9728591838590949	0.9740887540396908	12125.899909578395
VTMQNLNDR	2	sp|P02533|K1C14_HUMAN;sp|P08779|K1C16_HUMAN;sp|P13645|K1C10_HUMAN;sp|Q7Z3Y7|K1C28_HUMAN;sp|Q7Z3Y8|K1C27_HUMAN;sp|Q7Z3Y9|K1C26_HUMAN;sp|Q7Z3Z0|K1C25_HUMAN	0.014869888	1.0	0.9599965939221572	250521.80485456716
DYFMPC[+57.021465]PGR	2	sp|P02790|HEMO_HUMAN	0.014869888	1.0	0.9565804485697524	10325738.232074196
VEIDTKSYWK	2	sp|P02766|TTHY_HUMAN	0.014869888	1.0	0.9643096647108175	26203.951630491392
ANRPFLVFIR	3	sp|P01008|ANT3_HUMAN	0.014869888	0.9728591838590949	0.8712649233671429	17495.401194735816
FLASVSTVLTSK	2	sp|P69905|HBA_HUMAN	0.014869888	1.0	0.978691018827299	45450.91024592857
GLGELQELYLK	2	sp|P07359|GP1BA_HUMAN	0.014869888	1.0	0.9414828130055192	105653.5169626101
FKLDDDLEHQGGHVLDHGHK	6	sp|P01042|KNG1_HUMAN	0.014869888	0.9797881705057813	0.8954900241566844	29437.905692064458
LPTDSELAPR	2	sp|P49908|SEPP1_HUMAN	0.014869888	1.0	0.9214058337255709	31082.89719633721
GTHC[+57.021465]NQVEVIATLK	2	sp|P02775|CXCL7_HUMAN	0.014869888	0.9797881705057813	0.9722450545557048	131491.8377760404
SDVVYTDWKKDK	2	sp|P02763|A1AG1_HUMAN	0.014869888	0.9866190731264982	0.9657912912901677	9644.698400623505
GLGEISAASEFK	2	sp|P13591|NCAM1_HUMAN	0.014869888	0.9933552810135716	0.9493302894347797	13540.88527437679
AVMDDFAAFVEK	3	sp|P02768|ALBU_HUMAN	0.014869888	0.9797881705057813	0.8300324487116612	25748.954117411722
EESLDSDLYAELR	2	sp|P02775|CXCL7_HUMAN	0.014869888	0.9866190731264982	0.9040996011771709	39757.024475854574
QISNLQQSISDAEQR	2	sp|P04264|K2C1_HUMAN	0.014869888	0.9728591838590949	0.9502788329684181	246724.50966544342
VIVVSMNYR	2	sp|P06276|CHLE_HUMAN	0.014869888	1.0	0.9738351562569866	190511.02524173932
LNDLEEALQQAK	2	sp|P35908|K22E_HUMAN	0.014869888	0.9933552810135716	0.9283890293479765	16459.89063059077
MTVTDQVNC[+57.021465]PK	2	sp|P05090|APOD_HUMAN	0.014869888	1.0	0.9564461675229119	54156.75230797467
VVAGVANALAHK	3	sp|P02042|HBD_HUMAN;sp|P68871|HBB_HUMAN	0.014869888	1.0	0.9515888212624067	49603.53881993869
DGYLFQLLR	2	sp|P04196|HRG_HUMAN	0.014869888	0.9933552810135716	0.9584977620758874	8213.464236398426
ESLLNHFLYEVAR	2	sp|P43652|AFAM_HUMAN	0.014869888	1.0	0.8221704835405635	84117.50128393075
NFPSPVDAAFR	2	sp|P02790|HEMO_HUMAN	0.014869888	1.0	0.9736204210948619	144079.9188485773
GVTSVSQIFHSPDLAIR	2	sp|P05155|IC1_HUMAN	0.015795868	0.9514467542496609	0.867998930155308	3521.095733105358
AVLTIDEK	2	sp|P01009|A1AT_HUMAN	0.014869888	0.9658285256870233	0.9633066186799626	2362163.6369163985
RYTIAALLSPYSYSTTAVVTNPKE	4	sp|P02766|TTHY_HUMAN	0.014869888	1.0	0.9383031055171449	1388395.7756210584
TWQDC[+57.021465]EYK	2	sp|P01042|KNG1_HUMAN	0.014869888	0.9933552810135716	0.9748136457184785	3142.3840022063946
DQYYNIDVPSR	3	sp|Q92954|PRG4_HUMAN	0.014869888	0.9933552810135716	0.8471830319421285	19154.55892509714
GFMQTYYDDHLR	3	sp|P55056|APOC4_HUMAN	0.014869888	0.9797881705057813	0.8205529985001464	8872.515727239332
C[+57.021465]TWLIEGQPNR	2	sp|O75882|ATRN_HUMAN	0.014869888	0.9933552810135716	0.9656493973006806	31220.58992664764
VTMTTDTSTSTAYMELR	2	sp|A0A0C4DH31|HV118_HUMAN	0.014869888	1.0	0.7785575737702812	66153.87865102824
STSESTAALGC[+57.021465]LVK	2	sp|P01859|IGHG2_HUMAN;sp|P01861|IGHG4_HUMAN	0.014869888	0.9866190731264982	0.9068972796078172	21886.550189708265
VADALTNAVAHVDDMPNALSALSDLHAHK	5	sp|P69905|HBA_HUMAN	0.014869888	0.9933552810135716	0.9793298019989558	125007.94029854849
VFSNGADLSGVTEEAPLK	3	sp|P01009|A1AT_HUMAN	0.014869888	1.0	0.9862110550021516	318212.58140333835
EQLTPLIK	1	sp|P02652|APOA2_HUMAN	0.017899761	0.9440873193926883	0.7116008541215472	1886.3282755902915
SGIIFAGHDK	2	sp|Q13449|LSAMP_HUMAN	0.014869888	0.9866190731264982	0.8953674871702543	14415.095896701523
ADLFYDVEALDLESPK	3	sp|P04196|HRG_HUMAN	0.014869888	1.0	0.9215543049408322	552951.2210837196
SGYFLSISDSK	2	sp|Q86SQ4|AGRG6_HUMAN	0.014869888	0.9933552810135716	0.9040982563499741	15322.18801898574
SKEQLTPLIK	3	sp|P02652|APOA2_HUMAN	0.014869888	1.0	0.9037597653889573	29584.0366921623
GLGVGFGSGGGSSSSVK	2	sp|P13647|K2C5_HUMAN	0.014869888	1.0	0.9009127336217669	96967.69187459795
GDSVVYGLR	1	sp|P10451|OSTP_HUMAN	0.014869888	1.0	0.8626146135423769	18139.348177124957
LRTEGDGVYTLNNEK	2	sp|P00738|HPT_HUMAN	0.014869888	1.0	0.9150836433131417	874948.445092717
GPPFSSSQSIPVVPR	2	sp|Q8IZP9|AGRG2_HUMAN	0.014869888	0.9797881705057813	0.778676715773386	21415.30733070101
SEAAC[+57.021465]LAAGPGIR	2	sp|O75882|ATRN_HUMAN	0.014869888	1.0	0.9684557590676767	10991.350414407298
TVESITDIR	2	sp|P11279|LAMP1_HUMAN	0.014869888	1.0	0.9753846032451741	134213.49895939685
FATTFYQHLADSK	2	sp|P01008|ANT3_HUMAN	0.014869888	0.9866190731264982	0.9372308012844496	2512.483469525619
ATLVC[+57.021465]LISDFYPGAVTVAWK	3	sp|B9A064|IGLL5_HUMAN;sp|P0CG04|IGLC1_HUMAN;sp|P0DOX8|IGL1_HUMAN;sp|P0DOY2|IGLC2_HUMAN;sp|P0DOY3|IGLC3_HUMAN	0.014869888	1.0	0.9188333525952455	44143.89987532717
QQDVLGFLEANK	2	sp|O75368|SH3L1_HUMAN	0.014869888	0.9933552810135716	0.9815359515491582	26677.46502437398
LYGSEAFATDFQDSAAAK	2	sp|P01011|AACT_HUMAN	0.014869888	1.0	0.8543014542795692	1741104.6728443238
DTATLSWGLPK	2	sp|O00533|NCHL1_HUMAN	0.014869888	0.9933552810135716	0.8175329493647342	40921.47497797997
GTQEQDFYVTSETVVR	2	sp|P05154|IPSP_HUMAN	0.014869888	0.9658285256870233	0.845663195880516	5038.642782536129
EQLGEFYEALDC[+57.021465]LR	2	sp|P02763|A1AG1_HUMAN	0.014869888	0.9728591838590949	0.9384669285358238	3581268.4524666197
LEDMEQALSPSVFK	3	sp|P05155|IC1_HUMAN	0.014869888	0.9797881705057813	0.8677423072420823	11606.169334806134
YLDFVFAVK	2	sp|P13473|LAMP2_HUMAN	0.014869888	1.0	0.841132819121115	69026.0888196294
EDC[+57.021465]VEIYIK	2	sp|P14151|LYAM1_HUMAN	0.014869888	1.0	0.9942351180836281	357725.36336351826
VLDAVRGSPAINVAVHVFR	3	sp|P02766|TTHY_HUMAN	0.014869888	0.9933552810135716	0.9371119649088576	112026.79325850483
EPQVYTLPPSR	3	sp|P01857|IGHG1_HUMAN;sp|P01859|IGHG2_HUMAN;sp|P01860|IGHG3_HUMAN;sp|P0DOX5|IGG1_HUMAN	0.014869888	1.0	0.8827640132954303	510.8125640164459
ITPNLAEFAFSLYR	2	sp|P01009|A1AT_HUMAN	0.014869888	1.0	0.9511514272572372	6878565.081814766
ALDLINKR	2	sp|P04196|HRG_HUMAN	0.014869888	0.9797881705057813	0.9377662175979029	55372.41802842653
NSVIKVPMMNSK	3	sp|P05155|IC1_HUMAN	0.014869888	0.9933552810135716	0.992312088736509	439307.79423574766
EILSVDC[+57.021465]STNNPSQAK	2	sp|P10909|CLUS_HUMAN	0.014869888	1.0	0.9397601633031993	1018870.7979136924
AIMEKLEMSK	3	sp|P05155|IC1_HUMAN	0.014869888	0.9933552810135716	0.8469509777614	1619.6281359187178
YFHHNSDFHIPK	2	sp|O75015|FCG3B_HUMAN	0.014869888	1.0	0.8684249657469382	152939.27854210607
YFHHNSDFYIPK	2	sp|P08637|FCG3A_HUMAN	0.014869888	0.9797881705057813	0.9277402395210266	75018.13972636433
DDLYVSDAFHK	2	sp|P01008|ANT3_HUMAN	0.014869888	1.0	0.9648458962483041	919454.4307783609
LTQLNLDR	2	sp|P07359|GP1BA_HUMAN	0.014869888	1.0	0.9194902890274168	92880.99162129815
IALITVSDK	2	sp|Q9HC56|PCDH9_HUMAN	0.014869888	1.0	0.7119391604429937	18285.355000856223
DYFM[+15.994915]PC[+57.021465]PGR	2	sp|P02790|HEMO_HUMAN	0.014869888	1.0	0.9703664692579218	98758.84841095818
DVSSSVYSTWK	2	sp|P10721|KIT_HUMAN	0.014869888	1.0	0.9900873426944397	18212.702658444578
IISLDEER	2	sp|P23467|PTPRB_HUMAN	0.014869888	1.0	0.899078847569361	50165.51887796244
C[+57.021465]SPHLVLSALTSDNHGATYAFSGTHYWR	4	sp|P02790|HEMO_HUMAN	0.014869888	0.9797881705057813	0.9725072091136692	293533.9972361741
LGMFNIQHC[+57.021465]K	2	sp|P01009|A1AT_HUMAN	0.014869888	1.0	0.9468280093927012	14640.017161696756
LVVEWQLQDDK	2	sp|P61916|NPC2_HUMAN	0.014869888	0.9933552810135716	0.795063993537329	14339.2667603652
SGAQATWTELPWPHEK	3	sp|P02790|HEMO_HUMAN	0.014869888	1.0	0.9532709299812777	1076527.9556516202
YWNDC[+57.021465]EPPDSR	2	sp|P04196|HRG_HUMAN	0.014869888	1.0	0.9366529648136284	42834.735811487146
GNLMGGWK	2	sp|P23435|CBLN1_HUMAN;sp|Q8IUK8|CBLN2_HUMAN	0.014869888	0.9728591838590949	0.9666278808292215	40000.21783082913
QNQC[+57.021465]FYNSSYLNVQR	2	sp|P19652|A1AG2_HUMAN	0.014869888	0.9658285256870233	0.9475637513482729	56832.25919362858
VLDAVRGSPAINVAVHVFR	4	sp|P02766|TTHY_HUMAN	0.014869888	0.9933552810135716	0.8074199113793875	97525.62173286626
TLM[+15.994915]FGSYLDDEK	2	sp|P19652|A1AG2_HUMAN	0.014869888	1.0	0.9099349564947207	162174.54351234686
SGTSASLAISGLR	3	sp|P01700|LV147_HUMAN	0.01983664	0.9212790999005022	0.8242864051750743	2008.951559436246
LGMFNIQHC[+57.021465]KK	2	sp|P01009|A1AT_HUMAN	0.014869888	0.9933552810135716	0.9582164992750267	14483.246931445028
MEPFHFK	2	sp|P05155|IC1_HUMAN	0.014869888	0.9797881705057813	0.9702400801844207	75095.21404820596
FLEQQNQVLQTK	2	sp|P04264|K2C1_HUMAN;sp|P35908|K22E_HUMAN;sp|Q7Z794|K2C1B_HUMAN	0.014869888	1.0	0.9548544549297316	601733.147972295
ALFLETEQLK	2	sp|Q13740|CD166_HUMAN	0.014869888	0.9933552810135716	0.9943757207062145	15997.866549857834
YTIAALLSPYSYSTTAVVTNPKE	4	sp|P02766|TTHY_HUMAN	0.014869888	1.0	0.8387909415903543	110045.42424081868
GGSIQQYIYK	2	sp|Q92954|PRG4_HUMAN	0.014869888	1.0	0.8772064511472266	142789.67056901054
HTFMGVVSLGSPSGEVSHPR	3	sp|P02765|FETUA_HUMAN	0.014869888	0.9933552810135716	0.9494649893895418	732534.6011699478
SGFPQVSMFFTHTFPK	3	sp|P04196|HRG_HUMAN	0.014869888	1.0	0.9442302884135425	280920.7770162616
HTLNQIDEVK	3	sp|P02765|FETUA_HUMAN	0.014869888	0.9933552810135716	0.9689973564648847	8155.42229182532
GSLGGGFSSGGFSGGSFSR	2	sp|P13645|K1C10_HUMAN	0.014869888	1.0	0.9064032412494373	1205354.2095047035
TFYEPGEEITYSC[+57.021465]KPGYVSR	4	sp|P02749|APOH_HUMAN	0.014869888	1.0	0.7167702246675697	8617.525200701177
QVILTLQPTLVAVGK	3	sp|P13598|ICAM2_HUMAN	0.014869888	1.0	0.9873569117772187	687320.7084321914
TVPLAVLQLR	2	sp|P23467|PTPRB_HUMAN	0.014869888	1.0	0.9704289785985847	39026.56144423812
TVGSDTFYSFK	2	sp|P01042|KNG1_HUMAN	0.014869888	1.0	0.8561941137930374	6438.939829295512
LTGSSGFVTDGPGNYK	2	sp|O75882|ATRN_HUMAN	0.014869888	0.9797881705057813	0.9423776451851081	124992.68435651236
GLDTSLGAVQSDTGR	2	sp|Q13477|MADCA_HUMAN	0.014869888	1.0	0.9804745558089186	46820.60816068569
ITDVIPSEAINELTVLVLVNTIYFK	4	sp|P01008|ANT3_HUMAN	0.014869888	0.9658285256870233	0.8830298255815703	19195.033834377515
SGAQATWTELPWPHEK	4	sp|P02790|HEMO_HUMAN	0.014869888	1.0	0.9461750229540836	439425.0885453592
YFIDFVAR	2	sp|P01042|KNG1_HUMAN	0.014869888	1.0	0.9833362460864747	1271049.5386726346
NMQDMVEDYR	2	sp|P04264|K2C1_HUMAN	0.014869888	1.0	0.9449670141991633	23249.212258259442
LALDVEIATYR	2	sp|O95678|K2C75_HUMAN;sp|P02538|K2C6A_HUMAN;sp|P04259|K2C6B_HUMAN;sp|P12035|K2C3_HUMAN;sp|P13647|K2C5_HUMAN;sp|P35908|K22E_HUMAN;sp|P48668|K2C6C_HUMAN;sp|Q01546|K22O_HUMAN;sp|Q5XKE5|K2C79_HUMAN	0.014869888	1.0	0.8996511625767296	44497.969653191714
SYYWIGIR	2	sp|P14151|LYAM1_HUMAN	0.014869888	1.0	0.9851711774160965	3647534.8997100424
GIYSFNFHVVK	2	sp|P23435|CBLN1_HUMAN	0.014869888	1.0	0.9161600375397001	13718.041860461974
AEELSIQVSC[+57.021465]R	2	sp|Q9Y5Y7|LYVE1_HUMAN	0.014869888	1.0	0.9398478826228926	44558.311761126475
TC[+57.021465]PKPDDLPFSTVVPLK	4	sp|P02749|APOH_HUMAN	0.014869888	1.0	0.8716729542797902	1093997.64188316
YVSELHLTR	2	sp|P10721|KIT_HUMAN	0.014869888	1.0	0.9697349543726447	178420.01160144075
RGENLFAITDEGMDVPLAMEEWHHER	5	sp|Q6UXB8|PI16_HUMAN	0.014869888	1.0	0.8674760352300072	30775.09525480547
DTEVLLVGLEPGTR	2	sp|Q12913|PTPRJ_HUMAN	0.014869888	1.0	0.9324155181776347	487399.6836320569
GFSGIFEDR	2	sp|P09619|PGFRB_HUMAN	0.014869888	1.0	0.8568055608193264	61080.837408624095
TLLVFEVQQPFLFVLWDQQHKFPVFMGR	5	sp|P05155|IC1_HUMAN	0.014869888	1.0	0.9497327957951904	1118098.1759997047
YEGSYALTSEEAER	2	sp|O95810|CAVN2_HUMAN	0.014869888	0.9797881705057813	0.9012921926045906	4455.645032232313
DIAPTLTLYVGK	2	sp|P00738|HPT_HUMAN;sp|P00739|HPTR_HUMAN	0.014869888	1.0	0.9771780518426189	269801.7326101239
TVALGSNVEFMC[+57.021465]K	2	sp|P11362|FGFR1_HUMAN	0.014869888	1.0	0.9478889030055464	153031.11465147045
NDEAEYIC[+57.021465]IAENK	2	sp|P13591|NCAM1_HUMAN	0.015795868	0.9514467542496609	0.83354391694432	2252.0538290183663
IIAATIENAQPILQIDNAR	3	sp|P08779|K1C16_HUMAN	0.014869888	1.0	0.9253557788381197	402496.0706854322
SDVMYTDWKK	3	sp|P19652|A1AG2_HUMAN	0.014869888	1.0	0.9033020903734995	6386.7990353608875
FSGSNSGNTATLTISR	2	sp|A0A075B6K5|LV39_HUMAN;sp|P80748|LV321_HUMAN	0.014869888	0.9797881705057813	0.9014024551145502	8216.68190208079
WQEEMELYR	2	sp|P02647|APOA1_HUMAN	0.014869888	1.0	0.946154663955084	21228.222741596965
IASFSQNC[+57.021465]DIYPGK	2	sp|P01042|KNG1_HUMAN	0.014869888	0.9797881705057813	0.9441608533247121	857434.373764839
M[+15.994915]TVTDQVNC[+57.021465]PK	2	sp|P05090|APOD_HUMAN	0.014869888	1.0	0.7254373089580509	3327.2989377973136
DAEEWFFTK	2	sp|P02533|K1C14_HUMAN	0.014869888	1.0	0.7967082036483953	15180.11569264898
LINDYVK	2	sp|P01011|AACT_HUMAN	0.014869888	1.0	0.9603176373015765	758502.7151503543
AFIQLWAFDAVK	2	sp|P02760|AMBP_HUMAN	0.014869888	0.9933552810135716	0.8679740788201151	1897.1232393044977
ADLEMQIESLK	2	sp|P02533|K1C14_HUMAN	0.014869888	1.0	0.9407402195490311	29042.909615315373
AFQVQQAVDLR	2	sp|P13497|BMP1_HUMAN	0.014869888	1.0	0.8019113848819114	3844.384317970369
WTFEILDETNENK	2	sp|P10721|KIT_HUMAN	0.014869888	1.0	0.9831082564589596	911850.4099819469
FIC[+57.021465]PLTGLWPINTLK	3	sp|P02749|APOH_HUMAN	0.014869888	0.9933552810135716	0.9218667733431278	801090.6902873812
THLAPYSDELR	3	sp|P02647|APOA1_HUMAN	0.014869888	1.0	0.9840412780970776	417577.1094798704
NMQDLVEDFK	2	sp|P13647|K2C5_HUMAN	0.014869888	1.0	0.8098189212560337	38721.14617124189
NIQSLEVIGK	2	sp|P02775|CXCL7_HUMAN	0.02078522	0.9134157281067091	0.9286290791472659	3964.451199096488
TEAESWYQTK	2	sp|P13647|K2C5_HUMAN	0.014869888	1.0	0.8613216326778105	1725.0605149175115
GFFADYEIPNLQK	2	sp|Q10588|BST1_HUMAN	0.014869888	0.9866190731264982	0.8918407179041221	1216.1314292828522
AATGEC[+57.021465]TATVGK	2	sp|P01042|KNG1_HUMAN	0.03153153	0.9933552810135716	0.9006232386796428	1510.3346961884777
NHNALLASLTTQK	3	sp|O75882|ATRN_HUMAN	0.014869888	0.9866190731264982	0.949416516622589	252783.99670403998
QINSYVK	1	sp|P08185|CBG_HUMAN	0.014869888	1.0	0.9486064914030168	58940.19938765551
QNLEPLFEQYINNLR	3	sp|P02538|K2C6A_HUMAN;sp|P04259|K2C6B_HUMAN;sp|P13647|K2C5_HUMAN;sp|P48668|K2C6C_HUMAN	0.014869888	1.0	0.9369748806514223	26651.607255152656
TTPPVLDSDGSFFLYSK	3	sp|P01857|IGHG1_HUMAN;sp|P0DOX5|IGG1_HUMAN	0.014869888	1.0	0.9465686112233674	13317.190224136022
SGGGFSSGSAGIINYQR	2	sp|P04264|K2C1_HUMAN	0.014869888	1.0	0.9539591904917498	1292417.249204352
DLMEKVK	2	sp|P02652|APOA2_HUMAN	0.014869888	0.9728591838590949	0.9683784332849448	44537.18768659136
ISIGGGSC[+57.021465]AISGGYGSR	2	sp|P02538|K2C6A_HUMAN;sp|P04259|K2C6B_HUMAN;sp|P48668|K2C6C_HUMAN	0.014869888	0.9797881705057813	0.9172793743550872	66292.08271713874
TSESGELHGLTTEEEFVEGIYK	3	sp|P02766|TTHY_HUMAN	0.014869888	1.0	0.9511582410633028	15986909.521577606
GFQQLLQELNQPR	2	sp|P05154|IPSP_HUMAN	0.014869888	0.9797881705057813	0.8045136890776268	18177.513840891977
WYNLAIGSTC[+57.021465]PWLK	2	sp|P02760|AMBP_HUMAN	0.014869888	1.0	0.9968810793251092	2746181.0076162587
AVLDVFEEGTEASAATAVK	3	sp|P01011|AACT_HUMAN	0.014869888	1.0	0.9553715845480455	2762790.8061877782
SSSNEEVMFLTVQVK	2	sp|P01023|A2MG_HUMAN	0.014869888	1.0	0.7908246598239774	108851.14755592146
NWGLSFYADKPETTK	3	sp|P19652|A1AG2_HUMAN	0.014869888	0.9728591838590949	0.9356798582288567	65697.27345085263
ILGGHLDAK	2	sp|P00738|HPT_HUMAN;sp|P00739|HPTR_HUMAN	0.014869888	0.9797881705057813	0.9901467496732621	236538.45108922728
DLGGFDEDAEPR	2	sp|Q9BRK5|CAB45_HUMAN	0.014869888	1.0	0.9272769519601635	14405.582042440114
NPNLPPETVDSLK	3	sp|P05090|APOD_HUMAN	0.014869888	0.9933552810135716	0.7978671219972713	606.563467458394
TLNQPDSQLQLTTGNGLFLSEGLK	3	sp|P01009|A1AT_HUMAN	0.025	0.8058999028144878	0.7536309765028157	5158.8001965782005
ELELQIGNALFIGK	3	sp|P05543|THBG_HUMAN	0.014869888	1.0	0.8917321962666954	70165.60565637001
TFPGFFSPMLGEFVSETESR	3	sp|P02671|FIBA_HUMAN	0.014869888	0.9866190731264982	0.874422099643916	38419.50562315767
ILLDEQAQWK	2	sp|P13598|ICAM2_HUMAN	0.014869888	1.0	0.9682941456922156	35231.02086405232
HIQETEWQSQEGK	2	sp|Q14515|SPRL1_HUMAN	0.014869888	0.9797881705057813	0.8154479988764252	932.1102707381807
GAQTQTEEEMTR	2	sp|Q12841|FSTL1_HUMAN	0.014869888	1.0	0.9435339198628347	23096.206761094316
LLGLSLAGK	2	sp|Q9Y5Y7|LYVE1_HUMAN	0.014869888	1.0	0.9904507079016601	2956954.111835092
DLATVYVDVLK	2	sp|P02647|APOA1_HUMAN	0.014869888	1.0	0.9482825506462357	51091.34095110739
SVNNVVVR	2	sp|O75882|ATRN_HUMAN	0.014869888	0.9797881705057813	0.959995385131539	1732.975167925232
VMPIC[+57.021465]LPSK	2	sp|P00738|HPT_HUMAN;sp|P00739|HPTR_HUMAN	0.014869888	0.9866190731264982	0.9790332523857637	242575.7620568196
AVLHIGEK	1	sp|P05543|THBG_HUMAN	0.014869888	1.0	0.8816559306272227	19842.42584607107
VAEGTQVLELPFK	3	sp|P01008|ANT3_HUMAN	0.02402746	0.8540617215638593	0.8075271889721986	19104.13990973123
GTWTQPFDLASTR	3	sp|P08185|CBG_HUMAN	0.014869888	1.0	0.9693419745140789	60699.230053134204
LSFQEFLK	2	sp|Q12841|FSTL1_HUMAN	0.014869888	1.0	0.9400290419823631	166207.7444710241
DEELSC[+57.021465]TVVELK	2	sp|P01011|AACT_HUMAN	0.014869888	0.9933552810135716	0.94474857599497	18596.00417149753
ETC[+57.021465]FAEEGKK	2	sp|P02768|ALBU_HUMAN	0.018757327	0.9290085173289965	0.9497532739177582	5886.83588849664
SETEIHQGFQHLHQLFAK	3	sp|P08185|CBG_HUMAN	0.014869888	1.0	0.8482266147401344	193232.6804186127
STDYGIFQINSR	2	sp|P61626|LYSC_HUMAN	0.017899761	0.9366095275687156	0.8614736589926614	7946.735840542389
TLGDSSAGEIALSTR	2	sp|P09619|PGFRB_HUMAN	0.014869888	1.0	0.8832682816608687	18130.991950032694
SPELQAEAK	2	sp|P02652|APOA2_HUMAN	0.014869888	1.0	0.9366448522652056	41766.75822894603
EGQMESVEAAMSSK	2	sp|P05543|THBG_HUMAN	0.014869888	0.9866190731264982	0.9337954691436313	283262.2138198993
EQYAVVGHSAHIVTLK	4	sp|O75882|ATRN_HUMAN	0.014869888	1.0	0.9675051818077071	623698.0574465229
ALQATVGNSYK	2	sp|P11279|LAMP1_HUMAN	0.014869888	1.0	0.987854703647569	65999.2281088264
ALEEANADLEVK	2	sp|P02533|K1C14_HUMAN;sp|P08779|K1C16_HUMAN;sp|P13646|K1C13_HUMAN;sp|P19012|K1C15_HUMAN	0.017010937	1.0	0.9934979076844506	5291.16628432471
ESLSSYWESAK	2	sp|P02655|APOC2_HUMAN	0.014869888	1.0	0.9523518432042912	144072.77074889152
ATFNPAQDK	2	sp|O00592|PODXL_HUMAN	0.014869888	0.9866190731264982	0.9772057571948487	5659.529830248472
FLQSFAR	2	sp|Q13201|MMRN1_HUMAN	0.014869888	1.0	0.7242887148114934	37229.16704396472
QC[+57.021465]ASLQAAIADAEQR	2	sp|P48668|K2C6C_HUMAN	0.014869888	0.9797881705057813	0.8118555966630807	609.3018772742851
GDPLGTEGGLDASNTER	4	sp|Q12913|PTPRJ_HUMAN	0.015795868	0.9586923939928679	0.746229373237784	97.08990937797972
GSSSSPLGISVR	3	sp|Q9NTU7|CBLN4_HUMAN	0.01983664	0.9212790999005022	0.8438108663921188	3624.433301162812
TEDSSSFLIDK	2	sp|P05543|THBG_HUMAN	0.014869888	0.9933552810135716	0.9392545563180029	202835.80841914256
EVDSDAYYVYR	2	sp|P09619|PGFRB_HUMAN	0.014869888	1.0	0.8744132998942376	13216.868169661997
TYM[+15.994915]LAFDVNDEK	2	sp|P02763|A1AG1_HUMAN	0.014869888	1.0	0.9837942329120195	172404.42261015996
TLLVFEVQQPFLFVLWDQQHK	4	sp|P05155|IC1_HUMAN	0.014869888	0.9728591838590949	0.9187947203415907	19381.308978452373
HGVQELEIELQSQLSK	3	sp|P35527|K1C9_HUMAN	0.014869888	1.0	0.8606974155130442	867045.7348256846
REPAVGEPAEVTTTVLVR	2	sp|P05362|ICAM1_HUMAN	0.014869888	1.0	0.9289520361106504	32098.706079969375
NIFISPVSISMALAMLSLGTC[+57.021465]GHTR	3	sp|P08185|CBG_HUMAN	0.014869888	1.0	0.914241037509958	8647600.69146703
AQVSPTASDMLHMR	3	sp|Q6UXB8|PI16_HUMAN	0.014869888	1.0	0.9824196617311183	1042027.5724756111
LSSVTAADTAVYYC[+57.021465]AR	2	sp|A0A075B6R2|HV404_HUMAN;sp|A0A087WSY4|HV432_HUMAN;sp|A0A0C4DH41|HV461_HUMAN;sp|P01824|HV439_HUMAN;sp|P01825|HV459_HUMAN;sp|P06331|HV434_HUMAN;sp|P0DP06|HVD34_HUMAN;sp|P0DP07|HV431_HUMAN;sp|P0DP08|HVD82_HUMAN	0.014869888	1.0	0.9189324887457877	235836.46704176712
DAVEDLESVGK	2	sp|P81605|DCD_HUMAN	0.014869888	0.9933552810135716	0.8389874617321242	3805.8853172967533
GSPAINVAVHVFR	2	sp|P02766|TTHY_HUMAN	0.014869888	0.9933552810135716	0.9681653912473102	222911.62920129593
EVATNSELVQSGK	2	sp|P02533|K1C14_HUMAN;sp|Q04695|K1C17_HUMAN	0.014869888	0.9933552810135716	0.7230884507562121	3040.0867943069234
DPVASTSNLDMDFR	2	sp|P55058|PLTP_HUMAN	0.014869888	0.9797881705057813	0.7345585570761661	22660.207684035682
EVPLNTIIFMGR	3	sp|P01008|ANT3_HUMAN	0.017899761	0.9366095275687156	0.8955397831154731	42750.88485384924
SETEIHQGFQHLHQLFAK	4	sp|P08185|CBG_HUMAN	0.014869888	1.0	0.8994697743559893	387649.4049535248
NQILNLTTDNANILLQIDNAR	3	sp|P13645|K1C10_HUMAN	0.014869888	1.0	0.9301374630555346	1701015.6589939217
YDVDTQMWTILK	2	sp|O75882|ATRN_HUMAN	0.014869888	1.0	0.9926666708137601	768700.1621347832
ENEGFTVTAEGK	2	sp|P01024|CO3_HUMAN	0.014869888	1.0	0.8900969807532856	2297.6798740018144
TGDTIEFMC[+57.021465]K	2	sp|Q02985|FHR3_HUMAN;sp|Q92496|FHR4_HUMAN	0.014869888	0.9933552810135716	0.9143624002442513	36926.639996486076
GSFPWQAK	1	sp|P00738|HPT_HUMAN;sp|P00739|HPTR_HUMAN	0.017899761	0.9440873193926883	0.9117556693800397	8571.16913669488
LGNFPWQAFTSIHGR	3	sp|Q9NZP8|C1RL_HUMAN	0.014869888	1.0	0.7787564843093314	62410.878597113355
YVMLPVADQDQC[+57.021465]IR	2	sp|P00738|HPT_HUMAN	0.014869888	1.0	0.9717573797236124	3633681.6857220265
ESNEELTESC[+57.021465]ETK	2	sp|P01042|KNG1_HUMAN	0.014869888	0.9797881705057813	0.861395615930702	2901.551675112116
EITVATGGFIYTGEVVHR	3	sp|Q6UX71|PXDC2_HUMAN	0.014869888	1.0	0.784362650579049	2502.112418427002
AVVFLEPQWYR	2	sp|P08637|FCG3A_HUMAN	0.014869888	0.9933552810135716	0.9571918708154578	339178.1709166204
HTFM[+15.994915]GVVSLGSPSGEVSHPR	3	sp|P02765|FETUA_HUMAN	0.014869888	0.9933552810135716	0.9179788132895887	16366.766859137027
TEGDGVYTLNDKK	2	sp|P00738|HPT_HUMAN;sp|P00739|HPTR_HUMAN	0.014869888	1.0	0.9454713576811173	55186.40252717446
NLDLDSIIAEVK	2	sp|O95678|K2C75_HUMAN;sp|P02538|K2C6A_HUMAN;sp|P04259|K2C6B_HUMAN;sp|P13647|K2C5_HUMAN;sp|P35908|K22E_HUMAN;sp|P48668|K2C6C_HUMAN;sp|Q5XKE5|K2C79_HUMAN	0.014869888	1.0	0.9463853072545438	920456.2361319014
DASGATFTWTPSSGK	2	sp|P01877|IGHA2_HUMAN;sp|P0DOX2|IGA2_HUMAN	0.014869888	1.0	0.9177951639273102	148892.33032780676
ADTLTDEINFLR	2	sp|P02538|K2C6A_HUMAN;sp|P04259|K2C6B_HUMAN;sp|P48668|K2C6C_HUMAN	0.014869888	0.9933552810135716	0.9814115635686121	69860.56531937118
LLQDEFPGIPSPLDAAVEC[+57.021465]HR	3	sp|P02790|HEMO_HUMAN	0.014869888	0.9933552810135716	0.9322421904851	3896637.9750426374
NIFISPVSISMALAMLSLGTC[+57.021465]GHTR	4	sp|P08185|CBG_HUMAN	0.014869888	1.0	0.8950466789395309	339790.4225312436
ISVFIQTDK	2	sp|Q6YHK3|CD109_HUMAN	0.014869888	0.9866190731264982	0.9001936518407013	3229.838702647047
GVTSVSQIFHSPDLAIR	4	sp|P05155|IC1_HUMAN	0.015795868	0.9514467542496609	0.8643352130925435	1968.231763876103
KYPVAHFIDQTLK	2	sp|P05155|IC1_HUMAN	0.014869888	0.9797881705057813	0.9871297033659775	271524.1007435912
DDFLIYDR	2	sp|P49908|SEPP1_HUMAN	0.014869888	1.0	0.9580802825929673	661378.6118058979
VKSPELQAEAK	3	sp|P02652|APOA2_HUMAN	0.014869888	0.9728591838590949	0.9463936685881624	4639.893071381103
TIQEVAGYVLIALNTVER	3	sp|P00533|EGFR_HUMAN	0.014869888	1.0	0.9222558873577783	5544.817556981583
LHMLQISYFR	3	sp|Q9UNN8|EPCR_HUMAN	0.014869888	1.0	0.9551949564614073	93587.96493627472
LALDLEIATYR	2	sp|P04264|K2C1_HUMAN	0.014869888	1.0	0.9312330858621348	12853.092724097407
EHAVEGDC[+57.021465]DFQLLK	3	sp|P02765|FETUA_HUMAN	0.02078522	0.9054124614333342	0.7429571055082043	813.0032301472058
GDEC[+57.021465]QLC[+57.021465]EVENR	2	sp|O75882|ATRN_HUMAN	0.027149322	0.9866190731264982	0.96205102729214	1791.7793419924096
SLTVSLGPVSK	2	sp|Q9ULI3|HEG1_HUMAN	0.014869888	1.0	0.8673553362019965	22420.946143900223
FNQPFIIM[+15.994915]IFDHFTWSSLFLAR	4	sp|P08185|CBG_HUMAN	0.015795868	0.9658285256870233	0.8892906506683932	7080.562301731544
RYTIAALLSPYSYSTTAVVTNPK	5	sp|P02766|TTHY_HUMAN	0.025	0.8058999028144878	0.8633522751490432	12641.875652794304
SPLFMGK	1	sp|P01009|A1AT_HUMAN	0.014869888	0.9728591838590949	0.7452857719870278	5116.298484022235
KGEVLPLPEANFPSFPLPHHK	3	sp|P04196|HRG_HUMAN	0.014869888	0.9933552810135716	0.7993060814271715	17156.502775707715
YVGGQEHFAHLLILRDTK	5	sp|P02763|A1AG1_HUMAN	0.014869888	0.9933552810135716	0.9325653653002309	59438.15199640382
GPSVFPLAPSSK	2	sp|P01857|IGHG1_HUMAN;sp|P0DOX5|IGG1_HUMAN	0.014869888	0.9933552810135716	0.9758822341823667	322524.07725972554
AYLEEEC[+57.021465]PATLR	2	sp|P25311|ZA2G_HUMAN	0.02306805	1.0	0.9473526205845767	249204.08341090786
QQTHMLDVMQDHFSR	2	sp|P10909|CLUS_HUMAN	0.014869888	1.0	0.7763193671821591	13376.167811931595
FHDVLGNERPSAYMR	4	sp|Q14956|GPNMB_HUMAN	0.014869888	0.9797881705057813	0.8398207498442125	5138.186045015957
YGEGDSLTLQQLK	2	sp|Q15043|S39AE_HUMAN	0.014869888	1.0	0.9439796985179013	21858.970800530344
LLQDEFPGIPSPLDAAVEC[+57.021465]HR	4	sp|P02790|HEMO_HUMAN	0.014869888	0.9933552810135716	0.8385084351106304	72354.31078699804
DYWSTVK	1	sp|P02656|APOC3_HUMAN	0.015795868	0.9658285256870233	0.9770131633799455	109278.29821317054
DLQFVEVTDVK	2	sp|P02751|FINC_HUMAN	0.014869888	1.0	0.8623613488028148	11047.344767713736
FNKPFVFLMIEQNTK	4	sp|P01009|A1AT_HUMAN	0.018757327	0.9290085173289965	0.7724702066882903	1339.9051602129243
RYTIAALLSPYSYSTTAVVTNPKE	3	sp|P02766|TTHY_HUMAN	0.014869888	1.0	0.9668354575659972	3617535.527106571
LQHLENELTHDIITK	3	sp|P01009|A1AT_HUMAN	0.015795868	0.9658285256870233	0.9316159065363239	12565.797049348495
ITGKWFYIASAFR	2	sp|P02763|A1AG1_HUMAN;sp|P19652|A1AG2_HUMAN	0.014869888	0.9797881705057813	0.9635068540959415	92447.22566894065
GLASANVDFAFSLYK	2	sp|P08185|CBG_HUMAN	0.014869888	0.9797881705057813	0.8404369817435545	4733.437298766645
NQVSLTC[+57.021465]LVK	2	sp|P01857|IGHG1_HUMAN;sp|P01859|IGHG2_HUMAN;sp|P01860|IGHG3_HUMAN;sp|P01861|IGHG4_HUMAN;sp|P0DOX5|IGG1_HUMAN	0.014869888	0.9933552810135716	0.9935907289222299	35820.70519150753
DVDAAYMNK	2	sp|O95678|K2C75_HUMAN;sp|P02538|K2C6A_HUMAN;sp|P04259|K2C6B_HUMAN;sp|P13647|K2C5_HUMAN;sp|P48668|K2C6C_HUMAN;sp|Q14CN4|K2C72_HUMAN	0.014869888	1.0	0.9577741588538943	152753.76504011048
C[+57.021465]INQLLC[+57.021465]K	2	sp|P49908|SEPP1_HUMAN	0.014869888	0.9866190731264982	0.892864423966828	44640.139274401765
LESEETMVLEAHDAQGDVPVTVTVHDFPGK	4	sp|P01024|CO3_HUMAN	0.014869888	0.9797881705057813	0.9367015768035453	17474.895081025814
IMGITLVSK	2	sp|Q9Y5Y7|LYVE1_HUMAN	0.014869888	1.0	0.891068861363969	603734.3463680738
VLNQELR	1	sp|P05090|APOD_HUMAN	0.029378532	0.672124945171228	0.7487364672527395	1150.6752943954084
NTWSILHTQGALVQGGYGHSSVYDHR	4	sp|O75882|ATRN_HUMAN	0.015795868	0.9658285256870233	0.9226265756607497	1595086.0163357877
IVDLFSGLDSPAILVLVNYIFFK	4	sp|P08185|CBG_HUMAN	0.014869888	1.0	0.9582944231420731	417284.0412441252
SASLHLPK	1	sp|P01009|A1AT_HUMAN	0.014869888	1.0	0.977557134670461	77141.99526339045
MEEVEAMLLPETLK	3	sp|P01011|AACT_HUMAN	0.014869888	1.0	0.9482795085781712	256811.1985906152
FLNVLSPR	2	sp|P17936|IBP3_HUMAN	0.014869888	0.9866190731264982	0.9170929997823302	8528.127009578275
C[+57.021465]SPHLVLSALTSDNHGATYAFSGTHYWR	6	sp|P02790|HEMO_HUMAN	0.014869888	0.9797881705057813	0.7254512522123994	10982.213872369122
VELAPLPSWQPVGK	2	sp|P05362|ICAM1_HUMAN	0.014869888	1.0	0.9512915330960254	801101.9932467256
SDVMYTDWKKDK	3	sp|P19652|A1AG2_HUMAN	0.014869888	1.0	0.9085956141646929	18399.90798078187
KLVAASQAALGL	2	sp|P02768|ALBU_HUMAN	0.014869888	1.0	0.9587224782652017	1028583.1090172735
LSPLGEEMR	2	sp|P02647|APOA1_HUMAN	0.014869888	1.0	0.9836497379595551	2012728.6980733199
ATEHLSTLSEK	2	sp|P02647|APOA1_HUMAN	0.014869888	0.9933552810135716	0.9434162236849273	24059.236636961665
TGLEAISNHK	2	sp|Q14515|SPRL1_HUMAN	0.014869888	1.0	0.9641792599405871	65244.109968162375
EVGTPHGIILDSVDAAFIC[+57.021465]PGSSR	4	sp|P02790|HEMO_HUMAN	0.014869888	1.0	0.9466659869484223	3059953.7289564707
TVVQPSVGAAAGPVVPPC[+57.021465]PGR	3	sp|P02765|FETUA_HUMAN	0.014869888	0.9933552810135716	0.9375886916167073	49954.82311446555
EAATNGVLLYLDK	2	sp|Q9NTU7|CBLN4_HUMAN	0.018757327	0.9366095275687156	0.9249680556958232	18635.666522142597
QEINSHVEMQTK	2	sp|P05543|THBG_HUMAN	0.014869888	0.9866190731264982	0.9308957697597597	58842.88040194021
TC[+57.021465]PKPDDLPFSTVVPLK	3	sp|P02749|APOH_HUMAN	0.014869888	1.0	0.9010372646636725	2842139.2390880194
RPC[+57.021465]FSALEVDETYVPK	2	sp|P02768|ALBU_HUMAN	0.014869888	1.0	0.9209608032836921	58716.04287351735
DTKTYMLAFDVNDEK	2	sp|P02763|A1AG1_HUMAN	0.014869888	1.0	0.9283935460218463	2558456.0036495863
IKVTTSQDMLSIMEK	2	sp|P05155|IC1_HUMAN	0.014869888	1.0	0.9798094511171944	432043.79089027655
WFYIASAFR	2	sp|P02763|A1AG1_HUMAN;sp|P19652|A1AG2_HUMAN	0.014869888	0.9933552810135716	0.9531933152604665	326985.3261366947
DLDQLFLSSDC[+57.021465]R	2	sp|Q99941|ATF6B_HUMAN	0.014869888	0.9866190731264982	0.9034763711516453	14046.977967917013
GGGALLGDR	2	sp|P00736|C1R_HUMAN;sp|Q9NZP8|C1RL_HUMAN	0.014869888	1.0	0.9157999719554369	26658.79275824161
VTTVASHTSDSDVPSGVTEVVVK	3	sp|P10909|CLUS_HUMAN	0.014869888	0.9866190731264982	0.8811272235463135	57539.26228295997
LSSWVLLMK	2	sp|P01009|A1AT_HUMAN	0.014869888	1.0	0.9644908510915379	198045.22430139311
EQQC[+57.021465]VIMAENR	2	sp|P00747|PLMN_HUMAN;sp|Q02325|PLGB_HUMAN	0.03153153	0.5879493283318651	0.7999343985562191	10853.367621836904
NKEDC[+57.021465]VEIYIK	2	sp|P14151|LYAM1_HUMAN	0.014869888	0.9933552810135716	0.977347962914184	1677.5406029986111
VDALMDEINFMK	2	sp|P13647|K2C5_HUMAN	0.014869888	1.0	0.8311397886562766	33039.32712014458
AEDTAVYYC[+57.021465]AK	2	sp|P01764|HV323_HUMAN;sp|P01768|HV330_HUMAN;sp|P0DP03|HVC05_HUMAN	0.014869888	1.0	0.967289096310346	3400.210390085549
NALALFVLPK	2	sp|P05543|THBG_HUMAN	0.014869888	1.0	0.9938747553566494	1994163.3201248525
ELISERWK	2	sp|P02790|HEMO_HUMAN	0.014869888	1.0	0.9451646040544183	95491.62414579943
ALEESNYELEGK	2	sp|P13645|K1C10_HUMAN	0.014869888	1.0	0.927565664408386	180493.65338197132
ADLSGITGAR	2	sp|P01011|AACT_HUMAN	0.014869888	1.0	0.7367047918633036	9882.992974487785
KATVVYQGER	3	sp|P02749|APOH_HUMAN	0.014869888	1.0	0.7223076282473309	2609.489769494811
DAEAWFNEK	2	sp|P13645|K1C10_HUMAN;sp|Q7Z3Y7|K1C28_HUMAN;sp|Q7Z3Y8|K1C27_HUMAN;sp|Q7Z3Z0|K1C25_HUMAN	0.014869888	1.0	0.9878194995556212	86780.73685474912
SDVVYTDWKK	3	sp|P02763|A1AG1_HUMAN	0.018757327	0.9290085173289965	0.9585825510581008	2511.586205681677
AREDIFMETLK	2	sp|P25311|ZA2G_HUMAN	0.014869888	0.9797881705057813	0.8804923398533309	54498.774368327184
VWFELTQGSITK	2	sp|Q9H8L6|MMRN2_HUMAN	0.014869888	0.9866190731264982	0.942192274459894	1196868.4549919153
EWFSETFQK	2	sp|P02654|APOC1_HUMAN	0.029378532	0.9933552810135716	0.9648261251329431	431082.49288203084
KMTVTDQVNC[+57.021465]PK	2	sp|P05090|APOD_HUMAN	0.014869888	0.9866190731264982	0.9211431902362565	40021.53672628461
LFDSDPITVTVPVEVSR	2	sp|P10909|CLUS_HUMAN	0.014869888	1.0	0.8899673808008547	6076.168668129445
EHSSLAFWK	2	sp|P02749|APOH_HUMAN	0.014869888	1.0	0.9412574232543628	65616.83466720824
ILTATVDNANVLLQIDNAR	3	sp|P02533|K1C14_HUMAN	0.014869888	0.9933552810135716	0.9192089087939523	74925.61153291579
NLMIDIQK	2	sp|Q9BY67|CADM1_HUMAN	0.014869888	1.0	0.9329422502483793	335983.0173086263
DSGSYFC[+57.021465]R	2	sp|O75015|FCG3B_HUMAN;sp|P08637|FCG3A_HUMAN	0.014869888	0.9866190731264982	0.981932549384401	17456.35609013494
FQPTLLTLPR	3	sp|P05155|IC1_HUMAN	0.014869888	0.9933552810135716	0.8758882280634628	6454.670396085874
AVLQLNEEGVDTAGSTGVTLNLTSKPIILR	4	sp|P08185|CBG_HUMAN	0.014869888	0.9797881705057813	0.9806644010606921	30507.153763800896
FNQPFIIMIFDHFTWSSLFLAR	3	sp|P08185|CBG_HUMAN	0.015795868	0.9658285256870233	0.9666926815833227	106237.62068286855
YEGGREHVAHLLFLR	2	sp|P19652|A1AG2_HUMAN	0.014869888	0.9797881705057813	0.8964786030666256	9337.57591967874
ENFLFLTPDC[+57.021465]K	2	sp|P01042|KNG1_HUMAN	0.014869888	1.0	0.9628292367679898	347698.10193992447
VLAPWITETHFK	3	sp|P23467|PTPRB_HUMAN	0.014869888	1.0	0.9053213158001081	213009.30510536482
ALGISPFHEHAEVVFTANDSGPR	3	sp|P02766|TTHY_HUMAN	0.014869888	1.0	0.9394503059434511	2097218.063043445
TLYLADTFPTNFR	2	sp|P05154|IPSP_HUMAN	0.014869888	0.9797881705057813	0.7750120169826821	19402.617938632724
ITDVIPSEAINELTVLVLVNTIYFK	3	sp|P01008|ANT3_HUMAN	0.015795868	0.9658285256870233	0.9422344839054776	38423.09778552592
GKEESLDSDLYAELR	2	sp|P02775|CXCL7_HUMAN	0.014869888	1.0	0.9354298358148349	18571055.020684853
LSITGTYDLK	2	sp|P01009|A1AT_HUMAN	0.014869888	1.0	0.8351206499725918	34083.887109210875
ALVLIAFAQYLQQC[+57.021465]PFEDHVK	3	sp|P02768|ALBU_HUMAN	0.018757327	0.9290085173289965	0.8524104287066067	3750.5811568033732
DFTC[+57.021465]VHQALK	2	sp|P05155|IC1_HUMAN	0.014869888	1.0	0.9734303814243966	37670.40745629321
DFVQPPTK	2	sp|P01042|KNG1_HUMAN	0.014869888	0.9797881705057813	0.9719180046175134	45980.06273778935
YGFIEGHVVIPR	3	sp|P16070|CD44_HUMAN	0.014869888	0.9933552810135716	0.9461066409292549	2795783.187751784
HITSLEVIK	2	sp|P02776|PLF4_HUMAN;sp|P10720|PF4V_HUMAN	0.014869888	1.0	0.9840330730733275	133642.76233595732
SGGGGGGGGC[+57.021465]GGGGGVSSLR	2	sp|P13645|K1C10_HUMAN	0.014869888	0.9797881705057813	0.7148520856795755	5250.178049763436
ALEEANTELEVK	2	sp|Q04695|K1C17_HUMAN	0.014869888	0.9933552810135716	0.9412180524359174	12495.639948601296
DLGEENFK	2	sp|P02768|ALBU_HUMAN	0.014869888	0.9866190731264982	0.9410363378293811	2727.1461071978088
TAAQNLYEK	2	sp|P02655|APOC2_HUMAN	0.014869888	1.0	0.9691233347061212	1834597.9837734094
ALGISPFHEHAEVVFTANDSGPRR	3	sp|P02766|TTHY_HUMAN	0.014869888	0.9866190731264982	0.9030851982687591	56600.475587749206
