peptide	charge	proteins	q_value	score	spectral_angle	20241104_OA3_Evo02_ViAl_SA_FAIMS40_IO29_A556_MOMI_ABGD_P62_H12_R01.mzML
MTVSTLVLGEGATEAEISMTSTR	3	sp|P02760|AMBP_HUMAN	0.008505468	1.0	0.9765048131561617	1874713.2637117377
LQQDVLQFQK	2	sp|Q8NBJ4|GOLM1_HUMAN	0.008505468	1.0	0.8797531554213314	812.477404957365
TEGDGVYTLNNEK	3	sp|P00738|HPT_HUMAN	0.015712682	0.9134157281067091	0.7350898137359213	1883.8641516062348
FDEFFSEGC[+57.021465]APGSK	2	sp|P02787|TRFE_HUMAN	0.008505468	1.0	0.9278954627934493	153587.54909669276
VPTVEPLDSLTLFLFR	3	sp|P13598|ICAM2_HUMAN	0.010501751	0.9658285256870233	0.9547176145870779	29057.559589892746
ILGGHLDAK	1	sp|P00738|HPT_HUMAN;sp|P00739|HPTR_HUMAN	0.008505468	0.9797881705057813	0.9638897724741181	21508.274558081604
SSNTYTLTDVR	2	sp|Q13740|CD166_HUMAN	0.008505468	1.0	0.9674746045996223	10287.702593791919
LGFTDLFSK	2	sp|P29622|KAIN_HUMAN	0.008505468	1.0	0.9190094518083682	36078.17434074327
DTKTLMFGSYLDDEK	2	sp|P19652|A1AG2_HUMAN	0.008505468	1.0	0.9157422722267466	718208.506046192
ITLLSALVETR	2	sp|P01011|AACT_HUMAN	0.008505468	1.0	0.945864909893098	48906.16171945979
ATVLNYLPK	2	sp|P01023|A2MG_HUMAN;sp|P20742|PZP_HUMAN	0.008505468	0.9866190731264982	0.9391686992308368	8848.57377023697
LTIGEGQQHHLGGAK	2	sp|P02679|FIBG_HUMAN	0.008505468	1.0	0.8125256764629748	99726.64983502615
FDPVRGEVPPR	2	sp|P02790|HEMO_HUMAN	0.008505468	1.0	0.9573276716041618	129573.9110951186
C[+57.021465]AGQQQDIR	2	sp|P27918|PROP_HUMAN	0.008505468	1.0	0.9536980466485703	20951.157591168343
HGGLFHENMR	2	sp|Q02985|FHR3_HUMAN	0.008505468	1.0	0.7458142721446788	126200.75018061849
GFSSGSAVVSGGSR	2	sp|P35908|K22E_HUMAN	0.008505468	1.0	0.8818876039356813	2425.0134704471943
MADEAGSEADHEGTHSTK	2	sp|P02671|FIBA_HUMAN	0.008505468	1.0	0.9185640149178843	1319.0125108639768
QIQVFEDEPAR	2	sp|Q9NPH3|IL1AP_HUMAN	0.008505468	1.0	0.8315644495976806	57271.65280109889
QVGSGVTTDQVQAEAK	2	sp|P01871|IGHM_HUMAN;sp|P0DOX6|IGM_HUMAN	0.008505468	1.0	0.9988877537089319	116025.89280506392
GVLHNEVK	2	sp|Q92954|PRG4_HUMAN	0.008505468	0.9797881705057813	0.9608986810457405	66088.58945485178
LDELRDEGK	2	sp|P02768|ALBU_HUMAN	0.008505468	1.0	0.9770947597414226	470859.5255375831
AADDTWEPFASGK	3	sp|P02766|TTHY_HUMAN	0.012614679	0.9366095275687156	0.8239025383339584	7984.013089489762
TFTC[+57.021465]TAAYPESK	2	sp|P01876|IGHA1_HUMAN	0.008505468	0.9933552810135716	0.9367706220579057	193878.24138238872
GEVLPLPEANFPSFPLPHHK	4	sp|P04196|HRG_HUMAN	0.008505468	1.0	0.9621787258145956	841906.533728434
EFGNTLEDK	2	sp|P02654|APOC1_HUMAN	0.008505468	0.9866190731264982	0.9956400061799339	64432.33121579019
SISTAYLQWSSLK	2	sp|A0A0C4DH38|HV551_HUMAN;sp|A0A0J9YXX1|HV5X1_HUMAN	0.008505468	0.9866190731264982	0.8500481182991962	43299.7079310436
LLVVYPWTQR	2	sp|P02042|HBD_HUMAN;sp|P02100|HBE_HUMAN;sp|P68871|HBB_HUMAN;sp|P69891|HBG1_HUMAN;sp|P69892|HBG2_HUMAN	0.008505468	1.0	0.9291049842999889	72964.85105785677
LYLVQGTQVYVFLTK	3	sp|P02790|HEMO_HUMAN	0.008505468	0.9728591838590949	0.9218570600631888	252356.4133590376
C[+57.021465]PNPPVQENFDVNK	2	sp|P05090|APOD_HUMAN	0.008505468	1.0	0.9567370926628683	1754930.4723484379
GPLDQLEK	2	sp|P05546|HEP2_HUMAN	0.008505468	0.9797881705057813	0.8544760151590574	10039.786470099387
GEC[+57.021465]QAEGVLFFQGDR	3	sp|P02790|HEMO_HUMAN	0.027203482	0.7848914682405913	0.7686364673347583	4638.669596959622
SSSQELGLK	2	sp|Q14515|SPRL1_HUMAN	0.008505468	0.9866190731264982	0.8953198662655705	3512.2801039949336
VGSALFLSHNLK	3	sp|P29622|KAIN_HUMAN	0.008505468	0.9728591838590949	0.8870536352912739	15145.233108632601
TRMEPFHFK	2	sp|P05155|IC1_HUMAN	0.017758047	1.0	0.8316556489586231	41295.73069012117
GDLYFANVEEK	2	sp|O00533|NCHL1_HUMAN	0.008505468	1.0	0.9397868700220777	5245.4822781352495
GTQGKIVDLVK	3	sp|P01009|A1AT_HUMAN	0.008505468	1.0	0.8098209185482412	7842.700141769872
DTVFALVNYIFFK	3	sp|P01009|A1AT_HUMAN	0.008505468	1.0	0.8366585912631569	18137.98108902425
VDLSFSPSQSLPASHAHLR	4	sp|P01023|A2MG_HUMAN	0.008505468	1.0	0.7268450729439867	72051.56730180551
HSAQPWADFTLLGAR	3	sp|Q8IYS5|OSCAR_HUMAN	0.008505468	1.0	0.8745370169345913	23353.84603424304
ASYLDC[+57.021465]IR	2	sp|P02787|TRFE_HUMAN	0.008505468	0.9866190731264982	0.7200998535899756	10917.478494701882
DALSSVQESQVAQQAR	3	sp|P02656|APOC3_HUMAN	0.008505468	0.9728591838590949	0.8552362047163359	5514.861070471285
GTYSTTVTGR	2	sp|P08519|APOA_HUMAN	0.008505468	0.9866190731264982	0.9729836257243913	133120.39246173177
TDTSHHDQDHPTFNK	3	sp|P01009|A1AT_HUMAN	0.008505468	1.0	0.937563503007736	279626.6137070333
YPPTVSMVEGQGEK	2	sp|P27918|PROP_HUMAN	0.008505468	1.0	0.9767375498687014	2169055.442463198
IMQSSQSMSK	2	sp|O75882|ATRN_HUMAN	0.008505468	0.9933552810135716	0.9436145420944096	1023.0127381588915
KVPQVSTPTLVEVSR	2	sp|P02768|ALBU_HUMAN	0.008505468	1.0	0.9336597783775249	6723944.366032178
LIC[+57.021465]QATGFSPR	2	sp|P01871|IGHM_HUMAN;sp|P0DOX6|IGM_HUMAN	0.008505468	1.0	0.7805154163272776	1303.265093636492
GGVGPFSDPVK	2	sp|Q12866|MERTK_HUMAN	0.028230185	0.7004675850791199	0.7806541836408238	6157.324364259863
SYSC[+57.021465]QVTHEGSTVEK	3	sp|B9A064|IGLL5_HUMAN;sp|P0CF74|IGLC6_HUMAN;sp|P0CG04|IGLC1_HUMAN;sp|P0DOX8|IGL1_HUMAN;sp|P0DOY2|IGLC2_HUMAN;sp|P0DOY3|IGLC3_HUMAN	0.008505468	1.0	0.9370386053184008	8649051.596124157
NWGLSFYADKPETTK	4	sp|P19652|A1AG2_HUMAN	0.008505468	0.9728591838590949	0.8052116239104158	981.2851839428403
DTINRWSAGLTSSQVDLYIPK	3	sp|P08185|CBG_HUMAN	0.008505468	1.0	0.9054429407122269	311247.93470924784
VDGALC[+57.021465]M[+15.994915]EK	2	sp|P02790|HEMO_HUMAN	0.008505468	1.0	0.9766598500547455	160169.51787451585
GFGGLTGQIVAALSTAK	3	sp|Q92954|PRG4_HUMAN	0.008505468	1.0	0.9175472410040462	164629.211733129
GGYTLVSGYPK	2	sp|P02790|HEMO_HUMAN	0.008505468	1.0	0.9810883581217855	339584.77580255776
RIPIEDGSGEVVLSR	3	sp|P01024|CO3_HUMAN	0.008505468	1.0	0.8912709438758355	39740.933027345454
LLIYDASNR	2	sp|A0A0A0MRZ8|KVD11_HUMAN;sp|P04433|KV311_HUMAN	0.008505468	1.0	0.7612773560181301	114331.01134747794
LDVTTSIGR	2	sp|P04114|APOB_HUMAN	0.008505468	1.0	0.9220351762797365	23254.88498981078
WELLQQVDTSTR	2	sp|P04264|K2C1_HUMAN	0.008505468	1.0	0.945039595931483	258836.50905757092
QLVEIEK	1	sp|P00738|HPT_HUMAN;sp|P00739|HPTR_HUMAN	0.008505468	0.9797881705057813	0.7398209288225749	227.9573999082269
TYLPAVDEK	2	sp|P02655|APOC2_HUMAN	0.008505468	1.0	0.9328220097444595	117395.78413298928
VWVYPPEKK	3	sp|P02790|HEMO_HUMAN	0.017758047	0.888960273227615	0.7584861923502617	5837.091105977082
SPAFTDLHLR	2	sp|P04114|APOB_HUMAN	0.008505468	1.0	0.7216575778699199	9471.529511026536
ADGESC[+57.021465]SASMMYQEGK	2	sp|P01008|ANT3_HUMAN	0.008505468	1.0	0.9531007265532698	1159124.8609465621
DSGPYSC[+57.021465]SVNVQDK	2	sp|Q96AP7|ESAM_HUMAN	0.008505468	0.9797881705057813	0.9590760493093814	9420.887869048485
VITEPIPVSDLR	2	sp|Q12913|PTPRJ_HUMAN	0.008505468	1.0	0.9653337319541206	59931.06359228322
AEDTAVYYC[+57.021465]AR	3	sp|A0A0B4J1V1|HV321_HUMAN;sp|A0A0B4J1X5|HV374_HUMAN;sp|A0A0C4DH42|HV366_HUMAN;sp|A0A0J9YVY3|HV741_HUMAN;sp|P01762|HV311_HUMAN;sp|P01763|HV348_HUMAN;sp|P01767|HV353_HUMAN;sp|P01772|HV333_HUMAN;sp|P01780|HV307_HUMAN;sp|P0DOX2|IGA2_HUMAN;sp|P0DP02|HVC33_HUMAN	0.008505468	1.0	0.7885155296856109	115.44402349005445
EMEDTLNHLK	3	sp|P17936|IBP3_HUMAN	0.008505468	1.0	0.9895092020713174	102410.5165993568
AVLTIDEK	1	sp|P01009|A1AT_HUMAN	0.008505468	1.0	0.9880615298148864	894507.866943839
NPDAVAAPYC[+57.021465]YTR	2	sp|P08519|APOA_HUMAN	0.008505468	1.0	0.9686829935330646	105515.78612015159
GFMQTYYDDHLR	2	sp|P55056|APOC4_HUMAN	0.011560693	0.9797881705057813	0.8634810158039955	8802.314640262623
TVEGAGSIAAATGFVK	2	sp|P37840|SYUA_HUMAN	0.008505468	1.0	0.8144742486377943	40271.00249071201
IHLMAGR	2	sp|Q5T013|HYI_HUMAN	0.008505468	1.0	0.7572885994104644	38983.724818648974
VLDELTLTK	2	sp|P13645|K1C10_HUMAN	0.008505468	1.0	0.9280958272437676	58904.591316077196
ALSIGFETC[+57.021465]R	2	sp|P16070|CD44_HUMAN	0.008505468	1.0	0.9741798716932688	657145.2731111065
EMEVLHLR	2	sp|P11362|FGFR1_HUMAN	0.008505468	1.0	0.9079276089568755	244498.06362746857
AHLDIAGSLEGHLR	3	sp|P04114|APOB_HUMAN	0.008505468	0.9866190731264982	0.7574706441040404	11033.712722288183
VPLQQNFQDNQFQGK	2	sp|P80188|NGAL_HUMAN	0.008505468	1.0	0.8867809001801895	1056639.0256831371
YFHHNSDFHIPK	4	sp|O75015|FCG3B_HUMAN	0.008505468	1.0	0.9315525096567605	1462120.8334034048
YFHHNSDFYIPK	4	sp|P08637|FCG3A_HUMAN	0.027203482	0.9797881705057813	0.9399113242062914	24324.078616356168
SKEQLTPLIK	2	sp|P02652|APOA2_HUMAN	0.008505468	1.0	0.9607412233790418	154651.481660969
MSSINADFAFNLYR	2	sp|P05543|THBG_HUMAN	0.01870187	1.0	0.9713361640457179	3353465.592350086
NLAVSQVVHK	2	sp|P01011|AACT_HUMAN	0.008505468	1.0	0.9650458343584583	2412700.657419659
IMGITLVSKK	2	sp|Q9Y5Y7|LYVE1_HUMAN	0.008505468	1.0	0.9417495653324647	148421.26340081872
RDPPQYPVVPVHLDR	3	sp|P10153|RNAS2_HUMAN	0.011560693	0.9514467542496609	0.816369269577485	4865.18906954151
FYNIGDQR	2	sp|Q7Z7G0|TARSH_HUMAN	0.008505468	1.0	0.9192388931611941	69369.56336716707
QQLQALSEPQPR	2	sp|Q8NBJ4|GOLM1_HUMAN	0.008505468	0.9933552810135716	0.8335411349104296	3931.5701113255936
ATLVC[+57.021465]LISDFYPGAVTVAWK	4	sp|B9A064|IGLL5_HUMAN;sp|P0CG04|IGLC1_HUMAN;sp|P0DOX8|IGL1_HUMAN;sp|P0DOY2|IGLC2_HUMAN;sp|P0DOY3|IGLC3_HUMAN	0.008505468	1.0	0.7726236310633875	75275.96773705776
TEGDGVYTLNDK	2	sp|P00738|HPT_HUMAN;sp|P00739|HPTR_HUMAN	0.008505468	1.0	0.9599366712651003	346772.75766315847
SSTTKPPFKPHGSR	4	sp|P04196|HRG_HUMAN	0.008505468	1.0	0.9979484623869869	207000.31280024696
SSEPTEDVEPK	2	sp|O43493|TGON2_HUMAN	0.008505468	1.0	0.9145052783588824	5085.515878039092
WLQGSQELPR	2	sp|P01876|IGHA1_HUMAN;sp|P01877|IGHA2_HUMAN;sp|P0DOX2|IGA2_HUMAN	0.008505468	0.9933552810135716	0.8898453383679165	287390.7120348774
VYSTSVTGSR	2	sp|Q9H299|SH3L3_HUMAN	0.014739229	1.0	0.9573837874908517	74446.49260474557
SISC[+57.021465]QEIPGQQSR	2	sp|P27918|PROP_HUMAN	0.008505468	1.0	0.960776439168671	772212.206847981
TSDQIHFFFAK	3	sp|P01008|ANT3_HUMAN	0.008505468	0.9933552810135716	0.9833823371649871	1116796.8578771553
EPQVYTLPPSR	2	sp|P01857|IGHG1_HUMAN;sp|P01859|IGHG2_HUMAN;sp|P01860|IGHG3_HUMAN;sp|P0DOX5|IGG1_HUMAN	0.008505468	1.0	0.8717612425793799	3515.556984062182
SAVQGPPER	2	sp|P01876|IGHA1_HUMAN;sp|P01877|IGHA2_HUMAN	0.008505468	0.9797881705057813	0.9955665481628151	62707.2833514081
NSVIKVPMMNSK	2	sp|P05155|IC1_HUMAN	0.008505468	0.9933552810135716	0.9587672968499724	154530.25497119088
ASVSVTAEDEGTQR	2	sp|P05362|ICAM1_HUMAN	0.008505468	1.0	0.9563078750159782	79381.45135004184
YFHHNSDFHIPK	3	sp|O75015|FCG3B_HUMAN	0.008505468	1.0	0.7807321001799157	16010.713981831852
KGEVLPLPEANFPSFPLPHHK	5	sp|P04196|HRG_HUMAN	0.008505468	0.9933552810135716	0.8525377476524982	9291.092493603912
RYTIAALLSPYSYSTTAVVTNPK	3	sp|P02766|TTHY_HUMAN	0.008505468	0.9728591838590949	0.9266638513676633	11546297.590427345
IYHSHIDAPK	3	sp|P00450|CERU_HUMAN	0.008505468	0.9728591838590949	0.786859570338086	1529.6796590001204
LPGIVAEGRDDLYVSDAFHK	3	sp|P01008|ANT3_HUMAN	0.008505468	0.9866190731264982	0.9000799599823939	39405.57338310436
VLNQELR	2	sp|P05090|APOD_HUMAN	0.008505468	1.0	0.9772986304528948	2732113.6074965163
LYIEYGIQR	2	sp|Q9NPH3|IL1AP_HUMAN	0.008505468	1.0	0.9802347929262893	38000.394981329
AVQGFHTGVHQAGK	2	sp|Q6UWP8|SBSN_HUMAN	0.008505468	1.0	0.9615039972482503	29900.434386729637
HTFM[+15.994915]GVVSLGSPSGEVSHPR	4	sp|P02765|FETUA_HUMAN	0.008505468	0.9933552810135716	0.9356004501491193	4257.303707177459
VQPYLDDFQK	2	sp|P02647|APOA1_HUMAN	0.008505468	1.0	0.9706944310123145	170092.0878346838
SSAEAQTPEDTPNK	2	sp|O43493|TGON2_HUMAN	0.008505468	1.0	0.9691689426420309	80620.95883849
TFTDKWEDYPK	2	sp|P10721|KIT_HUMAN	0.008505468	1.0	0.9444070013887178	104097.04590447847
LGMFNIQHC[+57.021465]K	3	sp|P01009|A1AT_HUMAN	0.008505468	1.0	0.8225183686298323	79.72387819400006
SGAQATWTELPWPHEK	2	sp|P02790|HEMO_HUMAN	0.008505468	1.0	0.8629332578442983	1815502.3857060124
DNPMYYC[+57.021465]NK	2	sp|O75882|ATRN_HUMAN	0.008505468	0.9933552810135716	0.9094181671585696	5297.110782891376
DVFLGMFLYEYAR	3	sp|P02768|ALBU_HUMAN	0.008505468	1.0	0.8594774078161086	80038.39788395927
ADGNQLTLEER	2	sp|Q6YHK3|CD109_HUMAN	0.008505468	1.0	0.7297030826959288	6.534601441650506
SGTSASLAISGLR	2	sp|P01700|LV147_HUMAN	0.008505468	1.0	0.8507312868672926	14511.091310352203
WEMPFDPQDTHQSR	2	sp|P01011|AACT_HUMAN	0.008505468	0.9728591838590949	0.9294181872292279	11298.183760832995
GIVLFVSK	2	sp|Q99650|OSMR_HUMAN	0.008505468	0.9728591838590949	0.8970064207129775	8590.245351757092
DSTYSLSSTLTLSK	2	sp|P01834|IGKC_HUMAN;sp|P0DOX7|IGK_HUMAN	0.008505468	1.0	0.9430148779503509	890154.3653278752
IC[+57.021465]LDLQAPLYK	2	sp|P02776|PLF4_HUMAN	0.008505468	1.0	0.9593762613575146	552812.4192043109
HTFMGVVSLGSPSGEVSHPR	4	sp|P02765|FETUA_HUMAN	0.008505468	0.9933552810135716	0.9078135721318294	149861.93060310278
LAIPQQSDFHNNR	2	sp|P07333|CSF1R_HUMAN	0.008505468	0.9866190731264982	0.8949689486627757	71.5260540636069
LTLTPWVGLR	2	sp|O75882|ATRN_HUMAN	0.008505468	1.0	0.950064786573839	479497.32913061755
HTLNQIDEVK	2	sp|P02765|FETUA_HUMAN	0.008505468	0.9933552810135716	0.9619760786614462	394417.8708698143
ESTLHLVLR	2	sp|P0CG47|UBB_HUMAN;sp|P0CG48|UBC_HUMAN;sp|P62979|RS27A_HUMAN;sp|P62987|RL40_HUMAN	0.008505468	1.0	0.9449663290972659	1106135.9381948668
AQSQLVAGIK	2	sp|Q15828|CYTM_HUMAN	0.008505468	1.0	0.8381361933817585	118838.3608772551
QGHNSVFLIK	2	sp|P02790|HEMO_HUMAN	0.008505468	1.0	0.9295496205660546	278798.2163404506
SC[+57.021465]ALDQNC[+57.021465]QWEPR	2	sp|O75882|ATRN_HUMAN	0.008505468	1.0	0.9816067268722115	313901.7169932044
QVILTLQPTLVAVGK	2	sp|P13598|ICAM2_HUMAN	0.008505468	1.0	0.964312140449971	7178713.092119769
LVYHLGLPFSFLTFPYVEEAIK	4	sp|P49908|SEPP1_HUMAN	0.008505468	1.0	0.9654080832441679	452257.9968973006
AELQEGAR	2	sp|P02647|APOA1_HUMAN	0.008505468	1.0	0.807273842171003	6111.861738737798
NVQDAIADAEQR	2	sp|P35908|K22E_HUMAN	0.015712682	0.9212790999005022	0.8440056608446567	5934.993557108504
EQVTNVGGAVVTGVTAVAQK	3	sp|P37840|SYUA_HUMAN	0.008505468	1.0	0.9200552973808486	44486.37517410777
ALSLAPLAGAGLELQLER	3	sp|Q9ULI3|HEG1_HUMAN	0.008505468	1.0	0.987200369710665	7148.348483508271
FRIEDGFSLK	3	sp|P01008|ANT3_HUMAN	0.008505468	1.0	0.9688023333266471	5023473.646218272
GDDITMVLILPKPEK	2	sp|P01008|ANT3_HUMAN	0.008505468	1.0	0.807533046715768	50493.917919654836
LDSSEFLK	2	sp|Q12841|FSTL1_HUMAN	0.008505468	0.9797881705057813	0.9169252862003449	26844.00168419907
APEQEQAAPGPAAGGEAPK	3	sp|P80723|BASP1_HUMAN	0.010501751	0.9658285256870233	0.8545654937920623	6850.562068994079
LLIYWASTR	2	sp|P06312|KV401_HUMAN	0.008505468	0.9933552810135716	0.9838064979243897	28397.19008924613
AGVETTTPSK	2	sp|P0DOY2|IGLC2_HUMAN;sp|P0DOY3|IGLC3_HUMAN	0.008505468	0.9866190731264982	0.9515064735304322	4552.810604272472
FNKPFVFLMIEQNTK	3	sp|P01009|A1AT_HUMAN	0.008505468	1.0	0.917164382730084	106494.69511704592
HYYESEVLAMNFQDWATASR	3	sp|P08185|CBG_HUMAN	0.008505468	0.9797881705057813	0.9269355613675061	212922.1968771964
IILEDENDAMADADR	2	sp|Q9BUN1|MENT_HUMAN	0.008505468	0.9728591838590949	0.7164551240238732	8070.624486570374
ADLSGITGAR	1	sp|P01011|AACT_HUMAN	0.008505468	1.0	0.7673920512935766	23661.101918067827
SGVQQLIQYYQDQK	2	sp|Q13790|APOF_HUMAN	0.008505468	1.0	0.8561238795377187	299446.63067304227
GLPNVVTSAISLPNIR	2	sp|Q92954|PRG4_HUMAN	0.008505468	1.0	0.8884033179390795	140285.40592021172
QVVAGLNFR	2	sp|P01042|KNG1_HUMAN	0.008505468	1.0	0.837409269659562	115200.91070416546
TLTLLSVTR	2	sp|P06731|CEAM5_HUMAN;sp|P13688|CEAM1_HUMAN;sp|P31997|CEAM8_HUMAN	0.008505468	1.0	0.9279426980962321	78574.0517742678
LQHLENELTHDIITK	4	sp|P01009|A1AT_HUMAN	0.010501751	0.9658285256870233	0.9227893440814542	44226.062937683266
LREQLGPVTQEFWDNLEK	3	sp|P02647|APOA1_HUMAN	0.008505468	0.9866190731264982	0.925779714771054	63677.56275671968
VGYVSGWGR	2	sp|P00738|HPT_HUMAN	0.008505468	1.0	0.9505952125998776	1385145.214289723
SEILAHWSPAK	3	sp|P04114|APOB_HUMAN	0.008505468	1.0	0.7696338571688631	110765.72513766571
LALDVEIATYR	3	sp|O95678|K2C75_HUMAN;sp|P02538|K2C6A_HUMAN;sp|P04259|K2C6B_HUMAN;sp|P12035|K2C3_HUMAN;sp|P13647|K2C5_HUMAN;sp|P35908|K22E_HUMAN;sp|P48668|K2C6C_HUMAN;sp|Q01546|K22O_HUMAN;sp|Q5XKE5|K2C79_HUMAN	0.008505468	1.0	0.9253650520521406	13483.272602903919
GIYSFNFHVVK	3	sp|P23435|CBLN1_HUMAN	0.008505468	1.0	0.9572222723508665	10749.34761776924
DASGVTFTWTPSSGK	2	sp|P01876|IGHA1_HUMAN	0.008505468	0.9866190731264982	0.9545340782038256	167400.13917544362
QDQC[+57.021465]IYNTTYLNVQR	3	sp|P02763|A1AG1_HUMAN	0.008505468	1.0	0.9360269811426862	190558.0784241451
VYIASSSGSTAIK	2	sp|O75368|SH3L1_HUMAN	0.008505468	1.0	0.9489131324253296	11306.626267583852
TMLLQPAGSLGSYSYR	2	sp|P41222|PTGDS_HUMAN	0.008505468	0.9728591838590949	0.9578895156597649	2068112.1717941808
DVWGIEGPIDAAFTR	2	sp|P04004|VTNC_HUMAN	0.008505468	1.0	0.9540174000791174	1375479.8938896498
GGNIFHK	2	sp|P13598|ICAM2_HUMAN	0.020856202	1.0	0.9464722532792929	68628.24512298295
AVSISPTNVILTWK	2	sp|Q12913|PTPRJ_HUMAN	0.008505468	0.9866190731264982	0.9118623682230396	31862.112534420838
YVGGQEHFAHLLILR	3	sp|P02763|A1AG1_HUMAN	0.008505468	0.9728591838590949	0.9482090531481318	181769.87839781868
FSGSGSGTDFTLTISR	2	sp|A0A0C4DH25|KVD20_HUMAN;sp|P01619|KV320_HUMAN	0.008505468	1.0	0.9596565818270664	920443.5910596008
SDVMYTDWK	2	sp|P19652|A1AG2_HUMAN	0.008505468	1.0	0.9678672616450946	826035.2141980126
TEVSSNHVLIYLDK	2	sp|P01023|A2MG_HUMAN	0.008505468	1.0	0.9202880215087107	213692.40992495144
YIC[+57.021465]ENQDSISSK	2	sp|P02768|ALBU_HUMAN	0.008505468	0.9866190731264982	0.9521275908402893	448502.896230702
AQYEEIAQR	2	sp|P02538|K2C6A_HUMAN;sp|P04259|K2C6B_HUMAN;sp|P19013|K2C4_HUMAN;sp|P35908|K22E_HUMAN;sp|P48668|K2C6C_HUMAN;sp|Q01546|K22O_HUMAN	0.008505468	1.0	0.9614885632741423	26251.37120088382
SEAYNTFSER	2	sp|P12259|FA5_HUMAN	0.008505468	0.9933552810135716	0.889520705231024	11849.14168490297
GGSTSYGTGSETESPR	2	sp|P02671|FIBA_HUMAN	0.008505468	0.9797881705057813	0.9575414486678356	98758.18785058212
SYPGLTSYLVR	2	sp|P80188|NGAL_HUMAN	0.008505468	1.0	0.934191294533819	46081.29830136865
EHVAHLLFLRDTK	2	sp|P19652|A1AG2_HUMAN	0.008505468	1.0	0.9756016189662066	912184.0481581383
RLGMFNIQHC[+57.021465]K	3	sp|P01009|A1AT_HUMAN	0.008505468	0.9797881705057813	0.9588549302069529	1273958.3424932729
EENFYVDETTVVK	2	sp|P08185|CBG_HUMAN	0.008505468	0.9797881705057813	0.9420771746473753	90257.01670835254
SAGSVESPSVSSTHR	2	sp|P17936|IBP3_HUMAN	0.008505468	0.9866190731264982	0.9493011790479302	4432.707166284994
EVGTPHGIILDSVDAAFIC[+57.021465]PGSSR	3	sp|P02790|HEMO_HUMAN	0.008505468	1.0	0.9355125716941108	31419767.560663216
VC[+57.021465]PFAGILENGAVR	2	sp|P02749|APOH_HUMAN	0.008505468	1.0	0.9822678314231789	4299201.406613442
AFIQLWAFDAVK	3	sp|P02760|AMBP_HUMAN	0.008505468	0.9933552810135716	0.9490385832899175	6118.317839261193
EGVLYVGSK	1	sp|P37840|SYUA_HUMAN;sp|Q16143|SYUB_HUMAN	0.008505468	0.9866190731264982	0.7089986533152808	237.96356422269307
TLLSNLEEAK	2	sp|P10909|CLUS_HUMAN	0.008505468	1.0	0.9576984707676632	2232499.3845254313
VDGALC[+57.021465]MEK	2	sp|P02790|HEMO_HUMAN	0.008505468	0.9866190731264982	0.9398277611157793	443357.2058916535
ESSSHHPGIAEFPSR	3	sp|P02671|FIBA_HUMAN	0.008505468	1.0	0.9094584838989292	56590.290040689375
FIC[+57.021465]PLTGLWPINTLK	2	sp|P02749|APOH_HUMAN	0.010501751	0.9586923939928679	0.9386104680797769	408308.2724764596
GYWSDWSEEASGITYEDRPSK	3	sp|P40189|IL6RB_HUMAN	0.008505468	1.0	0.7844943605249065	485446.6005246448
VVLHPNYHQVDIGLIK	4	sp|P00739|HPTR_HUMAN	0.008505468	0.9797881705057813	0.9084546899063758	95323.05940635293
DLSPDDPQVQK	2	sp|Q15828|CYTM_HUMAN	0.008505468	1.0	0.9515121190145006	4406.51561946031
SVLGQLGITK	2	sp|P01009|A1AT_HUMAN	0.008505468	1.0	0.9701068947266818	3917651.46774571
TM[+15.994915]LLQPAGSLGSYSYR	3	sp|P41222|PTGDS_HUMAN	0.010501751	0.9586923939928679	0.8485698342236414	12046.70329326007
HPDEAAFFDTASTGK	3	sp|P02671|FIBA_HUMAN	0.008505468	0.9797881705057813	0.9258760901310015	8441.1867909519
EGIVEYPR	2	sp|Q02985|FHR3_HUMAN;sp|Q92496|FHR4_HUMAN	0.008505468	1.0	0.9715732594858668	122704.55593128238
FLENEDRR	2	sp|P01009|A1AT_HUMAN	0.008505468	1.0	0.9686621325750872	389136.8943457622
MYATIYELK	2	sp|P80188|NGAL_HUMAN	0.008505468	0.9933552810135716	0.9441321098691621	7400.8531604106465
FIQSQDYQC[+57.021465]SALMGGR	2	sp|P07333|CSF1R_HUMAN	0.010501751	0.9658285256870233	0.7612715505756458	2198.9891724243566
EHVAHLLFLR	3	sp|P19652|A1AG2_HUMAN	0.008505468	0.9728591838590949	0.8194461401749866	30399.820005796693
KLINDYVK	2	sp|P01011|AACT_HUMAN	0.008505468	0.9866190731264982	0.9447392199653799	55089.283822576595
YEGGREHVAHLLFLR	4	sp|P19652|A1AG2_HUMAN	0.008505468	0.9797881705057813	0.9623153357565865	359900.9600178819
HPYFYAPELLFFAK	3	sp|P02768|ALBU_HUMAN	0.008505468	0.9933552810135716	0.9634911657251267	54908.110347762115
TEDTIFLR	2	sp|P02763|A1AG1_HUMAN;sp|P19652|A1AG2_HUMAN	0.008505468	0.9866190731264982	0.9900860827401091	264010.64120907057
DFLQSLK	2	sp|P08697|A2AP_HUMAN	0.008505468	1.0	0.9457855217010938	230463.92274278094
LC[+57.021465]TPLLPK	2	sp|P27918|PROP_HUMAN	0.008505468	0.9866190731264982	0.9597411936833271	628.8864493974429
YTDLVAIQNK	2	sp|P16109|LYAM3_HUMAN	0.008505468	0.9933552810135716	0.9091384650149984	3958.2422446055693
AFSVNIFK	2	sp|P11279|LAMP1_HUMAN	0.008505468	0.9797881705057813	0.930323214670903	34360.945136476956
TVAAC[+57.021465]NLPIVR	2	sp|P02760|AMBP_HUMAN	0.008505468	0.9933552810135716	0.9552679515268339	114736.2380299929
IPLNDLFR	2	sp|P13473|LAMP2_HUMAN	0.008505468	0.9866190731264982	0.9324317089049015	16366.308327595329
SKLPGIVAEGRDDLYVSDAFHK	3	sp|P01008|ANT3_HUMAN	0.008505468	1.0	0.9264200555620402	9158.055043233797
GKEESLDSDLYAELR	4	sp|P02775|CXCL7_HUMAN	0.017758047	0.8718655118414741	0.772002621322901	7142.428528076735
DSPVLIDFFEDTER	2	sp|P04196|HRG_HUMAN	0.011560693	0.9514467542496609	0.9916998308970726	201822.56757914735
EFQLFSSPHGK	2	sp|P02787|TRFE_HUMAN	0.008505468	1.0	0.8736392420839858	16312.904829739029
TSESGELHGLTTEEEFVEGIYK	4	sp|P02766|TTHY_HUMAN	0.017758047	0.9054124614333342	0.9894679516607304	101314.26906468032
ALTDMPQMR	2	sp|P02671|FIBA_HUMAN	0.008505468	1.0	0.863841629552724	144134.5463029516
ESSSHHPGIAEFPSR	4	sp|P02671|FIBA_HUMAN	0.008505468	1.0	0.9812883680254014	444148.0304516882
ELDRDTVFALVNYIFFK	3	sp|P01009|A1AT_HUMAN	0.008505468	0.9933552810135716	0.9569429128212833	2538979.0760250534
LDDDLEHQGGHVLDHGHK	5	sp|P01042|KNG1_HUMAN	0.008505468	1.0	0.938352657562937	6070253.366739284
RLWWLDLK	2	sp|P02790|HEMO_HUMAN	0.008505468	0.9933552810135716	0.9324669088555654	13346.172456895505
AGDGVPQVIVVLTDGHSK	3	sp|P12111|CO6A3_HUMAN	0.008505468	0.9933552810135716	0.8626076884794462	33254.911653139214
HSWTIPEDGNSQK	2	sp|Q13201|MMRN1_HUMAN	0.008505468	1.0	0.9326566572526306	53472.43171081824
NPNLPPETVDSLK	2	sp|P05090|APOD_HUMAN	0.008505468	0.9866190731264982	0.9804279629340259	949131.6625976632
AGFAGDDAPR	2	sp|A5A3E0|POTEF_HUMAN;sp|P0CG38|POTEI_HUMAN;sp|P0CG39|POTEJ_HUMAN;sp|P60709|ACTB_HUMAN;sp|P62736|ACTA_HUMAN;sp|P63261|ACTG_HUMAN;sp|P63267|ACTH_HUMAN;sp|P68032|ACTC_HUMAN;sp|P68133|ACTS_HUMAN;sp|Q6S8J3|POTEE_HUMAN	0.008505468	1.0	0.9225645902563319	39829.59037502512
ALGISPFHEHAEVVFTANDSGPR	4	sp|P02766|TTHY_HUMAN	0.008505468	1.0	0.9241761274205074	10681404.373217192
YKEENDDFASFR	2	sp|P04196|HRG_HUMAN	0.030401736	1.0	0.9572636603977307	726557.2376427219
DSVGQLQLYR	2	sp|Q99941|ATF6B_HUMAN	0.008505468	0.9933552810135716	0.9323370018765409	19440.21303682723
VLSLAQEQVGGSPEK	2	sp|P0C0L4|CO4A_HUMAN;sp|P0C0L5|CO4B_HUMAN	0.008505468	0.9866190731264982	0.9225354359307492	1971.5667870665568
VAEGTQVLELPFK	2	sp|P01008|ANT3_HUMAN	0.008505468	1.0	0.9465727089699956	1948422.4388074465
LNDLEDALQQAK	2	sp|P04264|K2C1_HUMAN	0.008505468	1.0	0.8930343398360258	32076.95052943522
GTWTQPFDLASTR	2	sp|P08185|CBG_HUMAN	0.008505468	1.0	0.9485468259472719	8180627.720739841
DKC[+57.021465]EPLEKQHEK	4	sp|P02763|A1AG1_HUMAN;sp|P19652|A1AG2_HUMAN	0.008505468	1.0	0.9642830251466505	197976.82737823582
WQQGNVFSC[+57.021465]SVMHEALHNHYTQK	5	sp|P01857|IGHG1_HUMAN;sp|P01859|IGHG2_HUMAN;sp|P0DOX5|IGG1_HUMAN	0.010501751	0.9658285256870233	0.9353468413954729	10053.753614571126
ALGISPFHEHAEVVFTANDSGPRR	4	sp|P02766|TTHY_HUMAN	0.008505468	0.9866190731264982	0.8802994293730663	14002.362377948448
LLIYGASSR	2	sp|P01619|KV320_HUMAN	0.008505468	1.0	0.9328152540552529	329225.3377715497
FNALQYLR	2	sp|P51884|LUM_HUMAN	0.008505468	1.0	0.9212643215204727	43824.81822105536
IFTVNHK	2	sp|P01024|CO3_HUMAN	0.008505468	0.9728591838590949	0.8739002880765262	1395.711936409485
EEDPIHLR	2	sp|O75015|FCG3B_HUMAN;sp|P08637|FCG3A_HUMAN	0.008505468	1.0	0.9384747484211032	398847.5644665492
SPELQAEAK	1	sp|P02652|APOA2_HUMAN	0.008505468	0.9728591838590949	0.982183608573125	13278.066683685269
VATTVISK	1	sp|P05155|IC1_HUMAN	0.008505468	1.0	0.8904205281657137	14306.284552303057
EALQGVGDMGR	2	sp|P35542|SAA4_HUMAN	0.008505468	0.9933552810135716	0.9892374314297402	13459.336501934533
YEASILTHDSSIR	2	sp|P02679|FIBG_HUMAN	0.008505468	1.0	0.9027415394995247	78729.37787191989
LVLLNAIYLSAK	2	sp|P05155|IC1_HUMAN	0.008505468	1.0	0.950116260858032	72520.58499662006
MNTVIAALSR	2	sp|P08185|CBG_HUMAN	0.01870187	0.8630568252698203	0.9864432554103637	9120.187293216448
QSLEASLAETEGR	2	sp|P13645|K1C10_HUMAN	0.008505468	0.9933552810135716	0.896795109359002	14122.834484414572
LGQGVNHAADQAGK	2	sp|Q6UWP8|SBSN_HUMAN	0.008505468	0.9933552810135716	0.868004585500625	5115.021418959266
TFVLPVTPPR	2	sp|P32942|ICAM3_HUMAN	0.008505468	0.9933552810135716	0.9556619339070984	14182.18326947004
VTTPDTSTTQHNK	3	sp|Q92954|PRG4_HUMAN	0.008505468	1.0	0.8372259946049518	65103.77974603965
NWGLSVYADKPETTK	2	sp|P02763|A1AG1_HUMAN	0.008505468	1.0	0.9339461122161221	3564903.391807596
GSSSSPLGISVR	2	sp|Q9NTU7|CBLN4_HUMAN	0.008505468	1.0	0.9550666994145657	246077.22069305673
GLIDEVNQDFTNR	2	sp|P02671|FIBA_HUMAN	0.008505468	1.0	0.9510745027861706	277176.50879644114
SQYEQLAEQNRK	3	sp|P13645|K1C10_HUMAN	0.008505468	0.9866190731264982	0.8819592548613756	5934.60973906923
GSPAINVAVHVFRK	3	sp|P02766|TTHY_HUMAN	0.008505468	0.9866190731264982	0.9622866954197952	306342.96597494365
VYLKLEK	2	sp|Q9NTU7|CBLN4_HUMAN	0.008505468	0.9797881705057813	0.9339656123005834	509.95751771120183
VWPQQPSGELFEIEIDTLETTC[+57.021465]HVLDPTPVAR	4	sp|P02765|FETUA_HUMAN	0.008505468	1.0	0.9227012429520769	2676705.230161786
DGNPFYFTDHR	2	sp|O00533|NCHL1_HUMAN	0.008505468	0.9797881705057813	0.9832342080418871	40280.356800408365
LYHSEAFTVNFGDTEEAKK	4	sp|P01009|A1AT_HUMAN	0.008505468	1.0	0.9252085164744092	651445.1631319019
DYFMPC[+57.021465]PGR	3	sp|P02790|HEMO_HUMAN	0.020856202	0.8540617215638593	0.8374157681777852	3242.1583067760453
AVEPQLQEEER	2	sp|P55058|PLTP_HUMAN	0.008505468	1.0	0.9495264801281184	9985.820709230964
GSPAINVAVHVFR	3	sp|P02766|TTHY_HUMAN	0.008505468	0.9933552810135716	0.9471250945171467	10054545.024728842
ANRPFLVFIR	2	sp|P01008|ANT3_HUMAN	0.010501751	0.9586923939928679	0.9208101090113533	4005.530793631999
SSGQWQTPGATR	2	sp|P06681|CO2_HUMAN	0.008505468	1.0	0.9712623641153595	19081.58727994388
WSAGLTSSQVDLYIPK	2	sp|P08185|CBG_HUMAN	0.008505468	1.0	0.934256269926412	8479484.682045864
EVPLNTIIFMGR	2	sp|P01008|ANT3_HUMAN	0.008505468	0.9933552810135716	0.9725988697747556	380540.44795730367
SC[+57.021465]AVAEYGVYVK	2	sp|P00738|HPT_HUMAN;sp|P00739|HPTR_HUMAN	0.01368301	0.9933552810135716	0.9813013644092569	728854.8833077851
GEVLPLPEANFPSFPLPHHK	3	sp|P04196|HRG_HUMAN	0.008505468	1.0	0.9464657737423267	496818.47106981475
FKLDDDLEHQGGHVLDHGHK	5	sp|P01042|KNG1_HUMAN	0.008505468	0.9866190731264982	0.9842189726124156	9567.34603267922
IDPSHTQGYR	3	sp|P40189|IL6RB_HUMAN	0.010501751	0.9586923939928679	0.8812094879683968	6974.104919310751
VVSTNYNQHAMVFFK	2	sp|P80188|NGAL_HUMAN	0.008505468	0.9933552810135716	0.8844241263481418	43578.36670808539
SDVVYTDWKKDK	3	sp|P02763|A1AG1_HUMAN	0.012614679	0.9440873193926883	0.8388461965658478	257.52081044118245
DGEQIEQEEDDEK	2	sp|P13591|NCAM1_HUMAN	0.008505468	0.9797881705057813	0.9901807699887947	9582.82541654636
GSFPWQAK	2	sp|P00738|HPT_HUMAN;sp|P00739|HPTR_HUMAN	0.008505468	0.9797881705057813	0.9878522935011368	298264.30619568925
ETLLQDFR	2	sp|P02760|AMBP_HUMAN	0.008505468	0.9866190731264982	0.965746336812406	296526.808258213
AVMDDFAAFVEK	2	sp|P02768|ALBU_HUMAN	0.008505468	0.9797881705057813	0.9687926043041906	1100471.6840184587
VFEVHVRPK	2	sp|P13598|ICAM2_HUMAN	0.008505468	1.0	0.9693035249080784	143926.95684868068
ALMSPAGMLR	2	sp|O75144|ICOSL_HUMAN	0.008505468	0.9866190731264982	0.8906228799206857	95906.3567172329
YVGGQEHFAHLLILRDTK	3	sp|P02763|A1AG1_HUMAN	0.008505468	0.9933552810135716	0.9157921426393771	24320.311439349534
EESLDSDLYAELR	3	sp|P02775|CXCL7_HUMAN	0.008505468	0.9797881705057813	0.9007590229542961	18255.342638499154
QQTHMLDVMQDHFSR	4	sp|P10909|CLUS_HUMAN	0.008505468	1.0	0.9767751372166816	27746.951691854938
VVAGVANALAHK	2	sp|P02042|HBD_HUMAN;sp|P68871|HBB_HUMAN	0.008505468	1.0	0.9305877368941743	108026.15654285772
QEPSQGTTTFAVTSILR	2	sp|P01876|IGHA1_HUMAN	0.008505468	1.0	0.9365968868129139	1657889.8287838225
ISVVIQNILR	2	sp|Q86SQ4|AGRG6_HUMAN	0.008505468	1.0	0.8796580220139067	12438.327109557355
VIQDC[+57.021465]EDENIQR	2	sp|P56199|ITA1_HUMAN	0.017758047	0.9134157281067091	0.8642097042738376	716.3948544309767
NFPSPVDAAFR	3	sp|P02790|HEMO_HUMAN	0.022950819	0.8448700454299841	0.8784486988625311	3497.4232899900544
SSTTKPPFKPHGSR	3	sp|P04196|HRG_HUMAN	0.017758047	0.8718655118414741	0.8130335503229971	3112.2493327516013
DQYYNIDVPSR	2	sp|Q92954|PRG4_HUMAN	0.008505468	0.9933552810135716	0.9604095796283797	338456.72570680134
ALTFELTLR	2	sp|P07333|CSF1R_HUMAN	0.008505468	1.0	0.8643860602519744	145459.6421574466
SKLPGIVAEGR	2	sp|P01008|ANT3_HUMAN	0.008505468	0.9866190731264982	0.9819093682906977	149022.22792366336
FDPSLTQR	2	sp|P08697|A2AP_HUMAN	0.008505468	1.0	0.7181079010337782	41367.026185513816
VKSPELQAEAK	2	sp|P02652|APOA2_HUMAN	0.008505468	0.9933552810135716	0.9616418771276093	14691.751469233726
EYC[+57.021465]GVPGDGDEELLR	2	sp|P02760|AMBP_HUMAN	0.008505468	1.0	0.9347418840498452	1568941.9613005014
VFSNGADLSGVTEEAPLK	2	sp|P01009|A1AT_HUMAN	0.008505468	1.0	0.9132780542305773	4907860.132212369
QC[+57.021465]VWGHNK	2	sp|Q6UXB8|PI16_HUMAN	0.008505468	1.0	0.7076284063701239	5902.661193152618
EQLTPLIK	2	sp|P02652|APOA2_HUMAN	0.008505468	0.9866190731264982	0.9365187644532931	308.2100489788721
ADLFYDVEALDLESPK	2	sp|P04196|HRG_HUMAN	0.008505468	1.0	0.8280152793289648	123835.93627672488
MTQSPSSFSASTGDR	2	sp|A0A0C4DH67|KV108_HUMAN	0.008505468	0.9797881705057813	0.8855781588535291	8772.093870640292
YLQEIYNSNNQK	2	sp|P02679|FIBG_HUMAN	0.008505468	1.0	0.8947147296981832	60140.49533029545
LRTEGDGVYTLNNEK	3	sp|P00738|HPT_HUMAN	0.008505468	1.0	0.7618320215695423	139310.41360282165
QQTHMLDVMQDHFSR	3	sp|P10909|CLUS_HUMAN	0.008505468	1.0	0.8977047196629303	8075.830007369272
TYMLAFDVNDEK	2	sp|P02763|A1AG1_HUMAN	0.008505468	0.9866190731264982	0.8041134760743378	3831186.138985693
TLEAQLTPR	2	sp|P05546|HEP2_HUMAN	0.008505468	1.0	0.7056882756848405	3947.949537926813
SVQEIQATFFYFTPNK	3	sp|P02763|A1AG1_HUMAN;sp|P19652|A1AG2_HUMAN	0.008505468	1.0	0.9085677200145522	11092.986149280752
SLTEEAENWGDGEPNNK	2	sp|P14151|LYAM1_HUMAN	0.008505468	1.0	0.8945933339837221	6092470.9504025495
EQLGEFYEALDC[+57.021465]LC[+57.021465]IPR	3	sp|P19652|A1AG2_HUMAN	0.008505468	0.9866190731264982	0.9601446684399015	736945.0918946597
DMPASEDLQDLQK	2	sp|P49908|SEPP1_HUMAN	0.008505468	1.0	0.9736617933238046	2749045.072461423
LAADDFR	2	sp|O76013|KRT36_HUMAN;sp|O76014|KRT37_HUMAN;sp|O76015|KRT38_HUMAN;sp|P02533|K1C14_HUMAN;sp|P05783|K1C18_HUMAN;sp|P08727|K1C19_HUMAN;sp|P08779|K1C16_HUMAN;sp|P13645|K1C10_HUMAN;sp|P13646|K1C13_HUMAN;sp|P19012|K1C15_HUMAN;sp|Q04695|K1C17_HUMAN;sp|Q14525|KT33B_HUMAN;sp|Q14532|K1H2_HUMAN;sp|Q15323|K1H1_HUMAN;sp|Q2M2I5|K1C24_HUMAN;sp|Q7Z3Y7|K1C28_HUMAN;sp|Q92764|KRT35_HUMAN	0.008505468	0.9728591838590949	0.9377890614210578	14431.783766412696
STSGGTAALGC[+57.021465]LVK	2	sp|P01857|IGHG1_HUMAN;sp|P01860|IGHG3_HUMAN;sp|P0DOX5|IGG1_HUMAN	0.008505468	1.0	0.9393032731703245	589227.158410707
KPDGYDYYAFSK	3	sp|Q92954|PRG4_HUMAN	0.008505468	1.0	0.777291286428911	22422.410257369815
GWSEEELQGVLR	2	sp|Q9H4A9|DPEP2_HUMAN	0.008505468	0.9933552810135716	0.8705360435540827	6442.78150205666
KWQEEMELYR	2	sp|P02647|APOA1_HUMAN	0.008505468	0.9933552810135716	0.9655559516869141	30165.661539638862
LEDMEQALSPSVFK	2	sp|P05155|IC1_HUMAN	0.008505468	0.9797881705057813	0.9563634734842197	468119.4868025887
SFTIEC[+57.021465]R	1	sp|P13598|ICAM2_HUMAN	0.008505468	0.9797881705057813	0.7452220778715649	3559.472704654675
NSGSELQVYYASPR	2	sp|P18850|ATF6A_HUMAN	0.008505468	0.9797881705057813	0.7700670316551433	21529.147632632823
ITPNLAEFAFSLYR	3	sp|P01009|A1AT_HUMAN	0.008505468	1.0	0.9865537930676048	2223867.1076999926
VWVYPPEK	2	sp|P02790|HEMO_HUMAN	0.008505468	0.9866190731264982	0.9764371339013772	1232014.8678069673
VLHPLEGAVVIIFK	3	sp|Q13740|CD166_HUMAN	0.008505468	1.0	0.8803111101671409	374179.52857435093
YFHHNSDFYIPK	3	sp|P08637|FCG3A_HUMAN	0.008505468	0.9797881705057813	0.882500907857328	6530.718166087051
DDLYVSDAFHK	3	sp|P01008|ANT3_HUMAN	0.008505468	1.0	0.914528441568502	39056.32584459636
NTWSILHTQGALVQGGYGHSSVYDHR	5	sp|O75882|ATRN_HUMAN	0.008505468	0.9866190731264982	0.921687422770289	376720.66684870893
LVVLPFPK	2	sp|Q9UGM5|FETUB_HUMAN	0.011560693	0.9514467542496609	0.9246049729968294	5540.6917624076705
LVYHLGLPFSFLTFPYVEEAIK	3	sp|P49908|SEPP1_HUMAN	0.008505468	1.0	0.9755430787346321	5037372.135712988
VEEVKPLEGR	3	sp|O00533|NCHL1_HUMAN	0.008505468	1.0	0.9499935574663503	476263.5507719529
KNIFISPVSISMALAMLSLGTC[+57.021465]GHTR	3	sp|P08185|CBG_HUMAN	0.02508179	0.8258516653955662	0.9271972652047435	5729.343555895579
SLTEEAENWGDGEPNNKK	3	sp|P14151|LYAM1_HUMAN	0.008505468	0.9933552810135716	0.9242069940190026	72940.7477614885
DFTFDLYR	2	sp|P05154|IPSP_HUMAN	0.008505468	1.0	0.8696008678455728	110894.51766895868
NTLYLQMNSLK	2	sp|A0A0B4J1V0|HV315_HUMAN	0.015712682	0.9212790999005022	0.8547482095494832	22631.13818838902
SDVMYTDWKKDK	2	sp|P19652|A1AG2_HUMAN	0.008505468	1.0	0.9242157221267326	93814.83219727065
QNQC[+57.021465]FYNSSYLNVQR	3	sp|P19652|A1AG2_HUMAN	0.010501751	0.9586923939928679	0.7209457204554619	8114.63344594159
VGAHAGEYGAEALER	2	sp|P69905|HBA_HUMAN	0.008505468	0.9866190731264982	0.9701855575757954	5742.464950376369
LVHVEEPHTETVR	4	sp|P01023|A2MG_HUMAN	0.008505468	1.0	0.900933860328921	580219.6810582703
SLDFTELDVAAEK	2	sp|P01019|ANGT_HUMAN	0.008505468	1.0	0.8124162959727022	64914.20811112275
VLDAVRGSPAINVAVHVFR	5	sp|P02766|TTHY_HUMAN	0.014739229	0.9290085173289965	0.7319505912606017	4443.927173457396
DTINLLDQR	2	sp|Q8NBJ4|GOLM1_HUMAN	0.008505468	1.0	0.9043939947738792	107098.77039104604
IGQDGISTSATTNLK	2	sp|P04114|APOB_HUMAN	0.008505468	0.9866190731264982	0.8765680974000443	2212.388596822035
AEGAATEEEGTPK	2	sp|P80723|BASP1_HUMAN	0.008505468	1.0	0.9572797393682901	5303.924035865313
TVVQLEGDNK	2	sp|P07148|FABPL_HUMAN	0.008505468	1.0	0.8475518800555778	29493.371932345904
YPNC[+57.021465]AYR	1	sp|P07998|RNAS1_HUMAN	0.008505468	0.9797881705057813	0.7260765475139512	2058.2562653059767
RPC[+57.021465]FSALEVDETYVPK	3	sp|P02768|ALBU_HUMAN	0.008505468	1.0	0.8887649930309663	38643.35765225259
AEIEYLEK	2	sp|P14151|LYAM1_HUMAN	0.008505468	0.9866190731264982	0.9648413293239626	118484.60433452786
RVAEGTQVLELPFK	2	sp|P01008|ANT3_HUMAN	0.008505468	1.0	0.9683317164170538	2289230.861914684
YTIAALLSPYSYSTTAVVTNPKE	3	sp|P02766|TTHY_HUMAN	0.008505468	1.0	0.9484056418392246	5231393.200441105
DIPTNSPELEETLTHTITK	3	sp|P01042|KNG1_HUMAN	0.008505468	1.0	0.8947439314635378	3393307.0154640074
YVGGQEHFAHLLILR	4	sp|P02763|A1AG1_HUMAN	0.008505468	0.9728591838590949	0.9520392384532453	13507746.4643635
WNNYMMDWK	2	sp|P06276|CHLE_HUMAN	0.008505468	1.0	0.9300866887288002	17584.092566173193
GEAEYQEIR	2	sp|Q15223|NECT1_HUMAN	0.008505468	1.0	0.9266900334829437	22394.102785902593
LTGSSGFVTDGPGNYK	3	sp|O75882|ATRN_HUMAN	0.008505468	0.9797881705057813	0.8489669796621402	1050.2155316109756
VSFLSALEEYTK	2	sp|P02647|APOA1_HUMAN	0.008505468	0.9933552810135716	0.9797103324052573	7724.88774094468
DKC[+57.021465]EPLEK	2	sp|P02763|A1AG1_HUMAN;sp|P19652|A1AG2_HUMAN	0.008505468	0.9866190731264982	0.9247400209563731	13383.676045118775
DGWHSWPIAHQWPQGPSAVDAAFSWEEK	4	sp|P02790|HEMO_HUMAN	0.008505468	0.9797881705057813	0.9693715864056093	12555.689374410076
SPSQDEMLPTYLK	2	sp|Q8IZF2|AGRF5_HUMAN	0.008505468	0.9866190731264982	0.9555943952276842	15432.664249779438
SGAEAQTPEDSPNR	2	sp|O43493|TGON2_HUMAN	0.008505468	1.0	0.9415510074784537	131312.7397335973
GTSAVNVVLSLK	2	sp|P20061|TCO1_HUMAN	0.01368301	0.9366095275687156	0.8907251340587935	8159.187677065821
GVC[+57.021465]EETSGAYEK	2	sp|P02760|AMBP_HUMAN	0.008505468	1.0	0.9427283260258125	197553.26926954597
SDVVYTDWKK	2	sp|P02763|A1AG1_HUMAN	0.008505468	1.0	0.9394276784610138	49508.43861858602
VQALEEANNDLENK	2	sp|P35527|K1C9_HUMAN	0.008505468	1.0	0.867102755148829	59572.46674182042
FLEDVKK	1	sp|P01009|A1AT_HUMAN	0.01870187	0.8718655118414741	0.9291268912092165	1870.716888176818
NILTSNNIDVK	2	sp|P05090|APOD_HUMAN	0.008505468	1.0	0.9824307116773942	2265877.1027212087
GPGEDFR	2	sp|P41222|PTGDS_HUMAN	0.008505468	0.9728591838590949	0.8643229689162217	10016.527456836246
LFDSDPITVTVPVEVSR	3	sp|P10909|CLUS_HUMAN	0.008505468	1.0	0.8831133490661385	28418.562353492434
TVAAPSVFIFPPSDEQLK	4	sp|P01834|IGKC_HUMAN	0.022950819	0.8448700454299841	0.7472533139335371	2586.0148851522836
RGENLFAITDEGMDVPLAMEEWHHER	4	sp|Q6UXB8|PI16_HUMAN	0.008505468	1.0	0.9447910333808993	74613.26428965224
ELDESLQVAER	2	sp|P10909|CLUS_HUMAN	0.008505468	1.0	0.9416780683891984	125755.90668446287
TLLVFEVQQPFLFVLWDQQHKFPVFMGR	4	sp|P05155|IC1_HUMAN	0.008505468	1.0	0.9135219165131289	357928.01561776514
YPVAHFIDQTLK	2	sp|P05155|IC1_HUMAN	0.008505468	1.0	0.8959397157852819	326700.20692326775
FEDGVLDPDYPR	2	sp|P04004|VTNC_HUMAN	0.008505468	0.9866190731264982	0.9336587515958146	21341.872058669578
FQPTLLTLPR	2	sp|P05155|IC1_HUMAN	0.008505468	0.9933552810135716	0.9780853096558767	1109789.660554036
SSSPELSEMLEYDR	2	sp|P12259|FA5_HUMAN	0.008505468	1.0	0.7765316049409924	103663.36169632703
SDVMYTDWKK	2	sp|P19652|A1AG2_HUMAN	0.008505468	1.0	0.946363587498002	57060.83851523848
FNQPFIIMIFDHFTWSSLFLAR	4	sp|P08185|CBG_HUMAN	0.010501751	0.9658285256870233	0.863305247958532	12767.782512330761
YEGGREHVAHLLFLR	3	sp|P19652|A1AG2_HUMAN	0.011560693	0.9514467542496609	0.7694347193594582	2362.6561815842933
NLQEILHGAVR	2	sp|P00533|EGFR_HUMAN	0.008505468	1.0	0.9716367076670986	8174.26139150317
GSESGIFTNTK	2	sp|P02671|FIBA_HUMAN	0.008505468	1.0	0.9797098298179117	80201.14362000857
GKEESLDSDLYAELR	3	sp|P02775|CXCL7_HUMAN	0.01870187	0.8718655118414741	0.9767253730630379	32945.876625041026
SDDSVIQLLNPNR	2	sp|Q9BY67|CADM1_HUMAN	0.008505468	0.9866190731264982	0.9776082081973129	32986.830952488504
YGFIEGHVVIPR	2	sp|P16070|CD44_HUMAN	0.008505468	0.9933552810135716	0.9829097083482475	262228.4798058979
DLGEENFK	1	sp|P02768|ALBU_HUMAN	0.008505468	0.9866190731264982	0.9471264773981583	1617.295640109554
GLEEELQFSLGSK	2	sp|P0C0L4|CO4A_HUMAN;sp|P0C0L5|CO4B_HUMAN	0.008505468	1.0	0.8242650605617381	78068.72868252663
ELDRDTVFALVNYIFFK	4	sp|P01009|A1AT_HUMAN	0.008505468	0.9933552810135716	0.8192255370849884	8446.155197491633
AGTELVNFLSYFVELGTQPATQ	3	sp|P02652|APOA2_HUMAN	0.008505468	1.0	0.942681212743992	4274356.367747539
TVAAPSVFIFPPSDEQLK	3	sp|P01834|IGKC_HUMAN	0.008505468	1.0	0.942653965197672	93413.63294436414
TFLTVYWTPER	2	sp|P05362|ICAM1_HUMAN	0.01368301	0.9366095275687156	0.9776070059725717	113947.80537739606
KGPGPGGPGGAGVAR	3	sp|Q92686|NEUG_HUMAN	0.008505468	0.9728591838590949	0.9454893275298525	15040.633578385985
AVGEEVWHSK	3	sp|P13591|NCAM1_HUMAN	0.008505468	1.0	0.9054977894592666	7317.16845268473
EFLEDTC[+57.021465]VQYVQK	2	sp|Q9UNN8|EPCR_HUMAN	0.008505468	1.0	0.87947024162343	331603.85827802104
THLAPYSDELR	2	sp|P02647|APOA1_HUMAN	0.008505468	1.0	0.9002795575300224	2045990.3938130087
AAC[+57.021465]LLPK	2	sp|P02768|ALBU_HUMAN	0.008505468	1.0	0.9672225896345927	206684.562823765
IPKSDVVYTDWKK	4	sp|P02763|A1AG1_HUMAN	0.008505468	0.9728591838590949	0.7555356130661317	16933.30331412269
NEVWWTIDGK	2	sp|Q9NPH3|IL1AP_HUMAN	0.008505468	1.0	0.9251117253710035	53937.47280086207
RHPYFYAPELLFFAK	4	sp|P02768|ALBU_HUMAN	0.008505468	1.0	0.9379471634758325	207059.0014084965
SGAEEQGPIDGPSK	2	sp|O43493|TGON2_HUMAN	0.008505468	0.9933552810135716	0.9352622031641705	29853.66559447331
IENVSYQDK	2	sp|O00533|NCHL1_HUMAN	0.008505468	1.0	0.8328258359708796	36069.18587290154
VQLTGEPVPMAR	2	sp|P15151|PVR_HUMAN	0.008505468	1.0	0.961762584658862	110121.22371636468
SKLPGIVAEGRDDLYVSDAFHK	5	sp|P01008|ANT3_HUMAN	0.008505468	1.0	0.9238006994890426	6072.95527660825
AATGEC[+57.021465]TATVGK	3	sp|P01042|KNG1_HUMAN	0.028230185	0.7390601692542802	0.754424381735588	454.60772601941494
SQYEQLAEQNR	2	sp|P13645|K1C10_HUMAN	0.008505468	0.9933552810135716	0.856506687031405	9015.294708146854
HGGLFHENMR	3	sp|Q02985|FHR3_HUMAN	0.008505468	1.0	0.9476647970262205	1167419.662184546
NHNALLASLTTQK	2	sp|O75882|ATRN_HUMAN	0.008505468	0.9933552810135716	0.9666610186189764	1832.2101220653462
VLSYVDWIK	2	sp|Q9NZP8|C1RL_HUMAN	0.008505468	0.9933552810135716	0.9482255887625294	6457.00232986997
RNPFVFAPTLLTVAVHFEEVAK	4	sp|P43652|AFAM_HUMAN	0.008505468	1.0	0.718432664380637	7851.0065957078505
IGPDNLPYVQILK	2	sp|P11362|FGFR1_HUMAN	0.008505468	0.9866190731264982	0.9587356985966997	244092.2804496228
EGYYGYTGAFR	2	sp|P02787|TRFE_HUMAN	0.008505468	1.0	0.8979269919774667	19891.668127411685
AVLDVFEEGTEASAATAVK	2	sp|P01011|AACT_HUMAN	0.008505468	1.0	0.9206480913695145	106797.68759796732
EVELIIQVTPK	2	sp|P19320|VCAM1_HUMAN	0.022950819	0.8448700454299841	0.8904231980401547	3694.3521325078323
NWGLSFYADKPETTK	2	sp|P19652|A1AG2_HUMAN	0.008505468	0.9728591838590949	0.9228281327811557	81283.07297458782
TC[+57.021465]VADESAENC[+57.021465]DK	2	sp|P02768|ALBU_HUMAN	0.008505468	1.0	0.9435013418217608	95978.59632661959
GPLDQLEK	1	sp|P05546|HEP2_HUMAN	0.011560693	0.9514467542496609	0.7352860342293464	492.3899278010633
SPELQAEAKSYFEK	2	sp|P02652|APOA2_HUMAN	0.008505468	0.9728591838590949	0.9481567268435727	195420.67130332862
GEC[+57.021465]QAEGVLFFQGDR	2	sp|P02790|HEMO_HUMAN	0.010501751	0.9586923939928679	0.9415718192716824	135807.5301024016
STASFEELC[+57.021465]SEYR	2	sp|Q9NQ38|ISK5_HUMAN	0.008505468	1.0	0.7787433936700529	53221.094244177395
TRMEPFHFK	3	sp|P05155|IC1_HUMAN	0.008505468	1.0	0.9707476811174691	1887748.8954781615
GPSVFPLAPC[+57.021465]SR	2	sp|P01859|IGHG2_HUMAN;sp|P01860|IGHG3_HUMAN;sp|P01861|IGHG4_HUMAN	0.008505468	1.0	0.7916911503982766	28047.719222583306
YYC[+57.021465]FQGNQFLR	2	sp|P02790|HEMO_HUMAN	0.008505468	1.0	0.9551742893682816	4366761.487059942
GTQGKIVDLVK	2	sp|P01009|A1AT_HUMAN	0.008505468	1.0	0.9818236647040174	100759.5166850743
RHPYFYAPELLFFAK	3	sp|P02768|ALBU_HUMAN	0.008505468	1.0	0.8829074391967469	61335.401132832834
DTVFALVNYIFFK	2	sp|P01009|A1AT_HUMAN	0.008505468	1.0	0.969351661620518	1807728.9140224808
TDASDVKPC[+57.021465]	2	sp|P02749|APOH_HUMAN	0.008505468	0.9866190731264982	0.9828802061659901	3392.594195840852
HSAQPWADFTLLGAR	2	sp|Q8IYS5|OSCAR_HUMAN	0.008505468	1.0	0.8511030380550093	60285.16216233469
VTTSQDMLSIMEK	2	sp|P05155|IC1_HUMAN	0.008505468	0.9866190731264982	0.9756081520688147	1571396.3425729177
DALSSVQESQVAQQAR	2	sp|P02656|APOC3_HUMAN	0.008505468	0.9728591838590949	0.9254111541170896	44827.306550642665
QFTSSTSYNR	2	sp|P02671|FIBA_HUMAN	0.008505468	0.9933552810135716	0.975026465757705	194380.2913606897
TDTSHHDQDHPTFNK	2	sp|P01009|A1AT_HUMAN	0.008505468	1.0	0.9263116881548507	798552.0241438859
LALDIEIATYR	2	sp|P05787|K2C8_HUMAN;sp|P08729|K2C7_HUMAN;sp|P14136|GFAP_HUMAN;sp|P19013|K2C4_HUMAN;sp|Q6KB66|K2C80_HUMAN	0.008505468	1.0	0.8935768511529036	36674.86271184713
WQQGNVFSC[+57.021465]SVMHEALHNHYTQK	3	sp|P01857|IGHG1_HUMAN;sp|P01859|IGHG2_HUMAN;sp|P0DOX5|IGG1_HUMAN	0.010501751	0.9658285256870233	0.9236442809161627	74618.13655455504
YPPTVSMVEGQGEK	3	sp|P27918|PROP_HUMAN	0.008505468	1.0	0.8002689340018566	17546.988563230254
KVPQVSTPTLVEVSR	3	sp|P02768|ALBU_HUMAN	0.008505468	1.0	0.9739898752273836	519092.6200115944
ASSIIDELFQDR	2	sp|P10909|CLUS_HUMAN	0.012614679	0.9440873193926883	0.8913745088653997	61585.88403304609
ETC[+57.021465]FAEEGKK	3	sp|P02768|ALBU_HUMAN	0.008505468	0.9933552810135716	0.9605563664765918	25631.988410611048
LVVQSSIDSSAFK	2	sp|P10721|KIT_HUMAN	0.008505468	1.0	0.9782443271105282	76613.08972253755
SYSC[+57.021465]QVTHEGSTVEK	2	sp|B9A064|IGLL5_HUMAN;sp|P0CF74|IGLC6_HUMAN;sp|P0CG04|IGLC1_HUMAN;sp|P0DOX8|IGL1_HUMAN;sp|P0DOY2|IGLC2_HUMAN;sp|P0DOY3|IGLC3_HUMAN	0.008505468	1.0	0.9475067861416275	2480017.6535284
MLEEIMK	2	sp|P02679|FIBG_HUMAN	0.008505468	0.9797881705057813	0.8598769365512126	2246.953673133777
EGQMESVEAAMSSK	3	sp|P05543|THBG_HUMAN	0.008505468	0.9866190731264982	0.8363369052847092	4737.854157913823
FMPLSDVLYGR	2	sp|Q10588|BST1_HUMAN	0.008505468	1.0	0.859989879148061	1736.5010667564302
INHGILYDEEK	2	sp|P36980|FHR2_HUMAN;sp|Q03591|FHR1_HUMAN	0.008505468	1.0	0.888875879641466	13661.798970631937
FTDSENVC[+57.021465]QER	2	sp|P43652|AFAM_HUMAN	0.008505468	0.9933552810135716	0.7257732162009551	7752.15235448555
GFGGLTGQIVAALSTAK	2	sp|Q92954|PRG4_HUMAN	0.008505468	1.0	0.9583416889625541	2266991.9710029755
NWGLSVYADKPETTK	4	sp|P02763|A1AG1_HUMAN	0.01870187	0.8718655118414741	0.9140823605009849	33239.185739386776
SASNMAIVDVK	2	sp|P01023|A2MG_HUMAN	0.008505468	0.9933552810135716	0.9370695811625187	7873.99841058484
QLVEIEK	2	sp|P00738|HPT_HUMAN;sp|P00739|HPTR_HUMAN	0.008505468	0.9797881705057813	0.9800098951976541	24350.890722832686
VWVYPPEKK	2	sp|P02790|HEMO_HUMAN	0.008505468	1.0	0.8902911112021814	43490.254774514484
GGEDAAVQEPR	2	sp|Q9HBR0|S38AA_HUMAN	0.01368301	0.9366095275687156	0.8848665394032431	889.7120844252288
GPALTTPK	1	sp|Q92954|PRG4_HUMAN	0.010501751	0.9586923939928679	0.7587791538069149	226.6568336155101
EWFWDLATGTMK	2	sp|P02790|HEMO_HUMAN	0.008505468	0.9866190731264982	0.9605553636965091	2885075.5621017697
REPAVGEPAEVTTTVLVR	3	sp|P05362|ICAM1_HUMAN	0.008505468	1.0	0.8969387804127633	53324.502950364644
LTPTLYVGK	2	sp|O75460|ERN1_HUMAN	0.008505468	0.9866190731264982	0.9771393628267219	28855.301945056657
AQVSPTASDMLHMR	2	sp|Q6UXB8|PI16_HUMAN	0.008505468	1.0	0.8039226013749541	64892.714849597905
EMEDTLNHLK	2	sp|P17936|IBP3_HUMAN	0.008505468	1.0	0.9754750250647394	285970.5367135052
DAVEDLESVGK	3	sp|P81605|DCD_HUMAN	0.033549782	0.5462099337781654	0.8306692634106948	5787.0256497153
TVEGAGSIAAATGFVK	3	sp|P37840|SYUA_HUMAN	0.008505468	1.0	0.7979943211746057	41512.998445632715
SETEIHQGFQHLHQLFAK	5	sp|P08185|CBG_HUMAN	0.008505468	1.0	0.9336145926934482	4271236.112066823
FKLDDDLEHQGGHVLDHGHK	3	sp|P01042|KNG1_HUMAN	0.008505468	0.9866190731264982	0.9734586801488717	10204.816748213001
DLWVNIDQMEK	2	sp|Q6UX71|PXDC2_HUMAN	0.008505468	0.9933552810135716	0.9328585900459972	34797.84453001548
ITC[+57.021465]TEEGWSPTPK	2	sp|Q03591|FHR1_HUMAN;sp|Q9BXR6|FHR5_HUMAN	0.012614679	0.9440873193926883	0.9279047110360018	4716.385994623674
TGLFQDVGPQR	2	sp|Q86SQ4|AGRG6_HUMAN	0.015712682	0.9212790999005022	0.8921373599445555	33698.050433946126
SGSDEVQVGQQR	2	sp|P01024|CO3_HUMAN	0.008505468	1.0	0.9280580093297744	8677.22304794037
VTATGFQQC[+57.021465]SLIDGR	2	sp|Q8NFT8|DNER_HUMAN	0.008505468	1.0	0.8799072204567527	53494.2716398359
INENTGSVSVTR	2	sp|P55290|CAD13_HUMAN	0.008505468	1.0	0.8223959951673423	1530.2649120739345
SFMLLILER	2	sp|P05543|THBG_HUMAN	0.008505468	0.9933552810135716	0.9815149778580011	77983.45446168738
LLDSLPSDTR	2	sp|P05155|IC1_HUMAN	0.008505468	1.0	0.9653825264221284	6024246.413179794
TNLESILSYPK	2	sp|P05155|IC1_HUMAN	0.008505468	1.0	0.9453416473816916	182057.95705768047
QSTQTLYVNVAPR	2	sp|P19320|VCAM1_HUMAN	0.008505468	1.0	0.8293211921148821	38510.85285869094
ALYVHGGYK	2	sp|O75882|ATRN_HUMAN	0.008505468	1.0	0.9846675914313601	2335546.2646447937
RVWELSK	1	sp|P01008|ANT3_HUMAN	0.008505468	0.9797881705057813	0.76481449280935	1517.3596623212954
QPAVEEPAEVTATVLASR	2	sp|P32942|ICAM3_HUMAN	0.010501751	0.9658285256870233	0.9476444196853901	24001.563857184392
DWHGVPGQVDAAMAGR	2	sp|P04004|VTNC_HUMAN	0.008505468	1.0	0.9277605991191251	947062.9412574625
SYFEKSK	2	sp|P02652|APOA2_HUMAN	0.008505468	0.9797881705057813	0.9892965757174178	9671.318352832253
TMIIYFDQVLVNIGNNFDSER	3	sp|P23435|CBLN1_HUMAN	0.008505468	1.0	0.8748262724025236	1225180.860834403
WNDDAC[+57.021465]HK	2	sp|P14151|LYAM1_HUMAN	0.008505468	0.9866190731264982	0.8946441697862008	13132.602928890636
TEGDGVYTLNDKK	3	sp|P00738|HPT_HUMAN;sp|P00739|HPTR_HUMAN	0.008505468	1.0	0.9803685701418161	218937.65277991086
LLGIETPLPK	2	sp|P05362|ICAM1_HUMAN	0.008505468	1.0	0.9938716264733659	103391.3817427847
GILTVDELLAIR	2	sp|P13473|LAMP2_HUMAN	0.008505468	0.9933552810135716	0.9923492114522946	122772.50186533308
SYQDFFEAIR	2	sp|P18850|ATF6A_HUMAN	0.014739229	0.9290085173289965	0.8175512377201799	9732.428113933978
AIGPSQTHTIR	2	sp|Q92954|PRG4_HUMAN	0.008505468	0.9933552810135716	0.9652098413658368	109540.07368076615
RHPDYSVVLLLR	3	sp|P02768|ALBU_HUMAN	0.008505468	1.0	0.8814734342204158	273462.2277909778
ASVTVGGEQISAIGR	2	sp|Q8TEA8|DTD1_HUMAN	0.008505468	0.9866190731264982	0.8353994688844107	11287.561297684213
EPFLSC[+57.021465]C[+57.021465]QFAESLR	2	sp|P0C0L4|CO4A_HUMAN;sp|P0C0L5|CO4B_HUMAN	0.0261723	0.9728591838590949	0.949803692874172	31469.097586199456
TSDQIHFFFAK	2	sp|P01008|ANT3_HUMAN	0.008505468	0.9933552810135716	0.9862227863379955	413074.59691598976
GWVTDGFSSLK	2	sp|P02656|APOC3_HUMAN	0.008505468	0.9933552810135716	0.9714971349201148	8298370.9929771405
LHMLQISYFR	2	sp|Q9UNN8|EPCR_HUMAN	0.008505468	1.0	0.8446723314514938	40308.954504028414
AMTSNVASVQC[+57.021465]DNSDK	2	sp|P07359|GP1BA_HUMAN	0.008505468	1.0	0.9618361133992314	50696.06454550191
EPC[+57.021465]VESLVSQYFQTVTDYGK	3	sp|P02652|APOA2_HUMAN	0.011560693	0.9514467542496609	0.9615013034402551	439588.42427319125
YTIAALLSPYSYSTTAVVTNPK	3	sp|P02766|TTHY_HUMAN	0.008505468	0.9797881705057813	0.9471619133428035	10445008.347543003
EHAVEGDC[+57.021465]DFQLLK	2	sp|P02765|FETUA_HUMAN	0.008505468	1.0	0.8863925494043879	654995.4390291183
TLMFGSYLDDEK	2	sp|P19652|A1AG2_HUMAN	0.008505468	0.9866190731264982	0.9527932209696448	4767984.877556251
FNQPFIIM[+15.994915]IFDHFTWSSLFLAR	3	sp|P08185|CBG_HUMAN	0.010501751	0.9658285256870233	0.9280739399871051	143145.1912651993
RYTIAALLSPYSYSTTAVVTNPK	4	sp|P02766|TTHY_HUMAN	0.008505468	0.9728591838590949	0.9551130470432554	694756.5894175828
SPLFMGK	2	sp|P01009|A1AT_HUMAN	0.010501751	0.9586923939928679	0.8672394375205973	22358.22893364595
FNWYVDGVEVHNAK	3	sp|P01857|IGHG1_HUMAN;sp|P0DOX5|IGG1_HUMAN	0.008505468	1.0	0.9709164318171633	335539.5401405973
KGEVLPLPEANFPSFPLPHHK	4	sp|P04196|HRG_HUMAN	0.008505468	0.9933552810135716	0.8663783017346838	406168.7946567527
YVGGQEHFAHLLILRDTK	4	sp|P02763|A1AG1_HUMAN	0.008505468	0.9933552810135716	0.8857795187782975	2753.111171622241
FQNALLVR	2	sp|P02768|ALBU_HUMAN	0.008505468	1.0	0.9357702635388697	263136.46635667817
GDSVVYGLR	2	sp|P10451|OSTP_HUMAN	0.008505468	1.0	0.917491872018307	120165.74564830748
LGADMEDVC[+57.021465]GR	2	sp|P02649|APOE_HUMAN	0.008505468	1.0	0.8772637003059971	9261.542373697657
DYWSTVK	2	sp|P02656|APOC3_HUMAN	0.010501751	0.9658285256870233	0.868757336146834	19048.05077615065
KAADDTWEPFASGK	2	sp|P02766|TTHY_HUMAN	0.008505468	1.0	0.9772530924985345	657692.9659072028
VTSIQDWVQK	2	sp|P00738|HPT_HUMAN	0.008505468	0.9933552810135716	0.962030671912145	1937650.0456204058
LQHLENELTHDIITK	2	sp|P01009|A1AT_HUMAN	0.010501751	0.9658285256870233	0.9049073190186746	288089.7057946813
VLLDGVQNPR	2	sp|P01024|CO3_HUMAN	0.008505468	1.0	0.9209169505889294	46451.11867209337
QNC[+57.021465]ELFEQLGEYK	2	sp|P02768|ALBU_HUMAN	0.008505468	1.0	0.9021253544461705	656598.359106311
YTIAALLSPYSYSTTAVVTNPK	4	sp|P02766|TTHY_HUMAN	0.008505468	0.9797881705057813	0.92502470678187	175253.23174868833
YSLTYIYTGLSK	2	sp|P25311|ZA2G_HUMAN	0.008505468	0.9933552810135716	0.9403780758030877	9228.29061342121
EIPVLVTQISSTNHPVK	3	sp|Q6UX71|PXDC2_HUMAN	0.008505468	1.0	0.9180709109686075	3823.8247700980896
QGHNSVFLIK	3	sp|P02790|HEMO_HUMAN	0.008505468	1.0	0.9096374642078453	42933.508460655445
NTWSILHTQGALVQGGYGHSSVYDHR	3	sp|O75882|ATRN_HUMAN	0.008505468	0.9866190731264982	0.8620041922086482	277116.66616374406
SASLHLPK	2	sp|P01009|A1AT_HUMAN	0.008505468	1.0	0.9639398066357296	81666.19844848731
SDVM[+15.994915]YTDWKK	2	sp|P19652|A1AG2_HUMAN	0.008505468	1.0	0.9594558380249112	7670.482149960213
IAPQLSTEELVSLGEK	2	sp|P43652|AFAM_HUMAN	0.008505468	0.9728591838590949	0.9576201552277119	100335.37607884801
MEEVEAMLLPETLK	2	sp|P01011|AACT_HUMAN	0.008505468	1.0	0.9167555420966068	1286599.732556454
FSGSILGNK	2	sp|A0A075B6I0|LV861_HUMAN	0.008505468	0.9797881705057813	0.9256328846516151	14417.931836319352
FTVNNLAEPQK	2	sp|P12259|FA5_HUMAN	0.008505468	1.0	0.9649486602554341	9704.897945472423
FRIEDGFSLK	2	sp|P01008|ANT3_HUMAN	0.008505468	1.0	0.9484741456874604	453036.05038722954
VTDPQLVVTLHEK	3	sp|P09619|PGFRB_HUMAN	0.008505468	1.0	0.8641501393632398	27776.827898183757
GDDITMVLILPKPEK	3	sp|P01008|ANT3_HUMAN	0.008505468	1.0	0.9527189727417296	1206273.188572642
GDTFSC[+57.021465]MVGHEALPLAFTQK	3	sp|P01876|IGHA1_HUMAN	0.008505468	1.0	0.9364401038323079	1111370.5691649457
GYFTHHHQR	3	sp|O15204|ADEC1_HUMAN	0.008505468	0.9728591838590949	0.8639664031298949	597.01304072759
EHVAHLLFLRDTK	4	sp|P19652|A1AG2_HUMAN	0.008505468	1.0	0.9330963658868588	1035677.0009721697
AQWANPFDPSK	2	sp|P05543|THBG_HUMAN	0.008505468	1.0	0.9392838306441866	172046.85374793154
SDVVYTDWK	2	sp|P02763|A1AG1_HUMAN	0.008505468	1.0	0.9526917620498662	574970.8075264188
IILEDENDAMADADR	3	sp|Q9BUN1|MENT_HUMAN	0.027203482	0.7739449743159442	0.8203274719879387	3822.1358306750617
GLPNVVTSAISLPNIR	3	sp|Q92954|PRG4_HUMAN	0.008505468	1.0	0.9567404331082138	306408.1693670273
VGEYSLYIGR	2	sp|P02743|SAMP_HUMAN	0.008505468	1.0	0.7516986180006293	10086.497255526781
VPQVSTPTLVEVSR	2	sp|P02768|ALBU_HUMAN	0.008505468	0.9866190731264982	0.9559817926707675	216191.45607019495
WVQDYIK	2	sp|Q16627|CCL14_HUMAN	0.008505468	0.9866190731264982	0.8013596923729728	14089.6250579838
EVGTPHGIILDSVDAAFIC[+57.021465]PGSSR	5	sp|P02790|HEMO_HUMAN	0.008505468	1.0	0.7162665003289119	36156.773293329585
EVPLNTIIFM[+15.994915]GR	2	sp|P01008|ANT3_HUMAN	0.008505468	0.9933552810135716	0.9152168500648116	5697.228612900947
GWVDLFVPK	2	sp|P05543|THBG_HUMAN	0.008505468	1.0	0.9336870623683788	1179141.3310065996
LVHVEEPHTETVR	2	sp|P01023|A2MG_HUMAN	0.008505468	1.0	0.8618432327428336	36542.36593042641
FLEDVKK	2	sp|P01009|A1AT_HUMAN	0.008505468	1.0	0.9484246875457667	228213.7803987717
YAASSYLSLTPEQWK	2	sp|A0M8Q6|IGLC7_HUMAN;sp|B9A064|IGLL5_HUMAN;sp|P0CF74|IGLC6_HUMAN;sp|P0CG04|IGLC1_HUMAN;sp|P0DOX8|IGL1_HUMAN;sp|P0DOY2|IGLC2_HUMAN;sp|P0DOY3|IGLC3_HUMAN	0.008505468	0.9728591838590949	0.9621706184029516	774003.8639007392
TC[+57.021465]PKPDDLPFSTVVPLK	2	sp|P02749|APOH_HUMAN	0.008505468	1.0	0.9222884626531676	126560.95710289164
LSSWVLLM[+15.994915]K	2	sp|P01009|A1AT_HUMAN	0.008505468	1.0	0.9557719723481019	97346.18408003323
LTSLPLGALR	2	sp|P07359|GP1BA_HUMAN	0.008505468	0.9866190731264982	0.8640079082054363	25826.370741301314
SSEDPNEDIVER	2	sp|P01591|IGJ_HUMAN	0.008505468	0.9933552810135716	0.9244953494461516	13548.841377811641
ELTPEVLQEWLDELEEMMLVVHMPR	4	sp|P01008|ANT3_HUMAN	0.008505468	0.9866190731264982	0.9341364753985953	178384.36907300947
TMLLQPAGSLGSYSYR	3	sp|P41222|PTGDS_HUMAN	0.008505468	0.9728591838590949	0.9310584322152295	208049.86625266113
VILPQTSDAYQVSVAK	2	sp|Q86SQ4|AGRG6_HUMAN	0.008505468	0.9728591838590949	0.7522285887309407	14721.750136989289
LVNEVTEFAK	2	sp|P02768|ALBU_HUMAN	0.008505468	1.0	0.9587312500313027	35825.15748875161
LLDNWDSVTSTFSK	2	sp|P02647|APOA1_HUMAN	0.008505468	0.9797881705057813	0.9439915926511826	424897.94078232505
ANQQLNFTEAK	2	sp|Q9Y5Y7|LYVE1_HUMAN	0.008505468	1.0	0.8901413769940831	31200.81540899715
YVGGQEHFAHLLILR	2	sp|P02763|A1AG1_HUMAN	0.008505468	0.9728591838590949	0.9639911585013186	210936.64655420027
TFYEPGEEITYSC[+57.021465]KPGYVSR	3	sp|P02749|APOH_HUMAN	0.008505468	1.0	0.9472789891022235	1526042.5964009387
RPC[+57.021465]LHVPAC[+57.021465]K	3	sp|P27918|PROP_HUMAN	0.008505468	1.0	0.8700635571697686	293969.23032729264
NKEDC[+57.021465]VEIYIK	3	sp|P14151|LYAM1_HUMAN	0.008505468	0.9866190731264982	0.8531801032394427	7269.923207961687
EHVAHLLFLRDTK	3	sp|P19652|A1AG2_HUMAN	0.008505468	1.0	0.7156084496580315	61343.258534854285
RLGMFNIQHC[+57.021465]K	2	sp|P01009|A1AT_HUMAN	0.008505468	0.9797881705057813	0.9712485663764138	466545.5164422096
SAGSVESPSVSSTHR	3	sp|P17936|IBP3_HUMAN	0.008505468	0.9866190731264982	0.9631311209021713	13562.887285864901
NSLYLQMNSLR	2	sp|A0A0B4J1V1|HV321_HUMAN;sp|A0A0B4J1X8|HV343_HUMAN;sp|A0A0C4DH32|HV320_HUMAN;sp|P01762|HV311_HUMAN;sp|P01763|HV348_HUMAN;sp|P01766|HV313_HUMAN;sp|P01780|HV307_HUMAN;sp|P01782|HV309_HUMAN;sp|P0DP04|HV43D_HUMAN	0.008505468	1.0	0.8643397371937662	266.53795846065674
IPKSDVVYTDWK	2	sp|P02763|A1AG1_HUMAN	0.008505468	1.0	0.8129124421596242	302339.9905893773
KATVVYQGER	2	sp|P02749|APOH_HUMAN	0.008505468	1.0	0.9521136648282411	172951.23309857814
QGLLPVLESFK	2	sp|P02647|APOA1_HUMAN	0.008505468	1.0	0.9663768087796968	65428.12105698851
MREWFSETFQK	2	sp|P02654|APOC1_HUMAN	0.008505468	1.0	0.9317305841707316	1299326.954739201
EGVLYVGSK	2	sp|P37840|SYUA_HUMAN;sp|Q16143|SYUB_HUMAN	0.008505468	0.9866190731264982	0.8393773249661386	1064.7571829874132
TYFPHFDLSHGSAQVK	4	sp|P69905|HBA_HUMAN	0.008505468	0.9797881705057813	0.9426316741104624	89227.90256117967
GGEGTGYFVDFSVR	2	sp|P04196|HRG_HUMAN	0.008505468	1.0	0.9424461459361507	636498.3923949712
ENDPIQGPDGK	2	sp|Q9NQ38|ISK5_HUMAN	0.008505468	1.0	0.87007687120406	9618.88382748279
AGALQLLLVGDK	2	sp|P55058|PLTP_HUMAN	0.008505468	0.9933552810135716	0.8447585346695082	6656.953681597639
ESSSHHPGIAEFPSR	2	sp|P02671|FIBA_HUMAN	0.008505468	1.0	0.9682776519998493	240692.18182709394
DTEEEDFHVDQVTTVK	2	sp|P01009|A1AT_HUMAN	0.008505468	1.0	0.9454125709115289	41823108.49591281
VGEAAHALGNTGHEIGR	3	sp|Q6E0U4|DMKN_HUMAN	0.008505468	0.9728591838590949	0.7946271158975177	2739.6923054836557
TLLVFEVQQPFLFVLWDQQHKFPVFMGR	6	sp|P05155|IC1_HUMAN	0.008505468	1.0	0.7654179022205776	11622.402018881057
ATVVYQGER	2	sp|P02749|APOH_HUMAN	0.008505468	0.9866190731264982	0.9782165605273908	314807.7041229541
YNSQNQSNNQFVLYR	2	sp|P01042|KNG1_HUMAN	0.010501751	0.9658285256870233	0.9144046264390273	671601.4679626564
IDSLLENDR	2	sp|P10909|CLUS_HUMAN	0.008505468	1.0	0.9691925321253333	237186.54449038516
DYVSQFEGSALGK	2	sp|P02647|APOA1_HUMAN	0.008505468	0.9933552810135716	0.9615271607797956	110222.1941166993
TM[+15.994915]LLQPAGSLGSYSYR	2	sp|P41222|PTGDS_HUMAN	0.008505468	0.9728591838590949	0.9380699671907564	32773.85271557158
GNVATEISTER	2	sp|P04114|APOB_HUMAN	0.008505468	0.9933552810135716	0.7517723485643485	1767.4279811020792
HPDEAAFFDTASTGK	2	sp|P02671|FIBA_HUMAN	0.008505468	0.9797881705057813	0.9331374661155281	29103.257160806457
EHVAHLLFLR	2	sp|P19652|A1AG2_HUMAN	0.008505468	0.9728591838590949	0.8823742050971585	53555.94686526045
YGMVAQVTQTLK	2	sp|P04114|APOB_HUMAN	0.008505468	1.0	0.9442346539051356	531.4749546438144
IAQWQSFQLEGGLK	2	sp|P01023|A2MG_HUMAN	0.008505468	0.9797881705057813	0.9533693339604756	35097.88438239736
TVAAC[+57.021465]NLPIVR	3	sp|P02760|AMBP_HUMAN	0.008505468	0.9933552810135716	0.8443880307768534	10283.183819802645
ETYGEMADC[+57.021465]C[+57.021465]AK	2	sp|P02768|ALBU_HUMAN	0.008505468	1.0	0.9676745938440595	31783.638154089906
AEAESLYQSK	2	sp|P04264|K2C1_HUMAN	0.008505468	0.9866190731264982	0.896256452124048	5044.383436190064
LLIYDNNK	2	sp|P01701|LV151_HUMAN	0.008505468	0.9866190731264982	0.9798017666709246	47908.60305287672
EFQLFSSPHGK	3	sp|P02787|TRFE_HUMAN	0.008505468	1.0	0.8300804162386306	4580.051708130419
LLIYGASTR	2	sp|A0A075B6H7|KV37_HUMAN;sp|A0A0C4DH55|KVD07_HUMAN;sp|P01624|KV315_HUMAN	0.008505468	0.9866190731264982	0.9816242397198015	44329.57897028254
ALAQC[+57.021465]APPPAVC[+57.021465]AELVR	3	sp|P17936|IBP3_HUMAN	0.008505468	0.9933552810135716	0.7551595889016404	13993.857433284396
FIVLSNNYLQIR	2	sp|P13591|NCAM1_HUMAN	0.008505468	1.0	0.874957307975592	195730.4981201973
NEC[+57.021465]FLQHK	2	sp|P02768|ALBU_HUMAN	0.008505468	1.0	0.9505557939250366	212448.46434487376
DFVQPPTK	1	sp|P01042|KNG1_HUMAN	0.008505468	0.9797881705057813	0.9107896010907824	8205.185087872502
DKC[+57.021465]EPLEKQHEK	2	sp|P02763|A1AG1_HUMAN;sp|P19652|A1AG2_HUMAN	0.008505468	1.0	0.890151541947695	18345.982319168437
STAAMSTYTGIFTDQVLSVLK	3	sp|P02655|APOC2_HUMAN	0.008505468	1.0	0.9234267696855195	339078.58222293213
LWWLDLK	2	sp|P02790|HEMO_HUMAN	0.008505468	1.0	0.9736595793496915	27758159.44811861
SGTASEMGTER	2	sp|Q9ULI3|HEG1_HUMAN	0.008505468	0.9933552810135716	0.9248219360544508	1095.5165951713275
TLLDIDNTR	2	sp|P35527|K1C9_HUMAN	0.008505468	1.0	0.7461543307737324	36028.782999234485
SVIPSDGPSVAC[+57.021465]VK	2	sp|P02787|TRFE_HUMAN	0.008505468	0.9866190731264982	0.9658365010681501	87767.42451025207
DIPMNPMC[+57.021465]IYR	2	sp|P01008|ANT3_HUMAN	0.008505468	0.9933552810135716	0.9296910391795226	23869.998274874997
TEGDGVYTLNNEK	2	sp|P00738|HPT_HUMAN	0.008505468	1.0	0.9491193174196969	347797.02256741025
GPLQLER	1	sp|P02750|A2GL_HUMAN	0.01870187	0.8718655118414741	0.7618178214725689	2465.169351781276
VPTVEPLDSLTLFLFR	2	sp|P13598|ICAM2_HUMAN	0.010501751	0.9658285256870233	0.9443085234299008	483933.8141103571
SVDIWLR	1	sp|P15151|PVR_HUMAN	0.008505468	0.9797881705057813	0.9382365471243809	5291.242627619229
ENFAGEATLQR	2	sp|P04114|APOB_HUMAN	0.015712682	0.9212790999005022	0.7931251459420945	9509.462487821389
AFLEVNEEGSEAAASTAVVIAGR	3	sp|P01008|ANT3_HUMAN	0.008505468	1.0	0.9851733215290637	566343.8431445276
SGGLC[+57.021465]QPC[+57.021465]R	2	sp|P27918|PROP_HUMAN	0.02508179	1.0	0.928628689676022	29577.223565119788
DLDSQTMMVLVNYIFFK	3	sp|P01011|AACT_HUMAN	0.008505468	1.0	0.9366323442944638	1092068.3046296916
ALGISPFHEHAEVVFTANDSGPR	5	sp|P02766|TTHY_HUMAN	0.008505468	1.0	0.8347540088270088	131611.34808863094
FDPVRGEVPPR	3	sp|P02790|HEMO_HUMAN	0.008505468	1.0	0.8821861671676992	11612.317654120863
MADEAGSEADHEGTHSTK	3	sp|P02671|FIBA_HUMAN	0.008505468	1.0	0.9247802165641036	76325.727846877
TLLVFEVQQPFLFVLWDQQHK	3	sp|P05155|IC1_HUMAN	0.008505468	0.9728591838590949	0.8097323667413373	7877.422238541871
LNDLEDALQQAK	3	sp|P04264|K2C1_HUMAN	0.03253796	0.5879493283318651	0.8946737173819442	4522.64172711056
FLSTLTIDGVTR	2	sp|P35968|VGFR2_HUMAN	0.008505468	1.0	0.8884941580776629	28742.576210653184
ALGISPFHEHAEVVFTANDSGPRR	5	sp|P02766|TTHY_HUMAN	0.008505468	0.9866190731264982	0.9268949106565649	56166.6760813836
SLNNQFASFIDK	2	sp|P04264|K2C1_HUMAN	0.008505468	1.0	0.8989498703427649	132404.01006547708
AADDTWEPFASGK	2	sp|P02766|TTHY_HUMAN	0.008505468	0.9933552810135716	0.9576293828162284	40455681.95298591
EDLIWELLNQAQEHFGK	3	sp|P02787|TRFE_HUMAN	0.008505468	1.0	0.9299996149529323	52261.3853830031
LYLVQGTQVYVFLTK	2	sp|P02790|HEMO_HUMAN	0.008505468	0.9728591838590949	0.9614709888107451	848207.5222496116
EQLTPLIKK	2	sp|P02652|APOA2_HUMAN	0.008505468	1.0	0.9365869926240095	420302.76422641455
VNVDEVGGEALGR	2	sp|P68871|HBB_HUMAN	0.008505468	0.9933552810135716	0.903785226203736	28784.52540052265
VTTPDTSTTQHNK	2	sp|Q92954|PRG4_HUMAN	0.008505468	1.0	0.8917787332343777	28191.6114321373
LTC[+57.021465]LQNLK	2	sp|P08174|DAF_HUMAN	0.008505468	0.9866190731264982	0.9397344276199836	6493.614497763937
NWGLSVYADKPETTK	3	sp|P02763|A1AG1_HUMAN	0.01870187	0.8718655118414741	0.9042101466845296	45939.93426533846
GDPLGTEGGLDASNTER	2	sp|Q12913|PTPRJ_HUMAN	0.008505468	0.9728591838590949	0.9404753595181272	98785.44004844222
LLLGSNQNEIVSLK	2	sp|Q86SQ4|AGRG6_HUMAN	0.008505468	1.0	0.9516747867416779	282492.14972355176
LTIGEGQQHHLGGAK	4	sp|P02679|FIBG_HUMAN	0.008505468	1.0	0.952799603220718	630685.601793712
LGNQEPGGQTALK	2	sp|P08697|A2AP_HUMAN	0.008505468	1.0	0.9419845481008483	5645.694987839217
GLYDVVSVLR	2	sp|O75144|ICOSL_HUMAN	0.008505468	0.9933552810135716	0.9910587285455906	123591.5300033487
GSPAINVAVHVFRK	2	sp|P02766|TTHY_HUMAN	0.008505468	0.9866190731264982	0.8200013304352304	9862.866033094364
ETPAATEAPSSTPK	2	sp|P80723|BASP1_HUMAN	0.008505468	0.9933552810135716	0.9687641703846415	41102.92125243866
AVLHIGEK	2	sp|P05543|THBG_HUMAN	0.008505468	1.0	0.9980886322319292	1939356.092629989
DGNPFYFTDHR	3	sp|O00533|NCHL1_HUMAN	0.008505468	0.9797881705057813	0.8499956688264778	31742.16393096073
TDTSHHDQDHPTFNK	4	sp|P01009|A1AT_HUMAN	0.008505468	1.0	0.9450851815360887	43659166.06314661
LYHSEAFTVNFGDTEEAKK	3	sp|P01009|A1AT_HUMAN	0.008505468	1.0	0.8459668803578995	618853.502026754
GPALTTPK	2	sp|Q92954|PRG4_HUMAN	0.008505468	0.9728591838590949	0.9704216189012588	28346.595483231373
SSQTVAVHHPQYGFSVQGEYQGR	3	sp|Q9NQS3|NECT3_HUMAN	0.008505468	1.0	0.817863516098338	118495.49750742005
VTMQNLNDR	2	sp|P02533|K1C14_HUMAN;sp|P08779|K1C16_HUMAN;sp|P13645|K1C10_HUMAN;sp|Q7Z3Y7|K1C28_HUMAN;sp|Q7Z3Y8|K1C27_HUMAN;sp|Q7Z3Y9|K1C26_HUMAN;sp|Q7Z3Z0|K1C25_HUMAN	0.015712682	1.0	0.9503672930423023	68269.28372708368
DYFMPC[+57.021465]PGR	2	sp|P02790|HEMO_HUMAN	0.008505468	1.0	0.963977981781847	4374420.706141707
VEIDTKSYWK	2	sp|P02766|TTHY_HUMAN	0.008505468	1.0	0.9539574923767594	246401.61971499218
GPMFELLPGESNK	2	sp|P10124|SRGN_HUMAN	0.008505468	0.9866190731264982	0.8976119832895024	74452.41942491649
ANRPFLVFIR	3	sp|P01008|ANT3_HUMAN	0.008505468	0.9728591838590949	0.9438843789675914	119247.79576277712
YEITTIHNLFR	2	sp|P05546|HEP2_HUMAN	0.008505468	0.9933552810135716	0.8620042870607961	2244.2861390874714
FLASVSTVLTSK	2	sp|P69905|HBA_HUMAN	0.008505468	1.0	0.9293843120005191	87827.93944467073
GLGELQELYLK	2	sp|P07359|GP1BA_HUMAN	0.008505468	1.0	0.9450319319841197	102459.04328404569
FKLDDDLEHQGGHVLDHGHK	6	sp|P01042|KNG1_HUMAN	0.008505468	0.9866190731264982	0.9175454311436814	11828.601642089268
LPTDSELAPR	2	sp|P49908|SEPP1_HUMAN	0.008505468	1.0	0.9409435360206253	56341.20364535268
GTHC[+57.021465]NQVEVIATLK	2	sp|P02775|CXCL7_HUMAN	0.008505468	0.9797881705057813	0.8654499664316375	83626.63654710627
SDVVYTDWKKDK	2	sp|P02763|A1AG1_HUMAN	0.008505468	0.9866190731264982	0.9168302976589534	45360.12625342568
VVSTNYNQHAMVFFK	3	sp|P80188|NGAL_HUMAN	0.008505468	0.9933552810135716	0.860994878603807	37583.13319942178
AVMDDFAAFVEK	3	sp|P02768|ALBU_HUMAN	0.008505468	0.9797881705057813	0.9147215822141848	20890.518102785987
EESLDSDLYAELR	2	sp|P02775|CXCL7_HUMAN	0.008505468	0.9797881705057813	0.9455763403909605	2557700.8948697103
RIPIEDGSGEVVLSR	2	sp|P01024|CO3_HUMAN	0.008505468	1.0	0.822418573060227	70292.807813742
QISNLQQSISDAEQR	2	sp|P04264|K2C1_HUMAN	0.008505468	0.9728591838590949	0.8563191881896449	8488.64760237413
VIVVSMNYR	2	sp|P06276|CHLE_HUMAN	0.008505468	1.0	0.9329240759887217	122450.345510756
MTVTDQVNC[+57.021465]PK	2	sp|P05090|APOD_HUMAN	0.008505468	1.0	0.9719349609309362	52566.18748181076
VVAGVANALAHK	3	sp|P02042|HBD_HUMAN;sp|P68871|HBB_HUMAN	0.008505468	1.0	0.9025208253685929	45966.03096005811
DGYLFQLLR	2	sp|P04196|HRG_HUMAN	0.008505468	0.9933552810135716	0.980854279498036	13080.024773057414
NFPSPVDAAFR	2	sp|P02790|HEMO_HUMAN	0.008505468	1.0	0.9270836705853938	153876.7404759072
AEDTAVYYC[+57.021465]AR	2	sp|A0A0B4J1V1|HV321_HUMAN;sp|A0A0B4J1X5|HV374_HUMAN;sp|A0A0C4DH42|HV366_HUMAN;sp|A0A0J9YVY3|HV741_HUMAN;sp|P01762|HV311_HUMAN;sp|P01763|HV348_HUMAN;sp|P01767|HV353_HUMAN;sp|P01772|HV333_HUMAN;sp|P01780|HV307_HUMAN;sp|P0DOX2|IGA2_HUMAN;sp|P0DP02|HVC33_HUMAN	0.008505468	1.0	0.8633740055963083	697.9144932171174
AVLTIDEK	2	sp|P01009|A1AT_HUMAN	0.008505468	1.0	0.9654715501862394	13867164.436985571
RYTIAALLSPYSYSTTAVVTNPKE	4	sp|P02766|TTHY_HUMAN	0.017758047	0.897262926642552	0.9448768485435878	18589.926736844212
TWQDC[+57.021465]EYK	2	sp|P01042|KNG1_HUMAN	0.008505468	0.9933552810135716	0.9420002476324142	1848.0645202562926
DQYYNIDVPSR	3	sp|Q92954|PRG4_HUMAN	0.008505468	0.9933552810135716	0.7513576659426199	6027.638274459518
GFMQTYYDDHLR	3	sp|P55056|APOC4_HUMAN	0.012614679	0.9440873193926883	0.9379142570044967	6523.747430528396
C[+57.021465]TWLIEGQPNR	2	sp|O75882|ATRN_HUMAN	0.008505468	0.9933552810135716	0.9817105972689926	71041.45376463493
IHLMAGR	1	sp|Q5T013|HYI_HUMAN	0.008505468	1.0	0.9609845610626911	860904.7572092828
NIDVFNVEDQKR	2	sp|Q8NBJ4|GOLM1_HUMAN	0.012614679	0.9440873193926883	0.8565678340995527	4084.5416611553082
STSESTAALGC[+57.021465]LVK	2	sp|P01859|IGHG2_HUMAN;sp|P01861|IGHG4_HUMAN	0.008505468	0.9933552810135716	0.9206252162230957	9566.769160392596
VFSNGADLSGVTEEAPLK	3	sp|P01009|A1AT_HUMAN	0.008505468	1.0	0.7642543235354972	50246.0283709678
SGIIFAGHDK	2	sp|Q13449|LSAMP_HUMAN	0.008505468	0.9866190731264982	0.963294412729676	47080.986058555376
ADLFYDVEALDLESPK	3	sp|P04196|HRG_HUMAN	0.008505468	1.0	0.8937630440052544	161246.39214212465
SGYFLSISDSK	2	sp|Q86SQ4|AGRG6_HUMAN	0.021953898	0.9290085173289965	0.8688560434214809	17270.465641374
QPAVEEPAEVTATVLASR	4	sp|P32942|ICAM3_HUMAN	0.010501751	0.9658285256870233	0.7955390824895848	1014.9870990865213
SKEQLTPLIK	3	sp|P02652|APOA2_HUMAN	0.008505468	1.0	0.994414658999526	70228.43026865005
GDSVVYGLR	1	sp|P10451|OSTP_HUMAN	0.01978022	0.8630568252698203	0.7179203200980969	3503.0694207108263
LRTEGDGVYTLNNEK	2	sp|P00738|HPT_HUMAN	0.008505468	1.0	0.9656685534354441	1497368.5379140868
AQSIAYHLK	2	sp|Q14515|SPRL1_HUMAN	0.008505468	1.0	0.9595762093450506	118794.75570271723
SEAAC[+57.021465]LAAGPGIR	2	sp|O75882|ATRN_HUMAN	0.008505468	1.0	0.9357164012796054	80203.35475346875
GPPFSSSQSIPVVPR	2	sp|Q8IZP9|AGRG2_HUMAN	0.008505468	0.9797881705057813	0.9054411554737601	21897.74163790886
TVESITDIR	2	sp|P11279|LAMP1_HUMAN	0.008505468	1.0	0.9681040015009929	949112.0096773647
FATTFYQHLADSK	2	sp|P01008|ANT3_HUMAN	0.008505468	0.9866190731264982	0.9598330297074734	666343.3967043856
ATLVC[+57.021465]LISDFYPGAVTVAWK	3	sp|B9A064|IGLL5_HUMAN;sp|P0CG04|IGLC1_HUMAN;sp|P0DOX8|IGL1_HUMAN;sp|P0DOY2|IGLC2_HUMAN;sp|P0DOY3|IGLC3_HUMAN	0.008505468	1.0	0.9645083759207255	4225535.162598712
QQDVLGFLEANK	2	sp|O75368|SH3L1_HUMAN	0.008505468	0.9933552810135716	0.8852432606006302	24089.727387954194
LYGSEAFATDFQDSAAAK	2	sp|P01011|AACT_HUMAN	0.031487513	1.0	0.7764095255807818	856750.9713825454
GTQEQDFYVTSETVVR	2	sp|P05154|IPSP_HUMAN	0.010501751	0.9658285256870233	0.9162753409623807	20018.718543077175
STSGGTAALGC[+57.021465]LVK	3	sp|P01857|IGHG1_HUMAN;sp|P01860|IGHG3_HUMAN;sp|P0DOX5|IGG1_HUMAN	0.008505468	1.0	0.8786660843936375	9058.389500760251
EQLGEFYEALDC[+57.021465]LR	2	sp|P02763|A1AG1_HUMAN	0.010501751	0.9728591838590949	0.9662215773722654	201191.50298702242
C[+57.021465]EDLETQTQSEK	2	sp|O00592|PODXL_HUMAN	0.008505468	0.9866190731264982	0.9136538117835329	5872.825430526448
IQYQLVDISQDNALR	2	sp|Q9H299|SH3L3_HUMAN	0.010501751	0.9586923939928679	0.7595099411113361	62068.0693071168
GTTVTVSSASPTSPK	2	sp|P0DOX2|IGA2_HUMAN	0.008505468	0.9866190731264982	0.9570640262266402	13000.902904216962
YLDFVFAVK	2	sp|P13473|LAMP2_HUMAN	0.008505468	1.0	0.8891714015539381	176181.9097162759
EDC[+57.021465]VEIYIK	2	sp|P14151|LYAM1_HUMAN	0.008505468	1.0	0.9391233930518421	251073.30829661095
VLDAVRGSPAINVAVHVFR	3	sp|P02766|TTHY_HUMAN	0.008505468	0.9933552810135716	0.9298295848138135	97072.51642368632
YAATSQVLLPSK	2	sp|P01871|IGHM_HUMAN;sp|P0DOX6|IGM_HUMAN	0.008505468	1.0	0.9677091265948979	16505.031622630646
ITPNLAEFAFSLYR	2	sp|P01009|A1AT_HUMAN	0.008505468	1.0	0.9599615759665533	11222655.118495604
ALDLINKR	2	sp|P04196|HRG_HUMAN	0.008505468	0.9797881705057813	0.951729490217604	226303.07208215896
NSVIKVPMMNSK	3	sp|P05155|IC1_HUMAN	0.008505468	0.9933552810135716	0.8907099606284663	41593.73446732019
EILSVDC[+57.021465]STNNPSQAK	2	sp|P10909|CLUS_HUMAN	0.008505468	1.0	0.9395057130678651	399182.05803769885
YFHHNSDFHIPK	2	sp|O75015|FCG3B_HUMAN	0.008505468	1.0	0.9044051284908476	65428.46127618987
YFHHNSDFYIPK	2	sp|P08637|FCG3A_HUMAN	0.008505468	0.9797881705057813	0.8913610794631462	55054.13323429634
DDLYVSDAFHK	2	sp|P01008|ANT3_HUMAN	0.008505468	1.0	0.9165082226382978	535287.5670025757
LTQLNLDR	2	sp|P07359|GP1BA_HUMAN	0.008505468	1.0	0.9493077996681486	153294.73939509247
DYFM[+15.994915]PC[+57.021465]PGR	2	sp|P02790|HEMO_HUMAN	0.008505468	1.0	0.9664937657947795	190889.00224797145
DVSSSVYSTWK	2	sp|P10721|KIT_HUMAN	0.014739229	0.9290085173289965	0.8730659450071995	7943.664164944813
VQPYLDDFQK	3	sp|P02647|APOA1_HUMAN	0.014739229	0.9290085173289965	0.8720382964479088	3050.9844099635156
C[+57.021465]SPHLVLSALTSDNHGATYAFSGTHYWR	4	sp|P02790|HEMO_HUMAN	0.033549782	0.5462099337781654	0.7204813025900993	6754.450793297289
LVVEWQLQDDK	2	sp|P61916|NPC2_HUMAN	0.008505468	0.9933552810135716	0.8684875238510971	14376.525462361773
LGMFNIQHC[+57.021465]K	2	sp|P01009|A1AT_HUMAN	0.008505468	1.0	0.9661993050864608	119.09416749397612
SGAQATWTELPWPHEK	3	sp|P02790|HEMO_HUMAN	0.008505468	1.0	0.9374999173297743	1760104.1950703626
YWNDC[+57.021465]EPPDSR	2	sp|P04196|HRG_HUMAN	0.008505468	1.0	0.9594809023667568	74818.48773788358
GNLMGGWK	2	sp|P23435|CBLN1_HUMAN;sp|Q8IUK8|CBLN2_HUMAN	0.008505468	0.9797881705057813	0.9518077952966343	7786.667425040078
QNQC[+57.021465]FYNSSYLNVQR	2	sp|P19652|A1AG2_HUMAN	0.010501751	0.9658285256870233	0.7675502913474048	10940.928372843508
ASVDSGSSEEQGGSSR	2	sp|P01833|PIGR_HUMAN	0.008505468	0.9797881705057813	0.9673660676956959	26488.418938698418
VLDAVRGSPAINVAVHVFR	4	sp|P02766|TTHY_HUMAN	0.008505468	0.9933552810135716	0.941662017906497	83217.51600430964
TLM[+15.994915]FGSYLDDEK	2	sp|P19652|A1AG2_HUMAN	0.008505468	1.0	0.8956485476362177	159562.38731078545
MEPFHFK	2	sp|P05155|IC1_HUMAN	0.008505468	0.9866190731264982	0.9873286627242241	63779.94073004527
FLEQQNQVLQTK	2	sp|P04264|K2C1_HUMAN;sp|P35908|K22E_HUMAN;sp|Q7Z794|K2C1B_HUMAN	0.008505468	1.0	0.9391695511744782	30556.925455497138
RVAEGTQVLELPFK	3	sp|P01008|ANT3_HUMAN	0.008505468	1.0	0.935022547827425	142504.90959120836
YTIAALLSPYSYSTTAVVTNPKE	4	sp|P02766|TTHY_HUMAN	0.008505468	1.0	0.8589522618336237	134923.1181902277
GGSIQQYIYK	2	sp|Q92954|PRG4_HUMAN	0.008505468	1.0	0.7986067507034529	32319.051468607977
ALFLETEQLK	2	sp|Q13740|CD166_HUMAN	0.008505468	0.9933552810135716	0.9908792277210055	12481.141761602163
GEFVWKSHK	2	sp|P02790|HEMO_HUMAN	0.008505468	1.0	0.7382373198011171	13461.391475463137
SGFPQVSMFFTHTFPK	3	sp|P04196|HRG_HUMAN	0.008505468	1.0	0.9430957948136667	55114.6395126683
HTLNQIDEVK	3	sp|P02765|FETUA_HUMAN	0.008505468	0.9933552810135716	0.8413220186466537	21047.729798649736
HTFMGVVSLGSPSGEVSHPR	3	sp|P02765|FETUA_HUMAN	0.008505468	0.9933552810135716	0.9642387461757638	741828.9001457503
GLEWVGFIR	2	sp|A0A0A0MS15|HV349_HUMAN	0.008505468	1.0	0.8163188387244322	35495.980024977776
GLPAPIEK	2	sp|P01859|IGHG2_HUMAN	0.008505468	1.0	0.917348554977402	69188.75693152279
QVILTLQPTLVAVGK	3	sp|P13598|ICAM2_HUMAN	0.008505468	1.0	0.9554037722572907	909625.5975128979
TVPLAVLQLR	2	sp|P23467|PTPRB_HUMAN	0.008505468	1.0	0.911254055563429	20811.459894953176
TVGSDTFYSFK	2	sp|P01042|KNG1_HUMAN	0.008505468	1.0	0.9883752300274781	3342.105267022714
LTGSSGFVTDGPGNYK	2	sp|O75882|ATRN_HUMAN	0.008505468	0.9797881705057813	0.9517413387299934	636785.6823003639
GLDTSLGAVQSDTGR	2	sp|Q13477|MADCA_HUMAN	0.008505468	1.0	0.8115756241358161	19314.46223640165
APEQEQAAPGPAAGGEAPK	2	sp|P80723|BASP1_HUMAN	0.010501751	0.9658285256870233	0.9517070165264364	43561.63624947486
QTMTALGIDTAR	2	sp|P56199|ITA1_HUMAN	0.008505468	1.0	0.8612705711220244	5092.286363096002
SGAQATWTELPWPHEK	4	sp|P02790|HEMO_HUMAN	0.017758047	0.8804971228634604	0.810869141449585	7423.182896960019
YFIDFVAR	2	sp|P01042|KNG1_HUMAN	0.008505468	1.0	0.9320134985914559	681089.708455476
TDGGTTDYAAPVK	2	sp|A0A0B4J1V0|HV315_HUMAN	0.008505468	1.0	0.7235217438852475	6007.5841956254535
LALDVEIATYR	2	sp|O95678|K2C75_HUMAN;sp|P02538|K2C6A_HUMAN;sp|P04259|K2C6B_HUMAN;sp|P12035|K2C3_HUMAN;sp|P13647|K2C5_HUMAN;sp|P35908|K22E_HUMAN;sp|P48668|K2C6C_HUMAN;sp|Q01546|K22O_HUMAN;sp|Q5XKE5|K2C79_HUMAN	0.008505468	1.0	0.8384664596431995	8699.021209081482
SYYWIGIR	2	sp|P14151|LYAM1_HUMAN	0.008505468	1.0	0.98028326527807	1912515.2706471896
GIYSFNFHVVK	2	sp|P23435|CBLN1_HUMAN	0.008505468	1.0	0.8844488557418431	26304.473862295723
AEELSIQVSC[+57.021465]R	2	sp|Q9Y5Y7|LYVE1_HUMAN	0.008505468	1.0	0.9512747785801254	44777.505211349955
TC[+57.021465]PKPDDLPFSTVVPLK	4	sp|P02749|APOH_HUMAN	0.008505468	1.0	0.9388500236654885	31878.82111063877
YVSELHLTR	2	sp|P10721|KIT_HUMAN	0.008505468	1.0	0.8972685803931432	27509.870242290744
RGENLFAITDEGMDVPLAMEEWHHER	5	sp|Q6UXB8|PI16_HUMAN	0.008505468	1.0	0.8789050637714366	76213.31342254995
TLLVFEVQQPFLFVLWDQQHKFPVFMGR	5	sp|P05155|IC1_HUMAN	0.008505468	1.0	0.9445232104424851	273729.1604644313
YEGSYALTSEEAER	2	sp|O95810|CAVN2_HUMAN	0.008505468	0.9797881705057813	0.9580460898567104	9729.168428215937
TPEGLYQVTSVLR	2	sp|Q9BQ51|PD1L2_HUMAN	0.008505468	1.0	0.9123055783739269	99680.29663311064
DIAPTLTLYVGK	2	sp|P00738|HPT_HUMAN;sp|P00739|HPTR_HUMAN	0.008505468	1.0	0.9279387244171795	925946.1077455403
TVALGSNVEFMC[+57.021465]K	2	sp|P11362|FGFR1_HUMAN	0.008505468	1.0	0.9459691724280292	152550.83254942004
NTLYLQMNSLR	2	sp|A0A0B4J1X5|HV374_HUMAN;sp|A0A0C4DH42|HV366_HUMAN;sp|P01764|HV323_HUMAN;sp|P01767|HV353_HUMAN;sp|P01768|HV330_HUMAN;sp|P01772|HV333_HUMAN;sp|P0DP02|HVC33_HUMAN;sp|P0DP03|HVC05_HUMAN	0.008505468	1.0	0.9177858108437996	79733.64093658926
SDVMYTDWKK	3	sp|P19652|A1AG2_HUMAN	0.008505468	1.0	0.9322468695189596	14537.89680806983
FSGSNSGNTATLTISR	2	sp|A0A075B6K5|LV39_HUMAN;sp|P80748|LV321_HUMAN	0.008505468	0.9728591838590949	0.9188831866226773	115838.80608762174
DYELLC[+57.021465]LDGTR	2	sp|P02787|TRFE_HUMAN	0.008505468	1.0	0.8944489623108565	24036.98240742812
IASFSQNC[+57.021465]DIYPGK	2	sp|P01042|KNG1_HUMAN	0.008505468	0.9797881705057813	0.9259983074144525	355772.70225484733
EENFYVDETTVVK	3	sp|P08185|CBG_HUMAN	0.012614679	0.9514467542496609	0.9440849703446152	7295.367147553754
M[+15.994915]TVTDQVNC[+57.021465]PK	2	sp|P05090|APOD_HUMAN	0.008505468	1.0	0.911467805098182	9944.579285203537
LINDYVK	2	sp|P01011|AACT_HUMAN	0.008505468	1.0	0.9742387450060238	355448.3264041305
AFIQLWAFDAVK	2	sp|P02760|AMBP_HUMAN	0.008505468	0.9933552810135716	0.9703416146352422	177363.515867407
AFQVQQAVDLR	2	sp|P13497|BMP1_HUMAN	0.008505468	1.0	0.7639384047639622	4281.878275352104
FIC[+57.021465]PLTGLWPINTLK	3	sp|P02749|APOH_HUMAN	0.008505468	0.9728591838590949	0.9820796921715887	4740.375702680298
AVGEEVWHSK	2	sp|P13591|NCAM1_HUMAN	0.008505468	1.0	0.8665679627408247	21952.888638596858
GPLQLER	2	sp|P02750|A2GL_HUMAN	0.008505468	1.0	0.8510119722840488	32889.43533087122
NMQDM[+15.994915]VEDYR	2	sp|P04264|K2C1_HUMAN	0.028230185	0.9933552810135716	0.9200195900961783	9472.913397685325
THLAPYSDELR	3	sp|P02647|APOA1_HUMAN	0.008505468	1.0	0.9512928661056346	305819.5249945615
SVDIWLR	2	sp|P15151|PVR_HUMAN	0.008505468	0.9797881705057813	0.978970818420369	13365.513158377531
NIQSLEVIGK	2	sp|P02775|CXCL7_HUMAN	0.008505468	1.0	0.9821193621014371	37411.139221936406
HPYFYAPELLFFAK	2	sp|P02768|ALBU_HUMAN	0.008505468	0.9933552810135716	0.9587936759867826	32907.11742339866
QGFGNVATNTDGK	2	sp|P02675|FIBB_HUMAN	0.008505468	1.0	0.903903918760184	14636.269268555243
VDLSFSPSQSLPASHAHLR	3	sp|P01023|A2MG_HUMAN	0.008505468	1.0	0.7862563002589729	64815.851709608956
GFFADYEIPNLQK	2	sp|Q10588|BST1_HUMAN	0.008505468	0.9866190731264982	0.898548120836664	8369.646849671273
AATGEC[+57.021465]TATVGK	2	sp|P01042|KNG1_HUMAN	0.022950819	0.9933552810135716	0.9924289277431514	20436.81523503074
NHNALLASLTTQK	3	sp|O75882|ATRN_HUMAN	0.008505468	0.9933552810135716	0.8398092840723861	441.55173433122104
SKLPGIVAEGRDDLYVSDAFHK	4	sp|P01008|ANT3_HUMAN	0.008505468	1.0	0.9061545351700079	5683.319811474155
VMTPAVYAPYDVK	2	sp|O00533|NCHL1_HUMAN	0.008505468	1.0	0.9345021139169147	92310.2241553253
DLMEKVK	2	sp|P02652|APOA2_HUMAN	0.008505468	0.9728591838590949	0.9739778857993086	115518.55526914014
AAFTEC[+57.021465]C[+57.021465]QAADK	2	sp|P02768|ALBU_HUMAN	0.008505468	0.9933552810135716	0.9646921878445152	17620.15217718783
TSESGELHGLTTEEEFVEGIYK	3	sp|P02766|TTHY_HUMAN	0.008505468	1.0	0.9309833654863628	6702618.051494918
LDDDLEHQGGHVLDHGHK	4	sp|P01042|KNG1_HUMAN	0.008505468	1.0	0.9369403799584775	420662.25860650593
AVLDVFEEGTEASAATAVK	3	sp|P01011|AACT_HUMAN	0.008505468	1.0	0.8402111666797882	54805.90687578259
SSSNEEVMFLTVQVK	2	sp|P01023|A2MG_HUMAN	0.008505468	1.0	0.8176563961098554	130711.90014938379
HSWTIPEDGNSQK	3	sp|Q13201|MMRN1_HUMAN	0.017758047	0.9134157281067091	0.7406284645581657	1066.071928060097
NWGLSFYADKPETTK	3	sp|P19652|A1AG2_HUMAN	0.008505468	0.9728591838590949	0.8883279788636309	5116.922807515022
ILGGHLDAK	2	sp|P00738|HPT_HUMAN;sp|P00739|HPTR_HUMAN	0.008505468	0.9797881705057813	0.9805974384037853	144155.0116541415
DLGGFDEDAEPR	2	sp|Q9BRK5|CAB45_HUMAN	0.008505468	1.0	0.8856136663438636	22282.498117439805
ILLDEQAQWK	2	sp|P13598|ICAM2_HUMAN	0.008505468	1.0	0.9618431416906196	19222.699180305593
HIQETEWQSQEGK	2	sp|Q14515|SPRL1_HUMAN	0.008505468	0.9797881705057813	0.9463275517081461	37140.98072916215
GAQTQTEEEMTR	2	sp|Q12841|FSTL1_HUMAN	0.008505468	1.0	0.961279933895915	40148.00160177945
LLGLSLAGK	2	sp|Q9Y5Y7|LYVE1_HUMAN	0.008505468	1.0	0.9781968424306137	5334583.733608489
GEC[+57.021465]QAEGVLFFQGDREWFWDLATGTMK	4	sp|P02790|HEMO_HUMAN	0.008505468	1.0	0.8569773684115971	553349.8058306111
DLATVYVDVLK	2	sp|P02647|APOA1_HUMAN	0.008505468	1.0	0.9836204736678258	943056.6268882203
SVNNVVVR	2	sp|O75882|ATRN_HUMAN	0.008505468	0.9797881705057813	0.9408234092615875	4081.689440437436
TLMFGSYLDDEKNWGLSFYADKPETTK	4	sp|P19652|A1AG2_HUMAN	0.008505468	1.0	0.968631174010312	4131611.025658399
VMPIC[+57.021465]LPSK	2	sp|P00738|HPT_HUMAN;sp|P00739|HPTR_HUMAN	0.008505468	0.9866190731264982	0.9715990543932116	228064.40535749338
GQC[+57.021465]IINSNK	2	sp|P43652|AFAM_HUMAN	0.008505468	1.0	0.8928777422836457	54398.98544027622
AVLHIGEK	1	sp|P05543|THBG_HUMAN	0.008505468	1.0	0.73675185554986	26811.456260616003
VAEGTQVLELPFK	3	sp|P01008|ANT3_HUMAN	0.022950819	0.8540617215638593	0.7988688472486725	9868.974527317247
GTWTQPFDLASTR	3	sp|P08185|CBG_HUMAN	0.017758047	0.9134157281067091	0.8605856135337175	25969.04059076157
LSFQEFLK	2	sp|Q12841|FSTL1_HUMAN	0.008505468	1.0	0.859563538407943	205851.05525470068
VTGNPGDEEFIEPSTENEFGLTSLR	3	sp|Q9ULI3|HEG1_HUMAN	0.010501751	0.9658285256870233	0.9371706796037097	275213.2994000565
DEELSC[+57.021465]TVVELK	2	sp|P01011|AACT_HUMAN	0.008505468	0.9866190731264982	0.9579441086415678	234351.32231257268
ETC[+57.021465]FAEEGKK	2	sp|P02768|ALBU_HUMAN	0.008505468	0.9933552810135716	0.9591035555870798	33670.43553337935
SETEIHQGFQHLHQLFAK	3	sp|P08185|CBG_HUMAN	0.008505468	1.0	0.9314628092526847	399896.6696201542
AMVGSDVELSC[+57.021465]AC[+57.021465]PEGSR	2	sp|O75144|ICOSL_HUMAN	0.008505468	0.9728591838590949	0.7547961761529397	311.1369033371908
SPELQAEAK	2	sp|P02652|APOA2_HUMAN	0.008505468	0.9728591838590949	0.9880661114688176	2698.7252733629557
EGQMESVEAAMSSK	2	sp|P05543|THBG_HUMAN	0.008505468	0.9866190731264982	0.9593598755889338	36561.12211990162
EQYAVVGHSAHIVTLK	4	sp|O75882|ATRN_HUMAN	0.008505468	1.0	0.9726870197771207	737627.6523982503
ALQATVGNSYK	2	sp|P11279|LAMP1_HUMAN	0.008505468	1.0	0.9865659776188676	167201.2617224577
DLDMFINASK	2	sp|O75882|ATRN_HUMAN	0.008505468	1.0	0.9375875990229067	62439.23523147861
ESLSSYWESAK	2	sp|P02655|APOC2_HUMAN	0.008505468	1.0	0.9599440704717394	343487.294733396
FLQSFAR	2	sp|Q13201|MMRN1_HUMAN	0.008505468	1.0	0.7242961863859589	60442.13848351876
AIGYLNTGYQR	2	sp|P01023|A2MG_HUMAN	0.008505468	1.0	0.9532463234158434	7293.677615628746
VWPQQPSGELFEIEIDTLETTC[+57.021465]HVLDPTPVAR	5	sp|P02765|FETUA_HUMAN	0.008505468	1.0	0.8869671159644523	292679.8923513837
EAQDTSDGIIQK	2	sp|P18850|ATF6A_HUMAN	0.008505468	1.0	0.9272551811492711	17488.62381447435
TEDSSSFLIDK	2	sp|P05543|THBG_HUMAN	0.008505468	1.0	0.9346821385052759	3618.9348428679027
TYM[+15.994915]LAFDVNDEK	2	sp|P02763|A1AG1_HUMAN	0.03253796	1.0	0.9796812415412167	5476520.618959615
RDPPQYPVVPVHLDR	4	sp|P10153|RNAS2_HUMAN	0.008505468	0.9797881705057813	0.8452600960999709	15156.36410626216
TLLVFEVQQPFLFVLWDQQHK	4	sp|P05155|IC1_HUMAN	0.010501751	0.9586923939928679	0.8469951267270928	5236.044652581263
ISC[+57.021465]PEGTNAYR	2	sp|P05451|REG1A_HUMAN;sp|P48304|REG1B_HUMAN	0.008505468	1.0	0.8917754525328422	5814.430098053741
REPAVGEPAEVTTTVLVR	2	sp|P05362|ICAM1_HUMAN	0.008505468	1.0	0.915593510952263	34534.91507298211
NIFISPVSISMALAMLSLGTC[+57.021465]GHTR	3	sp|P08185|CBG_HUMAN	0.008505468	0.9933552810135716	0.9399873157718073	8659176.554251028
AQVSPTASDMLHMR	3	sp|Q6UXB8|PI16_HUMAN	0.008505468	1.0	0.9520882394759212	616201.424964559
LSSVTAADTAVYYC[+57.021465]AR	2	sp|A0A075B6R2|HV404_HUMAN;sp|A0A087WSY4|HV432_HUMAN;sp|A0A0C4DH41|HV461_HUMAN;sp|P01824|HV439_HUMAN;sp|P01825|HV459_HUMAN;sp|P06331|HV434_HUMAN;sp|P0DP06|HVD34_HUMAN;sp|P0DP07|HV431_HUMAN;sp|P0DP08|HVD82_HUMAN	0.008505468	1.0	0.8921617938997627	309836.7620581739
DAVEDLESVGK	2	sp|P81605|DCD_HUMAN	0.008505468	0.9933552810135716	0.8348105689717833	6558.699977608662
GSPAINVAVHVFR	2	sp|P02766|TTHY_HUMAN	0.008505468	0.9933552810135716	0.9524568484497603	707412.0883489922
EVPLNTIIFMGR	3	sp|P01008|ANT3_HUMAN	0.02508179	0.8354707271418766	0.8502084707348603	3264.479710544173
SETEIHQGFQHLHQLFAK	4	sp|P08185|CBG_HUMAN	0.008505468	1.0	0.9267278229524231	199606.17441354605
YDVDTQMWTILK	2	sp|O75882|ATRN_HUMAN	0.008505468	1.0	0.9426315463524992	2806340.2539055003
ENEGFTVTAEGK	2	sp|P01024|CO3_HUMAN	0.008505468	1.0	0.9597241586678348	6393.364827126501
TGDTIEFMC[+57.021465]K	2	sp|Q02985|FHR3_HUMAN;sp|Q92496|FHR4_HUMAN	0.008505468	0.9933552810135716	0.9010292557307545	35765.56249220602
GSFPWQAK	1	sp|P00738|HPT_HUMAN;sp|P00739|HPTR_HUMAN	0.008505468	0.9797881705057813	0.929734531966733	11951.168091836225
YVMLPVADQDQC[+57.021465]IR	2	sp|P00738|HPT_HUMAN	0.008505468	1.0	0.9726208724066623	2271718.9644680363
ESNEELTESC[+57.021465]ETK	2	sp|P01042|KNG1_HUMAN	0.008505468	0.9797881705057813	0.939246426250333	9229.382142690127
RVWELSK	2	sp|P01008|ANT3_HUMAN	0.008505468	0.9797881705057813	0.9711594108855077	237524.5862483079
AVVFLEPQWYR	2	sp|P08637|FCG3A_HUMAN	0.008505468	0.9933552810135716	0.8427423523970714	14341.973052219539
HTFM[+15.994915]GVVSLGSPSGEVSHPR	3	sp|P02765|FETUA_HUMAN	0.008505468	0.9933552810135716	0.8303661054834381	12700.17345283561
TEGDGVYTLNDKK	2	sp|P00738|HPT_HUMAN;sp|P00739|HPTR_HUMAN	0.008505468	1.0	0.9807700443633482	141262.56584055573
QEPSQGTTTFAVTSILR	3	sp|P01876|IGHA1_HUMAN	0.008505468	1.0	0.9024022721692241	817499.7388872051
DASGATFTWTPSSGK	2	sp|P01877|IGHA2_HUMAN;sp|P0DOX2|IGA2_HUMAN	0.008505468	1.0	0.9560678166354539	798036.5927536057
LLQDEFPGIPSPLDAAVEC[+57.021465]HR	3	sp|P02790|HEMO_HUMAN	0.008505468	0.9933552810135716	0.9254871841573392	3548798.204266968
RHPDYSVVLLLR	2	sp|P02768|ALBU_HUMAN	0.008505468	1.0	0.9514111504936379	132215.02559103555
NIFISPVSISMALAMLSLGTC[+57.021465]GHTR	4	sp|P08185|CBG_HUMAN	0.008505468	0.9933552810135716	0.9258962579717948	543301.988857449
SSTTKPPFKPHGSR	2	sp|P04196|HRG_HUMAN	0.01870187	0.8718655118414741	0.7814718410499939	2099.9677478646777
KYPVAHFIDQTLK	2	sp|P05155|IC1_HUMAN	0.008505468	0.9797881705057813	0.9589115094894736	165388.49595366526
VKSPELQAEAK	3	sp|P02652|APOA2_HUMAN	0.008505468	0.9933552810135716	0.8779620947317742	4606.314565973082
LATALSLSNK	2	sp|P04114|APOB_HUMAN	0.008505468	0.9866190731264982	0.9259321998101522	4575.707376409916
LHMLQISYFR	3	sp|Q9UNN8|EPCR_HUMAN	0.015712682	0.9290085173289965	0.7972749011176068	2527.3915984623072
LALDLEIATYR	2	sp|P04264|K2C1_HUMAN	0.008505468	1.0	0.8155394340238101	12303.719952251045
GDEC[+57.021465]QLC[+57.021465]EVENR	2	sp|O75882|ATRN_HUMAN	0.012614679	0.9866190731264982	0.8499820319673417	12287.18475737792
SLTVSLGPVSK	2	sp|Q9ULI3|HEG1_HUMAN	0.008505468	1.0	0.9346835540479546	67256.72213612498
FNQPFIIM[+15.994915]IFDHFTWSSLFLAR	4	sp|P08185|CBG_HUMAN	0.010501751	0.9658285256870233	0.8605062873104261	16655.815409692226
KGEVLPLPEANFPSFPLPHHK	3	sp|P04196|HRG_HUMAN	0.008505468	0.9933552810135716	0.8035578549528325	39035.21643226589
IADAHLDR	2	sp|P04196|HRG_HUMAN	0.008505468	0.9797881705057813	0.9726662120060656	11217.0493624058
YVGGQEHFAHLLILRDTK	5	sp|P02763|A1AG1_HUMAN	0.008505468	0.9933552810135716	0.964934715766267	25948.092992202113
GPSVFPLAPSSK	2	sp|P01857|IGHG1_HUMAN;sp|P0DOX5|IGG1_HUMAN	0.008505468	0.9933552810135716	0.9500714794197253	143708.63678811377
AYLEEEC[+57.021465]PATLR	2	sp|P25311|ZA2G_HUMAN	0.008505468	1.0	0.8292811154537285	46042.066227451214
QQTHMLDVMQDHFSR	2	sp|P10909|CLUS_HUMAN	0.008505468	1.0	0.9485541703498993	5145.447326430698
YGEGDSLTLQQLK	2	sp|Q15043|S39AE_HUMAN	0.008505468	1.0	0.8756322756983305	12509.664877177682
LLQDEFPGIPSPLDAAVEC[+57.021465]HR	4	sp|P02790|HEMO_HUMAN	0.008505468	0.9933552810135716	0.8576106081083156	67340.6444095794
DYWSTVK	1	sp|P02656|APOC3_HUMAN	0.010501751	0.9658285256870233	0.9586738649586269	105943.952504467
FWYGGC[+57.021465]GGNENK	2	sp|P12111|CO6A3_HUMAN	0.008505468	0.9933552810135716	0.8171020867598725	1176.9525221965341
RYTIAALLSPYSYSTTAVVTNPKE	3	sp|P02766|TTHY_HUMAN	0.008505468	1.0	0.9377314414450239	7286341.052988885
KPDGYDYYAFSK	2	sp|Q92954|PRG4_HUMAN	0.008505468	1.0	0.9330743759661108	43738.65076466326
DYNLNDILLQLGIEEAFTSK	3	sp|P01011|AACT_HUMAN	0.008505468	0.9866190731264982	0.9418393724268163	28520.383740222387
ITGKWFYIASAFR	2	sp|P02763|A1AG1_HUMAN;sp|P19652|A1AG2_HUMAN	0.008505468	0.9797881705057813	0.9706156333369885	195637.25473795694
SFTIEC[+57.021465]R	2	sp|P13598|ICAM2_HUMAN	0.008505468	0.9797881705057813	0.9703787052959366	96601.8776938496
LLIYDASNLETGVPSR	2	sp|P01593|KVD33_HUMAN;sp|P01594|KV133_HUMAN	0.008505468	1.0	0.8307672901650451	372716.3642521073
GLASANVDFAFSLYK	2	sp|P08185|CBG_HUMAN	0.008505468	0.9797881705057813	0.9431166819532752	7597.865650200715
SAVQGPPER	1	sp|P01876|IGHA1_HUMAN;sp|P01877|IGHA2_HUMAN	0.008505468	0.9797881705057813	0.7363224481386292	1611.609448470004
NQVSLTC[+57.021465]LVK	2	sp|P01857|IGHG1_HUMAN;sp|P01859|IGHG2_HUMAN;sp|P01860|IGHG3_HUMAN;sp|P01861|IGHG4_HUMAN;sp|P0DOX5|IGG1_HUMAN	0.008505468	0.9933552810135716	0.9531935859963051	180779.20993062138
VGFYESDVMGR	2	sp|P01023|A2MG_HUMAN	0.008505468	1.0	0.9278530053760138	16657.525766021703
VAAEDWK	1	sp|P01876|IGHA1_HUMAN;sp|P01877|IGHA2_HUMAN;sp|P0DOX2|IGA2_HUMAN	0.008505468	1.0	0.989887198303939	84263.70752386076
C[+57.021465]INQLLC[+57.021465]K	2	sp|P49908|SEPP1_HUMAN	0.008505468	0.9866190731264982	0.9126782848803265	59345.32804851537
IMGITLVSK	2	sp|Q9Y5Y7|LYVE1_HUMAN	0.017758047	0.9054124614333342	0.8027896052982009	3682.668171187159
GLPAPIEK	1	sp|P01859|IGHG2_HUMAN	0.01870187	0.8718655118414741	0.7426924170235595	1986.091012018704
SILFLGK	2	sp|P05543|THBG_HUMAN	0.010501751	0.9728591838590949	0.9431061893746985	20376.54176373081
VLNQELR	1	sp|P05090|APOD_HUMAN	0.008505468	1.0	0.9211132521513942	39801.044615496205
NTWSILHTQGALVQGGYGHSSVYDHR	4	sp|O75882|ATRN_HUMAN	0.008505468	0.9866190731264982	0.8752867048650961	623125.0227414379
SASLHLPK	1	sp|P01009|A1AT_HUMAN	0.008505468	1.0	0.9751392878399614	214075.66809083195
MEEVEAMLLPETLK	3	sp|P01011|AACT_HUMAN	0.008505468	1.0	0.9369510651449438	152666.75481023925
VTDPQLVVTLHEK	2	sp|P09619|PGFRB_HUMAN	0.008505468	1.0	0.792428421234484	26135.178843418333
TLYSSSPR	2	sp|P05155|IC1_HUMAN	0.008505468	0.9797881705057813	0.9837403587895233	14976.831962511404
FLNVLSPR	2	sp|P17936|IBP3_HUMAN	0.008505468	0.9866190731264982	0.8831283971275619	30420.901886530533
ATEHLSTLSEK	2	sp|P02647|APOA1_HUMAN	0.008505468	0.9933552810135716	0.9598496794058273	216905.4723503598
SDVMYTDWKKDK	3	sp|P19652|A1AG2_HUMAN	0.008505468	1.0	0.9232415216073433	59946.18767126876
LSPLGEEMR	2	sp|P02647|APOA1_HUMAN	0.008505468	1.0	0.9553469405902274	2269762.403816689
EVGTPHGIILDSVDAAFIC[+57.021465]PGSSR	4	sp|P02790|HEMO_HUMAN	0.008505468	1.0	0.9716912081679888	4090246.0193223357
LVHVEEPHTETVR	3	sp|P01023|A2MG_HUMAN	0.008505468	1.0	0.8628007755236287	12386.595122167266
DGTFPLPIGESVTVTR	2	sp|P05362|ICAM1_HUMAN	0.010501751	0.9728591838590949	0.8764864655602876	129730.01643907555
TGLEAISNHK	2	sp|Q14515|SPRL1_HUMAN	0.008505468	1.0	0.9813814600659042	247693.32385595774
TVVQPSVGAAAGPVVPPC[+57.021465]PGR	3	sp|P02765|FETUA_HUMAN	0.008505468	0.9933552810135716	0.9178980425565996	457373.202415666
EAATNGVLLYLDK	2	sp|Q9NTU7|CBLN4_HUMAN	0.01368301	0.9366095275687156	0.9721151079817949	46189.04001085333
QEINSHVEMQTK	2	sp|P05543|THBG_HUMAN	0.008505468	0.9866190731264982	0.892534610867809	163534.73691939225
TC[+57.021465]PKPDDLPFSTVVPLK	3	sp|P02749|APOH_HUMAN	0.008505468	1.0	0.9792200425931158	97366.38455502703
RPC[+57.021465]FSALEVDETYVPK	2	sp|P02768|ALBU_HUMAN	0.016835017	1.0	0.9437295058348104	160486.1200601821
YPNC[+57.021465]AYR	2	sp|P07998|RNAS1_HUMAN	0.008505468	0.9797881705057813	0.9281596573980422	47495.74831659467
DTKTYMLAFDVNDEK	2	sp|P02763|A1AG1_HUMAN	0.008505468	1.0	0.8627788758640025	607349.2813747219
IKVTTSQDMLSIMEK	2	sp|P05155|IC1_HUMAN	0.008505468	1.0	0.9744958394315328	1048907.4616552063
ELTPEVLQEWLDELEEMMLVVHMPR	5	sp|P01008|ANT3_HUMAN	0.008505468	0.9866190731264982	0.8384179149621388	12728.651406827987
KGDTFSC[+57.021465]MVGHEALPLAFTQK	4	sp|P01876|IGHA1_HUMAN	0.008505468	1.0	0.9574344919059921	150960.4748172762
WVFKEEDPIHLR	4	sp|O75015|FCG3B_HUMAN;sp|P08637|FCG3A_HUMAN	0.011560693	0.9586923939928679	0.7959851351058058	2367.038095029347
WFYIASAFR	2	sp|P02763|A1AG1_HUMAN;sp|P19652|A1AG2_HUMAN	0.008505468	0.9933552810135716	0.9955059036759567	1893059.0177319113
VTTVASHTSDSDVPSGVTEVVVK	3	sp|P10909|CLUS_HUMAN	0.008505468	0.9866190731264982	0.8957784935859854	46046.278505321134
AKPALEDLR	2	sp|P02647|APOA1_HUMAN	0.008505468	1.0	0.9983332252007426	746018.5369608409
LSSWVLLMK	2	sp|P01009|A1AT_HUMAN	0.008505468	1.0	0.977776603855136	1384263.6910148985
EQQC[+57.021465]VIMAENR	2	sp|P00747|PLMN_HUMAN;sp|Q02325|PLGB_HUMAN	0.008505468	1.0	0.8338682659346031	14428.350267596375
NKEDC[+57.021465]VEIYIK	2	sp|P14151|LYAM1_HUMAN	0.008505468	0.9866190731264982	0.9491788090799034	523135.6773550563
LDVPQNLMFGK	2	sp|Q13740|CD166_HUMAN	0.008505468	1.0	0.8205455602216866	12513.248041897335
NALALFVLPK	2	sp|P05543|THBG_HUMAN	0.008505468	1.0	0.9606338199909034	566036.7431526995
ELISERWK	2	sp|P02790|HEMO_HUMAN	0.008505468	1.0	0.9877355520951157	228178.55571798875
ALEESNYELEGK	2	sp|P13645|K1C10_HUMAN	0.008505468	1.0	0.7951983800515047	62500.03606799639
ADLSGITGAR	2	sp|P01011|AACT_HUMAN	0.008505468	1.0	0.8902146527454329	64616.79510536129
KATVVYQGER	3	sp|P02749|APOH_HUMAN	0.015712682	0.9212790999005022	0.8510306862148432	187.96476369772978
VWFELTQGSITK	2	sp|Q9H8L6|MMRN2_HUMAN	0.008505468	0.9866190731264982	0.9564439838208193	766966.2060099419
NANTFISPQQR	2	sp|P08493|MGP_HUMAN	0.008505468	1.0	0.9003062744372948	2127.6338739679218
VSWYQQPPGTAPK	2	sp|A0A075B6J9|LV218_HUMAN	0.008505468	1.0	0.7792432736429983	55372.664193185316
EWFSETFQK	2	sp|P02654|APOC1_HUMAN	0.008505468	0.9933552810135716	0.9503312240761163	491858.59463697823
KMTVTDQVNC[+57.021465]PK	2	sp|P05090|APOD_HUMAN	0.008505468	0.9866190731264982	0.9586644820255287	208373.66736249844
GPGEDFR	1	sp|P41222|PTGDS_HUMAN	0.011560693	0.9586923939928679	0.7748845518075956	7090.95412690486
LFDSDPITVTVPVEVSR	2	sp|P10909|CLUS_HUMAN	0.015712682	0.9290085173289965	0.880982284242794	42747.031106276685
EHSSLAFWK	2	sp|P02749|APOH_HUMAN	0.015712682	0.9212790999005022	0.8835834564890911	3169.9915172199608
NLMIDIQK	2	sp|Q9BY67|CADM1_HUMAN	0.008505468	1.0	0.9057061015558802	262107.89372482832
LPYTIITTPPLK	2	sp|P04114|APOB_HUMAN	0.008505468	1.0	0.7363604822127848	13827.647340456591
FQPTLLTLPR	3	sp|P05155|IC1_HUMAN	0.008505468	0.9933552810135716	0.8270419019092162	15951.109855557854
AVLQLNEEGVDTAGSTGVTLNLTSKPIILR	4	sp|P08185|CBG_HUMAN	0.008505468	0.9797881705057813	0.8978466765910379	32396.312756634125
DSGSYFC[+57.021465]R	2	sp|O75015|FCG3B_HUMAN;sp|P08637|FCG3A_HUMAN	0.024043716	0.9866190731264982	0.9527692795402126	18046.754651984316
FNQPFIIMIFDHFTWSSLFLAR	3	sp|P08185|CBG_HUMAN	0.010501751	0.9658285256870233	0.9781323761497225	141879.27623250452
YEGGREHVAHLLFLR	2	sp|P19652|A1AG2_HUMAN	0.008505468	0.9797881705057813	0.9216074923412447	27648.607109710032
ENFLFLTPDC[+57.021465]K	2	sp|P01042|KNG1_HUMAN	0.008505468	1.0	0.9805675770236761	751258.2619693356
GDTFYVVSFR	2	sp|P18850|ATF6A_HUMAN	0.01368301	0.9366095275687156	0.8868574237655539	3076.3751063799687
VLAPWITETHFK	3	sp|P23467|PTPRB_HUMAN	0.008505468	1.0	0.7721610698017735	146442.16631553322
ALGISPFHEHAEVVFTANDSGPR	3	sp|P02766|TTHY_HUMAN	0.008505468	1.0	0.8749406104741768	2652961.8700053897
GKEESLDSDLYAELR	2	sp|P02775|CXCL7_HUMAN	0.008505468	1.0	0.9380446408090082	7950001.917129394
LSITGTYDLK	2	sp|P01009|A1AT_HUMAN	0.008505468	1.0	0.9717777033772056	455865.2880190481
MYLGYEYVTAIR	2	sp|P02787|TRFE_HUMAN	0.008505468	1.0	0.9376167426787669	360344.98540849367
DFTC[+57.021465]VHQALK	2	sp|P05155|IC1_HUMAN	0.008505468	1.0	0.9692143259531586	122735.12061283055
DFVQPPTK	2	sp|P01042|KNG1_HUMAN	0.008505468	0.9797881705057813	0.9776773431694316	151596.91041822158
DLMEKVK	1	sp|P02652|APOA2_HUMAN	0.010501751	0.9728591838590949	0.7385389131111395	1409.337283436751
YGFIEGHVVIPR	3	sp|P16070|CD44_HUMAN	0.008505468	0.9933552810135716	0.9655308609207851	855655.9520152198
DLGEENFK	2	sp|P02768|ALBU_HUMAN	0.008505468	0.9866190731264982	0.9771556565808973	20169.126781101666
ATAPTELNC[+57.021465]DDFK	2	sp|Q9NQ38|ISK5_HUMAN	0.008505468	0.9866190731264982	0.9727644189597293	7790.290897818523
YLTLNTESTR	2	sp|P06276|CHLE_HUMAN	0.008505468	0.9933552810135716	0.9092228772388485	4462.016806584885
TAAQNLYEK	2	sp|P02655|APOC2_HUMAN	0.008505468	1.0	0.9659134470476605	205440.2040320213
LWWLDLK	1	sp|P02790|HEMO_HUMAN	0.008505468	1.0	0.9640294998497784	488119.7224154467
ALGISPFHEHAEVVFTANDSGPRR	3	sp|P02766|TTHY_HUMAN	0.008505468	0.9866190731264982	0.8861231094084476	15425.070317465654
