peptide	charge	proteins	q_value	score	spectral_angle	20241104_OA3_Evo02_ViAl_SA_FAIMS40_IO29_A556_MOMI_ABGD_P68_G12_R01.mzML
MTVSTLVLGEGATEAEISMTSTR	3	sp|P02760|AMBP_HUMAN	0.010452962	1.0	0.9559286829862773	2133997.609641377
LQQDVLQFQK	2	sp|Q8NBJ4|GOLM1_HUMAN	0.010452962	1.0	0.9149018404082329	2047.2085211795895
VPTVEPLDSLTLFLFR	3	sp|P13598|ICAM2_HUMAN	0.010452962	0.9658285256870233	0.8761543725797749	5390.530168401379
ILGGHLDAK	1	sp|P00738|HPT_HUMAN;sp|P00739|HPTR_HUMAN	0.010452962	0.9797881705057813	0.984118299209445	16509.44253270221
SSNTYTLTDVR	2	sp|Q13740|CD166_HUMAN	0.010452962	1.0	0.9298447045301791	10925.79656459953
MQILEGLGLNLQK	2	sp|P05154|IPSP_HUMAN	0.010452962	1.0	0.9630837489008327	141203.40571603208
TSLTVVLLR	2	sp|P32942|ICAM3_HUMAN	0.010452962	1.0	0.8292089144668388	76417.61291713167
DTKTLMFGSYLDDEK	2	sp|P19652|A1AG2_HUMAN	0.010452962	1.0	0.9517738447590326	1828747.3193154952
RLGM[+15.994915]FNIQHC[+57.021465]K	3	sp|P01009|A1AT_HUMAN	0.010452962	0.9866190731264982	0.9752783174855125	984.0277719202838
ITLLSALVETR	2	sp|P01011|AACT_HUMAN	0.010452962	1.0	0.9796065885247593	68661.42989395872
DEGTAFLVYGAPGFSK	2	sp|P06276|CHLE_HUMAN	0.010452962	1.0	0.9581140851674189	670781.974409991
FDPVRGEVPPR	2	sp|P02790|HEMO_HUMAN	0.010452962	0.9728591838590949	0.9708054290475953	349916.2082524905
VQLTGEPVPMAR	3	sp|P15151|PVR_HUMAN	0.010452962	0.9290085173289965	0.8447442184244552	2355.8737249949754
MADEAGSEADHEGTHSTK	2	sp|P02671|FIBA_HUMAN	0.010452962	0.9290085173289965	0.8718343018189287	895.7441607556856
QIQVFEDEPAR	2	sp|Q9NPH3|IL1AP_HUMAN	0.010452962	1.0	0.9281436765021125	68374.23039280435
EETNEIQVVNEEPQR	2	sp|Q8NBJ4|GOLM1_HUMAN	0.010452962	1.0	0.8473338346659874	314561.8072885604
LDELRDEGK	2	sp|P02768|ALBU_HUMAN	0.010452962	1.0	0.9430877408524837	100502.65972293087
MADEAGSEADHEGTHSTKR	4	sp|P02671|FIBA_HUMAN	0.010452962	1.0	0.7620477069187362	37778.6835563289
AADDTWEPFASGK	3	sp|P02766|TTHY_HUMAN	0.014672686	0.8354707271418766	0.8779814808751213	2361.879239616686
TFTC[+57.021465]TAAYPESK	2	sp|P01876|IGHA1_HUMAN	0.010452962	0.9933552810135716	0.9707985128809145	76243.17776559794
EFGNTLEDK	2	sp|P02654|APOC1_HUMAN	0.010452962	0.9866190731264982	0.9153026547414901	4191.788463509631
GEVLPLPEANFPSFPLPHHK	4	sp|P04196|HRG_HUMAN	0.010452962	1.0	0.9799465897827406	461519.4903147591
SISTAYLQWSSLK	2	sp|A0A0C4DH38|HV551_HUMAN;sp|A0A0J9YXX1|HV5X1_HUMAN	0.010452962	0.9866190731264982	0.960152200195755	62250.7606991808
LLVVYPWTQR	2	sp|P02042|HBD_HUMAN;sp|P02100|HBE_HUMAN;sp|P68871|HBB_HUMAN;sp|P69891|HBG1_HUMAN;sp|P69892|HBG2_HUMAN	0.010452962	1.0	0.9539776030094764	163522.72474832457
LYLVQGTQVYVFLTK	3	sp|P02790|HEMO_HUMAN	0.010452962	0.9658285256870233	0.9867662733879441	27824.98880202325
C[+57.021465]PNPPVQENFDVNK	2	sp|P05090|APOD_HUMAN	0.010452962	1.0	0.8952062384001699	725681.7092558782
GPLDQLEK	2	sp|P05546|HEP2_HUMAN	0.010452962	0.9797881705057813	0.9286326898843642	15129.366241473368
GEC[+57.021465]QAEGVLFFQGDR	3	sp|P02790|HEMO_HUMAN	0.010452962	0.9728591838590949	0.8154359496036994	12032.548485158191
SSSQELGLK	2	sp|Q14515|SPRL1_HUMAN	0.010452962	0.9866190731264982	0.9728514537417704	2023.8646121322479
AVM[+15.994915]DDFAAFVEK	2	sp|P02768|ALBU_HUMAN	0.010452962	1.0	0.8984714884047341	123670.31696429665
VGSALFLSHNLK	3	sp|P29622|KAIN_HUMAN	0.010452962	0.9514467542496609	0.9803905822761957	87629.22280415495
GDLYFANVEEK	2	sp|O00533|NCHL1_HUMAN	0.010452962	1.0	0.8905332338269337	6083.872467323799
DTVFALVNYIFFK	3	sp|P01009|A1AT_HUMAN	0.010452962	1.0	0.8610413739541348	37883.452107736135
HSAQPWADFTLLGAR	3	sp|Q8IYS5|OSCAR_HUMAN	0.010452962	1.0	0.8984667193206046	76145.65390573774
FSPENTR	2	sp|P01008|ANT3_HUMAN	0.010452962	1.0	0.9826363936465988	369909.2612440709
VLLESIGSHEELTQDSR	2	sp|Q12913|PTPRJ_HUMAN	0.017957352	0.7266555365444503	0.8465184074927555	3624.135199478224
DALSSVQESQVAQQAR	3	sp|P02656|APOC3_HUMAN	0.010452962	0.9728591838590949	0.9221312721650615	73957.75431478015
GTYSTTVTGR	2	sp|P08519|APOA_HUMAN	0.010452962	0.9866190731264982	0.9645049319734091	56101.80221674981
TDTSHHDQDHPTFNK	3	sp|P01009|A1AT_HUMAN	0.010452962	0.9797881705057813	0.9619512194025533	3875.9837566682636
EIGELYLPK	2	sp|P01011|AACT_HUMAN	0.010452962	1.0	0.9701553495867011	619440.060810539
YPPTVSMVEGQGEK	2	sp|P27918|PROP_HUMAN	0.010452962	1.0	0.9402859193910015	755717.6399818686
VEIDTKSYWK	3	sp|P02766|TTHY_HUMAN	0.010452962	1.0	0.9429885503195449	25392.443268910814
IMQSSQSMSK	2	sp|O75882|ATRN_HUMAN	0.010452962	0.9866190731264982	0.9662766828635464	111788.72669143662
KVPQVSTPTLVEVSR	2	sp|P02768|ALBU_HUMAN	0.010452962	1.0	0.9159425715559978	245771.8665378224
SYSC[+57.021465]QVTHEGSTVEK	3	sp|B9A064|IGLL5_HUMAN;sp|P0CF74|IGLC6_HUMAN;sp|P0CG04|IGLC1_HUMAN;sp|P0DOX8|IGL1_HUMAN;sp|P0DOY2|IGLC2_HUMAN;sp|P0DOY3|IGLC3_HUMAN	0.010452962	1.0	0.9483695196069917	6892524.820593435
FLASVSTVLTSK	3	sp|P69905|HBA_HUMAN	0.010452962	0.9290085173289965	0.8131917621754449	2883.633381175779
NWGLSFYADKPETTK	4	sp|P19652|A1AG2_HUMAN	0.010452962	0.9586923939928679	0.9640229198059237	8219.332784153323
GTHC[+57.021465]NQVEVIATLK	3	sp|P02775|CXCL7_HUMAN	0.010452962	0.9797881705057813	0.9395014046226762	76252.65806843345
VDGALC[+57.021465]M[+15.994915]EK	2	sp|P02790|HEMO_HUMAN	0.010452962	1.0	0.9690547756023664	399720.05647225305
GFGGLTGQIVAALSTAK	3	sp|Q92954|PRG4_HUMAN	0.010452962	1.0	0.931990121608779	733528.6045573641
GGYTLVSGYPK	2	sp|P02790|HEMO_HUMAN	0.010452962	1.0	0.9683289457417908	314849.8087164715
LLIYDASNR	2	sp|A0A0A0MRZ8|KVD11_HUMAN;sp|P04433|KV311_HUMAN	0.013761468	0.9134157281067091	0.8371839865327027	7206.248579426849
WELLQQVDTSTR	2	sp|P04264|K2C1_HUMAN	0.010452962	1.0	0.7739708798208081	96714.87580238479
LRTEGDGVYTLNNEK	4	sp|P00738|HPT_HUMAN	0.021229051	0.6244097987733555	0.7825658726607233	17962.212431138832
QLVEIEK	1	sp|P00738|HPT_HUMAN;sp|P00739|HPTR_HUMAN	0.010452962	0.9514467542496609	0.9355098072994753	30791.387454423828
TYLPAVDEK	2	sp|P02655|APOC2_HUMAN	0.010452962	1.0	0.9913770417026948	673895.0371696121
VWVYPPEKK	3	sp|P02790|HEMO_HUMAN	0.010452962	1.0	0.8284957800614763	131890.85595889698
ADGESC[+57.021465]SASMMYQEGK	2	sp|P01008|ANT3_HUMAN	0.010452962	1.0	0.9549675556589348	786734.1754562191
DSGPYSC[+57.021465]SVNVQDK	2	sp|Q96AP7|ESAM_HUMAN	0.010452962	0.9797881705057813	0.8024560420871503	5762.297469777985
VITEPIPVSDLR	2	sp|Q12913|PTPRJ_HUMAN	0.010452962	1.0	0.9310943066203419	2982.5285362126806
REPAVGEPAEVTTTVLVR	4	sp|P05362|ICAM1_HUMAN	0.010452962	0.9290085173289965	0.7378672056542699	1226.3709930443463
LVEVNPK	2	sp|Q92954|PRG4_HUMAN	0.010452962	1.0	0.9673608613100616	488098.4061864857
ESLLNHFLYEVAR	3	sp|P43652|AFAM_HUMAN	0.010452962	1.0	0.8431539421433757	42519.26320243863
EMEDTLNHLK	3	sp|P17936|IBP3_HUMAN	0.010452962	1.0	0.9928001258672058	48309.36083869534
AVLTIDEK	1	sp|P01009|A1AT_HUMAN	0.010452962	0.9797881705057813	0.9263026234661614	3216.3499434073556
NPDAVAAPYC[+57.021465]YTR	2	sp|P08519|APOA_HUMAN	0.010452962	1.0	0.9262397211290763	97357.26053550541
GFMQTYYDDHLR	2	sp|P55056|APOC4_HUMAN	0.010452962	1.0	0.9625023653986349	67297.34721332493
IHLMAGR	2	sp|Q5T013|HYI_HUMAN	0.010452962	0.9797881705057813	0.9085552287903038	1337.004905789477
ALSIGFETC[+57.021465]R	2	sp|P16070|CD44_HUMAN	0.010452962	1.0	0.9723099504479645	401831.8234646898
STSESTAALGC[+57.021465]LVK	3	sp|P01859|IGHG2_HUMAN;sp|P01861|IGHG4_HUMAN	0.014672686	0.8258516653955662	0.770353944190974	16725.243625826984
EMEVLHLR	2	sp|P11362|FGFR1_HUMAN	0.010452962	1.0	0.9096440126382827	122149.8382880477
VPLQQNFQDNQFQGK	2	sp|P80188|NGAL_HUMAN	0.010452962	1.0	0.9640958377376959	1221949.2312189292
YFHHNSDFHIPK	4	sp|O75015|FCG3B_HUMAN	0.010452962	1.0	0.9776205178185355	1138273.6231209154
SKEQLTPLIK	2	sp|P02652|APOA2_HUMAN	0.010452962	1.0	0.9423808366119356	75206.4070603239
EQQALQTVC[+57.021465]LK	2	sp|P05452|TETN_HUMAN	0.010452962	1.0	0.9394303688497743	680.5571552385604
MSSINADFAFNLYR	2	sp|P05543|THBG_HUMAN	0.020134227	1.0	0.9554639090168657	2728300.318617683
NLAVSQVVHK	2	sp|P01011|AACT_HUMAN	0.010452962	1.0	0.9702159264699644	1746344.298042557
IMGITLVSKK	2	sp|Q9Y5Y7|LYVE1_HUMAN	0.010452962	1.0	0.9922591560837908	154090.11151707658
RDPPQYPVVPVHLDR	3	sp|P10153|RNAS2_HUMAN	0.010452962	0.9797881705057813	0.813363014644532	5572.227384767421
FATTFYQHLADSK	3	sp|P01008|ANT3_HUMAN	0.010452962	0.9866190731264982	0.9488886223111588	11300.55070413805
QQLQALSEPQPR	2	sp|Q8NBJ4|GOLM1_HUMAN	0.010452962	0.9933552810135716	0.7425857363814304	2931.91250269207
ATLVC[+57.021465]LISDFYPGAVTVAWK	4	sp|B9A064|IGLL5_HUMAN;sp|P0CG04|IGLC1_HUMAN;sp|P0DOX8|IGL1_HUMAN;sp|P0DOY2|IGLC2_HUMAN;sp|P0DOY3|IGLC3_HUMAN	0.010452962	1.0	0.7411093232043227	76021.49800080036
TEGDGVYTLNDK	2	sp|P00738|HPT_HUMAN;sp|P00739|HPTR_HUMAN	0.010452962	1.0	0.9585209111366659	280236.82179478696
EQLGEFYEALDC[+57.021465]LR	3	sp|P02763|A1AG1_HUMAN	0.010452962	0.9586923939928679	0.814242598442905	1034.8427122628682
WLQGSQELPR	2	sp|P01876|IGHA1_HUMAN;sp|P01877|IGHA2_HUMAN;sp|P0DOX2|IGA2_HUMAN	0.010452962	0.9933552810135716	0.9674618353432128	907001.4795750813
VYSTSVTGSR	2	sp|Q9H299|SH3L3_HUMAN	0.010452962	1.0	0.9545259875414046	93456.67059616257
SISC[+57.021465]QEIPGQQSR	2	sp|P27918|PROP_HUMAN	0.010452962	1.0	0.9456423487752691	262357.7069387506
TSDQIHFFFAK	3	sp|P01008|ANT3_HUMAN	0.010452962	0.9933552810135716	0.9552583849750903	103662.05580980396
DDNPNLPR	2	sp|P02768|ALBU_HUMAN	0.010452962	0.9797881705057813	0.943910274293271	8495.131174996295
EPQVYTLPPSR	2	sp|P01857|IGHG1_HUMAN;sp|P01859|IGHG2_HUMAN;sp|P01860|IGHG3_HUMAN;sp|P0DOX5|IGG1_HUMAN	0.010452962	1.0	0.940020627606743	8054.671395636938
SAVQGPPER	2	sp|P01876|IGHA1_HUMAN;sp|P01877|IGHA2_HUMAN	0.010452962	0.9866190731264982	0.9393865190328761	694.999808992444
NSVIKVPMMNSK	2	sp|P05155|IC1_HUMAN	0.010452962	0.9933552810135716	0.9968543782454169	234479.95585754703
AIMEKLEMSK	2	sp|P05155|IC1_HUMAN	0.010452962	0.9933552810135716	0.9303938376160051	8968.135756235184
ASVSVTAEDEGTQR	2	sp|P05362|ICAM1_HUMAN	0.010452962	1.0	0.9478044474225472	186396.70551218765
YFHHNSDFHIPK	3	sp|O75015|FCG3B_HUMAN	0.010452962	1.0	0.7782148816790345	155876.9242758535
KGEVLPLPEANFPSFPLPHHK	5	sp|P04196|HRG_HUMAN	0.010452962	0.9933552810135716	0.7738514734378358	23563.09488694429
RYTIAALLSPYSYSTTAVVTNPK	3	sp|P02766|TTHY_HUMAN	0.010452962	0.9728591838590949	0.9410265504405968	12971146.937044542
LPGIVAEGRDDLYVSDAFHK	3	sp|P01008|ANT3_HUMAN	0.010452962	0.9866190731264982	0.9251763404917575	105934.35628739333
VLNQELR	2	sp|P05090|APOD_HUMAN	0.010452962	1.0	0.960240602497915	7492590.3604187025
LYIEYGIQR	2	sp|Q9NPH3|IL1AP_HUMAN	0.010452962	1.0	0.8999798463212612	149343.83487372528
HTFM[+15.994915]GVVSLGSPSGEVSHPR	4	sp|P02765|FETUA_HUMAN	0.010452962	0.9933552810135716	0.8580049114587426	10442.636830622785
VQPYLDDFQK	2	sp|P02647|APOA1_HUMAN	0.010452962	0.9290085173289965	0.9500578486359976	287779.19077197113
SSAEAQTPEDTPNK	2	sp|O43493|TGON2_HUMAN	0.010452962	1.0	0.9289050105406071	36153.13873789292
C[+57.021465]SPHLVLSALTSDNHGATYAFSGTHYWR	5	sp|P02790|HEMO_HUMAN	0.010452962	0.9797881705057813	0.9023740817058895	620637.790961111
TFTDKWEDYPK	2	sp|P10721|KIT_HUMAN	0.010452962	1.0	0.8573779329847875	66359.78708525369
LGMFNIQHC[+57.021465]K	3	sp|P01009|A1AT_HUMAN	0.010452962	1.0	0.7777765691641603	1172.8108396136622
SGAQATWTELPWPHEK	2	sp|P02790|HEMO_HUMAN	0.010452962	1.0	0.958671069570482	2517683.3907411853
TAFQEALDAAGDK	2	sp|P10599|THIO_HUMAN	0.010452962	0.9290085173289965	0.8056167916703072	10267.297797332258
DSTYSLSSTLTLSK	2	sp|P01834|IGKC_HUMAN;sp|P0DOX7|IGK_HUMAN	0.010452962	1.0	0.9149849456666097	342066.6432734261
IC[+57.021465]LDLQAPLYK	2	sp|P02776|PLF4_HUMAN	0.010452962	1.0	0.9486436468065467	388838.93757138855
HTFMGVVSLGSPSGEVSHPR	4	sp|P02765|FETUA_HUMAN	0.010452962	0.9933552810135716	0.9408290451140378	298584.21869623696
LAIPQQSDFHNNR	2	sp|P07333|CSF1R_HUMAN	0.010452962	0.9866190731264982	0.8802581407446757	422.7645209812269
LTLTPWVGLR	2	sp|O75882|ATRN_HUMAN	0.010452962	1.0	0.9559209282179023	917759.189206563
HTLNQIDEVK	2	sp|P02765|FETUA_HUMAN	0.010452962	0.9933552810135716	0.9632291462872113	944024.9254235253
WKTTFDPKK	3	sp|P05155|IC1_HUMAN	0.010452962	1.0	0.8862897044821071	14407.0498419376
ESTLHLVLR	2	sp|P0CG47|UBB_HUMAN;sp|P0CG48|UBC_HUMAN;sp|P62979|RS27A_HUMAN;sp|P62987|RL40_HUMAN	0.013761468	0.9134157281067091	0.8651061098803529	176949.23705486214
QGHNSVFLIK	2	sp|P02790|HEMO_HUMAN	0.010452962	1.0	0.9428014772075887	1050212.6147969367
SC[+57.021465]ALDQNC[+57.021465]QWEPR	2	sp|O75882|ATRN_HUMAN	0.010452962	1.0	0.927057588239688	134808.85454795868
QVILTLQPTLVAVGK	2	sp|P13598|ICAM2_HUMAN	0.010452962	0.9933552810135716	0.9630780435652888	203539.0232081178
LVYHLGLPFSFLTFPYVEEAIK	4	sp|P49908|SEPP1_HUMAN	0.010452962	1.0	0.958524248067988	48521.8946806397
EQVTNVGGAVVTGVTAVAQK	3	sp|P37840|SYUA_HUMAN	0.010452962	1.0	0.8952753448183576	37451.01315262032
FRIEDGFSLK	3	sp|P01008|ANT3_HUMAN	0.010452962	1.0	0.8945178889498119	272787.9743026946
GDDITMVLILPKPEK	2	sp|P01008|ANT3_HUMAN	0.010452962	1.0	0.8138675437975219	45704.04077290146
DNYTDLVAIQNK	2	sp|P14151|LYAM1_HUMAN	0.010452962	0.9933552810135716	0.7904311327544559	3803.8478536546636
APEQEQAAPGPAAGGEAPK	3	sp|P80723|BASP1_HUMAN	0.010452962	0.9658285256870233	0.8204980476171064	12968.489989589129
LLIYWASTR	2	sp|P06312|KV401_HUMAN	0.010452962	0.9933552810135716	0.9722454827854957	27928.40722727279
AGVETTTPSK	2	sp|P0DOY2|IGLC2_HUMAN;sp|P0DOY3|IGLC3_HUMAN	0.010452962	0.9866190731264982	0.9643793230016436	6515.939927949488
FNKPFVFLMIEQNTK	3	sp|P01009|A1AT_HUMAN	0.010452962	1.0	0.9568685976086304	508460.0762642305
HYYESEVLAMNFQDWATASR	3	sp|P08185|CBG_HUMAN	0.010452962	0.9797881705057813	0.9515663234526955	1126876.3522954048
IILEDENDAMADADR	2	sp|Q9BUN1|MENT_HUMAN	0.010452962	0.9728591838590949	0.8208014622254732	4334.856402383114
ADLSGITGAR	1	sp|P01011|AACT_HUMAN	0.010452962	1.0	0.9459400727142395	74083.88415243333
SGVQQLIQYYQDQK	2	sp|Q13790|APOF_HUMAN	0.010452962	1.0	0.9316988781977075	186679.56128430006
MFLSFPTTK	2	sp|P69905|HBA_HUMAN	0.010452962	1.0	0.965021129126682	334663.4938990977
GLPNVVTSAISLPNIR	2	sp|Q92954|PRG4_HUMAN	0.010452962	1.0	0.8750547168366161	943729.9225250119
QVVAGLNFR	2	sp|P01042|KNG1_HUMAN	0.010452962	1.0	0.9532566007191745	364311.14971697173
TLTLLSVTR	2	sp|P06731|CEAM5_HUMAN;sp|P13688|CEAM1_HUMAN;sp|P31997|CEAM8_HUMAN	0.010452962	1.0	0.9300255457792957	147830.09137882345
LQHLENELTHDIITK	4	sp|P01009|A1AT_HUMAN	0.010452962	0.9658285256870233	0.94686498065556	161619.41657134896
VGYVSGWGR	2	sp|P00738|HPT_HUMAN	0.010452962	1.0	0.9817402821461667	2730558.0247118203
LVRPEVDVMC[+57.021465]TAFHDNEETFLK	3	sp|P02768|ALBU_HUMAN	0.010452962	1.0	0.8861125557757736	73904.04495400986
DASGVTFTWTPSSGK	2	sp|P01876|IGHA1_HUMAN	0.010452962	0.9866190731264982	0.9344468095098953	29529.641307003974
TMLLQPAGSLGSYSYR	2	sp|P41222|PTGDS_HUMAN	0.010452962	0.9728591838590949	0.9802922335258402	448358.6952848039
GGNIFHK	2	sp|P13598|ICAM2_HUMAN	0.010452962	1.0	0.939048541090131	101891.67721452106
AVSISPTNVILTWK	2	sp|Q12913|PTPRJ_HUMAN	0.010452962	0.9866190731264982	0.9340835096005409	50563.146848687604
YVGGQEHFAHLLILR	3	sp|P02763|A1AG1_HUMAN	0.010452962	0.9728591838590949	0.9611619123178727	773810.6349944028
SDVM[+15.994915]YTDWK	2	sp|P19652|A1AG2_HUMAN	0.010452962	0.9933552810135716	0.9121800841919189	6446.938301204197
SDVMYTDWK	2	sp|P19652|A1AG2_HUMAN	0.010452962	1.0	0.9699423643493528	225238.39748645597
YIC[+57.021465]ENQDSISSK	2	sp|P02768|ALBU_HUMAN	0.010452962	0.9866190731264982	0.9631222429783654	50595.38460224612
AQYEEIAQR	2	sp|P02538|K2C6A_HUMAN;sp|P04259|K2C6B_HUMAN;sp|P19013|K2C4_HUMAN;sp|P35908|K22E_HUMAN;sp|P48668|K2C6C_HUMAN;sp|Q01546|K22O_HUMAN	0.010452962	1.0	0.8285427722111807	5910.317064074655
SEAYNTFSER	2	sp|P12259|FA5_HUMAN	0.010452962	0.9933552810135716	0.9732544707102063	13502.363565608775
GGSTSYGTGSETESPR	2	sp|P02671|FIBA_HUMAN	0.010452962	0.9797881705057813	0.9512197621337923	98759.06623217318
SYPGLTSYLVR	2	sp|P80188|NGAL_HUMAN	0.010452962	1.0	0.9763379783151509	45545.91908925524
EHVAHLLFLRDTK	2	sp|P19652|A1AG2_HUMAN	0.010452962	1.0	0.9576200014865854	836831.7962852933
RLGMFNIQHC[+57.021465]K	3	sp|P01009|A1AT_HUMAN	0.010452962	0.9797881705057813	0.9459539534026434	507982.2064561687
DM[+15.994915]PASEDLQDLQK	2	sp|P49908|SEPP1_HUMAN	0.010452962	0.9866190731264982	0.8813061648546962	20137.54459070412
EENFYVDETTVVK	2	sp|P08185|CBG_HUMAN	0.010452962	0.9797881705057813	0.9118057632739452	142327.93520143072
SAGSVESPSVSSTHR	2	sp|P17936|IBP3_HUMAN	0.010452962	0.9866190731264982	0.9497460520378003	7122.8951554247915
EFTPPVQAAYQK	2	sp|P68871|HBB_HUMAN	0.010452962	1.0	0.9316357850213322	73053.6676497668
EVGTPHGIILDSVDAAFIC[+57.021465]PGSSR	3	sp|P02790|HEMO_HUMAN	0.010452962	1.0	0.9338251473601561	12249814.13703068
IHWESASLLR	2	sp|P01024|CO3_HUMAN	0.010452962	0.9933552810135716	0.8963398460860249	54719.34074950442
VC[+57.021465]PFAGILENGAVR	2	sp|P02749|APOH_HUMAN	0.010452962	1.0	0.9446362395636837	2502698.2794237463
AFIQLWAFDAVK	3	sp|P02760|AMBP_HUMAN	0.010452962	0.9866190731264982	0.8193944753563827	1830.3537436872045
TLLSNLEEAK	2	sp|P10909|CLUS_HUMAN	0.010452962	1.0	0.955585176636535	2574040.0868200874
VDGALC[+57.021465]MEK	2	sp|P02790|HEMO_HUMAN	0.010452962	0.9866190731264982	0.9478280346475534	588715.9688701615
ESSSHHPGIAEFPSR	3	sp|P02671|FIBA_HUMAN	0.010452962	1.0	0.8966295219313103	80716.54717881246
FIC[+57.021465]PLTGLWPINTLK	2	sp|P02749|APOH_HUMAN	0.010452962	0.9933552810135716	0.9775197424302883	176629.42715778196
DLSPDDPQVQK	2	sp|Q15828|CYTM_HUMAN	0.010452962	1.0	0.9082905966247857	287.18131190826267
SVLGQLGITK	2	sp|P01009|A1AT_HUMAN	0.010452962	1.0	0.965132842183628	1322446.0630030443
TM[+15.994915]LLQPAGSLGSYSYR	3	sp|P41222|PTGDS_HUMAN	0.010452962	1.0	0.8470037383381605	784233.6519473018
HPDEAAFFDTASTGK	3	sp|P02671|FIBA_HUMAN	0.010452962	0.9514467542496609	0.9177338608861977	5281.211574643708
FLENEDRR	2	sp|P01009|A1AT_HUMAN	0.010452962	1.0	0.9567489983558601	3678010.086868023
NWPESVYFFK	2	sp|Q92954|PRG4_HUMAN	0.010452962	1.0	0.8380311905065227	2548.0951476556033
FIQSQDYQC[+57.021465]SALMGGR	2	sp|P07333|CSF1R_HUMAN	0.010452962	0.9658285256870233	0.7116508917083328	6498.862875558982
SSQSVLYSSNNK	2	sp|P06312|KV401_HUMAN	0.010452962	1.0	0.9212364389374318	380.5203184529799
MYATIYELK	2	sp|P80188|NGAL_HUMAN	0.010452962	0.9933552810135716	0.9219261250370305	14319.56006469856
EHVAHLLFLR	3	sp|P19652|A1AG2_HUMAN	0.010452962	0.9728591838590949	0.9607310519980775	3287070.064960872
KLINDYVK	2	sp|P01011|AACT_HUMAN	0.010452962	0.9866190731264982	0.9397713852205004	30160.945025246016
YEGGREHVAHLLFLR	4	sp|P19652|A1AG2_HUMAN	0.010452962	0.9797881705057813	0.9573882594027109	96489.66583439856
TEDTIFLR	2	sp|P02763|A1AG1_HUMAN;sp|P19652|A1AG2_HUMAN	0.010452962	0.9866190731264982	0.9898333174461389	235714.04538187067
DFLQSLK	2	sp|P08697|A2AP_HUMAN	0.010452962	1.0	0.855745833731316	263656.30793685623
LC[+57.021465]TPLLPK	2	sp|P27918|PROP_HUMAN	0.010452962	0.9866190731264982	0.9144614129634571	409.0616548114257
YTDLVAIQNK	2	sp|P16109|LYAM3_HUMAN	0.010452962	0.9933552810135716	0.8782703844453054	7092.046836760979
AFSVNIFK	2	sp|P11279|LAMP1_HUMAN	0.010452962	0.9797881705057813	0.8875983887644779	64421.89367316463
TVAAC[+57.021465]NLPIVR	2	sp|P02760|AMBP_HUMAN	0.010452962	0.9933552810135716	0.9688414339590944	226585.35249186674
IPLNDLFR	2	sp|P13473|LAMP2_HUMAN	0.010452962	0.9866190731264982	0.9860814792440303	76557.7877672947
SKLPGIVAEGRDDLYVSDAFHK	3	sp|P01008|ANT3_HUMAN	0.010452962	0.9797881705057813	0.9450884453144209	71190.58641972732
GKEESLDSDLYAELR	4	sp|P02775|CXCL7_HUMAN	0.014672686	0.897262926642552	0.7364132311223657	9537.260886243685
TSESGELHGLTTEEEFVEGIYK	4	sp|P02766|TTHY_HUMAN	0.010452962	1.0	0.923367245898212	1469166.7668441734
ALTDMPQMR	2	sp|P02671|FIBA_HUMAN	0.010452962	1.0	0.9638331788094736	243027.74272277282
QINDYVEK	2	sp|P01009|A1AT_HUMAN	0.010452962	1.0	0.9717991260953931	282440.81514741137
ESSSHHPGIAEFPSR	4	sp|P02671|FIBA_HUMAN	0.010452962	1.0	0.921351551844701	612766.7455524353
ELDRDTVFALVNYIFFK	3	sp|P01009|A1AT_HUMAN	0.010452962	0.9933552810135716	0.9530253025698056	3045767.793863538
WYNLAIGSTC[+57.021465]PWLK	3	sp|P02760|AMBP_HUMAN	0.010452962	1.0	0.9236296276106699	428961.38320221007
RLWWLDLK	2	sp|P02790|HEMO_HUMAN	0.010452962	0.9933552810135716	0.9541955219854372	95470.7547132781
HSWTIPEDGNSQK	2	sp|Q13201|MMRN1_HUMAN	0.010452962	1.0	0.9613682876398928	175625.85394422966
NPNLPPETVDSLK	2	sp|P05090|APOD_HUMAN	0.010452962	0.9933552810135716	0.9512038987958696	75920.23209253496
ALGISPFHEHAEVVFTANDSGPR	4	sp|P02766|TTHY_HUMAN	0.010452962	1.0	0.9337093950380657	21282018.84897037
YKEENDDFASFR	2	sp|P04196|HRG_HUMAN	0.010452962	1.0	0.934806373637729	123446.69991538342
FSPENTR	1	sp|P01008|ANT3_HUMAN	0.010452962	1.0	0.9212553100158726	21962.154206780106
ALPAPIEK	1	sp|P01857|IGHG1_HUMAN;sp|P01860|IGHG3_HUMAN;sp|P0DOX5|IGG1_HUMAN	0.014672686	0.897262926642552	0.7221270632707031	4122.816875549156
SVNNVVVR	1	sp|O75882|ATRN_HUMAN	0.010452962	0.9797881705057813	0.7455478631944802	194.1886323639672
DSVGQLQLYR	2	sp|Q99941|ATF6B_HUMAN	0.010452962	0.9366095275687156	0.9512768318149338	21242.979260988654
VAEGTQVLELPFK	2	sp|P01008|ANT3_HUMAN	0.010452962	1.0	0.9577012711555958	8456371.372216906
GIYSFSFHVIK	3	sp|Q9NTU7|CBLN4_HUMAN	0.010452962	1.0	0.935204471897751	134219.28677792664
GTWTQPFDLASTR	2	sp|P08185|CBG_HUMAN	0.010452962	1.0	0.9666393005157926	3532551.175923487
DKC[+57.021465]EPLEKQHEK	4	sp|P02763|A1AG1_HUMAN;sp|P19652|A1AG2_HUMAN	0.010452962	1.0	0.9243279247561068	159290.10108546683
ALGISPFHEHAEVVFTANDSGPRR	4	sp|P02766|TTHY_HUMAN	0.010452962	0.9366095275687156	0.8080643495534351	14289.687948847295
LLIYGASSR	2	sp|P01619|KV320_HUMAN	0.010452962	1.0	0.8516021150677271	51877.0180503124
TLLSNLEEAKK	2	sp|P10909|CLUS_HUMAN	0.010452962	1.0	0.8765572888186032	2381.0653279433313
EPNAQEILQR	2	sp|Q02747|GUC2A_HUMAN	0.010452962	0.9933552810135716	0.9072064626239248	5973.168304194433
EEDPIHLR	2	sp|O75015|FCG3B_HUMAN;sp|P08637|FCG3A_HUMAN	0.010452962	1.0	0.9869838911089092	656111.7985601077
SPELQAEAK	1	sp|P02652|APOA2_HUMAN	0.010452962	0.9728591838590949	0.9785265154553959	217.44558725498783
EALQGVGDMGR	2	sp|P35542|SAA4_HUMAN	0.010452962	0.9933552810135716	0.9402608238915422	9637.47448152198
LVLLNAIYLSAK	2	sp|P05155|IC1_HUMAN	0.010452962	1.0	0.9773403078292953	241023.19393077042
EQYAVVGHSAHIVTLK	3	sp|O75882|ATRN_HUMAN	0.010452962	1.0	0.8485632195542752	20087.513097544575
MNTVIAALSR	2	sp|P08185|CBG_HUMAN	0.010452962	1.0	0.9872989663991628	2437965.4075579178
SDGDPVQPAVLQVHQTS	2	sp|O95810|CAVN2_HUMAN	0.010452962	1.0	0.9446053783015025	889911.4239280445
TFVLPVTPPR	2	sp|P32942|ICAM3_HUMAN	0.010452962	0.9866190731264982	0.978683241610885	213427.99022418293
VTTPDTSTTQHNK	3	sp|Q92954|PRG4_HUMAN	0.010452962	1.0	0.9061373663028162	113217.50266915886
NWGLSVYADKPETTK	2	sp|P02763|A1AG1_HUMAN	0.010452962	1.0	0.9653374304888096	1492336.8523666933
GSSSSPLGISVR	2	sp|Q9NTU7|CBLN4_HUMAN	0.010452962	1.0	0.9223475930453937	137783.80535765475
GSPAINVAVHVFRK	3	sp|P02766|TTHY_HUMAN	0.010452962	0.9866190731264982	0.9745636297278194	21693.0978009911
DGNPFYFTDHR	2	sp|O00533|NCHL1_HUMAN	0.010452962	0.9797881705057813	0.7689040099339786	4204.362143814831
LYHSEAFTVNFGDTEEAKK	4	sp|P01009|A1AT_HUMAN	0.010452962	1.0	0.9360593584951756	469699.7533586946
LVEVNPK	1	sp|Q92954|PRG4_HUMAN	0.014672686	0.897262926642552	0.7528874123587568	263.85692335434106
DYFMPC[+57.021465]PGR	3	sp|P02790|HEMO_HUMAN	0.010452962	1.0	0.9230017028024391	87363.82155759746
GSPAINVAVHVFR	3	sp|P02766|TTHY_HUMAN	0.010452962	0.9933552810135716	0.956831842674708	9841946.070543278
ANRPFLVFIR	2	sp|P01008|ANT3_HUMAN	0.010452962	0.9728591838590949	0.8784981124372653	57658.47715091512
SSGQWQTPGATR	2	sp|P06681|CO2_HUMAN	0.010452962	1.0	0.9158488920228652	4381.13583941245
EAEPLVDIR	2	sp|Q9H8L6|MMRN2_HUMAN	0.010452962	0.9866190731264982	0.9166846021793127	33933.54604360386
EVPLNTIIFMGR	2	sp|P01008|ANT3_HUMAN	0.010452962	0.9933552810135716	0.9618249113753174	1429219.87067627
VVEQMC[+57.021465]ITQYER	2	sp|P04156|PRIO_HUMAN	0.010452962	0.9797881705057813	0.7369529020239926	6659.752550032167
DLYHYITSYVVDGEIIIYGPAYSGR	4	sp|P11464|PSG1_HUMAN	0.010452962	1.0	0.8727892986817977	457458.36823244434
WSAGLTSSQVDLYIPK	2	sp|P08185|CBG_HUMAN	0.010452962	1.0	0.9491404346920614	3170756.1974783754
FKLDDDLEHQGGHVLDHGHK	5	sp|P01042|KNG1_HUMAN	0.010452962	0.9866190731264982	0.9128383473317434	7480.214764292086
IDPSHTQGYR	3	sp|P40189|IL6RB_HUMAN	0.010452962	0.9728591838590949	0.8829805322378482	9636.747753213183
SC[+57.021465]AVAEYGVYVK	2	sp|P00738|HPT_HUMAN;sp|P00739|HPTR_HUMAN	0.02232143	0.9933552810135716	0.9193304861802671	884293.1832958393
VVSTNYNQHAMVFFK	2	sp|P80188|NGAL_HUMAN	0.010452962	1.0	0.8683098164825918	816757.3097486452
GEVLPLPEANFPSFPLPHHK	3	sp|P04196|HRG_HUMAN	0.010452962	1.0	0.9656963078014331	323346.93111307366
SDVVYTDWKKDK	3	sp|P02763|A1AG1_HUMAN	0.010452962	0.9866190731264982	0.9496091381579623	14630.603873318749
GSFPWQAK	2	sp|P00738|HPT_HUMAN;sp|P00739|HPTR_HUMAN	0.010452962	0.9797881705057813	0.9865776772502828	519604.9562570035
WYVVGLAGNAILR	2	sp|P80188|NGAL_HUMAN	0.010452962	1.0	0.9773732359369013	294445.5239214395
ETLLQDFR	2	sp|P02760|AMBP_HUMAN	0.010452962	0.9866190731264982	0.9777003896390191	79114.95810188075
NWGLSVYADKPETTKEQLGEFYEALDC[+57.021465]LR	4	sp|P02763|A1AG1_HUMAN	0.010452962	0.9728591838590949	0.9245164901098611	195684.69946498785
AVMDDFAAFVEK	2	sp|P02768|ALBU_HUMAN	0.010452962	0.9797881705057813	0.9882993181681436	1308701.963033458
VFEVHVRPK	2	sp|P13598|ICAM2_HUMAN	0.010452962	1.0	0.959650550322564	74296.26445812167
ALMSPAGMLR	2	sp|O75144|ICOSL_HUMAN	0.010452962	0.9866190731264982	0.9630066137039239	320257.11947177665
YVGGQEHFAHLLILRDTK	3	sp|P02763|A1AG1_HUMAN	0.010452962	0.9933552810135716	0.9146939961669018	127716.48751508544
EESLDSDLYAELR	3	sp|P02775|CXCL7_HUMAN	0.010452962	0.9866190731264982	0.7467365242912272	1504.2456727921042
ASLGTGTASPR	2	sp|Q9UBW5|BIN2_HUMAN	0.010452962	0.9866190731264982	0.8341880548495556	6994.407452113832
QQTHMLDVMQDHFSR	4	sp|P10909|CLUS_HUMAN	0.010452962	0.9797881705057813	0.9247362978186091	107056.66667934612
NIDVFNVEDQK	2	sp|Q8NBJ4|GOLM1_HUMAN	0.010452962	1.0	0.9049433232645179	42056.83951457002
VVAGVANALAHK	2	sp|P02042|HBD_HUMAN;sp|P68871|HBB_HUMAN	0.010452962	1.0	0.9649635720813602	58671.98583795541
QEPSQGTTTFAVTSILR	2	sp|P01876|IGHA1_HUMAN	0.010452962	1.0	0.9103845191414627	788386.0253194342
ITQVTWQK	2	sp|Q15223|NECT1_HUMAN	0.010452962	1.0	0.9097958598273678	42733.43680281775
M[+15.994915]ADEAGSEADHEGTHSTK	3	sp|P02671|FIBA_HUMAN	0.010452962	1.0	0.9303490306840223	4922.879712154039
DQYYNIDVPSR	2	sp|Q92954|PRG4_HUMAN	0.010452962	0.9933552810135716	0.9539532889947002	671875.3017037228
ALTFELTLR	2	sp|P07333|CSF1R_HUMAN	0.010452962	1.0	0.8730552867671636	133166.9410855018
SKLPGIVAEGR	2	sp|P01008|ANT3_HUMAN	0.010452962	0.9933552810135716	0.9711672251291513	7321.873409808643
EYC[+57.021465]GVPGDGDEELLR	2	sp|P02760|AMBP_HUMAN	0.010452962	1.0	0.9229165620213009	3715132.87697659
SSAEVC[+57.021465]QLLGSQR	2	sp|Q9ULI3|HEG1_HUMAN	0.010452962	1.0	0.8648316834343357	8576.199854760967
VADALTNAVAHVDDMPNALSALSDLHAHK	4	sp|P69905|HBA_HUMAN	0.010452962	0.9933552810135716	0.8298757808502278	129415.2464857303
EQLTPLIK	2	sp|P02652|APOA2_HUMAN	0.010452962	0.9797881705057813	0.948347525738053	59073.02142612121
ASFETC[+57.021465]SYGWVGDGFVVISR	3	sp|Q9Y5Y7|LYVE1_HUMAN	0.010452962	1.0	0.9477090484022481	697168.0657755876
LRTEGDGVYTLNNEK	3	sp|P00738|HPT_HUMAN	0.014672686	0.8718655118414741	0.7877741199159558	932.2738352712242
QQTHMLDVMQDHFSR	3	sp|P10909|CLUS_HUMAN	0.010452962	0.9797881705057813	0.7642400749323837	78598.17447440219
TYMLAFDVNDEK	2	sp|P02763|A1AG1_HUMAN	0.010452962	0.9866190731264982	0.960896686896485	144841669.73815426
SVQEIQATFFYFTPNK	3	sp|P02763|A1AG1_HUMAN;sp|P19652|A1AG2_HUMAN	0.010452962	1.0	0.9540789204792642	36414.36236287118
SLTEEAENWGDGEPNNK	2	sp|P14151|LYAM1_HUMAN	0.010452962	1.0	0.8261436705142816	1622568.3062567445
EQLGEFYEALDC[+57.021465]LC[+57.021465]IPR	3	sp|P19652|A1AG2_HUMAN	0.010452962	0.9866190731264982	0.9596674414115065	1550055.3275550832
DMPASEDLQDLQK	2	sp|P49908|SEPP1_HUMAN	0.010452962	1.0	0.9531336486151053	5579476.950874254
STSGGTAALGC[+57.021465]LVK	2	sp|P01857|IGHG1_HUMAN;sp|P01860|IGHG3_HUMAN;sp|P0DOX5|IGG1_HUMAN	0.011574074	0.9212790999005022	0.9394430442216215	356662.56538278534
KPDGYDYYAFSK	3	sp|Q92954|PRG4_HUMAN	0.010452962	1.0	0.8501569090267824	23352.125571866974
GWSEEELQGVLR	2	sp|Q9H4A9|DPEP2_HUMAN	0.010452962	0.9366095275687156	0.8744249384767324	18710.076481082237
KWQEEMELYR	2	sp|P02647|APOA1_HUMAN	0.010452962	0.9933552810135716	0.9850161256922377	17548.88083844025
ALQDQLVLVAAK	2	sp|P01019|ANGT_HUMAN	0.010452962	1.0	0.8636305131533786	3968.036062968952
LEDMEQALSPSVFK	2	sp|P05155|IC1_HUMAN	0.010452962	0.9797881705057813	0.9552404788951603	226862.20611014063
HTVGHIILSEHK	3	sp|Q12866|MERTK_HUMAN	0.010452962	0.9797881705057813	0.835704502840473	5432.295344437052
SFTIEC[+57.021465]R	1	sp|P13598|ICAM2_HUMAN	0.010452962	0.9514467542496609	0.9069543501753606	173.84198501889762
ITPNLAEFAFSLYR	3	sp|P01009|A1AT_HUMAN	0.010452962	1.0	0.944090237591757	3884474.4135831534
VWVYPPEK	2	sp|P02790|HEMO_HUMAN	0.010452962	0.9866190731264982	0.9712764075545256	1782981.044585477
DDLYVSDAFHK	3	sp|P01008|ANT3_HUMAN	0.010452962	1.0	0.9418330669283675	66149.77513144357
NTWSILHTQGALVQGGYGHSSVYDHR	5	sp|O75882|ATRN_HUMAN	0.010452962	0.9866190731264982	0.9441485412207279	350047.51581644174
LVVLPFPK	2	sp|Q9UGM5|FETUB_HUMAN	0.010452962	0.9797881705057813	0.8302487799012991	12973.654278557005
LVYHLGLPFSFLTFPYVEEAIK	3	sp|P49908|SEPP1_HUMAN	0.010452962	1.0	0.962408157213724	682103.0340336317
VEEVKPLEGR	3	sp|O00533|NCHL1_HUMAN	0.010452962	1.0	0.922838130785954	389765.46768570354
SLTEEAENWGDGEPNNKK	3	sp|P14151|LYAM1_HUMAN	0.010452962	0.9933552810135716	0.9454536288273898	117430.40842858955
NTLYLQMNSLK	2	sp|A0A0B4J1V0|HV315_HUMAN	0.011574074	0.9212790999005022	0.7590375171287964	11732.139512221704
QNQC[+57.021465]FYNSSYLNVQR	3	sp|P19652|A1AG2_HUMAN	0.010452962	0.9728591838590949	0.9004156385136437	2056.342444927547
VGAHAGEYGAEALER	2	sp|P69905|HBA_HUMAN	0.010452962	0.9866190731264982	0.9051175497975656	26988.93324933666
TVVQPSVGAAAGPVVPPC[+57.021465]PGR	4	sp|P02765|FETUA_HUMAN	0.010452962	0.9933552810135716	0.8636359429544088	6354.312076944695
VLDAVRGSPAINVAVHVFR	5	sp|P02766|TTHY_HUMAN	0.010452962	0.9933552810135716	0.7830848456251787	6874.183414714136
DTINLLDQR	2	sp|Q8NBJ4|GOLM1_HUMAN	0.010452962	1.0	0.9695651752718865	127592.77182666045
AEIEYLEK	2	sp|P14151|LYAM1_HUMAN	0.010452962	0.9866190731264982	0.9889347370400233	173037.6500232663
AEGAATEEEGTPK	2	sp|P80723|BASP1_HUMAN	0.010452962	1.0	0.8182078672116095	1958.6430724560619
YPNC[+57.021465]AYR	1	sp|P07998|RNAS1_HUMAN	0.010452962	0.9797881705057813	0.7257032201315083	999.4668567903948
GTAPTTLK	2	sp|Q92954|PRG4_HUMAN	0.010452962	0.9797881705057813	0.7667322797637739	423.00439160402743
RVAEGTQVLELPFK	2	sp|P01008|ANT3_HUMAN	0.010452962	1.0	0.953250937535465	1990824.3391947274
YTIAALLSPYSYSTTAVVTNPKE	3	sp|P02766|TTHY_HUMAN	0.010452962	1.0	0.9259713537062779	7304387.191603858
YILEWC[+57.021465]VLSDK	2	sp|P40189|IL6RB_HUMAN	0.014672686	0.8540617215638593	0.8246617063944883	1571.8268060196147
EWFWDLATGTM[+15.994915]K	2	sp|P02790|HEMO_HUMAN	0.010452962	1.0	0.9289439802669195	1256880.9445700068
DIPTNSPELEETLTHTITK	3	sp|P01042|KNG1_HUMAN	0.010452962	1.0	0.982068017124243	2724285.7632837617
TAVTANLDIR	2	sp|O00533|NCHL1_HUMAN	0.010452962	1.0	0.9277753119539128	58967.53444149616
YVGGQEHFAHLLILR	4	sp|P02763|A1AG1_HUMAN	0.010452962	0.9728591838590949	0.9575734300716279	9937017.307213811
GEAEYQEIR	2	sp|Q15223|NECT1_HUMAN	0.010452962	1.0	0.7243914292925255	23430.196424281894
SGNTFRPEVHLLPPPSEELALNELVTLTC[+57.021465]LAR	4	sp|P01876|IGHA1_HUMAN;sp|P01877|IGHA2_HUMAN;sp|P0DOX2|IGA2_HUMAN	0.010452962	1.0	0.9361446712040251	1816804.5314192395
DKC[+57.021465]EPLEK	2	sp|P02763|A1AG1_HUMAN;sp|P19652|A1AG2_HUMAN	0.010452962	0.9866190731264982	0.9498587839432312	22814.00944462129
DGWHSWPIAHQWPQGPSAVDAAFSWEEK	4	sp|P02790|HEMO_HUMAN	0.010452962	0.9797881705057813	0.9438370627600184	2225933.0368990023
GTEAAGAMFLEAIPMSIPPEVK	3	sp|P01009|A1AT_HUMAN	0.010452962	0.9866190731264982	0.8793734150980757	17906.781994892153
SPSQDEMLPTYLK	2	sp|Q8IZF2|AGRF5_HUMAN	0.010452962	0.9866190731264982	0.9462566408231771	23296.282754638294
SGAEAQTPEDSPNR	2	sp|O43493|TGON2_HUMAN	0.010452962	1.0	0.9853419336421466	98963.10747306228
GTSAVNVVLSLK	2	sp|P20061|TCO1_HUMAN	0.010452962	0.9933552810135716	0.8414139983413281	17509.294017148997
GVC[+57.021465]EETSGAYEK	2	sp|P02760|AMBP_HUMAN	0.010452962	1.0	0.9632030460124916	294001.90290706675
TEDTIFLREYQTR	3	sp|P02763|A1AG1_HUMAN;sp|P19652|A1AG2_HUMAN	0.010452962	1.0	0.9298833546207913	669882.5816459769
SDVVYTDWKK	2	sp|P02763|A1AG1_HUMAN	0.010452962	1.0	0.9461284752469428	21289.802764825705
TSLENTFIHNTGK	2	sp|P23471|PTPRZ_HUMAN	0.010452962	1.0	0.8555648458604113	32183.12574324342
RHSLEYSLR	3	sp|Q13449|LSAMP_HUMAN	0.010452962	1.0	0.9327156355549835	225563.9052548315
FLEDVKK	1	sp|P01009|A1AT_HUMAN	0.010452962	1.0	0.9643236906076975	79594.73677849154
NILTSNNIDVK	2	sp|P05090|APOD_HUMAN	0.010452962	1.0	0.9701202881728188	326406.0202636518
GPGEDFR	2	sp|P41222|PTGDS_HUMAN	0.010452962	0.9728591838590949	0.9383214520706775	3661.002444299977
LFDSDPITVTVPVEVSR	3	sp|P10909|CLUS_HUMAN	0.010452962	1.0	0.9677701682658861	201132.75391680328
NEDSLVFVQTDK	2	sp|P01023|A2MG_HUMAN	0.010452962	0.9933552810135716	0.8809938977585786	1793.502739356245
RGENLFAITDEGMDVPLAMEEWHHER	4	sp|Q6UXB8|PI16_HUMAN	0.010452962	1.0	0.800676551599971	29838.34808747315
ELDESLQVAER	2	sp|P10909|CLUS_HUMAN	0.010452962	1.0	0.959375817101403	173621.96209454365
YPVAHFIDQTLK	2	sp|P05155|IC1_HUMAN	0.010452962	1.0	0.941722660362625	168268.63447954672
FEDGVLDPDYPR	2	sp|P04004|VTNC_HUMAN	0.010452962	0.9933552810135716	0.977450739271894	16342.548332204684
FQPTLLTLPR	2	sp|P05155|IC1_HUMAN	0.010452962	0.9933552810135716	0.9672539071494952	384937.19291423407
SDVMYTDWKK	2	sp|P19652|A1AG2_HUMAN	0.010452962	1.0	0.9591855368882974	665588.0938184998
FNQPFIIMIFDHFTWSSLFLAR	4	sp|P08185|CBG_HUMAN	0.010452962	0.9658285256870233	0.9372855003056604	18202.648926168855
NLQEILHGAVR	2	sp|P00533|EGFR_HUMAN	0.010452962	1.0	0.8254550770762923	817.1515881354694
GSESGIFTNTK	2	sp|P02671|FIBA_HUMAN	0.010452962	1.0	0.9824951770589316	130529.9925379178
DQIVDLTVGNNK	2	sp|P35527|K1C9_HUMAN	0.010452962	1.0	0.8718887000153438	990.1183951955763
GKEESLDSDLYAELR	3	sp|P02775|CXCL7_HUMAN	0.010452962	1.0	0.8429603946229014	122051.4450884675
SDDSVIQLLNPNR	2	sp|Q9BY67|CADM1_HUMAN	0.010452962	0.9866190731264982	0.7079460208939521	90156.19932699518
YGFIEGHVVIPR	2	sp|P16070|CD44_HUMAN	0.010452962	0.9933552810135716	0.9577525931371739	1496880.8653003024
VTVLGQPK	2	sp|B9A064|IGLL5_HUMAN;sp|P0DOX8|IGL1_HUMAN	0.010452962	0.9728591838590949	0.9656527838618562	36194.20129015363
DLGEENFK	1	sp|P02768|ALBU_HUMAN	0.010452962	0.9866190731264982	0.888393001261471	751.7774476628124
LVRPEVDVMC[+57.021465]TAFHDNEETFLK	4	sp|P02768|ALBU_HUMAN	0.010452962	1.0	0.865630085587789	44997.12538965491
GLEEELQFSLGSK	2	sp|P0C0L4|CO4A_HUMAN;sp|P0C0L5|CO4B_HUMAN	0.010452962	1.0	0.9201539682025747	196663.33923867837
ELDRDTVFALVNYIFFK	4	sp|P01009|A1AT_HUMAN	0.010452962	0.9933552810135716	0.9235006581397537	21006.81936820051
AGTELVNFLSYFVELGTQPATQ	3	sp|P02652|APOA2_HUMAN	0.010452962	1.0	0.8241985072461022	2250693.9972354444
TVAAPSVFIFPPSDEQLK	3	sp|P01834|IGKC_HUMAN	0.010452962	1.0	0.9417524364283306	77462.44630989435
TFLTVYWTPER	2	sp|P05362|ICAM1_HUMAN	0.010452962	0.9933552810135716	0.9678874966887253	9384.472726414115
KGPGPGGPGGAGVAR	3	sp|Q92686|NEUG_HUMAN	0.010452962	0.9728591838590949	0.9636919967641071	16542.854681915967
AVGEEVWHSK	3	sp|P13591|NCAM1_HUMAN	0.010452962	1.0	0.8670801506777415	7085.86351246671
EFLEDTC[+57.021465]VQYVQK	2	sp|Q9UNN8|EPCR_HUMAN	0.021229051	1.0	0.9391774436842084	490939.0109419899
AAC[+57.021465]LLPK	2	sp|P02768|ALBU_HUMAN	0.010452962	1.0	0.9266198879584383	92137.47278247966
WMQLWQEQGEAK	2	sp|Q16288|NTRK3_HUMAN	0.010452962	0.9440873193926883	0.8055680914772839	20863.852692521352
RHPYFYAPELLFFAK	4	sp|P02768|ALBU_HUMAN	0.010452962	0.9866190731264982	0.9253735523960608	13343.36594742278
SGAEEQGPIDGPSK	2	sp|O43493|TGON2_HUMAN	0.010452962	0.9933552810135716	0.9088445069758694	29483.204202304893
AATGEC[+57.021465]TATVGK	3	sp|P01042|KNG1_HUMAN	0.017957352	0.7390601692542802	0.7355170809807672	274.48509010764644
VQLTGEPVPMAR	2	sp|P15151|PVR_HUMAN	0.010452962	1.0	0.9795043587204277	126749.16876927468
SKLPGIVAEGRDDLYVSDAFHK	5	sp|P01008|ANT3_HUMAN	0.010452962	0.9797881705057813	0.8608432167894922	60606.61829730526
NHNALLASLTTQK	2	sp|O75882|ATRN_HUMAN	0.010452962	0.9933552810135716	0.9731638605414503	43672.21610063225
SQYEQLAEQNR	2	sp|P13645|K1C10_HUMAN	0.010452962	0.9933552810135716	0.7628279873913691	4697.277198929617
VLSYVDWIK	2	sp|Q9NZP8|C1RL_HUMAN	0.010452962	0.9933552810135716	0.9286715142463858	16630.24568933663
TTPPVLDSDGSFFLYSK	2	sp|P01857|IGHG1_HUMAN;sp|P0DOX5|IGG1_HUMAN	0.010452962	1.0	0.9512721602258399	16333.362894478096
RNPFVFAPTLLTVAVHFEEVAK	4	sp|P43652|AFAM_HUMAN	0.010452962	1.0	0.9564851440193137	11412.262110397449
IGPDNLPYVQILK	2	sp|P11362|FGFR1_HUMAN	0.010452962	0.9866190731264982	0.8729490484820639	36156.857996469815
ALDLINK	1	sp|P04196|HRG_HUMAN	0.010452962	0.9728591838590949	0.7612583227003134	876.4890961615857
QLPSFQTFFAPALDVIR	3	sp|Q96AP7|ESAM_HUMAN	0.010452962	1.0	0.8153699645450442	8861.43409549071
MADEAGSEADHEGTHSTKR	5	sp|P02671|FIBA_HUMAN	0.010452962	1.0	0.8743577054776897	49075.651573485346
AVLDVFEEGTEASAATAVK	2	sp|P01011|AACT_HUMAN	0.010452962	1.0	0.9422413748761851	4042845.2052233117
NWGLSFYADKPETTK	2	sp|P19652|A1AG2_HUMAN	0.010452962	0.9728591838590949	0.9322390521828091	15908.477098660336
SPELQAEAKSYFEK	2	sp|P02652|APOA2_HUMAN	0.010452962	0.9728591838590949	0.9002975752925292	65220.7870587893
AFLEVNEEGSEAAASTAVVIAGR	4	sp|P01008|ANT3_HUMAN	0.010452962	1.0	0.724162107009513	41914.67067263845
GEC[+57.021465]QAEGVLFFQGDR	2	sp|P02790|HEMO_HUMAN	0.010452962	0.9728591838590949	0.9020049374815718	233758.37832645388
STASFEELC[+57.021465]SEYR	2	sp|Q9NQ38|ISK5_HUMAN	0.010452962	1.0	0.8467939946213854	35855.7730705951
SLSGTAFGGFLMFK	2	sp|Q9H8L6|MMRN2_HUMAN	0.010452962	1.0	0.9016678762869281	128641.1791323556
TRMEPFHFK	3	sp|P05155|IC1_HUMAN	0.010452962	1.0	0.9334098574288092	842477.1778209736
ELELQIGNALFIGK	2	sp|P05543|THBG_HUMAN	0.010452962	0.9866190731264982	0.963761811646799	3249.0157150282184
GPSVFPLAPC[+57.021465]SR	2	sp|P01859|IGHG2_HUMAN;sp|P01860|IGHG3_HUMAN;sp|P01861|IGHG4_HUMAN	0.010452962	1.0	0.9430216581409198	44847.88375006491
FLENEDR	2	sp|P01009|A1AT_HUMAN	0.010452962	0.9797881705057813	0.9659088391363985	58103.49627168772
YYC[+57.021465]FQGNQFLR	2	sp|P02790|HEMO_HUMAN	0.010452962	1.0	0.9619087527407876	3199339.089102024
DTVFALVNYIFFK	2	sp|P01009|A1AT_HUMAN	0.010452962	1.0	0.9552447623917616	1166779.3797127986
RHPYFYAPELLFFAK	3	sp|P02768|ALBU_HUMAN	0.010452962	0.9866190731264982	0.7567700515453886	5684.6873151718955
HSAQPWADFTLLGAR	2	sp|Q8IYS5|OSCAR_HUMAN	0.010452962	1.0	0.7605011211125062	149387.0058385221
VLLESIGSHEELTQDSR	3	sp|Q12913|PTPRJ_HUMAN	0.010452962	1.0	0.9849670897925529	62391.66821085554
TDASDVKPC[+57.021465]	2	sp|P02749|APOH_HUMAN	0.010452962	0.9866190731264982	0.8934503741179423	3155.9854289499335
VTTSQDMLSIMEK	2	sp|P05155|IC1_HUMAN	0.010452962	0.9866190731264982	0.8113943088881052	21506.403995615452
DALSSVQESQVAQQAR	2	sp|P02656|APOC3_HUMAN	0.010452962	0.9728591838590949	0.9341111925232397	398440.9623130941
QFTSSTSYNR	2	sp|P02671|FIBA_HUMAN	0.010452962	0.9933552810135716	0.9858557056664283	43496.898170423636
TDTSHHDQDHPTFNK	2	sp|P01009|A1AT_HUMAN	0.010452962	0.9797881705057813	0.9139599313495824	6507.08463094612
LALDIEIATYR	2	sp|P05787|K2C8_HUMAN;sp|P08729|K2C7_HUMAN;sp|P14136|GFAP_HUMAN;sp|P19013|K2C4_HUMAN;sp|Q6KB66|K2C80_HUMAN	0.010452962	1.0	0.8705803204117345	18794.94838988551
YPPTVSMVEGQGEK	3	sp|P27918|PROP_HUMAN	0.013761468	0.9134157281067091	0.7446355101463051	276.5708254144607
ATLLEEQLPLGK	2	sp|Q9BQ51|PD1L2_HUMAN	0.011574074	0.9212790999005022	0.8886655438140408	48333.89331288013
KVPQVSTPTLVEVSR	3	sp|P02768|ALBU_HUMAN	0.010452962	1.0	0.8292453772717608	62987.049957896605
ASSIIDELFQDR	2	sp|P10909|CLUS_HUMAN	0.010452962	0.9933552810135716	0.7276091618614606	18018.613088835256
ETC[+57.021465]FAEEGKK	3	sp|P02768|ALBU_HUMAN	0.010452962	0.9933552810135716	0.873778439187163	8018.183730699845
LVVQSSIDSSAFK	2	sp|P10721|KIT_HUMAN	0.010452962	1.0	0.9632302304337144	87787.58818736169
SYSC[+57.021465]QVTHEGSTVEK	2	sp|B9A064|IGLL5_HUMAN;sp|P0CF74|IGLC6_HUMAN;sp|P0CG04|IGLC1_HUMAN;sp|P0DOX8|IGL1_HUMAN;sp|P0DOY2|IGLC2_HUMAN;sp|P0DOY3|IGLC3_HUMAN	0.010452962	1.0	0.9350734716019915	3156764.919389526
DLYHYITSYVVDGEIIIYGPAYSGR	3	sp|P11464|PSG1_HUMAN	0.010452962	1.0	0.9731477503862056	3380384.1380627444
FMPLSDVLYGR	2	sp|Q10588|BST1_HUMAN	0.010452962	0.9290085173289965	0.8700056426143287	54443.54578219664
INHGILYDEEK	2	sp|P36980|FHR2_HUMAN;sp|Q03591|FHR1_HUMAN	0.010452962	1.0	0.8355158250106399	11543.098886616412
FTDSENVC[+57.021465]QER	2	sp|P43652|AFAM_HUMAN	0.010452962	0.9933552810135716	0.7868726397565966	9678.10272792884
GFGGLTGQIVAALSTAK	2	sp|Q92954|PRG4_HUMAN	0.010452962	1.0	0.9707822227078186	3826983.5968934116
NWGLSVYADKPETTK	4	sp|P02763|A1AG1_HUMAN	0.010452962	1.0	0.9263105436875481	577460.602436258
SASNMAIVDVK	2	sp|P01023|A2MG_HUMAN	0.010452962	0.9366095275687156	0.8972921732942288	6419.221821726394
QLVEIEK	2	sp|P00738|HPT_HUMAN;sp|P00739|HPTR_HUMAN	0.010452962	0.9728591838590949	0.9560126886016244	68903.88146196489
VWVYPPEKK	2	sp|P02790|HEMO_HUMAN	0.014672686	0.8804971228634604	0.799342481078592	1255.1768583200028
GPALTTPK	1	sp|Q92954|PRG4_HUMAN	0.010452962	0.9586923939928679	0.7617577296800234	2063.6881185239336
EWFWDLATGTMK	2	sp|P02790|HEMO_HUMAN	0.010452962	0.9866190731264982	0.9550755762586014	23078.84576774908
REPAVGEPAEVTTTVLVR	3	sp|P05362|ICAM1_HUMAN	0.010452962	1.0	0.9417330725176257	29711.583575147917
LTPTLYVGK	2	sp|O75460|ERN1_HUMAN	0.010452962	0.9440873193926883	0.9450839138787829	6613.017658047294
AQVSPTASDMLHMR	2	sp|Q6UXB8|PI16_HUMAN	0.010452962	1.0	0.7434634271545264	26425.265246477808
EMEDTLNHLK	2	sp|P17936|IBP3_HUMAN	0.010452962	1.0	0.8291650132869742	189613.19175381088
DAVEDLESVGK	3	sp|P81605|DCD_HUMAN	0.02232143	0.5462099337781654	0.9192596575927247	2989.61854232992
KREEAPSLRPAPPPISGGGYR	4	sp|P02675|FIBB_HUMAN	0.010452962	1.0	0.9409969015169064	265889.6440589436
SETEIHQGFQHLHQLFAK	5	sp|P08185|CBG_HUMAN	0.010452962	1.0	0.9526461270434501	5612292.868193981
LMVELHNLYR	2	sp|Q6UXB8|PI16_HUMAN	0.010452962	1.0	0.9541675415611602	33459.65734990777
FKLDDDLEHQGGHVLDHGHK	3	sp|P01042|KNG1_HUMAN	0.010452962	0.9866190731264982	0.9864419985568583	4239.77591267667
DLWVNIDQMEK	2	sp|Q6UX71|PXDC2_HUMAN	0.010452962	0.9933552810135716	0.9518440104838083	45111.9731786801
TGLFQDVGPQR	2	sp|Q86SQ4|AGRG6_HUMAN	0.010452962	1.0	0.8518712851338082	8472.354957049418
SFMLLILER	2	sp|P05543|THBG_HUMAN	0.010452962	0.9866190731264982	0.9243463880859121	121371.44268126122
LLDSLPSDTR	2	sp|P05155|IC1_HUMAN	0.010452962	1.0	0.9522388517730392	6222728.525020225
TNLESILSYPK	2	sp|P05155|IC1_HUMAN	0.010452962	1.0	0.9216864930685861	207897.93094987422
QSTQTLYVNVAPR	2	sp|P19320|VCAM1_HUMAN	0.010452962	1.0	0.8099937620287373	32961.73980656054
YVMLPVADQDQC[+57.021465]IR	3	sp|P00738|HPT_HUMAN	0.010452962	1.0	0.7692129790919149	62889.838507193
ALYVHGGYK	2	sp|O75882|ATRN_HUMAN	0.010452962	1.0	0.9497186910958013	787626.0766716786
RVWELSK	1	sp|P01008|ANT3_HUMAN	0.010452962	0.9797881705057813	0.8552027777256324	1806.1878405760142
QPAVEEPAEVTATVLASR	2	sp|P32942|ICAM3_HUMAN	0.010452962	0.9658285256870233	0.9067295140330577	13523.907688624236
DWHGVPGQVDAAMAGR	2	sp|P04004|VTNC_HUMAN	0.010452962	1.0	0.9380567320022963	642093.1296139616
EQQALQTVC[+57.021465]LK	3	sp|P05452|TETN_HUMAN	0.014672686	0.8354707271418766	0.8555978904956907	2025.3432885379525
AVVFLEPQWYR	3	sp|P08637|FCG3A_HUMAN	0.010452962	0.9933552810135716	0.833419213237929	1839.196432502454
SSQGGSLPSEEK	2	sp|P05060|SCG1_HUMAN	0.010452962	0.9933552810135716	0.799194653650902	7589.885036256875
TMIIYFDQVLVNIGNNFDSER	3	sp|P23435|CBLN1_HUMAN	0.010452962	1.0	0.9598523357234483	1449215.9273461297
MSSINADFAFNLYR	3	sp|P05543|THBG_HUMAN	0.010452962	1.0	0.8168885054320159	71386.80703620415
WNDDAC[+57.021465]HK	2	sp|P14151|LYAM1_HUMAN	0.010452962	0.9866190731264982	0.9421484252611179	4928.728566890659
AIFYMNNPSR	2	sp|Q9UGM5|FETUB_HUMAN	0.017957352	0.7390601692542802	0.7244408517860419	218.2250869889118
TEGDGVYTLNDKK	3	sp|P00738|HPT_HUMAN;sp|P00739|HPTR_HUMAN	0.010452962	1.0	0.9901779805231858	478962.2996767628
VLAKPTPK	1	sp|Q92954|PRG4_HUMAN	0.010452962	1.0	0.8552809469758061	66649.05529379251
LLGIETPLPK	2	sp|P05362|ICAM1_HUMAN	0.010452962	1.0	0.8602662361033359	69186.6735759675
GILTVDELLAIR	2	sp|P13473|LAMP2_HUMAN	0.010452962	1.0	0.912879262934618	36859.47361161669
SYQDFFEAIR	2	sp|P18850|ATF6A_HUMAN	0.010452962	1.0	0.7611908162223282	17416.649550666178
AIGPSQTHTIR	2	sp|Q92954|PRG4_HUMAN	0.010452962	0.9933552810135716	0.975717471593136	46238.227810941295
TSDQIHFFFAK	2	sp|P01008|ANT3_HUMAN	0.010452962	0.9933552810135716	0.9282361429910798	88336.09095759361
GWVTDGFSSLK	2	sp|P02656|APOC3_HUMAN	0.010452962	0.9933552810135716	0.9756919730686359	1840196.139599926
LHMLQISYFR	2	sp|Q9UNN8|EPCR_HUMAN	0.010452962	1.0	0.9873350522562665	74454.15736721523
EPC[+57.021465]VESLVSQYFQTVTDYGK	3	sp|P02652|APOA2_HUMAN	0.010452962	0.9797881705057813	0.9344143256662633	6778171.078133169
YTIAALLSPYSYSTTAVVTNPK	3	sp|P02766|TTHY_HUMAN	0.010452962	0.9797881705057813	0.9460650142168595	1827025.4586296263
EHAVEGDC[+57.021465]DFQLLK	2	sp|P02765|FETUA_HUMAN	0.010452962	1.0	0.9679247902243815	651603.6331764895
VVGLIQDLKPNTIMVLVNYIHFK	4	sp|P05543|THBG_HUMAN	0.010452962	1.0	0.907343317707373	35198.22039949287
TLMFGSYLDDEK	2	sp|P19652|A1AG2_HUMAN	0.010452962	0.9866190731264982	0.9752084509422463	1755260.4138220106
FNQPFIIM[+15.994915]IFDHFTWSSLFLAR	3	sp|P08185|CBG_HUMAN	0.010452962	0.9658285256870233	0.9670707592640564	50668.61394412922
RYTIAALLSPYSYSTTAVVTNPK	4	sp|P02766|TTHY_HUMAN	0.010452962	0.9728591838590949	0.9478792571862693	1643690.6035233107
SPLFMGK	2	sp|P01009|A1AT_HUMAN	0.010452962	0.9728591838590949	0.9249257996515372	17429.30950343328
FNWYVDGVEVHNAK	3	sp|P01857|IGHG1_HUMAN;sp|P0DOX5|IGG1_HUMAN	0.010452962	1.0	0.936174297891152	450410.3105033512
KGEVLPLPEANFPSFPLPHHK	4	sp|P04196|HRG_HUMAN	0.010452962	0.9933552810135716	0.9015935213657883	304472.86099226784
YVGGQEHFAHLLILRDTK	4	sp|P02763|A1AG1_HUMAN	0.010452962	0.9933552810135716	0.9000862800997519	5733.549261121194
FQNALLVR	2	sp|P02768|ALBU_HUMAN	0.010452962	1.0	0.8494696773980792	70029.61113898417
GDSVVYGLR	2	sp|P10451|OSTP_HUMAN	0.010452962	1.0	0.9237596038180449	113390.05769288982
YPIVSPR	2	sp|P16112|PGCA_HUMAN	0.010452962	1.0	0.9626783398371127	65290.94974929197
DYWSTVK	2	sp|P02656|APOC3_HUMAN	0.010452962	0.9658285256870233	0.9763915388704218	37563.36495821396
KAADDTWEPFASGK	2	sp|P02766|TTHY_HUMAN	0.010452962	1.0	0.9311000038851877	101300.11047992462
VTSIQDWVQK	2	sp|P00738|HPT_HUMAN	0.010452962	0.9933552810135716	0.9595104362873437	1108046.9457240906
LQHLENELTHDIITK	2	sp|P01009|A1AT_HUMAN	0.010452962	0.9658285256870233	0.8819019945188935	16579.712052379546
IEDGFSLK	1	sp|P01008|ANT3_HUMAN	0.010452962	0.9797881705057813	0.7240791224356681	3161.265312343523
GLASANVDFAFSLYK	3	sp|P08185|CBG_HUMAN	0.010452962	0.9514467542496609	0.7326611564196261	15238.929111354922
QNC[+57.021465]ELFEQLGEYK	2	sp|P02768|ALBU_HUMAN	0.010452962	1.0	0.8258509105727536	636524.7970216956
YTIAALLSPYSYSTTAVVTNPK	4	sp|P02766|TTHY_HUMAN	0.010452962	0.9797881705057813	0.864607514760428	51138.950291733345
GTAPTTLK	1	sp|Q92954|PRG4_HUMAN	0.010452962	0.9797881705057813	0.9534783427703057	3203.067590758666
IC[+57.021465]LDLQAPLYK	3	sp|P02776|PLF4_HUMAN	0.010452962	1.0	0.7976356213895581	21540.13534330583
TPSSTGPSPVFDIK	2	sp|Q12913|PTPRJ_HUMAN	0.010452962	1.0	0.915058842318282	443386.236045864
WKTTFDPKK	2	sp|P05155|IC1_HUMAN	0.010452962	1.0	0.8884882885579555	31334.280077975924
MKPVPDLVPGNFK	3	sp|P02671|FIBA_HUMAN	0.010452962	0.9866190731264982	0.8002292854538341	35015.77869261392
YSLTYIYTGLSK	2	sp|P25311|ZA2G_HUMAN	0.010452962	0.9933552810135716	0.8690983181392953	5173.626746333087
NTWSILHTQGALVQGGYGHSSVYDHR	3	sp|O75882|ATRN_HUMAN	0.010452962	0.9866190731264982	0.9057099083460379	105290.1928523814
QGHNSVFLIK	3	sp|P02790|HEMO_HUMAN	0.010452962	1.0	0.9594306735189905	34451375.9400596
IVDLFSGLDSPAILVLVNYIFFK	3	sp|P08185|CBG_HUMAN	0.010452962	1.0	0.953264058962001	13923242.56060373
SASLHLPK	2	sp|P01009|A1AT_HUMAN	0.010452962	1.0	0.9565894268812888	151874.27371374838
SDVM[+15.994915]YTDWKK	2	sp|P19652|A1AG2_HUMAN	0.010452962	1.0	0.9830896857082967	29197.665337695915
IAPQLSTEELVSLGEK	2	sp|P43652|AFAM_HUMAN	0.010452962	0.9728591838590949	0.7859373078822793	60748.79474535863
MEEVEAMLLPETLK	2	sp|P01011|AACT_HUMAN	0.010452962	1.0	0.986924986863789	1965600.653953349
FRIEDGFSLK	2	sp|P01008|ANT3_HUMAN	0.010452962	1.0	0.9685592842585655	281323.45680582616
VTDPQLVVTLHEK	3	sp|P09619|PGFRB_HUMAN	0.010452962	1.0	0.8996285479773362	52913.262232144974
GDDITMVLILPKPEK	3	sp|P01008|ANT3_HUMAN	0.010452962	1.0	0.9903895977876291	1320236.4572414379
GDTFSC[+57.021465]MVGHEALPLAFTQK	3	sp|P01876|IGHA1_HUMAN	0.010452962	1.0	0.9225878577446598	858550.1031028862
EHVAHLLFLRDTK	4	sp|P19652|A1AG2_HUMAN	0.010452962	1.0	0.9904859368228628	1569528.7778331214
AQWANPFDPSK	2	sp|P05543|THBG_HUMAN	0.010452962	1.0	0.9427741603019653	139693.02824903547
ATSYAELC[+57.021465]SEYR	2	sp|Q9NQ38|ISK5_HUMAN	0.010452962	1.0	0.9122383234597112	13753.34282930304
YIFSDDSSQLTIK	2	sp|P13591|NCAM1_HUMAN	0.010452962	1.0	0.9098408914354016	71479.34106668297
FNKPFVFLMIEQNTK	2	sp|P01009|A1AT_HUMAN	0.010452962	1.0	0.9247380445676625	133292.41514085265
GLPNVVTSAISLPNIR	3	sp|Q92954|PRG4_HUMAN	0.010452962	1.0	0.9405213624507675	3894982.674464919
SDVVYTDWK	2	sp|P02763|A1AG1_HUMAN	0.010452962	1.0	0.9898040767932298	392145.4116533287
VELAPLPSWQPVGK	3	sp|P05362|ICAM1_HUMAN	0.010452962	1.0	0.8171142246053144	30442.07318442888
WVQDYIK	2	sp|Q16627|CCL14_HUMAN	0.010452962	0.9866190731264982	0.9502282665934043	29659.392236031177
EVGTPHGIILDSVDAAFIC[+57.021465]PGSSR	5	sp|P02790|HEMO_HUMAN	0.020134227	0.7004675850791199	0.7046039983084853	2181.1411925086304
VSLATVDK	2	sp|P49908|SEPP1_HUMAN	0.010452962	1.0	0.8695195142837288	95468.71879748382
GWVDLFVPK	2	sp|P05543|THBG_HUMAN	0.010452962	1.0	0.904556323404342	200648.99159968714
EGQM[+15.994915]ESVEAAM[+15.994915]SSK	2	sp|P05543|THBG_HUMAN	0.010452962	1.0	0.8806745630906981	24502.989407667883
EVPLNTIIFM[+15.994915]GR	2	sp|P01008|ANT3_HUMAN	0.010452962	0.9933552810135716	0.9538566489787403	55611.251793918374
FLEDVKK	2	sp|P01009|A1AT_HUMAN	0.010452962	1.0	0.9769411108600927	852937.6074786945
YAASSYLSLTPEQWK	2	sp|A0M8Q6|IGLC7_HUMAN;sp|B9A064|IGLL5_HUMAN;sp|P0CF74|IGLC6_HUMAN;sp|P0CG04|IGLC1_HUMAN;sp|P0DOX8|IGL1_HUMAN;sp|P0DOY2|IGLC2_HUMAN;sp|P0DOY3|IGLC3_HUMAN	0.010452962	0.9728591838590949	0.8312050724426637	93054.74539285857
TC[+57.021465]PKPDDLPFSTVVPLK	2	sp|P02749|APOH_HUMAN	0.010452962	1.0	0.755044037644629	37750.60441420198
LSSWVLLM[+15.994915]K	2	sp|P01009|A1AT_HUMAN	0.010452962	1.0	0.9143870505261019	274952.17008050013
VILPQTSDAYQVSVAK	2	sp|Q86SQ4|AGRG6_HUMAN	0.010452962	0.9728591838590949	0.9097991725896317	32134.68052551095
ELTPEVLQEWLDELEEMMLVVHMPR	4	sp|P01008|ANT3_HUMAN	0.010452962	0.9866190731264982	0.957902186957649	169477.08048227377
TMLLQPAGSLGSYSYR	3	sp|P41222|PTGDS_HUMAN	0.010452962	0.9728591838590949	0.9131982972884304	47562.573335487235
LLDNWDSVTSTFSK	2	sp|P02647|APOA1_HUMAN	0.010452962	0.9797881705057813	0.7496987716725858	6335.628160331235
ANQQLNFTEAK	2	sp|Q9Y5Y7|LYVE1_HUMAN	0.010452962	1.0	0.9798697726809831	18796.086711154385
YVGGQEHFAHLLILR	2	sp|P02763|A1AG1_HUMAN	0.010452962	0.9728591838590949	0.9519883679631147	413515.462134458
LPGIVAEGR	1	sp|P01008|ANT3_HUMAN	0.010452962	0.9797881705057813	0.9232995928046815	3095.7313741351018
TFYEPGEEITYSC[+57.021465]KPGYVSR	3	sp|P02749|APOH_HUMAN	0.010452962	1.0	0.9287774230409914	1642464.1427768334
VTTSQDM[+15.994915]LSIM[+15.994915]EK	2	sp|P05155|IC1_HUMAN	0.010452962	1.0	0.9368226548100189	27796.8139532452
NKEDC[+57.021465]VEIYIK	3	sp|P14151|LYAM1_HUMAN	0.010452962	0.9366095275687156	0.9214138477608723	22245.98451413759
EHVAHLLFLRDTK	3	sp|P19652|A1AG2_HUMAN	0.010452962	1.0	0.8512330169023811	389480.7610992281
RLGMFNIQHC[+57.021465]K	2	sp|P01009|A1AT_HUMAN	0.010452962	0.9797881705057813	0.8910450191820051	120842.21052613991
EFTPPVQAAYQK	3	sp|P68871|HBB_HUMAN	0.019058296	0.7138053936648634	0.8458246713627183	2062.975597306185
SAGSVESPSVSSTHR	3	sp|P17936|IBP3_HUMAN	0.010452962	0.9866190731264982	0.9578878865002857	17666.656618052268
NSLYLQMNSLR	2	sp|A0A0B4J1V1|HV321_HUMAN;sp|A0A0B4J1X8|HV343_HUMAN;sp|A0A0C4DH32|HV320_HUMAN;sp|P01762|HV311_HUMAN;sp|P01763|HV348_HUMAN;sp|P01766|HV313_HUMAN;sp|P01780|HV307_HUMAN;sp|P01782|HV309_HUMAN;sp|P0DP04|HV43D_HUMAN	0.010452962	1.0	0.828226395912576	1572.5931023257674
IPKSDVVYTDWK	2	sp|P02763|A1AG1_HUMAN	0.010452962	1.0	0.9649103694457667	474986.3801636446
KATVVYQGER	2	sp|P02749|APOH_HUMAN	0.010452962	1.0	0.9399599142710006	432798.36130753154
QGLLPVLESFK	2	sp|P02647|APOA1_HUMAN	0.010452962	1.0	0.9065300197555006	195943.94810843377
TYFPHFDLSHGSAQVK	4	sp|P69905|HBA_HUMAN	0.010452962	0.9797881705057813	0.9406932121099798	89167.70898427727
GGEGTGYFVDFSVR	2	sp|P04196|HRG_HUMAN	0.010452962	1.0	0.9681751520232386	615912.4542814001
AGALQLLLVGDK	2	sp|P55058|PLTP_HUMAN	0.010452962	0.9366095275687156	0.9678742178202583	4919.438069933789
ESSSHHPGIAEFPSR	2	sp|P02671|FIBA_HUMAN	0.010452962	1.0	0.8959638474485945	244663.76920580684
DTEEEDFHVDQVTTVK	2	sp|P01009|A1AT_HUMAN	0.010452962	1.0	0.9522451449768349	9714893.418195106
ATVVYQGER	2	sp|P02749|APOH_HUMAN	0.010452962	0.9866190731264982	0.965246416686007	11787855.33817692
YNSQNQSNNQFVLYR	2	sp|P01042|KNG1_HUMAN	0.010452962	0.9658285256870233	0.810792083693666	198252.02561552712
KAGTELVNFLSYFVELGTQPATQ	3	sp|P02652|APOA2_HUMAN	0.010452962	0.9728591838590949	0.8239084863710572	95030.60397735676
DYVSQFEGSALGK	2	sp|P02647|APOA1_HUMAN	0.010452962	0.9933552810135716	0.9722835807787765	31255.573356025685
IDSLLENDR	2	sp|P10909|CLUS_HUMAN	0.010452962	1.0	0.9551052231433284	317349.1993982847
TM[+15.994915]LLQPAGSLGSYSYR	2	sp|P41222|PTGDS_HUMAN	0.010452962	1.0	0.9670707188482404	4620193.195015866
HPDEAAFFDTASTGK	2	sp|P02671|FIBA_HUMAN	0.010452962	0.9797881705057813	0.8318349010147671	5132.165700401605
EHVAHLLFLR	2	sp|P19652|A1AG2_HUMAN	0.010452962	0.9728591838590949	0.9601451430046566	1182601.7974999174
IAQWQSFQLEGGLK	2	sp|P01023|A2MG_HUMAN	0.010452962	0.9797881705057813	0.7697050595925202	6847.473270079157
NPLPSKETIEQEK	2	sp|P62328|TYB4_HUMAN	0.010452962	1.0	0.92099047281088	166308.6807362063
TVAAC[+57.021465]NLPIVR	3	sp|P02760|AMBP_HUMAN	0.010452962	0.9933552810135716	0.9288628766913531	11303.674421690583
ETYGEMADC[+57.021465]C[+57.021465]AK	2	sp|P02768|ALBU_HUMAN	0.012672811	0.9212790999005022	0.8825397650837477	29.03126609894681
AEAESLYQSK	2	sp|P04264|K2C1_HUMAN	0.010452962	0.9866190731264982	0.8768593203947104	4845.071921894342
LLIYDNNK	2	sp|P01701|LV151_HUMAN	0.010452962	0.9866190731264982	0.9881376371846117	15275.382848079062
LLIYGASTR	2	sp|A0A075B6H7|KV37_HUMAN;sp|A0A0C4DH55|KVD07_HUMAN;sp|P01624|KV315_HUMAN	0.010452962	0.9866190731264982	0.9499502317519959	29645.558869392116
DFVQPPTK	1	sp|P01042|KNG1_HUMAN	0.014672686	0.8159995903747699	0.9294780780712356	7347.204393277917
SGTASEMGTER	2	sp|Q9ULI3|HEG1_HUMAN	0.010452962	0.9866190731264982	0.8650328294165449	5245.4993609514
FIVLSNNYLQIR	2	sp|P13591|NCAM1_HUMAN	0.010452962	1.0	0.9579985810526399	221562.9869378616
NEC[+57.021465]FLQHK	2	sp|P02768|ALBU_HUMAN	0.010452962	1.0	0.905491403248354	46207.852710266154
DKC[+57.021465]EPLEKQHEK	2	sp|P02763|A1AG1_HUMAN;sp|P19652|A1AG2_HUMAN	0.010452962	1.0	0.8434025987140993	20346.112537807694
LWWLDLK	2	sp|P02790|HEMO_HUMAN	0.010452962	1.0	0.9796779248767945	23429589.424600024
ALDLINK	2	sp|P04196|HRG_HUMAN	0.010452962	0.9728591838590949	0.9648139426341926	15378.776394639899
DIPMNPMC[+57.021465]IYR	2	sp|P01008|ANT3_HUMAN	0.010452962	0.9866190731264982	0.9806470975947044	300977.80183943437
TEGDGVYTLNNEK	2	sp|P00738|HPT_HUMAN	0.010452962	1.0	0.930896350197878	138482.25546860253
GPLQLER	1	sp|P02750|A2GL_HUMAN	0.010452962	1.0	0.8802958789380286	27735.510280072987
VPTVEPLDSLTLFLFR	2	sp|P13598|ICAM2_HUMAN	0.010452962	0.9658285256870233	0.9377625241554102	47110.67472805407
AFLEVNEEGSEAAASTAVVIAGR	3	sp|P01008|ANT3_HUMAN	0.010452962	1.0	0.9334765765847094	964991.2164990504
LVAASQAALGL	2	sp|P02768|ALBU_HUMAN	0.010452962	1.0	0.8705972114206441	577853.6896345254
RLGM[+15.994915]FNIQHC[+57.021465]K	2	sp|P01009|A1AT_HUMAN	0.010452962	0.9866190731264982	0.8459210208300786	997.9582879285059
DLDSQTMMVLVNYIFFK	3	sp|P01011|AACT_HUMAN	0.010452962	1.0	0.9796447055957536	843375.2558913807
FLENEDR	1	sp|P01009|A1AT_HUMAN	0.010452962	0.9797881705057813	0.8804637658227671	6010.771953136081
ALGISPFHEHAEVVFTANDSGPR	5	sp|P02766|TTHY_HUMAN	0.010452962	1.0	0.8260085620443571	517320.237810176
ALPAPIEK	2	sp|P01857|IGHG1_HUMAN;sp|P01860|IGHG3_HUMAN;sp|P0DOX5|IGG1_HUMAN	0.010452962	1.0	0.9761439960523813	406836.71380825527
FDPVRGEVPPR	3	sp|P02790|HEMO_HUMAN	0.010452962	0.9728591838590949	0.9741816696180629	305382.4151352532
MADEAGSEADHEGTHSTK	3	sp|P02671|FIBA_HUMAN	0.010452962	1.0	0.9115442632471227	14423.16269509701
TLLVFEVQQPFLFVLWDQQHK	3	sp|P05155|IC1_HUMAN	0.010452962	1.0	0.9311217587206874	146641.75060572804
ELDRDTVFALVNYIFFKGK	4	sp|P01009|A1AT_HUMAN	0.012672811	0.9212790999005022	0.8034141073051979	605.8144635132909
FLSTLTIDGVTR	2	sp|P35968|VGFR2_HUMAN	0.010452962	1.0	0.8685368029582591	26241.803107822896
SSQTVAVHHPQYGFSVQGEYQGR	4	sp|Q9NQS3|NECT3_HUMAN	0.010452962	1.0	0.9767044481803226	36469.79306200181
ALGISPFHEHAEVVFTANDSGPRR	5	sp|P02766|TTHY_HUMAN	0.010452962	0.9866190731264982	0.8396517873749452	27598.721095963294
SLNNQFASFIDK	2	sp|P04264|K2C1_HUMAN	0.010452962	1.0	0.9277896449212316	75255.79896349939
MADEAGSEADHEGTHSTKR	3	sp|P02671|FIBA_HUMAN	0.010452962	1.0	0.8601390190871879	32380.28102671599
AADDTWEPFASGK	2	sp|P02766|TTHY_HUMAN	0.010452962	0.9933552810135716	0.9532859698430275	1617591.911892995
FSSSSGYGGGSSR	2	sp|P35527|K1C9_HUMAN	0.010452962	1.0	0.8293678421018823	6933.493814985355
LVLLNAIYLSAK	3	sp|P05155|IC1_HUMAN	0.010452962	1.0	0.8878449943173969	2397.6172885982205
LYLVQGTQVYVFLTK	2	sp|P02790|HEMO_HUMAN	0.010452962	0.9658285256870233	0.9596199485628655	242524.002784527
EQYAVVGHSAHIVTLK	2	sp|O75882|ATRN_HUMAN	0.010452962	1.0	0.8032966210846227	22815.097006370044
VNVDEVGGEALGR	2	sp|P68871|HBB_HUMAN	0.010452962	1.0	0.9573897297223339	5801.577857676425
VTTPDTSTTQHNK	2	sp|Q92954|PRG4_HUMAN	0.010452962	1.0	0.8481334779283293	24635.517970654157
NWGLSVYADKPETTK	3	sp|P02763|A1AG1_HUMAN	0.010452962	1.0	0.9461403576629542	676141.0785999486
GDPLGTEGGLDASNTER	2	sp|Q12913|PTPRJ_HUMAN	0.010452962	0.9728591838590949	0.924362647969539	48316.92865021727
LLGLSLAGK	1	sp|Q9Y5Y7|LYVE1_HUMAN	0.010452962	1.0	0.9421594210709076	64136.71904969547
LGNQEPGGQTALK	2	sp|P08697|A2AP_HUMAN	0.010452962	1.0	0.9281053428415013	4171.939393054022
GLYDVVSVLR	2	sp|O75144|ICOSL_HUMAN	0.010452962	0.9933552810135716	0.9821847981074908	55950.34035259708
GSPAINVAVHVFRK	2	sp|P02766|TTHY_HUMAN	0.010452962	0.9866190731264982	0.8959298231331129	7698.780236103643
ETPAATEAPSSTPK	2	sp|P80723|BASP1_HUMAN	0.010452962	0.9933552810135716	0.9567064387653815	14279.530856092944
AVLHIGEK	2	sp|P05543|THBG_HUMAN	0.010452962	1.0	0.9860250661559194	755936.4709307024
DGNPFYFTDHR	3	sp|O00533|NCHL1_HUMAN	0.010452962	0.9440873193926883	0.8287792025141568	13844.354778045077
MADEAGSEADHEGTHSTK	4	sp|P02671|FIBA_HUMAN	0.017957352	0.7266555365444503	0.9602433363552131	14312.055415700574
TDTSHHDQDHPTFNK	4	sp|P01009|A1AT_HUMAN	0.010452962	0.9797881705057813	0.9455426474210866	410765.6809202017
LYHSEAFTVNFGDTEEAKK	3	sp|P01009|A1AT_HUMAN	0.010452962	1.0	0.9300819836596456	438982.9134431556
FAGVFHVEK	2	sp|P16070|CD44_HUMAN	0.010452962	1.0	0.9863836788929217	336282.544030119
GPALTTPK	2	sp|Q92954|PRG4_HUMAN	0.010452962	0.9728591838590949	0.9656186070978969	34218.53374149008
ELDRDTVFALVNYIFFKGK	3	sp|P01009|A1AT_HUMAN	0.012672811	0.9212790999005022	0.7230951749208491	723.6144240422803
VEIDTKSYWK	2	sp|P02766|TTHY_HUMAN	0.010452962	1.0	0.9834488410050465	137329.4190495329
DYFMPC[+57.021465]PGR	2	sp|P02790|HEMO_HUMAN	0.010452962	1.0	0.9489407627637798	36365662.94968219
VTGNPGDEEFIEPSTENEFGLTSLR	4	sp|Q9ULI3|HEG1_HUMAN	0.010452962	0.9658285256870233	0.8631853682632754	3217.210130545179
GPMFELLPGESNK	2	sp|P10124|SRGN_HUMAN	0.010452962	0.9866190731264982	0.8862686206642423	59140.49029182388
M[+15.994915]EPFHFK	2	sp|P05155|IC1_HUMAN	0.010452962	0.9866190731264982	0.9437333075194931	2581.569664963686
ANRPFLVFIR	3	sp|P01008|ANT3_HUMAN	0.010452962	0.9728591838590949	0.9566078085210881	1793202.4588825237
SSQTVAVHHPQYGFSVQGEYQGR	3	sp|Q9NQS3|NECT3_HUMAN	0.010452962	1.0	0.9131723973427425	93654.22571156741
FLASVSTVLTSK	2	sp|P69905|HBA_HUMAN	0.010452962	1.0	0.9204793192460332	8258.481940955586
GLGELQELYLK	2	sp|P07359|GP1BA_HUMAN	0.010452962	1.0	0.9714635866654363	105523.21306522163
FKLDDDLEHQGGHVLDHGHK	6	sp|P01042|KNG1_HUMAN	0.010452962	0.9866190731264982	0.9203409095733465	5702.1710235627315
LPTDSELAPR	2	sp|P49908|SEPP1_HUMAN	0.010452962	1.0	0.9280301128276427	56129.269223813324
GTHC[+57.021465]NQVEVIATLK	2	sp|P02775|CXCL7_HUMAN	0.010452962	0.9797881705057813	0.8860899312713898	287222.0882769685
SDVVYTDWKKDK	2	sp|P02763|A1AG1_HUMAN	0.010452962	0.9866190731264982	0.834392124144755	14685.727064232407
GLGEISAASEFK	2	sp|P13591|NCAM1_HUMAN	0.010452962	0.9933552810135716	0.9573344236082588	32941.79813720104
VVSTNYNQHAMVFFK	3	sp|P80188|NGAL_HUMAN	0.010452962	1.0	0.8883761772545786	1305349.9268066445
AVMDDFAAFVEK	3	sp|P02768|ALBU_HUMAN	0.010452962	0.9797881705057813	0.9291924834077888	49078.329658362934
EESLDSDLYAELR	2	sp|P02775|CXCL7_HUMAN	0.010452962	0.9866190731264982	0.9499436775469688	155687.5528017854
QISNLQQSISDAEQR	2	sp|P04264|K2C1_HUMAN	0.010452962	0.9728591838590949	0.9640115328137009	14530.747874068451
MTVTDQVNC[+57.021465]PK	2	sp|P05090|APOD_HUMAN	0.010452962	1.0	0.9031064417552572	8500.060582173723
VVAGVANALAHK	3	sp|P02042|HBD_HUMAN;sp|P68871|HBB_HUMAN	0.010452962	1.0	0.8968304139667183	24549.931031908054
DGYLFQLLR	2	sp|P04196|HRG_HUMAN	0.010452962	0.9933552810135716	0.9391566947008453	21482.455659274074
ESLLNHFLYEVAR	2	sp|P43652|AFAM_HUMAN	0.010452962	1.0	0.8431262628131645	56961.50302440193
NFPSPVDAAFR	2	sp|P02790|HEMO_HUMAN	0.010452962	1.0	0.9373382613361585	87763.23583609478
AEDTAVYYC[+57.021465]AR	2	sp|A0A0B4J1V1|HV321_HUMAN;sp|A0A0B4J1X5|HV374_HUMAN;sp|A0A0C4DH42|HV366_HUMAN;sp|A0A0J9YVY3|HV741_HUMAN;sp|P01762|HV311_HUMAN;sp|P01763|HV348_HUMAN;sp|P01767|HV353_HUMAN;sp|P01772|HV333_HUMAN;sp|P01780|HV307_HUMAN;sp|P0DOX2|IGA2_HUMAN;sp|P0DP02|HVC33_HUMAN	0.010452962	1.0	0.8719931655330928	5420.839076892841
AVLTIDEK	2	sp|P01009|A1AT_HUMAN	0.010452962	0.9797881705057813	0.9837962803967706	155122.96510901456
RYTIAALLSPYSYSTTAVVTNPKE	4	sp|P02766|TTHY_HUMAN	0.010452962	1.0	0.8632997432828501	277983.1542872807
TWQDC[+57.021465]EYK	2	sp|P01042|KNG1_HUMAN	0.010452962	0.9933552810135716	0.9652194379908944	1522.205133525212
DQYYNIDVPSR	3	sp|Q92954|PRG4_HUMAN	0.010452962	0.9933552810135716	0.82670628543963	11957.612764302172
GFMQTYYDDHLR	3	sp|P55056|APOC4_HUMAN	0.010452962	1.0	0.82274560804488	40947.84978026004
C[+57.021465]TWLIEGQPNR	2	sp|O75882|ATRN_HUMAN	0.010452962	0.9933552810135716	0.9239225146136038	35617.246080174344
IHLMAGR	1	sp|Q5T013|HYI_HUMAN	0.010452962	0.9797881705057813	0.9795131410620739	27718.562382662796
STSESTAALGC[+57.021465]LVK	2	sp|P01859|IGHG2_HUMAN;sp|P01861|IGHG4_HUMAN	0.010452962	0.9933552810135716	0.977557111881664	2469.7998404568757
SGGGGGGGLGSGGSIR	2	sp|P35527|K1C9_HUMAN	0.010452962	1.0	0.7681684411163332	5114.23656523037
VADALTNAVAHVDDMPNALSALSDLHAHK	5	sp|P69905|HBA_HUMAN	0.010452962	0.9933552810135716	0.8308062785838725	72837.83813546284
EQLTPLIK	1	sp|P02652|APOA2_HUMAN	0.010452962	0.9797881705057813	0.7117828773155039	3646.0912369599996
SGIIFAGHDK	2	sp|Q13449|LSAMP_HUMAN	0.010452962	0.9366095275687156	0.8380166397156256	39368.756682876025
SGYFLSISDSK	2	sp|Q86SQ4|AGRG6_HUMAN	0.010452962	0.9933552810135716	0.740134081903495	15932.940131814461
QPAVEEPAEVTATVLASR	4	sp|P32942|ICAM3_HUMAN	0.010452962	0.9658285256870233	0.9155826464431502	3629.930540508953
SKEQLTPLIK	3	sp|P02652|APOA2_HUMAN	0.010452962	1.0	0.9146792159136357	31985.486566824064
GDSVVYGLR	1	sp|P10451|OSTP_HUMAN	0.014672686	0.9054124614333342	0.7135684677700318	156.5944549345913
LRTEGDGVYTLNNEK	2	sp|P00738|HPT_HUMAN	0.010452962	1.0	0.9515951473821291	1221968.8473171468
GPPFSSSQSIPVVPR	2	sp|Q8IZP9|AGRG2_HUMAN	0.010452962	0.9366095275687156	0.8264360158624954	5760.559818751424
TYMLAFDVNDEK	3	sp|P02763|A1AG1_HUMAN	0.010452962	0.9440873193926883	0.8412069915149631	754.4142320508904
SEAAC[+57.021465]LAAGPGIR	2	sp|O75882|ATRN_HUMAN	0.010452962	1.0	0.9584046509499483	32864.26864990253
TVESITDIR	2	sp|P11279|LAMP1_HUMAN	0.010452962	1.0	0.9611274863705387	361315.39559097425
FATTFYQHLADSK	2	sp|P01008|ANT3_HUMAN	0.010452962	0.9866190731264982	0.9522107960840736	171459.3857102642
ATLVC[+57.021465]LISDFYPGAVTVAWK	3	sp|B9A064|IGLL5_HUMAN;sp|P0CG04|IGLC1_HUMAN;sp|P0DOX8|IGL1_HUMAN;sp|P0DOY2|IGLC2_HUMAN;sp|P0DOY3|IGLC3_HUMAN	0.010452962	1.0	0.93795304614935	1984809.1129876953
QQDVLGFLEANK	2	sp|O75368|SH3L1_HUMAN	0.010452962	0.9933552810135716	0.9650677389498394	40157.79739195796
LYGSEAFATDFQDSAAAK	2	sp|P01011|AACT_HUMAN	0.010452962	1.0	0.8338004318057723	1087949.4133754421
DTATLSWGLPK	2	sp|O00533|NCHL1_HUMAN	0.010452962	0.9366095275687156	0.8869828246617039	11828.014417698923
GTQEQDFYVTSETVVR	2	sp|P05154|IPSP_HUMAN	0.010452962	0.9658285256870233	0.7267528942184103	9124.124906493213
EQLGEFYEALDC[+57.021465]LR	2	sp|P02763|A1AG1_HUMAN	0.010452962	0.9728591838590949	0.9097539166418283	2163.737072162988
C[+57.021465]EDLETQTQSEK	2	sp|O00592|PODXL_HUMAN	0.010452962	0.9866190731264982	0.9558224094321448	4394.430901015444
KWQEEMELYR	3	sp|P02647|APOA1_HUMAN	0.010452962	0.9933552810135716	0.7355145895658396	995.1774973378419
LEDMEQALSPSVFK	3	sp|P05155|IC1_HUMAN	0.010452962	0.9797881705057813	0.9404909287256302	4126.754129514254
GTTVTVSSASPTSPK	2	sp|P0DOX2|IGA2_HUMAN	0.010452962	0.9866190731264982	0.8754768235604575	3973.3827263645544
YLDFVFAVK	2	sp|P13473|LAMP2_HUMAN	0.010452962	1.0	0.8776777198727646	67030.33631181713
EDC[+57.021465]VEIYIK	2	sp|P14151|LYAM1_HUMAN	0.010452962	1.0	0.9699746691545764	524338.531235183
VLDAVRGSPAINVAVHVFR	3	sp|P02766|TTHY_HUMAN	0.010452962	0.9933552810135716	0.8580906123969866	127635.67867761294
EPQVYTLPPSR	3	sp|P01857|IGHG1_HUMAN;sp|P01859|IGHG2_HUMAN;sp|P01860|IGHG3_HUMAN;sp|P0DOX5|IGG1_HUMAN	0.010452962	1.0	0.8868127559270428	1094.7440102630683
ITPNLAEFAFSLYR	2	sp|P01009|A1AT_HUMAN	0.010452962	1.0	0.9607131134258026	12324949.038604932
ALDLINKR	2	sp|P04196|HRG_HUMAN	0.010452962	0.9866190731264982	0.9414510390591575	1407.7914543626391
NSVIKVPMMNSK	3	sp|P05155|IC1_HUMAN	0.010452962	0.9933552810135716	0.9566936762610437	118744.50578484367
EILSVDC[+57.021465]STNNPSQAK	2	sp|P10909|CLUS_HUMAN	0.010452962	1.0	0.9496661330079496	643885.4192451492
AIMEKLEMSK	3	sp|P05155|IC1_HUMAN	0.010452962	0.9933552810135716	0.883780999689401	2398.2328914837967
AALSMC[+57.021465]K	1	sp|P41222|PTGDS_HUMAN	0.010452962	0.9728591838590949	0.7752078950076952	293.41316364681495
YFHHNSDFHIPK	2	sp|O75015|FCG3B_HUMAN	0.020134227	0.672124945171228	0.91392963887665	6614.622286624042
DDLYVSDAFHK	2	sp|P01008|ANT3_HUMAN	0.010452962	1.0	0.9725887377269392	637793.8462360897
LTQLNLDR	2	sp|P07359|GP1BA_HUMAN	0.010452962	1.0	0.8676282552266267	38940.30432479514
DYFM[+15.994915]PC[+57.021465]PGR	2	sp|P02790|HEMO_HUMAN	0.010452962	1.0	0.9741658048178206	620550.401072377
DVSSSVYSTWK	2	sp|P10721|KIT_HUMAN	0.010452962	1.0	0.8755295706058248	10795.773062257007
VEEVKPLEGR	2	sp|O00533|NCHL1_HUMAN	0.010452962	1.0	0.8518318965061469	9440.498063270727
ITC[+57.021465]AEEGWSPTPK	2	sp|P36980|FHR2_HUMAN	0.010452962	1.0	0.835663595335175	11264.01556028661
C[+57.021465]SPHLVLSALTSDNHGATYAFSGTHYWR	4	sp|P02790|HEMO_HUMAN	0.010452962	0.9797881705057813	0.8959186329080777	827867.5204660284
LGMFNIQHC[+57.021465]K	2	sp|P01009|A1AT_HUMAN	0.010452962	1.0	0.9247734657595171	2199.691467104738
LVVEWQLQDDK	2	sp|P61916|NPC2_HUMAN	0.010452962	0.9933552810135716	0.8458132690212007	10571.084296313567
SGAQATWTELPWPHEK	3	sp|P02790|HEMO_HUMAN	0.010452962	1.0	0.9214884429331086	8677949.695763633
YWNDC[+57.021465]EPPDSR	2	sp|P04196|HRG_HUMAN	0.010452962	1.0	0.8547635359891552	32062.505494410238
GNLMGGWK	2	sp|P23435|CBLN1_HUMAN;sp|Q8IUK8|CBLN2_HUMAN	0.010452962	0.9728591838590949	0.7630591494470441	13264.467941000647
QNQC[+57.021465]FYNSSYLNVQR	2	sp|P19652|A1AG2_HUMAN	0.010452962	0.9728591838590949	0.8973687936745054	6067.0493669020025
VSLATVDK	1	sp|P49908|SEPP1_HUMAN	0.010452962	1.0	0.9221531086318466	58248.25193038809
ASVDSGSSEEQGGSSR	2	sp|P01833|PIGR_HUMAN	0.010452962	0.9797881705057813	0.883689595135796	9513.3535424994
VLDAVRGSPAINVAVHVFR	4	sp|P02766|TTHY_HUMAN	0.010452962	0.9933552810135716	0.9694037783691712	117594.40461625785
TLM[+15.994915]FGSYLDDEK	2	sp|P19652|A1AG2_HUMAN	0.010452962	1.0	0.9631796915894888	566541.4037660256
MEPFHFK	2	sp|P05155|IC1_HUMAN	0.010452962	0.9797881705057813	0.9656954187439242	400706.7098985645
FLEQQNQVLQTK	2	sp|P04264|K2C1_HUMAN;sp|P35908|K22E_HUMAN;sp|Q7Z794|K2C1B_HUMAN	0.010452962	1.0	0.8926934585248043	33772.794889743935
RVAEGTQVLELPFK	3	sp|P01008|ANT3_HUMAN	0.010452962	1.0	0.9061688365029912	172174.92862982367
YTIAALLSPYSYSTTAVVTNPKE	4	sp|P02766|TTHY_HUMAN	0.010452962	1.0	0.9202459768552389	332386.84057009866
GGSIQQYIYK	2	sp|Q92954|PRG4_HUMAN	0.010452962	1.0	0.9366814447571562	73682.7526540084
ALFLETEQLK	2	sp|Q13740|CD166_HUMAN	0.010452962	0.9933552810135716	0.8956429415393088	10540.789479209972
GEFVWKSHK	2	sp|P02790|HEMO_HUMAN	0.010452962	1.0	0.9655532290377181	19635.027573267518
HTLNQIDEVK	3	sp|P02765|FETUA_HUMAN	0.010452962	0.9933552810135716	0.9669717205061573	94525.63019526425
SGFPQVSMFFTHTFPK	3	sp|P04196|HRG_HUMAN	0.010452962	1.0	0.9504825256784056	318701.8680885697
HTFMGVVSLGSPSGEVSHPR	3	sp|P02765|FETUA_HUMAN	0.010452962	0.9933552810135716	0.9370161000441927	244952.9562026097
LPGIVAEGR	2	sp|P01008|ANT3_HUMAN	0.010452962	0.9797881705057813	0.9679180014545017	29557.613898856936
QVILTLQPTLVAVGK	3	sp|P13598|ICAM2_HUMAN	0.010452962	0.9933552810135716	0.8562142109856692	33490.64421269235
TVPLAVLQLR	2	sp|P23467|PTPRB_HUMAN	0.010452962	1.0	0.7014595644846121	30469.711450377337
TVGSDTFYSFK	2	sp|P01042|KNG1_HUMAN	0.010452962	1.0	0.8138865926366358	18609.365067399995
LTGSSGFVTDGPGNYK	2	sp|O75882|ATRN_HUMAN	0.010452962	0.9797881705057813	0.9489538723858866	162786.9762895835
TLYSSSPR	1	sp|P05155|IC1_HUMAN	0.010452962	0.9797881705057813	0.928770728573646	5323.762235489047
GLDTSLGAVQSDTGR	2	sp|Q13477|MADCA_HUMAN	0.010452962	1.0	0.9542393365125926	41449.90457798779
QTALVELVK	2	sp|P02768|ALBU_HUMAN	0.010452962	1.0	0.8214880293372191	58143.399225406756
APEQEQAAPGPAAGGEAPK	2	sp|P80723|BASP1_HUMAN	0.010452962	0.9658285256870233	0.9585853817948692	44719.816934617105
DGWHSWPIAHQWPQGPSAVDAAFSWEEK	5	sp|P02790|HEMO_HUMAN	0.010452962	0.9797881705057813	0.937926050800414	15610.035154008476
ITDVIPSEAINELTVLVLVNTIYFK	4	sp|P01008|ANT3_HUMAN	0.010452962	0.9658285256870233	0.8939955643798436	18991.6353689693
SGAQATWTELPWPHEK	4	sp|P02790|HEMO_HUMAN	0.010452962	1.0	0.8851911753156836	324237.4176014599
YFIDFVAR	2	sp|P01042|KNG1_HUMAN	0.010452962	1.0	0.9924085017436187	1398276.4745282254
LEDM[+15.994915]EQALSPSVFK	2	sp|P05155|IC1_HUMAN	0.010452962	0.9514467542496609	0.9088057479200456	9826.841562349
SYYWIGIR	2	sp|P14151|LYAM1_HUMAN	0.010452962	1.0	0.9793680466787794	4399691.771338116
GIYSFNFHVVK	2	sp|P23435|CBLN1_HUMAN	0.010452962	1.0	0.8728680465166029	9524.716547025853
AEELSIQVSC[+57.021465]R	2	sp|Q9Y5Y7|LYVE1_HUMAN	0.010452962	1.0	0.98555014798981	199086.3443894768
YVSELHLTR	2	sp|P10721|KIT_HUMAN	0.010452962	1.0	0.9341586746546304	188624.75026349418
RGENLFAITDEGMDVPLAMEEWHHER	5	sp|Q6UXB8|PI16_HUMAN	0.010452962	1.0	0.8511460663693976	49338.02658753787
DTEVLLVGLEPGTR	2	sp|Q12913|PTPRJ_HUMAN	0.010452962	1.0	0.9442431336793805	528973.0004954494
GFSGIFEDR	2	sp|P09619|PGFRB_HUMAN	0.010452962	1.0	0.905977585775728	44233.4894070161
YEGSYALTSEEAER	2	sp|O95810|CAVN2_HUMAN	0.010452962	0.9797881705057813	0.8123125453580731	8564.320324967259
DIAPTLTLYVGK	2	sp|P00738|HPT_HUMAN;sp|P00739|HPTR_HUMAN	0.010452962	1.0	0.9568461580035543	1597380.4972130884
NTLYLQMNSLR	2	sp|A0A0B4J1X5|HV374_HUMAN;sp|A0A0C4DH42|HV366_HUMAN;sp|P01764|HV323_HUMAN;sp|P01767|HV353_HUMAN;sp|P01768|HV330_HUMAN;sp|P01772|HV333_HUMAN;sp|P0DP02|HVC33_HUMAN;sp|P0DP03|HVC05_HUMAN	0.010452962	1.0	0.8015539400286805	65341.92331056227
SDVMYTDWKK	3	sp|P19652|A1AG2_HUMAN	0.010452962	1.0	0.9642419085537849	64916.8339962597
FSGSNSGNTATLTISR	2	sp|A0A075B6K5|LV39_HUMAN;sp|P80748|LV321_HUMAN	0.010452962	0.9797881705057813	0.8844964531679036	9890.851659150183
WQEEMELYR	2	sp|P02647|APOA1_HUMAN	0.010452962	1.0	0.8697203898015345	5927.695872307488
IASFSQNC[+57.021465]DIYPGK	2	sp|P01042|KNG1_HUMAN	0.010452962	0.9797881705057813	0.9384718218463606	502498.2776639192
EENFYVDETTVVK	3	sp|P08185|CBG_HUMAN	0.010452962	0.9797881705057813	0.8321994741314783	1734.2820450769957
M[+15.994915]TVTDQVNC[+57.021465]PK	2	sp|P05090|APOD_HUMAN	0.010452962	1.0	0.9094528337912375	9929.199294472997
IHWESASLLR	3	sp|P01024|CO3_HUMAN	0.010452962	0.9933552810135716	0.8358630905150864	13980.1134621313
AFIQLWAFDAVK	2	sp|P02760|AMBP_HUMAN	0.010452962	0.9866190731264982	0.9774023493756817	35783.81302421379
AFQVQQAVDLR	2	sp|P13497|BMP1_HUMAN	0.010452962	0.9290085173289965	0.8922248500540059	332.61058176218637
WTFEILDETNENK	2	sp|P10721|KIT_HUMAN	0.010452962	1.0	0.9402018958301402	521682.9402835002
FIC[+57.021465]PLTGLWPINTLK	3	sp|P02749|APOH_HUMAN	0.010452962	0.9933552810135716	0.9279677296311111	806059.8648424516
AVGEEVWHSK	2	sp|P13591|NCAM1_HUMAN	0.010452962	1.0	0.9539912242207319	15956.364378267084
GPLQLER	2	sp|P02750|A2GL_HUMAN	0.010452962	1.0	0.8955515107245158	214440.09226338443
VDAETGDVFAIER	2	sp|P33151|CADH5_HUMAN	0.010452962	0.9933552810135716	0.8649196407646974	473.2120002962581
SVDIWLR	2	sp|P15151|PVR_HUMAN	0.010452962	0.9797881705057813	0.8461693622413324	10012.097377522008
NIQSLEVIGK	2	sp|P02775|CXCL7_HUMAN	0.010452962	1.0	0.9570949617716848	491532.5337728444
GDDITM[+15.994915]VLILPKPEK	3	sp|P01008|ANT3_HUMAN	0.010452962	0.9933552810135716	0.8511193717464287	4986.869629501813
AATGEC[+57.021465]TATVGK	2	sp|P01042|KNG1_HUMAN	0.010452962	0.9933552810135716	0.9620181885152266	3034.8880535461517
NHNALLASLTTQK	3	sp|O75882|ATRN_HUMAN	0.010452962	0.9933552810135716	0.9746595276173591	21439.66410655452
SKLPGIVAEGRDDLYVSDAFHK	4	sp|P01008|ANT3_HUMAN	0.010452962	0.9797881705057813	0.8767575333014132	75504.43433534894
TTPPVLDSDGSFFLYSK	3	sp|P01857|IGHG1_HUMAN;sp|P0DOX5|IGG1_HUMAN	0.010452962	1.0	0.8113916924908988	16778.819975676965
SGGGFSSGSAGIINYQR	2	sp|P04264|K2C1_HUMAN	0.010452962	1.0	0.9481279911618261	186329.29128271522
DLMEKVK	2	sp|P02652|APOA2_HUMAN	0.010452962	0.9728591838590949	0.9348863256188316	16427.513685749447
TSESGELHGLTTEEEFVEGIYK	3	sp|P02766|TTHY_HUMAN	0.010452962	1.0	0.9592448288129628	65529956.496511176
WYNLAIGSTC[+57.021465]PWLK	2	sp|P02760|AMBP_HUMAN	0.010452962	1.0	0.9196145585845349	2153636.973334002
AVLDVFEEGTEASAATAVK	3	sp|P01011|AACT_HUMAN	0.010452962	1.0	0.960776957393188	5407298.671293633
HSWTIPEDGNSQK	3	sp|Q13201|MMRN1_HUMAN	0.010452962	1.0	0.7783972201542314	21827.2056992038
NWGLSFYADKPETTK	3	sp|P19652|A1AG2_HUMAN	0.010452962	0.9586923939928679	0.8961556148616239	28725.46691541297
ILGGHLDAK	2	sp|P00738|HPT_HUMAN;sp|P00739|HPTR_HUMAN	0.010452962	0.9797881705057813	0.9878528652050459	367917.11526261945
DLGGFDEDAEPR	2	sp|Q9BRK5|CAB45_HUMAN	0.010452962	1.0	0.9330421887587713	17337.085641166086
SPELQAEAKSYFEK	3	sp|P02652|APOA2_HUMAN	0.010452962	0.9514467542496609	0.946798515444667	2278.5540770878206
ELELQIGNALFIGK	3	sp|P05543|THBG_HUMAN	0.014672686	0.8258516653955662	0.8192706711491011	3285.57226154268
ILLDEQAQWK	2	sp|P13598|ICAM2_HUMAN	0.010452962	1.0	0.9605332619191062	6195.183260320991
HIQETEWQSQEGK	2	sp|Q14515|SPRL1_HUMAN	0.010452962	0.9797881705057813	0.9886430750719568	45589.589136978495
GAQTQTEEEMTR	2	sp|Q12841|FSTL1_HUMAN	0.010452962	1.0	0.8651559493307545	13588.182761036403
LLGLSLAGK	2	sp|Q9Y5Y7|LYVE1_HUMAN	0.010452962	1.0	0.9851963628167594	9645359.665129147
DLATVYVDVLK	2	sp|P02647|APOA1_HUMAN	0.010452962	1.0	0.9725946800364528	415580.18326220877
SVNNVVVR	2	sp|O75882|ATRN_HUMAN	0.010452962	0.9797881705057813	0.9423736632644747	4072.262879072503
TLMFGSYLDDEKNWGLSFYADKPETTK	4	sp|P19652|A1AG2_HUMAN	0.010452962	1.0	0.8707144105241207	4517793.164080284
VMPIC[+57.021465]LPSK	2	sp|P00738|HPT_HUMAN;sp|P00739|HPTR_HUMAN	0.010452962	0.9866190731264982	0.9753224872605046	108272.40265564338
GQC[+57.021465]IINSNK	2	sp|P43652|AFAM_HUMAN	0.010452962	1.0	0.9184599772855974	22377.263458455356
AVLHIGEK	1	sp|P05543|THBG_HUMAN	0.010452962	1.0	0.9305338923181485	38780.95592143095
VAEGTQVLELPFK	3	sp|P01008|ANT3_HUMAN	0.010452962	1.0	0.8606744756145924	68818.51710309756
GTWTQPFDLASTR	3	sp|P08185|CBG_HUMAN	0.010452962	1.0	0.8149731873038262	35157.54295591456
LSFQEFLK	2	sp|Q12841|FSTL1_HUMAN	0.010452962	1.0	0.9805225771959968	222558.88764922295
VC[+57.021465]TAELSC[+57.021465]K	2	sp|Q92954|PRG4_HUMAN	0.010452962	1.0	0.7212423728195284	13492.558464072506
VTGNPGDEEFIEPSTENEFGLTSLR	3	sp|Q9ULI3|HEG1_HUMAN	0.010452962	0.9658285256870233	0.8849257978458765	116179.79562342179
DEELSC[+57.021465]TVVELK	2	sp|P01011|AACT_HUMAN	0.010452962	0.9933552810135716	0.987983388980269	10459.478594352051
ETC[+57.021465]FAEEGKK	2	sp|P02768|ALBU_HUMAN	0.010452962	0.9933552810135716	0.9439478623229828	11002.213188184058
SETEIHQGFQHLHQLFAK	3	sp|P08185|CBG_HUMAN	0.010452962	1.0	0.9364929192951404	1036156.4911542978
SPELQAEAK	2	sp|P02652|APOA2_HUMAN	0.010452962	0.9728591838590949	0.9369845635467305	58.96063201461728
EGQMESVEAAMSSK	2	sp|P05543|THBG_HUMAN	0.010452962	0.9440873193926883	0.9847250890262388	170791.35085194279
EQYAVVGHSAHIVTLK	4	sp|O75882|ATRN_HUMAN	0.010452962	1.0	0.9606121971096724	389644.1140919871
ALQATVGNSYK	2	sp|P11279|LAMP1_HUMAN	0.010452962	1.0	0.9697198881392425	111134.4386472108
ESLSSYWESAK	2	sp|P02655|APOC2_HUMAN	0.010452962	1.0	0.9595082249790413	336803.8108810806
ATFNPAQDK	2	sp|O00592|PODXL_HUMAN	0.010452962	0.9866190731264982	0.9539940029074736	8237.221608699538
FLQSFAR	2	sp|Q13201|MMRN1_HUMAN	0.010452962	1.0	0.9416886981439548	188718.21273605936
GSSSSPLGISVR	3	sp|Q9NTU7|CBLN4_HUMAN	0.012672811	0.9212790999005022	0.8106706704778616	6933.805513269287
TEDSSSFLIDK	2	sp|P05543|THBG_HUMAN	0.010452962	1.0	0.9513072708441114	2595.6638778058136
TYM[+15.994915]LAFDVNDEK	2	sp|P02763|A1AG1_HUMAN	0.010452962	1.0	0.977942789982661	3901554.988879377
RDPPQYPVVPVHLDR	4	sp|P10153|RNAS2_HUMAN	0.010452962	0.9797881705057813	0.9026586002473448	15951.494704026325
TLLVFEVQQPFLFVLWDQQHK	4	sp|P05155|IC1_HUMAN	0.010452962	1.0	0.9112956079934081	45740.85878064954
LADELSGWVQR	2	sp|Q99941|ATF6B_HUMAN	0.010452962	1.0	0.8914654946748446	12054.151452095884
REPAVGEPAEVTTTVLVR	2	sp|P05362|ICAM1_HUMAN	0.010452962	1.0	0.9196474781932924	9547.110468496365
NIFISPVSISMALAMLSLGTC[+57.021465]GHTR	3	sp|P08185|CBG_HUMAN	0.010452962	0.9933552810135716	0.9156138646642784	89931.78676898355
AQVSPTASDMLHMR	3	sp|Q6UXB8|PI16_HUMAN	0.010452962	1.0	0.9313655457986316	314698.7312919651
LSSVTAADTAVYYC[+57.021465]AR	2	sp|A0A075B6R2|HV404_HUMAN;sp|A0A087WSY4|HV432_HUMAN;sp|A0A0C4DH41|HV461_HUMAN;sp|P01824|HV439_HUMAN;sp|P01825|HV459_HUMAN;sp|P06331|HV434_HUMAN;sp|P0DP06|HVD34_HUMAN;sp|P0DP07|HV431_HUMAN;sp|P0DP08|HVD82_HUMAN	0.010452962	1.0	0.8967197410213876	178819.7942143458
DAVEDLESVGK	2	sp|P81605|DCD_HUMAN	0.010452962	0.9933552810135716	0.9566870490847462	7860.010758434453
GSPAINVAVHVFR	2	sp|P02766|TTHY_HUMAN	0.010452962	0.9933552810135716	0.9524441238606588	755982.8983617097
KREEAPSLRPAPPPISGGGYR	5	sp|P02675|FIBB_HUMAN	0.010452962	1.0	0.9479949466760316	224313.38324137352
EVPLNTIIFMGR	3	sp|P01008|ANT3_HUMAN	0.010452962	0.9933552810135716	0.8787992960113242	19134.61607203927
SETEIHQGFQHLHQLFAK	4	sp|P08185|CBG_HUMAN	0.010452962	1.0	0.933279206768914	2765108.0326993903
LMVELHNLYR	3	sp|Q6UXB8|PI16_HUMAN	0.010452962	1.0	0.8443314451390352	19714.191340586633
FKLDDDLEHQGGHVLDHGHK	4	sp|P01042|KNG1_HUMAN	0.010452962	0.9440873193926883	0.7406978366366971	1285.2821403061116
YDVDTQMWTILK	2	sp|O75882|ATRN_HUMAN	0.010452962	1.0	0.9757904338603933	2284485.5456681536
ENEGFTVTAEGK	2	sp|P01024|CO3_HUMAN	0.010452962	1.0	0.9774084272997843	2618.5426475557033
TGDTIEFMC[+57.021465]K	2	sp|Q02985|FHR3_HUMAN;sp|Q92496|FHR4_HUMAN	0.010452962	0.9933552810135716	0.807517282116653	25395.404921071913
GSFPWQAK	1	sp|P00738|HPT_HUMAN;sp|P00739|HPTR_HUMAN	0.010452962	0.9797881705057813	0.9318914423546659	10533.595473177507
YVMLPVADQDQC[+57.021465]IR	2	sp|P00738|HPT_HUMAN	0.010452962	1.0	0.8900946069594301	1381550.808370456
RVWELSK	2	sp|P01008|ANT3_HUMAN	0.010452962	0.9797881705057813	0.9700377593344874	238583.45942320404
QPAVEEPAEVTATVLASR	3	sp|P32942|ICAM3_HUMAN	0.010452962	0.9658285256870233	0.8966279690231274	1022.6030089942525
AVVFLEPQWYR	2	sp|P08637|FCG3A_HUMAN	0.010452962	0.9933552810135716	0.9815843399099419	151432.59301182648
HTFM[+15.994915]GVVSLGSPSGEVSHPR	3	sp|P02765|FETUA_HUMAN	0.010452962	0.9933552810135716	0.9097736851731354	28111.169877689124
TEGDGVYTLNDKK	2	sp|P00738|HPT_HUMAN;sp|P00739|HPTR_HUMAN	0.010452962	1.0	0.9039330865324855	285168.11076828337
QEPSQGTTTFAVTSILR	3	sp|P01876|IGHA1_HUMAN	0.017957352	1.0	0.9491457374654316	718812.6621705563
DASGATFTWTPSSGK	2	sp|P01877|IGHA2_HUMAN;sp|P0DOX2|IGA2_HUMAN	0.010452962	1.0	0.9522500871201185	134860.77302240048
VLAKPTPK	2	sp|Q92954|PRG4_HUMAN	0.010452962	1.0	0.8806189995403667	226871.66071152876
LLQDEFPGIPSPLDAAVEC[+57.021465]HR	3	sp|P02790|HEMO_HUMAN	0.010452962	1.0	0.9282720931368873	8382509.893227227
NIFISPVSISMALAMLSLGTC[+57.021465]GHTR	4	sp|P08185|CBG_HUMAN	0.010452962	0.9933552810135716	0.9649936734898611	20548.35279012083
ISVFIQTDK	2	sp|Q6YHK3|CD109_HUMAN	0.010452962	0.9866190731264982	0.8980744767204539	8296.82364747805
M[+15.994915]ADEAGSEADHEGTHSTK	2	sp|P02671|FIBA_HUMAN	0.013761468	0.9212790999005022	0.8861525856339877	1079.6258618307436
KYPVAHFIDQTLK	2	sp|P05155|IC1_HUMAN	0.010452962	0.9797881705057813	0.9852040238069728	146688.02978307122
LHMLQISYFR	3	sp|Q9UNN8|EPCR_HUMAN	0.010452962	1.0	0.8958966905197235	54381.662159493004
EQLSLLDR	2	sp|P01011|AACT_HUMAN	0.010452962	1.0	0.9474631651715681	198426.7343343829
GDEC[+57.021465]QLC[+57.021465]EVENR	2	sp|O75882|ATRN_HUMAN	0.016910935	0.9866190731264982	0.9669746811104888	4288.324481562294
FNQPFIIM[+15.994915]IFDHFTWSSLFLAR	4	sp|P08185|CBG_HUMAN	0.010452962	0.9658285256870233	0.8534115287391809	10175.433105913566
RYTIAALLSPYSYSTTAVVTNPK	5	sp|P02766|TTHY_HUMAN	0.010452962	0.9728591838590949	0.7301866284586542	16235.160411169974
KGEVLPLPEANFPSFPLPHHK	3	sp|P04196|HRG_HUMAN	0.010452962	0.9933552810135716	0.8888666019463591	50368.13019574179
IADAHLDR	2	sp|P04196|HRG_HUMAN	0.010452962	0.9797881705057813	0.8423500791229745	4214.926188789204
YVGGQEHFAHLLILRDTK	5	sp|P02763|A1AG1_HUMAN	0.010452962	0.9933552810135716	0.9268916575542321	41360.4152485519
GPSVFPLAPSSK	2	sp|P01857|IGHG1_HUMAN;sp|P0DOX5|IGG1_HUMAN	0.010452962	0.9933552810135716	0.9813418564602693	214686.4580561304
AYLEEEC[+57.021465]PATLR	2	sp|P25311|ZA2G_HUMAN	0.010452962	1.0	0.9423524588348086	270777.54914181295
QQTHMLDVMQDHFSR	2	sp|P10909|CLUS_HUMAN	0.010452962	0.9797881705057813	0.782181795704621	30848.20041986458
YGEGDSLTLQQLK	2	sp|Q15043|S39AE_HUMAN	0.010452962	1.0	0.8061718061495752	24715.99399880822
LLQDEFPGIPSPLDAAVEC[+57.021465]HR	4	sp|P02790|HEMO_HUMAN	0.010452962	1.0	0.8913361431113632	212416.9016603404
DYWSTVK	1	sp|P02656|APOC3_HUMAN	0.010452962	0.9658285256870233	0.9285793323925263	13042.18499366098
DLQFVEVTDVK	2	sp|P02751|FINC_HUMAN	0.010452962	1.0	0.9479454718371313	8207.774039306722
RYTIAALLSPYSYSTTAVVTNPKE	3	sp|P02766|TTHY_HUMAN	0.010452962	1.0	0.9114522985518614	2919310.934874255
KPDGYDYYAFSK	2	sp|Q92954|PRG4_HUMAN	0.010452962	1.0	0.8547366714074538	93175.32180897756
DYNLNDILLQLGIEEAFTSK	3	sp|P01011|AACT_HUMAN	0.014672686	0.8159995903747699	0.7318332733630856	3244.0599201728664
YVM[+15.994915]LPVADQDQC[+57.021465]IR	2	sp|P00738|HPT_HUMAN	0.010452962	1.0	0.8491438952802824	350582.19754403556
LQHLENELTHDIITK	3	sp|P01009|A1AT_HUMAN	0.010452962	0.9658285256870233	0.9128912638048914	110657.23021747718
HTVGHIILSEHK	2	sp|Q12866|MERTK_HUMAN	0.010452962	0.9440873193926883	0.8795942052979712	13652.98195567191
ITGKWFYIASAFR	2	sp|P02763|A1AG1_HUMAN;sp|P19652|A1AG2_HUMAN	0.010452962	0.9797881705057813	0.8387783023307495	128810.85997441708
SFTIEC[+57.021465]R	2	sp|P13598|ICAM2_HUMAN	0.010452962	0.9797881705057813	0.9228396493124562	9353.425950435503
LLIYDASNLETGVPSR	2	sp|P01593|KVD33_HUMAN;sp|P01594|KV133_HUMAN	0.010452962	1.0	0.8123750620926008	243916.87646778158
IEDGFSLK	2	sp|P01008|ANT3_HUMAN	0.010452962	0.9797881705057813	0.8965902924599279	36092.7066092343
AEGPEVDVNLPK	2	sp|Q09666|AHNK_HUMAN	0.010452962	1.0	0.8489771702274054	5840.280142010263
GLASANVDFAFSLYK	2	sp|P08185|CBG_HUMAN	0.010452962	0.9797881705057813	0.9011447618859113	20715.43690785355
SAVQGPPER	1	sp|P01876|IGHA1_HUMAN;sp|P01877|IGHA2_HUMAN	0.010452962	0.9797881705057813	0.7359785619452281	919.0855966670277
NQVSLTC[+57.021465]LVK	2	sp|P01857|IGHG1_HUMAN;sp|P01859|IGHG2_HUMAN;sp|P01860|IGHG3_HUMAN;sp|P01861|IGHG4_HUMAN;sp|P0DOX5|IGG1_HUMAN	0.010452962	0.9933552810135716	0.9628669981419962	106687.80982676384
VAAEDWK	1	sp|P01876|IGHA1_HUMAN;sp|P01877|IGHA2_HUMAN;sp|P0DOX2|IGA2_HUMAN	0.010452962	1.0	0.9422147358843347	66018.64761458588
KQTALVELVK	2	sp|P02768|ALBU_HUMAN	0.010452962	0.9933552810135716	0.9117758218164512	2298.3352417783663
IMGITLVSK	2	sp|Q9Y5Y7|LYVE1_HUMAN	0.010452962	1.0	0.8464887820492031	146005.2921936459
MKPVPDLVPGNFK	2	sp|P02671|FIBA_HUMAN	0.010452962	0.9866190731264982	0.8703447021170861	31615.084402724347
VLNQELR	1	sp|P05090|APOD_HUMAN	0.010452962	1.0	0.9635878737099524	97893.94805813723
NTWSILHTQGALVQGGYGHSSVYDHR	4	sp|O75882|ATRN_HUMAN	0.010452962	0.9866190731264982	0.9127885096096595	415119.1822335977
IVDLFSGLDSPAILVLVNYIFFK	4	sp|P08185|CBG_HUMAN	0.010452962	1.0	0.9444803806589722	280860.8594895866
LPGIVAEGRDDLYVSDAFHK	4	sp|P01008|ANT3_HUMAN	0.010452962	0.9866190731264982	0.7033609010856159	6464.768653701345
SASLHLPK	1	sp|P01009|A1AT_HUMAN	0.010452962	1.0	0.9117338246254976	71249.72331354796
SVTLFGESAGAASVSLHLLSPGSHSLFTR	4	sp|P06276|CHLE_HUMAN	0.010452962	0.9440873193926883	0.9172690756259095	12572.427036612104
SDVM[+15.994915]YTDWKK	3	sp|P19652|A1AG2_HUMAN	0.010452962	1.0	0.8734074580104791	5080.271104010551
MEEVEAMLLPETLK	3	sp|P01011|AACT_HUMAN	0.010452962	1.0	0.8447826892026907	325309.7793426459
VTDPQLVVTLHEK	2	sp|P09619|PGFRB_HUMAN	0.010452962	1.0	0.812842419631422	19064.26098739607
TLYSSSPR	2	sp|P05155|IC1_HUMAN	0.010452962	0.9797881705057813	0.9817122808463442	22384.29221031294
FLNVLSPR	2	sp|P17936|IBP3_HUMAN	0.010452962	0.9866190731264982	0.9276819123694781	21878.710214505478
VELAPLPSWQPVGK	2	sp|P05362|ICAM1_HUMAN	0.010452962	1.0	0.9221535241580834	711474.400777314
LSPLGEEMR	2	sp|P02647|APOA1_HUMAN	0.010452962	1.0	0.9079004304604988	111504.50333337535
KLVAASQAALGL	2	sp|P02768|ALBU_HUMAN	0.010452962	1.0	0.974239179923263	1608902.9690088392
ATEHLSTLSEK	2	sp|P02647|APOA1_HUMAN	0.010452962	0.9933552810135716	0.977468414772838	77600.48979857496
EVGTPHGIILDSVDAAFIC[+57.021465]PGSSR	4	sp|P02790|HEMO_HUMAN	0.010452962	1.0	0.8960153940027753	1291318.6186751751
DGTFPLPIGESVTVTR	2	sp|P05362|ICAM1_HUMAN	0.010452962	0.9728591838590949	0.8781677053231722	130109.3478557705
TGLEAISNHK	2	sp|Q14515|SPRL1_HUMAN	0.010452962	1.0	0.9574305406384273	181314.7245566117
TVVQPSVGAAAGPVVPPC[+57.021465]PGR	3	sp|P02765|FETUA_HUMAN	0.010452962	0.9933552810135716	0.9036257744012205	408710.3330428262
EAATNGVLLYLDK	2	sp|Q9NTU7|CBLN4_HUMAN	0.010452962	0.9933552810135716	0.8676561440670689	3616.697608793727
QEINSHVEMQTK	2	sp|P05543|THBG_HUMAN	0.010452962	0.9866190731264982	0.9085317644163861	109584.11458877428
TC[+57.021465]PKPDDLPFSTVVPLK	3	sp|P02749|APOH_HUMAN	0.010452962	1.0	0.8512699598646053	136779.21940987455
YPNC[+57.021465]AYR	2	sp|P07998|RNAS1_HUMAN	0.010452962	0.9797881705057813	0.9720587678028583	63216.20118029426
DTKTYMLAFDVNDEK	2	sp|P02763|A1AG1_HUMAN	0.010452962	1.0	0.9810414623053102	4353704.123451875
IKVTTSQDMLSIMEK	2	sp|P05155|IC1_HUMAN	0.010452962	1.0	0.9258682111598886	767173.5141584121
YNIAITAVSGGK	2	sp|P23467|PTPRB_HUMAN	0.010452962	0.9933552810135716	0.7758770666269309	6421.553088122278
ELTPEVLQEWLDELEEMMLVVHMPR	5	sp|P01008|ANT3_HUMAN	0.010452962	0.9866190731264982	0.7670471040972879	11141.736449763655
WFYIASAFR	2	sp|P02763|A1AG1_HUMAN;sp|P19652|A1AG2_HUMAN	0.010452962	0.9933552810135716	0.9877480829236047	389343.0132418271
GGGALLGDR	2	sp|P00736|C1R_HUMAN;sp|Q9NZP8|C1RL_HUMAN	0.010452962	1.0	0.9489618973932762	97421.0879333331
VTTVASHTSDSDVPSGVTEVVVK	3	sp|P10909|CLUS_HUMAN	0.010452962	0.9866190731264982	0.9348563799375511	85198.15146247049
LSSWVLLMK	2	sp|P01009|A1AT_HUMAN	0.010452962	1.0	0.9803448448486047	212262.78006928967
SGNTFRPEVHLLPPPSEELALNELVTLTC[+57.021465]LAR	5	sp|P01876|IGHA1_HUMAN;sp|P01877|IGHA2_HUMAN;sp|P0DOX2|IGA2_HUMAN	0.010452962	1.0	0.8224421206311004	142199.94316609687
NKEDC[+57.021465]VEIYIK	2	sp|P14151|LYAM1_HUMAN	0.010452962	0.9866190731264982	0.9079672505429073	131530.16237843738
WFSAGLASNSSWLR	2	sp|P41222|PTGDS_HUMAN	0.010452962	1.0	0.873754485942864	170530.4504883757
AEDTAVYYC[+57.021465]AK	2	sp|P01764|HV323_HUMAN;sp|P01768|HV330_HUMAN;sp|P0DP03|HVC05_HUMAN	0.010452962	1.0	0.872705319583327	6850.460771233454
HYYESEVLAMNFQDWATASR	4	sp|P08185|CBG_HUMAN	0.010452962	0.9797881705057813	0.8099791140146402	4454.36434845194
NALALFVLPK	2	sp|P05543|THBG_HUMAN	0.010452962	1.0	0.9931516170055624	714693.4400486904
ELISERWK	2	sp|P02790|HEMO_HUMAN	0.010452962	1.0	0.9555535664714269	199394.8842702537
ADLSGITGAR	2	sp|P01011|AACT_HUMAN	0.010452962	1.0	0.9640213290234093	754333.1928258901
DTKTYM[+15.994915]LAFDVNDEK	2	sp|P02763|A1AG1_HUMAN	0.010452962	0.9658285256870233	0.8888685576499583	44295.93600703102
KATVVYQGER	3	sp|P02749|APOH_HUMAN	0.010452962	1.0	0.9191211810933981	16283.906742186042
TEDTIFLREYQTR	2	sp|P02763|A1AG1_HUMAN;sp|P19652|A1AG2_HUMAN	0.010452962	1.0	0.9543005412917231	169330.62453045152
SDVVYTDWKK	3	sp|P02763|A1AG1_HUMAN	0.010452962	1.0	0.8447167185713346	1742.4944083616874
VWFELTQGSITK	2	sp|Q9H8L6|MMRN2_HUMAN	0.010452962	0.9866190731264982	0.9403198727492134	1262405.460717107
EWFSETFQK	2	sp|P02654|APOC1_HUMAN	0.011574074	0.9933552810135716	0.9800260025343457	531844.371682028
KMTVTDQVNC[+57.021465]PK	2	sp|P05090|APOD_HUMAN	0.010452962	0.9866190731264982	0.9344518033177085	28249.54257575005
GPGEDFR	1	sp|P41222|PTGDS_HUMAN	0.010452962	0.9586923939928679	0.7740775037807703	844.7622008719717
LFDSDPITVTVPVEVSR	2	sp|P10909|CLUS_HUMAN	0.010452962	1.0	0.9395585178789989	17825.6824396749
EHSSLAFWK	2	sp|P02749|APOH_HUMAN	0.010452962	1.0	0.9851416719346827	788814.198099361
NLMIDIQK	2	sp|Q9BY67|CADM1_HUMAN	0.010452962	1.0	0.9657794669142631	625218.2536508017
DSGSYFC[+57.021465]R	2	sp|O75015|FCG3B_HUMAN;sp|P08637|FCG3A_HUMAN	0.019058296	0.9866190731264982	0.9244626658146026	21856.51340809204
FQPTLLTLPR	3	sp|P05155|IC1_HUMAN	0.016910935	0.7510559064272662	0.8761331011054976	161.6049364188203
FNQPFIIMIFDHFTWSSLFLAR	3	sp|P08185|CBG_HUMAN	0.010452962	0.9658285256870233	0.9582256329515992	183968.83286084188
YEGGREHVAHLLFLR	2	sp|P19652|A1AG2_HUMAN	0.010452962	0.9797881705057813	0.9093908958942764	14154.802221124251
ENFLFLTPDC[+57.021465]K	2	sp|P01042|KNG1_HUMAN	0.010452962	1.0	0.9425142126275502	712275.8199938816
VLAPWITETHFK	3	sp|P23467|PTPRB_HUMAN	0.010452962	1.0	0.7417048003533616	94038.46043811414
ALGISPFHEHAEVVFTANDSGPR	3	sp|P02766|TTHY_HUMAN	0.010452962	1.0	0.9526210186289418	6229527.901466061
ITDVIPSEAINELTVLVLVNTIYFK	3	sp|P01008|ANT3_HUMAN	0.010452962	0.9658285256870233	0.8650001543487081	19459.683731332698
GKEESLDSDLYAELR	2	sp|P02775|CXCL7_HUMAN	0.010452962	1.0	0.948305309523734	4368700.155137981
LSITGTYDLK	2	sp|P01009|A1AT_HUMAN	0.010452962	1.0	0.9428812630894858	70859.64051112448
MYLGYEYVTAIR	2	sp|P02787|TRFE_HUMAN	0.010452962	1.0	0.8730552476162434	103252.60677822575
DFTC[+57.021465]VHQALK	2	sp|P05155|IC1_HUMAN	0.010452962	1.0	0.9235386819280064	15704.845470917411
SFM[+15.994915]LLILER	2	sp|P05543|THBG_HUMAN	0.010452962	1.0	0.9021377904262868	38343.96767762332
DFVQPPTK	2	sp|P01042|KNG1_HUMAN	0.010452962	0.9797881705057813	0.977039145391431	65796.95375065223
YGFIEGHVVIPR	3	sp|P16070|CD44_HUMAN	0.010452962	0.9933552810135716	0.9571603128204794	5399255.062659566
HITSLEVIK	2	sp|P02776|PLF4_HUMAN;sp|P10720|PF4V_HUMAN	0.010452962	1.0	0.979174975415404	2025969.8262929064
M[+15.994915]EEVEAM[+15.994915]LLPETLK	2	sp|P01011|AACT_HUMAN	0.010452962	1.0	0.84368772598026	196892.88505281345
DKC[+57.021465]EPLEKQHEK	3	sp|P02763|A1AG1_HUMAN;sp|P19652|A1AG2_HUMAN	0.014672686	0.888960273227615	0.8464495436356202	674.7318205477968
DLGEENFK	2	sp|P02768|ALBU_HUMAN	0.010452962	0.9866190731264982	0.9432138883396504	6106.233108454445
TAAQNLYEK	2	sp|P02655|APOC2_HUMAN	0.010452962	1.0	0.9699189665039337	2379640.8892467725
LWWLDLK	1	sp|P02790|HEMO_HUMAN	0.010452962	1.0	0.8197856951147872	117243.10821058173
ALGISPFHEHAEVVFTANDSGPRR	3	sp|P02766|TTHY_HUMAN	0.010452962	0.9866190731264982	0.9509703565324016	16837.40651876391
