peptide	charge	proteins	q_value	score	spectral_angle	20241104_OA3_Evo02_ViAl_SA_FAIMS40_IO29_A556_MOMI_ABGD_P61_E12_R01.mzML
ALGISPFHEHAEVVFTANDSGPRR	3	sp|P02766|TTHY_HUMAN	0.013513514	0.9866190731264982	0.9537846724748845	38587.58190481074
MTVSTLVLGEGATEAEISMTSTR	3	sp|P02760|AMBP_HUMAN	0.013513514	1.0	0.9486992852697539	1403217.262549863
GWVTDGFSSLK	2	sp|P02656|APOC3_HUMAN	0.013513514	0.9933552810135716	0.9630798030917115	587611.0788529988
LQQDVLQFQK	2	sp|Q8NBJ4|GOLM1_HUMAN	0.013513514	0.9933552810135716	0.9423683193551754	131883.437496915
LHMLQISYFR	2	sp|Q9UNN8|EPCR_HUMAN	0.013513514	1.0	0.8216835616565753	37511.7617748601
EPC[+57.021465]VESLVSQYFQTVTDYGK	3	sp|P02652|APOA2_HUMAN	0.013513514	0.9797881705057813	0.9474539205267786	3870169.6164436694
YTIAALLSPYSYSTTAVVTNPK	3	sp|P02766|TTHY_HUMAN	0.013513514	0.9797881705057813	0.9819878950389275	158366.78866231587
EHAVEGDC[+57.021465]DFQLLK	2	sp|P02765|FETUA_HUMAN	0.013513514	1.0	0.940476225481705	852349.0576186159
VVGLIQDLKPNTIMVLVNYIHFK	4	sp|P05543|THBG_HUMAN	0.013513514	1.0	0.932458500915859	374386.99201672047
TLMFGSYLDDEK	2	sp|P19652|A1AG2_HUMAN	0.013513514	0.9866190731264982	0.9582290702803549	3515845.376063652
VPTVEPLDSLTLFLFR	3	sp|P13598|ICAM2_HUMAN	0.013513514	0.9658285256870233	0.9558872594195459	117996.72425470495
RYTIAALLSPYSYSTTAVVTNPK	4	sp|P02766|TTHY_HUMAN	0.013513514	1.0	0.9362343842497526	32951.676081459744
FNQPFIIM[+15.994915]IFDHFTWSSLFLAR	3	sp|P08185|CBG_HUMAN	0.013513514	0.9658285256870233	0.9637757967430968	11640.610038796363
SPLFMGK	2	sp|P01009|A1AT_HUMAN	0.013513514	0.9728591838590949	0.9388947766006753	41739.28125387529
ILGGHLDAK	1	sp|P00738|HPT_HUMAN;sp|P00739|HPTR_HUMAN	0.013513514	0.9797881705057813	0.9283242745333997	9788.102589334496
YVGGQEHFAHLLILRDTK	4	sp|P02763|A1AG1_HUMAN	0.013513514	0.9933552810135716	0.9917311532740954	17540.49541170438
LFDSDPITVTVPVEVSRK	3	sp|P10909|CLUS_HUMAN	0.013513514	1.0	0.8641653038634423	56391.75766547419
LGFTDLFSK	2	sp|P29622|KAIN_HUMAN	0.013513514	1.0	0.8228205178190188	39468.620070687415
SSNTYTLTDVR	2	sp|Q13740|CD166_HUMAN	0.013513514	1.0	0.9500779934998046	11010.600741116452
GDSVVYGLR	2	sp|P10451|OSTP_HUMAN	0.013513514	1.0	0.9350699006577888	34387.753885425846
DEGTAFLVYGAPGFSK	2	sp|P06276|CHLE_HUMAN	0.013513514	1.0	0.8933262864294678	964110.3962387879
MQILEGLGLNLQK	2	sp|P05154|IPSP_HUMAN	0.013513514	1.0	0.8891487399271196	37721.939960662356
FNWYVDGVEVHNAK	3	sp|P01857|IGHG1_HUMAN;sp|P0DOX5|IGG1_HUMAN	0.013513514	1.0	0.9046290919647731	127256.99033909675
TQSGLQSYLLQFHGLVR	3	sp|Q9UNN8|EPCR_HUMAN	0.0154639175	0.9290085173289965	0.8920304175806247	26123.641203551408
TSLTVVLLR	2	sp|P32942|ICAM3_HUMAN	0.013513514	1.0	0.9042515768794722	254928.99083063786
ITLLSALVETR	2	sp|P01011|AACT_HUMAN	0.013513514	1.0	0.9760100155110758	337230.8703389756
KGEVLPLPEANFPSFPLPHHK	4	sp|P04196|HRG_HUMAN	0.013513514	0.9933552810135716	0.9215747504372432	256421.41049030458
FPVFMGR	2	sp|P05155|IC1_HUMAN	0.013513514	1.0	0.7712582189799148	154385.0861416715
C[+57.021465]AGQQQDIR	2	sp|P27918|PROP_HUMAN	0.013513514	1.0	0.88346079209376	14298.252730972892
VQLTGEPVPMAR	3	sp|P15151|PVR_HUMAN	0.013513514	1.0	0.8127623778161519	1884.6293844586821
DYWSTVK	2	sp|P02656|APOC3_HUMAN	0.013513514	0.9658285256870233	0.9759354593702279	31035.73788392683
HGGLFHENMR	2	sp|Q02985|FHR3_HUMAN	0.013513514	1.0	0.9032100582151236	71038.9095296383
KAADDTWEPFASGK	2	sp|P02766|TTHY_HUMAN	0.013513514	1.0	0.8392966957573575	284932.6568853675
MADEAGSEADHEGTHSTK	2	sp|P02671|FIBA_HUMAN	0.0154639175	0.9290085173289965	0.7455061433361906	95.35486985108226
QIQVFEDEPAR	2	sp|Q9NPH3|IL1AP_HUMAN	0.013513514	1.0	0.7909778061737434	76045.27845748501
VTSIQDWVQK	2	sp|P00738|HPT_HUMAN	0.013513514	0.9933552810135716	0.9756063137686795	224504.61870652525
LQHLENELTHDIITK	2	sp|P01009|A1AT_HUMAN	0.013513514	0.9658285256870233	0.8711399932874747	208166.90961219353
GVLHNEVK	2	sp|Q92954|PRG4_HUMAN	0.013513514	0.9797881705057813	0.9718646967539679	44276.03622400998
LILVDYILFK	2	sp|Q9UK55|ZPI_HUMAN	0.013513514	1.0	0.8813397194908227	14354.072392105349
LDELRDEGK	2	sp|P02768|ALBU_HUMAN	0.013513514	1.0	0.9849779306360701	109917.65391665569
TFTC[+57.021465]TAAYPESK	2	sp|P01876|IGHA1_HUMAN	0.013513514	0.9933552810135716	0.963966147227976	125839.47485114002
GEVLPLPEANFPSFPLPHHK	4	sp|P04196|HRG_HUMAN	0.013513514	1.0	0.9741374132440774	499711.5727465835
MSLSSFSVNRPFLFFIFEDTTGLPLFVGSVRNPNPSAPR	5	sp|P08697|A2AP_HUMAN	0.013513514	0.9728591838590949	0.9018288712850344	58968.3063649972
QNC[+57.021465]ELFEQLGEYK	2	sp|P02768|ALBU_HUMAN	0.013513514	1.0	0.8758234888668249	374955.17174243496
EFGNTLEDK	2	sp|P02654|APOC1_HUMAN	0.013513514	0.9866190731264982	0.897776579513565	9145.210994445866
YTIAALLSPYSYSTTAVVTNPK	4	sp|P02766|TTHY_HUMAN	0.014379085	0.9514467542496609	0.8795922538310293	82038.5415076426
SISTAYLQWSSLK	2	sp|A0A0C4DH38|HV551_HUMAN;sp|A0A0J9YXX1|HV5X1_HUMAN	0.013513514	0.9866190731264982	0.9413171647231312	38666.79713190454
LLVVYPWTQR	2	sp|P02042|HBD_HUMAN;sp|P02100|HBE_HUMAN;sp|P68871|HBB_HUMAN;sp|P69891|HBG1_HUMAN;sp|P69892|HBG2_HUMAN	0.013513514	1.0	0.9278257168389032	124094.37058294915
LYLVQGTQVYVFLTK	3	sp|P02790|HEMO_HUMAN	0.013513514	0.9728591838590949	0.7762276766161113	1940.9283196358138
C[+57.021465]PNPPVQENFDVNK	2	sp|P05090|APOD_HUMAN	0.013513514	1.0	0.9389351707330995	1388167.451412473
FDTISEK	2	sp|P01008|ANT3_HUMAN	0.013513514	1.0	0.9774972655851634	348149.8255920074
GPLDQLEK	2	sp|P05546|HEP2_HUMAN	0.013513514	0.9797881705057813	0.9071906511585306	11480.581908769194
YSLTYIYTGLSK	2	sp|P25311|ZA2G_HUMAN	0.013513514	0.9933552810135716	0.9323069595611237	14327.03400331063
GEC[+57.021465]QAEGVLFFQGDR	3	sp|P02790|HEMO_HUMAN	0.014379085	0.9586923939928679	0.74016263993917	1224.030770999922
QGHNSVFLIK	3	sp|P02790|HEMO_HUMAN	0.013513514	1.0	0.9481011688048145	422899.2341700917
EIPVLVTQISSTNHPVK	3	sp|Q6UX71|PXDC2_HUMAN	0.013513514	1.0	0.9727483626614559	1415.1199253191426
VGSALFLSHNLK	3	sp|P29622|KAIN_HUMAN	0.013513514	0.9728591838590949	0.9457080664075993	11960.529954252283
SLSGTAFGGFLMFK	3	sp|Q9H8L6|MMRN2_HUMAN	0.013513514	1.0	0.8376525969959814	37330.07760659902
TRMEPFHFK	2	sp|P05155|IC1_HUMAN	0.013513514	1.0	0.711041486911755	23830.281055755564
SDVM[+15.994915]YTDWKK	2	sp|P19652|A1AG2_HUMAN	0.016731016	0.9212790999005022	0.9331138821601729	10584.805477630489
IAPQLSTEELVSLGEK	2	sp|P43652|AFAM_HUMAN	0.013513514	0.9728591838590949	0.9480941210115711	90620.50319102126
MEEVEAMLLPETLK	2	sp|P01011|AACT_HUMAN	0.013513514	1.0	0.9083143559792802	1354931.1927844498
NTWSILHTQGALVQGGYGHSSVYDHR	3	sp|O75882|ATRN_HUMAN	0.014379085	0.9586923939928679	0.9135010413666154	173903.3728079866
YYC[+57.021465]FQGNQFLR	3	sp|P02790|HEMO_HUMAN	0.017565873	0.9134157281067091	0.7325217005603218	6938.256432814009
FRIEDGFSLK	2	sp|P01008|ANT3_HUMAN	0.013513514	1.0	0.8608002662177359	290893.73342253995
GTQGKIVDLVK	3	sp|P01009|A1AT_HUMAN	0.013513514	1.0	0.8948899789033649	11968.926657339533
GDDITMVLILPKPEK	3	sp|P01008|ANT3_HUMAN	0.013513514	1.0	0.9951901042750376	1133434.0812073946
GDTFSC[+57.021465]MVGHEALPLAFTQK	3	sp|P01876|IGHA1_HUMAN	0.013513514	1.0	0.9139692662300769	747338.8265788779
HSAQPWADFTLLGAR	3	sp|Q8IYS5|OSCAR_HUMAN	0.013513514	1.0	0.9616507740790797	63031.496221166206
EQLGEFYEALDC[+57.021465]LC[+57.021465]IPR	4	sp|P19652|A1AG2_HUMAN	0.0154639175	0.9366095275687156	0.7142446651008586	11188.98594101486
VTDPQLVVTLHEK	3	sp|P09619|PGFRB_HUMAN	0.013513514	1.0	0.7579996369148583	32141.624353537372
EHVAHLLFLRDTK	4	sp|P19652|A1AG2_HUMAN	0.013513514	0.9866190731264982	0.9397390195258187	228619.64919458516
AQWANPFDPSK	2	sp|P05543|THBG_HUMAN	0.013513514	1.0	0.9447597248940239	92603.82938718305
DALSSVQESQVAQQAR	3	sp|P02656|APOC3_HUMAN	0.013513514	0.9728591838590949	0.8255715025621706	2354.4427207706403
FNKPFVFLMIEQNTK	2	sp|P01009|A1AT_HUMAN	0.013513514	1.0	0.890949137703996	58250.364760781595
GTYSTTVTGR	2	sp|P08519|APOA_HUMAN	0.013513514	0.9866190731264982	0.9643820393275597	139000.80377556753
GLPNVVTSAISLPNIR	3	sp|Q92954|PRG4_HUMAN	0.013513514	1.0	0.9352409905147323	892552.6357222956
TDTSHHDQDHPTFNK	3	sp|P01009|A1AT_HUMAN	0.013513514	0.9797881705057813	0.941553675265937	842.4046426735192
VPQVSTPTLVEVSR	2	sp|P02768|ALBU_HUMAN	0.013513514	0.9866190731264982	0.8738256451358324	54400.382929496576
IDVHWTR	2	sp|P25311|ZA2G_HUMAN	0.014379085	0.9440873193926883	0.9391568618966399	9141.424089485809
VELAPLPSWQPVGK	3	sp|P05362|ICAM1_HUMAN	0.013513514	1.0	0.7513978595144505	30592.34919544928
EIGELYLPK	2	sp|P01011|AACT_HUMAN	0.013513514	1.0	0.9771473143401354	96675.25083161531
WVQDYIK	2	sp|Q16627|CCL14_HUMAN	0.013513514	0.9866190731264982	0.9798850190798439	33616.94452136143
GWVDLFVPK	2	sp|P05543|THBG_HUMAN	0.013513514	1.0	0.965794009545811	725283.6863372653
SDVVYTDWK	2	sp|P02763|A1AG1_HUMAN	0.013513514	1.0	0.9733955965188043	460038.7535980522
IMQSSQSMSK	2	sp|O75882|ATRN_HUMAN	0.013513514	0.9866190731264982	0.9811402339275913	145382.2275736761
FSGSILGNK	2	sp|A0A075B6I0|LV861_HUMAN	0.013513514	0.9797881705057813	0.9059040764059946	2267.0698404962377
LIC[+57.021465]QATGFSPR	2	sp|P01871|IGHM_HUMAN;sp|P0DOX6|IGM_HUMAN	0.013513514	1.0	0.8796836065159748	255.36797856251283
GGVGPFSDPVK	2	sp|Q12866|MERTK_HUMAN	0.013513514	1.0	0.8422167989284146	25027.840342697193
FLEDVKK	2	sp|P01009|A1AT_HUMAN	0.013513514	1.0	0.9852248057944787	1089954.7926691622
YAASSYLSLTPEQWK	2	sp|A0M8Q6|IGLC7_HUMAN;sp|B9A064|IGLL5_HUMAN;sp|P0CF74|IGLC6_HUMAN;sp|P0CG04|IGLC1_HUMAN;sp|P0DOX8|IGL1_HUMAN;sp|P0DOY2|IGLC2_HUMAN;sp|P0DOY3|IGLC3_HUMAN	0.013513514	0.9728591838590949	0.9267553632285367	115275.96982082684
YPPTVSMVEGQGEK	2	sp|P27918|PROP_HUMAN	0.013513514	1.0	0.9624556325859442	1114108.4549266333
TC[+57.021465]PKPDDLPFSTVVPLK	2	sp|P02749|APOH_HUMAN	0.013513514	1.0	0.9075357513087999	106515.59229031304
LSSWVLLM[+15.994915]K	2	sp|P01009|A1AT_HUMAN	0.013513514	1.0	0.8642945008607893	63008.50884301506
SSEDPNEDIVER	2	sp|P01591|IGJ_HUMAN	0.013513514	0.9933552810135716	0.9587614960498614	6427.226660702439
VILPQTSDAYQVSVAK	2	sp|Q86SQ4|AGRG6_HUMAN	0.013513514	0.9728591838590949	0.8949212258573145	14869.898174368544
NWGLSFYADKPETTK	4	sp|P19652|A1AG2_HUMAN	0.014379085	0.9586923939928679	0.8163083214003225	27160.87527916891
TMLLQPAGSLGSYSYR	3	sp|P41222|PTGDS_HUMAN	0.013513514	0.9728591838590949	0.9620578197601297	194940.19562377382
ELTPEVLQEWLDELEEMMLVVHMPR	4	sp|P01008|ANT3_HUMAN	0.013513514	0.9866190731264982	0.7028414819324027	1236.1767620295586
GTHC[+57.021465]NQVEVIATLK	3	sp|P02775|CXCL7_HUMAN	0.022332506	0.8159995903747699	0.9472772007605524	39062.75419259799
SYSC[+57.021465]QVTHEGSTVEK	3	sp|B9A064|IGLL5_HUMAN;sp|P0CF74|IGLC6_HUMAN;sp|P0CG04|IGLC1_HUMAN;sp|P0DOX8|IGL1_HUMAN;sp|P0DOY2|IGLC2_HUMAN;sp|P0DOY3|IGLC3_HUMAN	0.013513514	1.0	0.9371580811475099	5542577.382661442
SSSQELGLK	2	sp|Q14515|SPRL1_HUMAN	0.013513514	0.9866190731264982	0.8833861522566634	1534.58479204071
LLDNWDSVTSTFSK	2	sp|P02647|APOA1_HUMAN	0.013513514	0.9797881705057813	0.8784003390153262	36256.58070651869
AVSISPTNVILTWK	3	sp|Q12913|PTPRJ_HUMAN	0.013513514	0.9866190731264982	0.7184274306199355	1364.2020791161644
GDLYFANVEEK	2	sp|O00533|NCHL1_HUMAN	0.013513514	1.0	0.940581190139874	7872.14021679196
YVGGQEHFAHLLILR	2	sp|P02763|A1AG1_HUMAN	0.013513514	0.9728591838590949	0.9366679557233513	432977.62852215074
FTVNNLAEPQK	2	sp|P12259|FA5_HUMAN	0.013513514	1.0	0.8439035924545973	6204.32684380526
VDGALC[+57.021465]M[+15.994915]EK	2	sp|P02790|HEMO_HUMAN	0.013513514	1.0	0.8973245406134139	62868.41433126717
ANQQLNFTEAK	2	sp|Q9Y5Y7|LYVE1_HUMAN	0.013513514	1.0	0.9534495711376965	25687.94999085396
GFGGLTGQIVAALSTAK	3	sp|Q92954|PRG4_HUMAN	0.013513514	1.0	0.8336845724964604	279933.6111127841
GGYTLVSGYPK	2	sp|P02790|HEMO_HUMAN	0.013513514	1.0	0.9664940660735909	7270379.067054344
ASFHIPQVQVR	3	sp|Q9BQ51|PD1L2_HUMAN	0.013513514	1.0	0.8404356568769153	74358.83615467769
TFYEPGEEITYSC[+57.021465]KPGYVSR	3	sp|P02749|APOH_HUMAN	0.013513514	1.0	0.9543268666239422	219631.21487909422
LLIYDASNR	2	sp|A0A0A0MRZ8|KVD11_HUMAN;sp|P04433|KV311_HUMAN	0.013513514	1.0	0.8745221369947667	38412.8753300675
NKEDC[+57.021465]VEIYIK	3	sp|P14151|LYAM1_HUMAN	0.0154639175	0.9366095275687156	0.8536309684113065	2122.401884000274
WELLQQVDTSTR	2	sp|P04264|K2C1_HUMAN	0.013513514	1.0	0.820445140583445	79651.29803517449
EHVAHLLFLRDTK	3	sp|P19652|A1AG2_HUMAN	0.013513514	0.9866190731264982	0.9770485272515143	84327.68051494237
QLVEIEK	1	sp|P00738|HPT_HUMAN;sp|P00739|HPTR_HUMAN	0.014379085	0.9514467542496609	0.7423072923844066	977.9149037954254
RLGMFNIQHC[+57.021465]K	2	sp|P01009|A1AT_HUMAN	0.013513514	0.9797881705057813	0.9417649021233105	78942.19890687695
TYLPAVDEK	2	sp|P02655|APOC2_HUMAN	0.013513514	1.0	0.9959264984919964	178437.1788624394
SAGSVESPSVSSTHR	3	sp|P17936|IBP3_HUMAN	0.013513514	0.9866190731264982	0.919969179597139	42443.79843343875
ADGESC[+57.021465]SASMMYQEGK	2	sp|P01008|ANT3_HUMAN	0.013513514	1.0	0.9400175335815736	1181281.4807807163
DSGPYSC[+57.021465]SVNVQDK	2	sp|Q96AP7|ESAM_HUMAN	0.013513514	0.9797881705057813	0.8964585341940547	6295.112192608087
ESLLNHFLYEVAR	3	sp|P43652|AFAM_HUMAN	0.013513514	1.0	0.8350776236042275	19143.496943086964
SKPAVQYQWDR	2	sp|Q96AP7|ESAM_HUMAN	0.013513514	1.0	0.9427765006766365	11445.610579476952
IPKSDVVYTDWK	2	sp|P02763|A1AG1_HUMAN	0.013513514	1.0	0.8634121023190116	202745.93806348124
MREWFSETFQK	2	sp|P02654|APOC1_HUMAN	0.013513514	1.0	0.9867797894103542	1595897.9612344203
EMEDTLNHLK	3	sp|P17936|IBP3_HUMAN	0.013513514	1.0	0.8268928599957115	36731.89724030491
AVLTIDEK	1	sp|P01009|A1AT_HUMAN	0.013513514	0.9728591838590949	0.9354566125947095	1743.2428261754485
QGLLPVLESFK	2	sp|P02647|APOA1_HUMAN	0.013513514	1.0	0.8695793602337627	16275.984872113499
GGEGTGYFVDFSVR	2	sp|P04196|HRG_HUMAN	0.013513514	1.0	0.9116402849524512	768013.7031828915
NPDAVAAPYC[+57.021465]YTR	2	sp|P08519|APOA_HUMAN	0.013513514	1.0	0.8827177370323296	51665.27547277819
NSLYLQMNSLR	2	sp|A0A0B4J1V1|HV321_HUMAN;sp|A0A0B4J1X8|HV343_HUMAN;sp|A0A0C4DH32|HV320_HUMAN;sp|P01762|HV311_HUMAN;sp|P01763|HV348_HUMAN;sp|P01766|HV313_HUMAN;sp|P01780|HV307_HUMAN;sp|P01782|HV309_HUMAN;sp|P0DP04|HV43D_HUMAN	0.013513514	1.0	0.8655307969557535	1189.207195032382
TYFPHFDLSHGSAQVK	4	sp|P69905|HBA_HUMAN	0.013513514	0.9797881705057813	0.8503954570691789	42441.220979045655
IHLMAGR	2	sp|Q5T013|HYI_HUMAN	0.013513514	1.0	0.9619963184415713	110839.56589133864
VITEPIPVSDLR	2	sp|Q12913|PTPRJ_HUMAN	0.013513514	1.0	0.9460483965722474	32795.79029926165
KATVVYQGER	2	sp|P02749|APOH_HUMAN	0.013513514	1.0	0.9069868531692806	69906.95413134646
AGALQLLLVGDK	2	sp|P55058|PLTP_HUMAN	0.013513514	0.9933552810135716	0.9790512726655906	25883.3664688656
DTEEEDFHVDQVTTVK	2	sp|P01009|A1AT_HUMAN	0.013513514	1.0	0.9432013810974947	25564104.528259467
ALSIGFETC[+57.021465]R	2	sp|P16070|CD44_HUMAN	0.013513514	1.0	0.9682432532747357	404923.643030159
WKNFPSPVDAAFR	3	sp|P02790|HEMO_HUMAN	0.013513514	0.9866190731264982	0.823962369370864	834.8310660183822
EMEVLHLR	2	sp|P11362|FGFR1_HUMAN	0.013513514	1.0	0.9322967533223961	224866.48181601716
ATVVYQGER	2	sp|P02749|APOH_HUMAN	0.013513514	0.9866190731264982	0.9742983052111281	379669.3119774382
YNSQNQSNNQFVLYR	2	sp|P01042|KNG1_HUMAN	0.013513514	0.9658285256870233	0.9394026276127901	380760.25675444293
EQLSLLDR	1	sp|P01011|AACT_HUMAN	0.013513514	1.0	0.7242532707078823	13192.473085965401
DYVSQFEGSALGK	2	sp|P02647|APOA1_HUMAN	0.013513514	0.9933552810135716	0.9575135253941969	145271.61807427098
IDSLLENDR	2	sp|P10909|CLUS_HUMAN	0.013513514	1.0	0.9743294792002376	556177.1427051234
VPLQQNFQDNQFQGK	2	sp|P80188|NGAL_HUMAN	0.013513514	1.0	0.860502217387566	799288.9279330056
TM[+15.994915]LLQPAGSLGSYSYR	2	sp|P41222|PTGDS_HUMAN	0.013513514	1.0	0.9440101720476547	1535960.0715137653
HPDEAAFFDTASTGK	2	sp|P02671|FIBA_HUMAN	0.014379085	0.9514467542496609	0.8617626119580346	5988.915022964136
EHVAHLLFLR	2	sp|P19652|A1AG2_HUMAN	0.013513514	0.9728591838590949	0.8470635019225548	23203.10812296446
AHLDIAGSLEGHLR	3	sp|P04114|APOB_HUMAN	0.013513514	0.9866190731264982	0.8005643788090113	2592.566582383304
YFHHNSDFHIPK	4	sp|O75015|FCG3B_HUMAN	0.013513514	1.0	0.9617450783743405	2055779.7164779804
SKEQLTPLIK	2	sp|P02652|APOA2_HUMAN	0.017565873	0.8804971228634604	0.8364086189970251	59.62739715806618
MSSINADFAFNLYR	2	sp|P05543|THBG_HUMAN	0.02850062	1.0	0.9537556829325242	3461765.4829868088
NLAVSQVVHK	2	sp|P01011|AACT_HUMAN	0.013513514	1.0	0.9682586516992234	1783051.5069250844
IMGITLVSKK	2	sp|Q9Y5Y7|LYVE1_HUMAN	0.013513514	1.0	0.9505294984498955	100351.54039234103
RDPPQYPVVPVHLDR	3	sp|P10153|RNAS2_HUMAN	0.014379085	0.9514467542496609	0.8708461459930726	1475.0101932976509
FYNIGDQR	2	sp|Q7Z7G0|TARSH_HUMAN	0.013513514	1.0	0.8971993184801703	48176.391952212354
TVAAC[+57.021465]NLPIVR	3	sp|P02760|AMBP_HUMAN	0.013513514	0.9933552810135716	0.7736589371006484	8741.888652529417
GILTVDELLAIR	3	sp|P13473|LAMP2_HUMAN	0.013513514	1.0	0.8739233816637291	6601.623780617229
QQLQALSEPQPR	2	sp|Q8NBJ4|GOLM1_HUMAN	0.022332506	0.8258516653955662	0.8448457034146217	16331.426058138331
ETYGEMADC[+57.021465]C[+57.021465]AK	2	sp|P02768|ALBU_HUMAN	0.013513514	1.0	0.9156059846160421	16748.497893488922
LLIYDNNK	2	sp|P01701|LV151_HUMAN	0.013513514	0.9866190731264982	0.971848948966224	13312.346504837798
NDNDNIFLSPLSISTAFAMTK	3	sp|P01008|ANT3_HUMAN	0.014379085	0.9440873193926883	0.9506457774721507	314794.8163480442
TEGDGVYTLNDK	2	sp|P00738|HPT_HUMAN;sp|P00739|HPTR_HUMAN	0.013513514	1.0	0.9604957784938919	116074.65435351213
LLIYGASTR	2	sp|A0A075B6H7|KV37_HUMAN;sp|A0A0C4DH55|KVD07_HUMAN;sp|P01624|KV315_HUMAN	0.013513514	0.9866190731264982	0.9461677432246067	20668.392477622907
FIVLSNNYLQIR	2	sp|P13591|NCAM1_HUMAN	0.013513514	1.0	0.9742002042274969	279724.8849858846
NEC[+57.021465]FLQHK	2	sp|P02768|ALBU_HUMAN	0.013513514	1.0	0.8809623171895049	46452.159273013254
DFVQPPTK	1	sp|P01042|KNG1_HUMAN	0.013513514	0.9797881705057813	0.9521498674638793	7764.25507358778
EQLGEFYEALDC[+57.021465]LR	3	sp|P02763|A1AG1_HUMAN	0.013513514	0.9728591838590949	0.9393815531078153	833472.6666967206
SSEPTEDVEPK	2	sp|O43493|TGON2_HUMAN	0.013513514	1.0	0.902332237739115	4244.258271959591
LWWLDLK	2	sp|P02790|HEMO_HUMAN	0.013513514	1.0	0.9127321300365381	212793.6645133799
VYSTSVTGSR	2	sp|Q9H299|SH3L3_HUMAN	0.013513514	1.0	0.954985699518669	27619.322383886818
WLQGSQELPR	2	sp|P01876|IGHA1_HUMAN;sp|P01877|IGHA2_HUMAN;sp|P0DOX2|IGA2_HUMAN	0.013513514	0.9933552810135716	0.9769276281769758	693034.8646168284
SISC[+57.021465]QEIPGQQSR	2	sp|P27918|PROP_HUMAN	0.013513514	1.0	0.9489758495992152	1440494.4704272985
TLLDIDNTR	2	sp|P35527|K1C9_HUMAN	0.013513514	1.0	0.7058293209075367	18720.859906234422
TSDQIHFFFAK	3	sp|P01008|ANT3_HUMAN	0.013513514	0.9933552810135716	0.9713904600255211	245483.3871412227
SSTTKPPFKPHGSR	4	sp|P04196|HRG_HUMAN	0.013513514	1.0	0.8278784284778697	42616.92031127895
GTQEQDFYVTSETVVR	3	sp|P05154|IPSP_HUMAN	0.013513514	0.9658285256870233	0.7857563008829338	3368.412933347383
DKC[+57.021465]EPLEKQHEK	2	sp|P02763|A1AG1_HUMAN;sp|P19652|A1AG2_HUMAN	0.018773466	0.8718655118414741	0.8413772311960529	1416.1239176345916
STAAMSTYTGIFTDQVLSVLK	3	sp|P02655|APOC2_HUMAN	0.013513514	1.0	0.9270322593148043	1762757.9342073214
SAVQGPPER	2	sp|P01876|IGHA1_HUMAN;sp|P01877|IGHA2_HUMAN	0.013513514	0.9866190731264982	0.9240979331940802	520.9518769593349
TEGDGVYTLNNEK	2	sp|P00738|HPT_HUMAN	0.013513514	1.0	0.9614216505256674	920027.751993784
NSVIKVPMMNSK	2	sp|P05155|IC1_HUMAN	0.013513514	0.9933552810135716	0.9433908920491308	130044.57474153499
ALDLINK	2	sp|P04196|HRG_HUMAN	0.013513514	0.9728591838590949	0.9496794191172077	32641.957689184765
SGTASEMGTER	2	sp|Q9ULI3|HEG1_HUMAN	0.013513514	0.9866190731264982	0.966454193992165	13772.500832734133
DIPMNPMC[+57.021465]IYR	2	sp|P01008|ANT3_HUMAN	0.013513514	0.9933552810135716	0.9752004408278364	6624.064120172961
ASVSVTAEDEGTQR	2	sp|P05362|ICAM1_HUMAN	0.013513514	1.0	0.9908526302887216	49595.370704067755
VPTVEPLDSLTLFLFR	2	sp|P13598|ICAM2_HUMAN	0.013513514	0.9658285256870233	0.9574437422776166	1818533.2294880063
RYTIAALLSPYSYSTTAVVTNPK	3	sp|P02766|TTHY_HUMAN	0.013513514	1.0	0.9604297204841536	564709.9304457272
ESGTDDFNVWIGLHDPK	3	sp|P05451|REG1A_HUMAN	0.013513514	1.0	0.9100142285583931	27803.97299041901
AFLEVNEEGSEAAASTAVVIAGR	3	sp|P01008|ANT3_HUMAN	0.013513514	0.9866190731264982	0.8617858550982375	54018.36025168659
SVDIWLR	1	sp|P15151|PVR_HUMAN	0.0154639175	0.9797881705057813	0.8391750374997337	912.5564465217288
VLNQELR	2	sp|P05090|APOD_HUMAN	0.013513514	1.0	0.9832381588124736	796021.4534018991
KGEVLPLPEANFPSFPLPHHK	5	sp|P04196|HRG_HUMAN	0.013513514	0.9933552810135716	0.8352496404290021	18648.508647750125
LPGIVAEGRDDLYVSDAFHK	3	sp|P01008|ANT3_HUMAN	0.013513514	0.9866190731264982	0.9201207088402569	58664.69635589928
DLDSQTMMVLVNYIFFK	3	sp|P01011|AACT_HUMAN	0.013513514	1.0	0.8165796203640212	13312.750678278935
FLENEDR	1	sp|P01009|A1AT_HUMAN	0.013513514	0.9797881705057813	0.7362677046033942	1439.0629747061914
LYIEYGIQR	2	sp|Q9NPH3|IL1AP_HUMAN	0.013513514	1.0	0.9725722776816988	123273.44825538766
HTFM[+15.994915]GVVSLGSPSGEVSHPR	4	sp|P02765|FETUA_HUMAN	0.013513514	0.9933552810135716	0.8066476414400725	2844.240332709075
ALGISPFHEHAEVVFTANDSGPR	5	sp|P02766|TTHY_HUMAN	0.013513514	1.0	0.8809989457182535	247404.4624414226
EISDGDVIISGNK	2	sp|P00533|EGFR_HUMAN	0.013513514	0.9933552810135716	0.9042042336595516	5896.6263860214485
VQPYLDDFQK	2	sp|P02647|APOA1_HUMAN	0.013513514	1.0	0.9551387372846071	457811.9111256985
SSAEAQTPEDTPNK	2	sp|O43493|TGON2_HUMAN	0.013513514	1.0	0.9435119028986289	54740.9280217065
C[+57.021465]SPHLVLSALTSDNHGATYAFSGTHYWR	5	sp|P02790|HEMO_HUMAN	0.013513514	0.9797881705057813	0.8576652389276137	312707.2328806646
TFTDKWEDYPK	2	sp|P10721|KIT_HUMAN	0.013513514	1.0	0.858901998544949	58093.896095179196
MADEAGSEADHEGTHSTK	3	sp|P02671|FIBA_HUMAN	0.013513514	1.0	0.9953384970778202	1198.0820475298249
SGAQATWTELPWPHEK	2	sp|P02790|HEMO_HUMAN	0.013513514	1.0	0.7952511521452229	357157.2300644028
DNPMYYC[+57.021465]NK	2	sp|O75882|ATRN_HUMAN	0.013513514	0.9933552810135716	0.9899232336300868	13463.050077858661
LGMFNIQHC[+57.021465]K	3	sp|P01009|A1AT_HUMAN	0.013513514	0.9933552810135716	0.9710364978314797	106063.451178182
ADGNQLTLEER	2	sp|Q6YHK3|CD109_HUMAN	0.013513514	1.0	0.911158382678498	860.9225048429361
FLSTLTIDGVTR	2	sp|P35968|VGFR2_HUMAN	0.013513514	1.0	0.7994173648622063	26460.73270415092
ALGISPFHEHAEVVFTANDSGPRR	5	sp|P02766|TTHY_HUMAN	0.013513514	0.9866190731264982	0.9201605162684403	93717.47781683448
AADDTWEPFASGK	2	sp|P02766|TTHY_HUMAN	0.013513514	0.9933552810135716	0.9866605180047017	162202.90212041128
SGTSASLAISGLR	2	sp|P01700|LV147_HUMAN	0.013513514	1.0	0.8950343703668543	29222.369578132042
TAFQEALDAAGDK	2	sp|P10599|THIO_HUMAN	0.013513514	0.9933552810135716	0.753110194990929	16254.831850464974
DSTYSLSSTLTLSK	2	sp|P01834|IGKC_HUMAN;sp|P0DOX7|IGK_HUMAN	0.013513514	1.0	0.8694930162403718	201293.860174882
IC[+57.021465]LDLQAPLYK	2	sp|P02776|PLF4_HUMAN	0.013513514	1.0	0.9881250639979884	400319.3580610932
HTFMGVVSLGSPSGEVSHPR	4	sp|P02765|FETUA_HUMAN	0.013513514	0.9933552810135716	0.9324775470925485	427526.235949332
LAIPQQSDFHNNR	2	sp|P07333|CSF1R_HUMAN	0.013513514	0.9797881705057813	0.9047115161528365	5704.196921771247
LTLTPWVGLR	2	sp|O75882|ATRN_HUMAN	0.013513514	1.0	0.9831404358920389	526012.9921381462
HTLNQIDEVK	2	sp|P02765|FETUA_HUMAN	0.013513514	0.9933552810135716	0.9512437187348828	334581.80780221685
ESTLHLVLR	2	sp|P0CG47|UBB_HUMAN;sp|P0CG48|UBC_HUMAN;sp|P62979|RS27A_HUMAN;sp|P62987|RL40_HUMAN	0.013513514	1.0	0.9072081041808879	167409.06196502177
TIYEYHR	2	sp|Q6UX71|PXDC2_HUMAN	0.013513514	1.0	0.8478582285616906	140186.77130405538
EQLTPLIKK	2	sp|P02652|APOA2_HUMAN	0.013513514	1.0	0.9539244169745988	432176.30623091164
QGHNSVFLIK	2	sp|P02790|HEMO_HUMAN	0.013513514	1.0	0.9586702993974526	55684.63719936155
VNVDEVGGEALGR	2	sp|P68871|HBB_HUMAN	0.013513514	1.0	0.9140731589462336	13370.144007940182
VTTPDTSTTQHNK	2	sp|Q92954|PRG4_HUMAN	0.013513514	1.0	0.9228902681750631	37271.43409463462
SC[+57.021465]ALDQNC[+57.021465]QWEPR	2	sp|O75882|ATRN_HUMAN	0.013513514	1.0	0.925178533986496	183870.8612329418
LTC[+57.021465]LQNLK	2	sp|P08174|DAF_HUMAN	0.013513514	0.9866190731264982	0.8868581806587504	2249.178521476211
QVILTLQPTLVAVGK	2	sp|P13598|ICAM2_HUMAN	0.013513514	1.0	0.9304475110831921	613764.0387368639
LYLVQGTQVYVFLTK	2	sp|P02790|HEMO_HUMAN	0.013513514	0.9728591838590949	0.9635044018536763	28373.735466942326
EQYAVVGHSAHIVTLK	2	sp|O75882|ATRN_HUMAN	0.013513514	1.0	0.8080418100827126	25624.467412883503
NWGLSVYADKPETTK	3	sp|P02763|A1AG1_HUMAN	0.013513514	1.0	0.7721389042035841	130939.83655634266
FRIEDGFSLK	3	sp|P01008|ANT3_HUMAN	0.013513514	1.0	0.9734293477957002	4127027.518252209
GDPLGTEGGLDASNTER	2	sp|Q12913|PTPRJ_HUMAN	0.013513514	0.9728591838590949	0.9312490178877678	82423.3024923618
GDDITMVLILPKPEK	2	sp|P01008|ANT3_HUMAN	0.013513514	1.0	0.9102177507236859	62677.26326579394
LGNQEPGGQTALK	2	sp|P08697|A2AP_HUMAN	0.013513514	1.0	0.9591541455203489	1310.6291396413412
GLYDVVSVLR	2	sp|O75144|ICOSL_HUMAN	0.013513514	0.9933552810135716	0.9867571119695141	9396.543800334766
AQSQLVAGIK	2	sp|Q15828|CYTM_HUMAN	0.013513514	1.0	0.9042160949340196	97102.69300076913
ETPAATEAPSSTPK	2	sp|P80723|BASP1_HUMAN	0.013513514	0.9933552810135716	0.9391595648776727	19112.4296549313
AGVETTTPSK	2	sp|P0DOY2|IGLC2_HUMAN;sp|P0DOY3|IGLC3_HUMAN	0.013513514	0.9866190731264982	0.9980231256386287	10107.46515494376
LLIYWASTR	2	sp|P06312|KV401_HUMAN	0.013513514	0.9933552810135716	0.956826833423531	28316.514103538277
DGNPFYFTDHR	3	sp|O00533|NCHL1_HUMAN	0.013513514	0.9797881705057813	0.8117347706801067	8457.304717197589
FNKPFVFLMIEQNTK	3	sp|P01009|A1AT_HUMAN	0.013513514	1.0	0.9563434209579789	90915.66121478338
HYYESEVLAMNFQDWATASR	3	sp|P08185|CBG_HUMAN	0.013513514	0.9797881705057813	0.9510787290494201	232244.22860456654
IILEDENDAMADADR	2	sp|Q9BUN1|MENT_HUMAN	0.013513514	0.9728591838590949	0.9079258621291845	18480.678797219316
TDTSHHDQDHPTFNK	4	sp|P01009|A1AT_HUMAN	0.013513514	0.9797881705057813	0.9286767643461072	125098.68925776369
LYHSEAFTVNFGDTEEAKK	3	sp|P01009|A1AT_HUMAN	0.013513514	1.0	0.9061175855721862	278641.25123496866
SGVQQLIQYYQDQK	2	sp|Q13790|APOF_HUMAN	0.017565873	0.897262926642552	0.89438393108185	97065.34643057022
GLPNVVTSAISLPNIR	2	sp|Q92954|PRG4_HUMAN	0.013513514	1.0	0.912567865120455	484537.57390842115
QVVAGLNFR	2	sp|P01042|KNG1_HUMAN	0.013513514	1.0	0.9887933351191477	520572.8058222349
TLTLLSVTR	2	sp|P06731|CEAM5_HUMAN;sp|P13688|CEAM1_HUMAN;sp|P31997|CEAM8_HUMAN	0.013513514	1.0	0.9510855324205502	60743.38932945673
VTMQNLNDR	2	sp|P02533|K1C14_HUMAN;sp|P08779|K1C16_HUMAN;sp|P13645|K1C10_HUMAN;sp|Q7Z3Y7|K1C28_HUMAN;sp|Q7Z3Y8|K1C27_HUMAN;sp|Q7Z3Y9|K1C26_HUMAN;sp|Q7Z3Z0|K1C25_HUMAN	0.016731016	1.0	0.8854629047952423	16245.800018612028
EDMSEPQEK	2	sp|Q14515|SPRL1_HUMAN	0.013513514	1.0	0.899986475294001	10734.667548688336
SEILAHWSPAK	3	sp|P04114|APOB_HUMAN	0.013513514	1.0	0.8669638596545397	45168.73542595691
DYFMPC[+57.021465]PGR	2	sp|P02790|HEMO_HUMAN	0.013513514	1.0	0.9599747359882347	14200652.931689505
GPMFELLPGESNK	2	sp|P10124|SRGN_HUMAN	0.013513514	0.9866190731264982	0.9873066266943393	149335.66400973947
ANRPFLVFIR	3	sp|P01008|ANT3_HUMAN	0.013513514	0.9728591838590949	0.9755978886215991	481264.97968499805
GIYSFNFHVVK	3	sp|P23435|CBLN1_HUMAN	0.013513514	1.0	0.9032612163542482	13871.329220417023
VEIDTKSYWK	2	sp|P02766|TTHY_HUMAN	0.013513514	1.0	0.9733114222534658	185464.9946464021
GPALTTPK	2	sp|Q92954|PRG4_HUMAN	0.013513514	0.9728591838590949	0.9941717263230371	23496.08993555932
DASGVTFTWTPSSGK	2	sp|P01876|IGHA1_HUMAN	0.013513514	0.9866190731264982	0.9474751611340116	16308.617299832222
FLASVSTVLTSK	2	sp|P69905|HBA_HUMAN	0.013513514	1.0	0.8276849107211517	8910.064592351682
GLGELQELYLK	2	sp|P07359|GP1BA_HUMAN	0.013513514	1.0	0.947357877574572	72963.54435227938
FKLDDDLEHQGGHVLDHGHK	6	sp|P01042|KNG1_HUMAN	0.013513514	0.9866190731264982	0.879957152599553	7215.466347407311
EGEEFTVTC[+57.021465]TIK	2	sp|P10721|KIT_HUMAN	0.013513514	0.9933552810135716	0.9062412192099883	1658.6400845208773
TMLLQPAGSLGSYSYR	2	sp|P41222|PTGDS_HUMAN	0.013513514	0.9728591838590949	0.9476729990489696	1678683.9117002534
LPTDSELAPR	2	sp|P49908|SEPP1_HUMAN	0.013513514	1.0	0.8701626564564691	31258.6334402394
GTHC[+57.021465]NQVEVIATLK	2	sp|P02775|CXCL7_HUMAN	0.013513514	0.9797881705057813	0.9571878008710868	89045.40398788842
SDVVYTDWKKDK	2	sp|P02763|A1AG1_HUMAN	0.013513514	0.9866190731264982	0.9307955608927803	26487.504800594717
SSIGLINEK	2	sp|Q8TDL5|BPIB1_HUMAN	0.013513514	1.0	0.8880071176234647	17830.437251530155
QDQC[+57.021465]IYNTTYLNVQR	3	sp|P02763|A1AG1_HUMAN	0.013513514	1.0	0.9530336933180429	204440.82644324808
VGYVSGWGR	2	sp|P00738|HPT_HUMAN	0.013513514	1.0	0.9729958997347211	75132.44925209325
GGNIFHK	2	sp|P13598|ICAM2_HUMAN	0.013513514	1.0	0.9422695543148043	244304.7685262691
AVSISPTNVILTWK	2	sp|Q12913|PTPRJ_HUMAN	0.013513514	0.9866190731264982	0.9477814516583197	69050.91728819595
VYIASSSGSTAIK	2	sp|O75368|SH3L1_HUMAN	0.013513514	1.0	0.8294304405775615	7159.959756012363
YVGGQEHFAHLLILR	3	sp|P02763|A1AG1_HUMAN	0.013513514	0.9728591838590949	0.9332456705611692	314204.70383865986
LREQLGPVTQEFWDNLEK	3	sp|P02647|APOA1_HUMAN	0.013513514	0.9866190731264982	0.9596668137691858	38941.60884748508
AVMDDFAAFVEK	3	sp|P02768|ALBU_HUMAN	0.013513514	0.9797881705057813	0.9123760162364067	12113.20514547581
SDVMYTDWK	2	sp|P19652|A1AG2_HUMAN	0.013513514	1.0	0.9870164416561263	165309.27069007547
EESLDSDLYAELR	2	sp|P02775|CXCL7_HUMAN	0.013513514	0.9797881705057813	0.8991850215568271	70906.4324616627
ASFHIPQVQVR	2	sp|Q9BQ51|PD1L2_HUMAN	0.013513514	1.0	0.8820022509686016	25060.73056438252
QISNLQQSISDAEQR	2	sp|P04264|K2C1_HUMAN	0.013513514	0.9728591838590949	0.9923337413415652	15825.681008010322
YIC[+57.021465]ENQDSISSK	2	sp|P02768|ALBU_HUMAN	0.013513514	0.9866190731264982	0.968332810989896	109458.00441926
SEAYNTFSER	2	sp|P12259|FA5_HUMAN	0.013513514	0.9933552810135716	0.8641091175486437	7232.69518087382
GGSTSYGTGSETESPR	2	sp|P02671|FIBA_HUMAN	0.013513514	0.9797881705057813	0.9468856576904917	64843.13619034604
SYPGLTSYLVR	2	sp|P80188|NGAL_HUMAN	0.013513514	1.0	0.9248197763516645	32081.012894589832
VIVVSMNYR	2	sp|P06276|CHLE_HUMAN	0.013513514	1.0	0.9707729684689309	148004.29715869183
MTVTDQVNC[+57.021465]PK	2	sp|P05090|APOD_HUMAN	0.013513514	1.0	0.9931945086681077	37931.28018309896
EHVAHLLFLRDTK	2	sp|P19652|A1AG2_HUMAN	0.013513514	0.9866190731264982	0.9735331377353127	134487.52445490254
AVLHIGEK	2	sp|P05543|THBG_HUMAN	0.013513514	1.0	0.985625855450713	1204893.925883737
RLGMFNIQHC[+57.021465]K	3	sp|P01009|A1AT_HUMAN	0.013513514	0.9797881705057813	0.9752826188209098	193579.1088643239
VVAGVANALAHK	3	sp|P02042|HBD_HUMAN;sp|P68871|HBB_HUMAN	0.013513514	1.0	0.9394146867833686	47510.269768415244
DM[+15.994915]PASEDLQDLQK	2	sp|P49908|SEPP1_HUMAN	0.013513514	0.9866190731264982	0.7443299829670119	8027.537483744609
EENFYVDETTVVK	2	sp|P08185|CBG_HUMAN	0.013513514	0.9797881705057813	0.9471787624653332	5347854.971114321
SAGSVESPSVSSTHR	2	sp|P17936|IBP3_HUMAN	0.013513514	0.9866190731264982	0.9497118851269883	16807.39828860531
EFTPPVQAAYQK	2	sp|P68871|HBB_HUMAN	0.013513514	1.0	0.9706218054591363	71425.10469494284
EVGTPHGIILDSVDAAFIC[+57.021465]PGSSR	3	sp|P02790|HEMO_HUMAN	0.013513514	1.0	0.9308665791729616	10966251.817641178
DGYLFQLLR	2	sp|P04196|HRG_HUMAN	0.013513514	0.9866190731264982	0.9439013248982792	21635.323874926675
NFPSPVDAAFR	2	sp|P02790|HEMO_HUMAN	0.013513514	1.0	0.9521303430886442	1078260.1372824025
AEDTAVYYC[+57.021465]AR	2	sp|A0A0B4J1V1|HV321_HUMAN;sp|A0A0B4J1X5|HV374_HUMAN;sp|A0A0C4DH42|HV366_HUMAN;sp|A0A0J9YVY3|HV741_HUMAN;sp|P01762|HV311_HUMAN;sp|P01763|HV348_HUMAN;sp|P01767|HV353_HUMAN;sp|P01772|HV333_HUMAN;sp|P01780|HV307_HUMAN;sp|P0DOX2|IGA2_HUMAN;sp|P0DP02|HVC33_HUMAN	0.013513514	1.0	0.7311576528484868	563.1519808579233
AVLTIDEK	2	sp|P01009|A1AT_HUMAN	0.013513514	0.9728591838590949	0.9756556892139836	35529.41457226113
RYTIAALLSPYSYSTTAVVTNPKE	4	sp|P02766|TTHY_HUMAN	0.017565873	0.8804971228634604	0.8418083188090398	7206.487178882066
TWQDC[+57.021465]EYK	2	sp|P01042|KNG1_HUMAN	0.013513514	0.9933552810135716	0.938457476318314	10914.846155017342
TLLSNLEEAK	2	sp|P10909|CLUS_HUMAN	0.013513514	1.0	0.9557955862153459	1686321.5595119249
DQYYNIDVPSR	3	sp|Q92954|PRG4_HUMAN	0.0154639175	0.9366095275687156	0.8531309100047627	557.7707175515236
C[+57.021465]TWLIEGQPNR	2	sp|O75882|ATRN_HUMAN	0.013513514	0.9933552810135716	0.9891156712459124	101983.18476278815
IHLMAGR	1	sp|Q5T013|HYI_HUMAN	0.013513514	1.0	0.9632398715725888	2074988.48494369
VDGALC[+57.021465]MEK	2	sp|P02790|HEMO_HUMAN	0.013513514	0.9866190731264982	0.9514194150551781	677658.2269869321
GYWSDWSEEASGITYEDRPSK	3	sp|P40189|IL6RB_HUMAN	0.013513514	1.0	0.916336300186761	428915.29047652445
DLSPDDPQVQK	2	sp|Q15828|CYTM_HUMAN	0.013513514	1.0	0.924324998460686	3985.4606197392454
SVLGQLGITK	2	sp|P01009|A1AT_HUMAN	0.013513514	1.0	0.9744603899752082	6937198.454732754
STSESTAALGC[+57.021465]LVK	2	sp|P01859|IGHG2_HUMAN;sp|P01861|IGHG4_HUMAN	0.013513514	0.9866190731264982	0.9322653488772635	26188.84062578445
TM[+15.994915]LLQPAGSLGSYSYR	3	sp|P41222|PTGDS_HUMAN	0.013513514	1.0	0.8510100075674661	240258.45537909935
VADALTNAVAHVDDMPNALSALSDLHAHK	5	sp|P69905|HBA_HUMAN	0.013513514	0.9933552810135716	0.8119348627405454	192400.61612923906
VFSNGADLSGVTEEAPLK	3	sp|P01009|A1AT_HUMAN	0.013513514	1.0	0.8139268297869207	58924.11395220387
FLENEDRR	2	sp|P01009|A1AT_HUMAN	0.013513514	1.0	0.971199042095223	812661.434381006
HPDEAAFFDTASTGK	3	sp|P02671|FIBA_HUMAN	0.013513514	0.9797881705057813	0.7759974635074239	1626.1740727936033
FIQSQDYQC[+57.021465]SALMGGR	2	sp|P07333|CSF1R_HUMAN	0.013513514	0.9658285256870233	0.9576773216046959	14188.644237491077
SGIIFAGHDK	2	sp|Q13449|LSAMP_HUMAN	0.013513514	0.9866190731264982	0.9026908891834123	19730.545213594458
ADLFYDVEALDLESPK	3	sp|P04196|HRG_HUMAN	0.0154639175	0.9290085173289965	0.7819456428481188	16533.736784624412
EHVAHLLFLR	3	sp|P19652|A1AG2_HUMAN	0.013513514	0.9728591838590949	0.9024802026700325	167696.85547799483
QPAVEEPAEVTATVLASR	4	sp|P32942|ICAM3_HUMAN	0.014379085	0.9586923939928679	0.8042235799046265	16019.854080868792
TEDTIFLR	2	sp|P02763|A1AG1_HUMAN;sp|P19652|A1AG2_HUMAN	0.013513514	0.9866190731264982	0.9807199461031356	208205.69154946588
YEGGREHVAHLLFLR	4	sp|P19652|A1AG2_HUMAN	0.013513514	0.9797881705057813	0.9597959587499834	153792.39954131353
SKEQLTPLIK	3	sp|P02652|APOA2_HUMAN	0.013513514	1.0	0.9392100130141258	204864.17075874985
GDSVVYGLR	1	sp|P10451|OSTP_HUMAN	0.013513514	1.0	0.9380598685458885	31801.672404282846
EGIVEYPR	2	sp|Q02985|FHR3_HUMAN;sp|Q92496|FHR4_HUMAN	0.013513514	1.0	0.8631386931704125	76248.48007450567
LRTEGDGVYTLNNEK	2	sp|P00738|HPT_HUMAN	0.013513514	1.0	0.955894070859426	1316163.2625185843
AQSIAYHLK	2	sp|Q14515|SPRL1_HUMAN	0.013513514	1.0	0.8677538441986551	75713.17840410795
SEAAC[+57.021465]LAAGPGIR	2	sp|O75882|ATRN_HUMAN	0.013513514	1.0	0.9717540999319936	48902.85364782855
LC[+57.021465]TPLLPK	2	sp|P27918|PROP_HUMAN	0.013513514	0.9866190731264982	0.9417512717471	2336.9157136996287
DFLQSLK	2	sp|P08697|A2AP_HUMAN	0.013513514	1.0	0.9047716390335341	311818.46070086013
WKNFPSPVDAAFR	2	sp|P02790|HEMO_HUMAN	0.013513514	0.9866190731264982	0.9908302052514559	14898.7328964756
TVESITDIR	2	sp|P11279|LAMP1_HUMAN	0.024813896	1.0	0.984178889002153	401536.2247487232
YTDLVAIQNK	2	sp|P16109|LYAM3_HUMAN	0.013513514	0.9933552810135716	0.918455707909506	6997.898052721233
TVAAC[+57.021465]NLPIVR	2	sp|P02760|AMBP_HUMAN	0.013513514	0.9933552810135716	0.9467882535524212	59053.97884465661
KLINDYVK	2	sp|P01011|AACT_HUMAN	0.013513514	0.9866190731264982	0.952903451313103	28816.41786529355
ATLVC[+57.021465]LISDFYPGAVTVAWK	3	sp|B9A064|IGLL5_HUMAN;sp|P0CG04|IGLC1_HUMAN;sp|P0DOX8|IGL1_HUMAN;sp|P0DOY2|IGLC2_HUMAN;sp|P0DOY3|IGLC3_HUMAN	0.013513514	1.0	0.9907094456040676	153427.8798230953
QQDVLGFLEANK	2	sp|O75368|SH3L1_HUMAN	0.013513514	0.9933552810135716	0.887993539965459	17509.773209079634
IPLNDLFR	2	sp|P13473|LAMP2_HUMAN	0.013513514	0.9866190731264982	0.9825221829397068	10783.335019000251
LYGSEAFATDFQDSAAAK	2	sp|P01011|AACT_HUMAN	0.013513514	1.0	0.9685775997117976	1354459.4588908646
FATTFYQHLADSK	2	sp|P01008|ANT3_HUMAN	0.013513514	0.9866190731264982	0.9522022408191086	48482.446539404125
DTATLSWGLPK	2	sp|O00533|NCHL1_HUMAN	0.0154639175	0.9366095275687156	0.8977507665928063	5797.3435010723315
GTQEQDFYVTSETVVR	2	sp|P05154|IPSP_HUMAN	0.014379085	0.9658285256870233	0.928297787408557	20943.80780773953
EQLGEFYEALDC[+57.021465]LR	2	sp|P02763|A1AG1_HUMAN	0.013513514	0.9728591838590949	0.9395783006918098	35184507.86280045
C[+57.021465]EDLETQTQSEK	2	sp|O00592|PODXL_HUMAN	0.013513514	0.9866190731264982	0.9766251531459108	7050.596404698892
TSESGELHGLTTEEEFVEGIYK	4	sp|P02766|TTHY_HUMAN	0.017565873	0.9054124614333342	0.9472132590562762	54460.88356630152
ALTDMPQMR	2	sp|P02671|FIBA_HUMAN	0.013513514	1.0	0.9485746914142107	76685.09636583088
KWQEEMELYR	3	sp|P02647|APOA1_HUMAN	0.022332506	0.8258516653955662	0.7636045585506647	3029.4183305542633
QINDYVEK	2	sp|P01009|A1AT_HUMAN	0.013513514	1.0	0.9315838765642086	34483.274845333835
TYFPHFDLSHGSAQVK	2	sp|P69905|HBA_HUMAN	0.014379085	0.9514467542496609	0.7602703494352939	1695.276145094735
GTTVTVSSASPTSPK	2	sp|P0DOX2|IGA2_HUMAN	0.013513514	0.9866190731264982	0.9550506827034283	9531.421634993556
ELDRDTVFALVNYIFFK	3	sp|P01009|A1AT_HUMAN	0.013513514	0.9933552810135716	0.9051730581489659	25906.867140745067
EDC[+57.021465]VEIYIK	2	sp|P14151|LYAM1_HUMAN	0.013513514	1.0	0.979545969172891	228924.22254073326
YLDFVFAVK	2	sp|P13473|LAMP2_HUMAN	0.013513514	1.0	0.7687369895578899	104332.81591774306
VLDAVRGSPAINVAVHVFR	3	sp|P02766|TTHY_HUMAN	0.013513514	1.0	0.9651616412503456	660994.3603124678
YAATSQVLLPSK	2	sp|P01871|IGHM_HUMAN;sp|P0DOX6|IGM_HUMAN	0.013513514	1.0	0.841418716874087	9350.954638412315
RLWWLDLK	2	sp|P02790|HEMO_HUMAN	0.013513514	0.9933552810135716	0.9389705673354709	53723.96512469321
ITPNLAEFAFSLYR	2	sp|P01009|A1AT_HUMAN	0.013513514	1.0	0.9527501727076708	2573831.8817110555
EQLTPLIK	1	sp|P02652|APOA2_HUMAN	0.013513514	1.0	0.9552972833697811	3011037.1308424966
MSLSSFSVNRPFLFFIFEDTTGLPLFVGSVRNPNPSAPR	6	sp|P08697|A2AP_HUMAN	0.013513514	0.9728591838590949	0.9120065829589996	16575.425579396564
NSVIKVPMMNSK	3	sp|P05155|IC1_HUMAN	0.013513514	0.9933552810135716	0.923220721096373	37283.93947692037
ALDLINKR	2	sp|P04196|HRG_HUMAN	0.013513514	0.9797881705057813	0.9619788762741069	240020.93887829897
EILSVDC[+57.021465]STNNPSQAK	2	sp|P10909|CLUS_HUMAN	0.013513514	1.0	0.8864001264808128	885391.5715673998
SGYFLSISDSK	2	sp|Q86SQ4|AGRG6_HUMAN	0.013513514	0.9933552810135716	0.9273766166212758	23131.08772114475
YFHHNSDFHIPK	2	sp|O75015|FCG3B_HUMAN	0.013513514	1.0	0.8453953653250338	101383.23140596617
NPNLPPETVDSLK	2	sp|P05090|APOD_HUMAN	0.013513514	0.9866190731264982	0.9796319775799662	1087096.209396741
AGFAGDDAPR	2	sp|A5A3E0|POTEF_HUMAN;sp|P0CG38|POTEI_HUMAN;sp|P0CG39|POTEJ_HUMAN;sp|P60709|ACTB_HUMAN;sp|P62736|ACTA_HUMAN;sp|P63261|ACTG_HUMAN;sp|P63267|ACTH_HUMAN;sp|P68032|ACTC_HUMAN;sp|P68133|ACTS_HUMAN;sp|Q6S8J3|POTEE_HUMAN	0.013513514	1.0	0.9063762373842775	52022.67294157043
DDLYVSDAFHK	2	sp|P01008|ANT3_HUMAN	0.013513514	1.0	0.9428697646694374	464678.89418888715
LTQLNLDR	2	sp|P07359|GP1BA_HUMAN	0.013513514	1.0	0.9170902714760337	73679.73376392241
DYFM[+15.994915]PC[+57.021465]PGR	2	sp|P02790|HEMO_HUMAN	0.013513514	1.0	0.9272963669939336	123945.1210292401
DVSSSVYSTWK	2	sp|P10721|KIT_HUMAN	0.013513514	1.0	0.8586247811122959	20126.791097879905
EQVTNVGGAVVTGVTAVAQK	3	sp|P37840|SYUA_HUMAN	0.013513514	1.0	0.8878362590232503	55184.80047066315
ALGISPFHEHAEVVFTANDSGPR	4	sp|P02766|TTHY_HUMAN	0.013513514	1.0	0.9419266281157456	13911185.758192189
WLQDNAENVYVWK	2	sp|P07359|GP1BA_HUMAN	0.013513514	1.0	0.9095888525394167	759205.8427838165
YKEENDDFASFR	2	sp|P04196|HRG_HUMAN	0.013513514	1.0	0.940901699944817	71931.41096298723
DSVGQLQLYR	2	sp|Q99941|ATF6B_HUMAN	0.013513514	0.9933552810135716	0.8009584635903213	4776.239490474146
SVNNVVVR	1	sp|O75882|ATRN_HUMAN	0.013513514	0.9797881705057813	0.9494277912776462	682.1085481948346
ALVLIAFAQYLQQC[+57.021465]PFEDHVK	4	sp|P02768|ALBU_HUMAN	0.013513514	1.0	0.9390451664401437	1251.579134645837
C[+57.021465]SPHLVLSALTSDNHGATYAFSGTHYWR	4	sp|P02790|HEMO_HUMAN	0.013513514	0.9797881705057813	0.913709669975605	246156.6528222902
LVVEWQLQDDK	2	sp|P61916|NPC2_HUMAN	0.013513514	0.9933552810135716	0.7603248730492365	18621.3915794065
VAEGTQVLELPFK	2	sp|P01008|ANT3_HUMAN	0.013513514	1.0	0.932550902982097	1776576.3661524858
SGAQATWTELPWPHEK	3	sp|P02790|HEMO_HUMAN	0.017565873	0.888960273227615	0.7642699808171776	90844.49812627851
YWNDC[+57.021465]EPPDSR	2	sp|P04196|HRG_HUMAN	0.013513514	1.0	0.8848687953877665	63013.40477960007
GTWTQPFDLASTR	2	sp|P08185|CBG_HUMAN	0.013513514	1.0	0.9534679299064575	35590264.77112256
DKC[+57.021465]EPLEKQHEK	4	sp|P02763|A1AG1_HUMAN;sp|P19652|A1AG2_HUMAN	0.013513514	1.0	0.847405216202891	15352.588549914166
LGMFNIQHC[+57.021465]K	2	sp|P01009|A1AT_HUMAN	0.013513514	0.9933552810135716	0.8982346620191006	96940.06520634494
GNLMGGWK	2	sp|P23435|CBLN1_HUMAN;sp|Q8IUK8|CBLN2_HUMAN	0.013513514	0.9797881705057813	0.8452428216790836	1325.340416343627
QNQC[+57.021465]FYNSSYLNVQR	2	sp|P19652|A1AG2_HUMAN	0.013513514	0.9728591838590949	0.7277901064465109	153.03295817749225
WQQGNVFSC[+57.021465]SVMHEALHNHYTQK	5	sp|P01857|IGHG1_HUMAN;sp|P01859|IGHG2_HUMAN;sp|P0DOX5|IGG1_HUMAN	0.014379085	0.9658285256870233	0.8417901959991391	2254.438499189815
LNDLEDALQQAK	2	sp|P04264|K2C1_HUMAN	0.013513514	1.0	0.8501993449637897	19377.185237839563
ASVDSGSSEEQGGSSR	2	sp|P01833|PIGR_HUMAN	0.013513514	0.9797881705057813	0.8827935862425295	18872.230080648238
ALGISPFHEHAEVVFTANDSGPRR	4	sp|P02766|TTHY_HUMAN	0.013513514	0.9866190731264982	0.8335365871049105	33389.43048679416
LLIYGASSR	2	sp|P01619|KV320_HUMAN	0.013513514	1.0	0.8488198110216325	115658.46064994195
VLDAVRGSPAINVAVHVFR	4	sp|P02766|TTHY_HUMAN	0.013513514	1.0	0.8854503116446587	619980.8562951355
TLM[+15.994915]FGSYLDDEK	2	sp|P19652|A1AG2_HUMAN	0.013513514	1.0	0.9563963212789955	935943.4891696912
TLLSNLEEAKK	2	sp|P10909|CLUS_HUMAN	0.013513514	1.0	0.7405202298918836	2718.476733040008
FNALQYLR	2	sp|P51884|LUM_HUMAN	0.013513514	1.0	0.8484189953608657	16396.661280401913
VAAEDWK	2	sp|P01876|IGHA1_HUMAN;sp|P01877|IGHA2_HUMAN;sp|P0DOX2|IGA2_HUMAN	0.017565873	0.9054124614333342	0.748693350039722	1079.1038165599061
MEPFHFK	2	sp|P05155|IC1_HUMAN	0.013513514	0.9797881705057813	0.9709560276927041	1202017.6143853157
SPELQAEAK	1	sp|P02652|APOA2_HUMAN	0.013513514	1.0	0.9841000458875562	1364556.579313084
ALFLETEQLK	2	sp|Q13740|CD166_HUMAN	0.013513514	0.9933552810135716	0.9752212342895764	47352.23980183013
YTIAALLSPYSYSTTAVVTNPKE	4	sp|P02766|TTHY_HUMAN	0.013513514	1.0	0.8668038941010382	15058.479779683992
GGSIQQYIYK	2	sp|Q92954|PRG4_HUMAN	0.013513514	1.0	0.8117718837398962	31442.20753781979
VATTVISK	1	sp|P05155|IC1_HUMAN	0.013513514	1.0	0.7604727953474316	7262.169380367637
GEFVWKSHK	2	sp|P02790|HEMO_HUMAN	0.017565873	0.9134157281067091	0.8782421835023922	4576.853001326045
MNTVIAALSR	2	sp|P08185|CBG_HUMAN	0.013513514	1.0	0.8863144287155564	101688.67595844643
SGFPQVSMFFTHTFPK	3	sp|P04196|HRG_HUMAN	0.013513514	1.0	0.9434248325508664	176227.90785387167
HTLNQIDEVK	3	sp|P02765|FETUA_HUMAN	0.013513514	0.9933552810135716	0.866078669528132	20943.695603588072
HTFMGVVSLGSPSGEVSHPR	3	sp|P02765|FETUA_HUMAN	0.013513514	0.9933552810135716	0.9381064977717969	902776.0063854974
EALQGVGDMGR	2	sp|P35542|SAA4_HUMAN	0.013513514	0.9933552810135716	0.981006111288702	8092.739238362231
FLEQQNQVLQTK	2	sp|P04264|K2C1_HUMAN;sp|P35908|K22E_HUMAN;sp|Q7Z794|K2C1B_HUMAN	0.013513514	1.0	0.9639493441654885	41028.43252811288
TFVLPVTPPR	2	sp|P32942|ICAM3_HUMAN	0.013513514	0.9933552810135716	0.9004392952783316	15887.155960442857
VTTPDTSTTQHNK	3	sp|Q92954|PRG4_HUMAN	0.013513514	1.0	0.9305929636806803	112981.16028379381
QVILTLQPTLVAVGK	3	sp|P13598|ICAM2_HUMAN	0.013513514	1.0	0.8672091055763009	77763.23395536824
LVLLNAIYLSAK	2	sp|P05155|IC1_HUMAN	0.013513514	1.0	0.9572567779206407	72668.61708418999
TVPLAVLQLR	2	sp|P23467|PTPRB_HUMAN	0.013513514	1.0	0.8521034153921992	28620.943977635823
NWGLSVYADKPETTK	2	sp|P02763|A1AG1_HUMAN	0.013513514	1.0	0.9440624825781434	3459617.2439423567
TVGSDTFYSFK	2	sp|P01042|KNG1_HUMAN	0.013513514	1.0	0.9306199579369	7155.622798868094
GSSSSPLGISVR	2	sp|Q9NTU7|CBLN4_HUMAN	0.013513514	1.0	0.9444597250332304	205292.52005085876
LTGSSGFVTDGPGNYK	2	sp|O75882|ATRN_HUMAN	0.013513514	0.9797881705057813	0.9335950258481187	309359.22374274017
EQYAVVGHSAHIVTLK	3	sp|O75882|ATRN_HUMAN	0.018773466	0.8718655118414741	0.811100510588967	325.01157299530405
GLIDEVNQDFTNR	2	sp|P02671|FIBA_HUMAN	0.013513514	1.0	0.7899316623081015	54534.59721911333
GSPAINVAVHVFRK	3	sp|P02766|TTHY_HUMAN	0.013513514	0.9866190731264982	0.9572942983361099	62975.46952880442
GLDTSLGAVQSDTGR	2	sp|Q13477|MADCA_HUMAN	0.013513514	1.0	0.8870426847133814	38056.43162880802
EEDPIHLR	2	sp|O75015|FCG3B_HUMAN;sp|P08637|FCG3A_HUMAN	0.013513514	1.0	0.9765854763022246	310553.5844646931
TFYEPGEEITYSC[+57.021465]KPGYVSR	4	sp|P02749|APOH_HUMAN	0.017565873	0.9054124614333342	0.720374587918649	4948.4637009790695
DGNPFYFTDHR	2	sp|O00533|NCHL1_HUMAN	0.013513514	0.9797881705057813	0.8640045110720938	10824.954289864438
ITDVIPSEAINELTVLVLVNTIYFK	4	sp|P01008|ANT3_HUMAN	0.014379085	0.9658285256870233	0.9772398338956143	136873.95798850607
LYHSEAFTVNFGDTEEAKK	4	sp|P01009|A1AT_HUMAN	0.013513514	1.0	0.8755398620775573	271414.0507739041
YFIDFVAR	2	sp|P01042|KNG1_HUMAN	0.013513514	1.0	0.9811041874231444	3022199.1708805044
TITTTEIMNKPEETAKPK	3	sp|Q92954|PRG4_HUMAN	0.013513514	1.0	0.962469335245732	51729.461390870405
DYFMPC[+57.021465]PGR	3	sp|P02790|HEMO_HUMAN	0.017565873	0.9212790999005022	0.8462335764371549	2439.2603686064263
SYYWIGIR	2	sp|P14151|LYAM1_HUMAN	0.022332506	1.0	0.9808839601431625	2163098.8720186707
AVEPQLQEEER	2	sp|P55058|PLTP_HUMAN	0.013513514	1.0	0.9521533892822854	8029.588572481028
GSPAINVAVHVFR	3	sp|P02766|TTHY_HUMAN	0.013513514	0.9933552810135716	0.9447835198683721	673916.4128967656
ANRPFLVFIR	2	sp|P01008|ANT3_HUMAN	0.013513514	0.9728591838590949	0.910993159028959	18853.081976100206
SSGQWQTPGATR	2	sp|P06681|CO2_HUMAN	0.013513514	1.0	0.9437313263203951	24065.740883108072
GIYSFNFHVVK	2	sp|P23435|CBLN1_HUMAN	0.013513514	1.0	0.9490082074313436	17810.923859874056
EVPLNTIIFMGR	2	sp|P01008|ANT3_HUMAN	0.013513514	0.9933552810135716	0.9655135898856831	1285305.4766421365
TC[+57.021465]PKPDDLPFSTVVPLK	4	sp|P02749|APOH_HUMAN	0.013513514	1.0	0.8776558064909451	19194.787385063937
AEELSIQVSC[+57.021465]R	2	sp|Q9Y5Y7|LYVE1_HUMAN	0.013513514	1.0	0.9629377431142854	168107.591620465
WSAGLTSSQVDLYIPK	2	sp|P08185|CBG_HUMAN	0.013513514	1.0	0.9571053307445171	11354749.418769356
FKLDDDLEHQGGHVLDHGHK	5	sp|P01042|KNG1_HUMAN	0.013513514	0.9866190731264982	0.9110002396223265	5162.008150206446
IDPSHTQGYR	3	sp|P40189|IL6RB_HUMAN	0.013513514	0.9728591838590949	0.9684550575995117	9797.985835408352
SC[+57.021465]AVAEYGVYVK	2	sp|P00738|HPT_HUMAN;sp|P00739|HPTR_HUMAN	0.013513514	0.9933552810135716	0.9251940582321556	830613.8229388507
YVSELHLTR	2	sp|P10721|KIT_HUMAN	0.013513514	1.0	0.9592132261598733	195514.111774281
RGENLFAITDEGMDVPLAMEEWHHER	5	sp|Q6UXB8|PI16_HUMAN	0.013513514	1.0	0.8606694611406904	116409.93015624047
SDVVYTDWKKDK	3	sp|P02763|A1AG1_HUMAN	0.013513514	0.9866190731264982	0.7331159116788908	11960.63512716149
GEVLPLPEANFPSFPLPHHK	3	sp|P04196|HRG_HUMAN	0.013513514	1.0	0.9283258865621918	439084.9134628719
YEGSYALTSEEAER	2	sp|O95810|CAVN2_HUMAN	0.013513514	0.9797881705057813	0.8862420996615001	4126.976604319017
TPEGLYQVTSVLR	2	sp|Q9BQ51|PD1L2_HUMAN	0.013513514	1.0	0.94143841730455	91191.81053353677
DIAPTLTLYVGK	2	sp|P00738|HPT_HUMAN;sp|P00739|HPTR_HUMAN	0.013513514	1.0	0.9577619532569471	2159661.0729490086
GSFPWQAK	2	sp|P00738|HPT_HUMAN;sp|P00739|HPTR_HUMAN	0.013513514	0.9797881705057813	0.9649216354719493	456374.4428251438
ETLLQDFR	2	sp|P02760|AMBP_HUMAN	0.013513514	0.9866190731264982	0.9975271727012557	41982.4356068335
NTLYLQMNSLR	2	sp|A0A0B4J1X5|HV374_HUMAN;sp|A0A0C4DH42|HV366_HUMAN;sp|P01764|HV323_HUMAN;sp|P01767|HV353_HUMAN;sp|P01768|HV330_HUMAN;sp|P01772|HV333_HUMAN;sp|P0DP02|HVC33_HUMAN;sp|P0DP03|HVC05_HUMAN	0.013513514	1.0	0.8144084041283751	39700.91499914339
AVMDDFAAFVEK	2	sp|P02768|ALBU_HUMAN	0.013513514	0.9797881705057813	0.9882499932291838	494088.0489607722
VFEVHVRPK	2	sp|P13598|ICAM2_HUMAN	0.013513514	1.0	0.923297146185581	248936.52436584068
ALMSPAGMLR	2	sp|O75144|ICOSL_HUMAN	0.013513514	0.9866190731264982	0.8887506798556901	75294.48134887576
YVGGQEHFAHLLILRDTK	3	sp|P02763|A1AG1_HUMAN	0.013513514	0.9933552810135716	0.934179133891906	468287.70068746654
EESLDSDLYAELR	3	sp|P02775|CXCL7_HUMAN	0.014379085	0.9440873193926883	0.9004126959459592	15647.027131443794
FSGSNSGNTATLTISR	2	sp|A0A075B6K5|LV39_HUMAN;sp|P80748|LV321_HUMAN	0.013513514	0.9797881705057813	0.9896656334489641	620.8036069731575
QQTHMLDVMQDHFSR	4	sp|P10909|CLUS_HUMAN	0.013513514	0.9866190731264982	0.8056968894736372	34205.06353612577
WQEEMELYR	2	sp|P02647|APOA1_HUMAN	0.013513514	1.0	0.9908334522797837	31780.30365786139
IASFSQNC[+57.021465]DIYPGK	2	sp|P01042|KNG1_HUMAN	0.013513514	0.9797881705057813	0.9319476851817458	822875.2603413987
VVAGVANALAHK	2	sp|P02042|HBD_HUMAN;sp|P68871|HBB_HUMAN	0.013513514	1.0	0.9410198793859594	98303.52147402888
QEPSQGTTTFAVTSILR	2	sp|P01876|IGHA1_HUMAN	0.013513514	1.0	0.9215377436265528	11399224.232405838
ISVVIQNILR	2	sp|Q86SQ4|AGRG6_HUMAN	0.013513514	1.0	0.844906579290073	20488.52766036319
M[+15.994915]TVTDQVNC[+57.021465]PK	2	sp|P05090|APOD_HUMAN	0.013513514	1.0	0.9052046864342287	7589.168908354021
EENFYVDETTVVK	3	sp|P08185|CBG_HUMAN	0.013513514	0.9797881705057813	0.9699407412891553	66525.10351170103
LINDYVK	2	sp|P01011|AACT_HUMAN	0.013513514	1.0	0.9929425405311231	341355.1168709874
ITQVTWQK	2	sp|Q15223|NECT1_HUMAN	0.013513514	1.0	0.8913551071626464	76195.77805617928
NFPSPVDAAFR	3	sp|P02790|HEMO_HUMAN	0.017565873	0.9212790999005022	0.7748380177259289	3428.064521680024
AFIQLWAFDAVK	2	sp|P02760|AMBP_HUMAN	0.013513514	0.9866190731264982	0.9768952263027697	105362.63289552918
SSTTKPPFKPHGSR	3	sp|P04196|HRG_HUMAN	0.027261462	0.6411227749434683	0.8026079455449597	95.0953457779508
AFQVQQAVDLR	2	sp|P13497|BMP1_HUMAN	0.013513514	1.0	0.9501613993911434	4783.873942168016
DQYYNIDVPSR	2	sp|Q92954|PRG4_HUMAN	0.013513514	0.9933552810135716	0.9525613511610929	486726.91204879887
WTFEILDETNENK	2	sp|P10721|KIT_HUMAN	0.013513514	1.0	0.9537277218409902	1063218.0091456687
ALTFELTLR	2	sp|P07333|CSF1R_HUMAN	0.013513514	1.0	0.9454620398866739	93482.59328752868
FDPSLTQR	2	sp|P08697|A2AP_HUMAN	0.013513514	1.0	0.9550195320500123	83402.0286709635
VGSPFELVVSGNK	2	sp|Q6YHK3|CD109_HUMAN	0.017565873	0.9212790999005022	0.8818848480308119	4609.351517866683
VKSPELQAEAK	2	sp|P02652|APOA2_HUMAN	0.013513514	0.9728591838590949	0.943236819380613	6036.793044893007
EYC[+57.021465]GVPGDGDEELLR	2	sp|P02760|AMBP_HUMAN	0.013513514	1.0	0.9329923356689045	4993983.45986214
SSAEVC[+57.021465]QLLGSQR	2	sp|Q9ULI3|HEG1_HUMAN	0.013513514	1.0	0.7628082865798952	12295.283395294591
VFSNGADLSGVTEEAPLK	2	sp|P01009|A1AT_HUMAN	0.013513514	1.0	0.9431192292641394	4645865.455966367
VADALTNAVAHVDDMPNALSALSDLHAHK	4	sp|P69905|HBA_HUMAN	0.013513514	0.9933552810135716	0.9668567949705135	166095.53430887993
GPLQLER	2	sp|P02750|A2GL_HUMAN	0.013513514	1.0	0.9390953385401428	28622.590940381062
THLAPYSDELR	3	sp|P02647|APOA1_HUMAN	0.013513514	1.0	0.9599552450921152	381886.17808352667
EQLTPLIK	2	sp|P02652|APOA2_HUMAN	0.013513514	1.0	0.9045682795380721	391488.9927770219
ADLFYDVEALDLESPK	2	sp|P04196|HRG_HUMAN	0.0154639175	0.9290085173289965	0.765443113558177	27668.44791211988
SVDIWLR	2	sp|P15151|PVR_HUMAN	0.013513514	0.9797881705057813	0.9686701688784615	11743.225272706157
NIQSLEVIGK	2	sp|P02775|CXCL7_HUMAN	0.013513514	1.0	0.9318060444547298	21391.196337681537
MTQSPSSFSASTGDR	2	sp|A0A0C4DH67|KV108_HUMAN	0.013513514	0.9797881705057813	0.8727800540213506	8010.051832776958
LRTEGDGVYTLNNEK	3	sp|P00738|HPT_HUMAN	0.013513514	1.0	0.9041362284203981	56841.6950971653
QQTHMLDVMQDHFSR	3	sp|P10909|CLUS_HUMAN	0.013513514	0.9866190731264982	0.8078945932076277	14490.183501130077
TYMLAFDVNDEK	2	sp|P02763|A1AG1_HUMAN	0.013513514	0.9866190731264982	0.9619947051400086	158389000.4343338
SLTEEAENWGDGEPNNK	2	sp|P14151|LYAM1_HUMAN	0.013513514	1.0	0.9659014411799481	4963892.060379187
EQLGEFYEALDC[+57.021465]LC[+57.021465]IPR	3	sp|P19652|A1AG2_HUMAN	0.0154639175	0.9366095275687156	0.9207624100851736	727772.9574730743
AATGEC[+57.021465]TATVGK	2	sp|P01042|KNG1_HUMAN	0.021276595	0.9933552810135716	0.9804949559856524	17735.047066350202
NHNALLASLTTQK	3	sp|O75882|ATRN_HUMAN	0.013513514	0.9933552810135716	0.8921669478375717	10924.746424046034
VMTPAVYAPYDVK	2	sp|O00533|NCHL1_HUMAN	0.013513514	1.0	0.9395397998214412	196422.0940479076
GFFADYEIPNLQK	2	sp|Q10588|BST1_HUMAN	0.013513514	0.9866190731264982	0.9088344822422745	2590.263383461879
DMPASEDLQDLQK	2	sp|P49908|SEPP1_HUMAN	0.013513514	1.0	0.9360576564256503	995715.6659242798
DLMEKVK	2	sp|P02652|APOA2_HUMAN	0.013513514	0.9728591838590949	0.9623786373696864	93420.51880779557
STSGGTAALGC[+57.021465]LVK	2	sp|P01857|IGHG1_HUMAN;sp|P01860|IGHG3_HUMAN;sp|P0DOX5|IGG1_HUMAN	0.013513514	1.0	0.9308127395723604	60204.89970995623
KPDGYDYYAFSK	3	sp|Q92954|PRG4_HUMAN	0.013513514	1.0	0.9702867241291617	27254.22687089117
TSESGELHGLTTEEEFVEGIYK	3	sp|P02766|TTHY_HUMAN	0.013513514	1.0	0.9343563459293456	9598784.916173719
KWQEEMELYR	2	sp|P02647|APOA1_HUMAN	0.013513514	0.9933552810135716	0.960581371986284	71718.06792532884
LEDMEQALSPSVFK	2	sp|P05155|IC1_HUMAN	0.013513514	0.9797881705057813	0.9809939706664861	308784.5574641471
NSGSELQVYYASPR	2	sp|P18850|ATF6A_HUMAN	0.013513514	0.9797881705057813	0.8534756333813993	11978.890827987494
ITPNLAEFAFSLYR	3	sp|P01009|A1AT_HUMAN	0.013513514	1.0	0.8744474787217379	368138.66140806855
AVLDVFEEGTEASAATAVK	3	sp|P01011|AACT_HUMAN	0.013513514	1.0	0.9428803682446816	177390.51983399794
SSSNEEVMFLTVQVK	2	sp|P01023|A2MG_HUMAN	0.013513514	1.0	0.728759980274585	161609.59645613417
VWVYPPEK	2	sp|P02790|HEMO_HUMAN	0.013513514	0.9866190731264982	0.9669583125104627	1057976.1215879472
NWGLSFYADKPETTK	3	sp|P19652|A1AG2_HUMAN	0.013513514	0.9728591838590949	0.8705840599190638	5367.711387973219
VLHPLEGAVVIIFK	3	sp|Q13740|CD166_HUMAN	0.013513514	1.0	0.8553584716692438	189079.16830364152
ILGGHLDAK	2	sp|P00738|HPT_HUMAN;sp|P00739|HPTR_HUMAN	0.013513514	0.9797881705057813	0.9956924863466194	123843.12439011461
DLGGFDEDAEPR	2	sp|Q9BRK5|CAB45_HUMAN	0.013513514	1.0	0.8196794438445276	16076.79218419188
NPNLPPETVDSLK	3	sp|P05090|APOD_HUMAN	0.013513514	0.9866190731264982	0.8770214262199437	18638.523620900298
DDLYVSDAFHK	3	sp|P01008|ANT3_HUMAN	0.013513514	1.0	0.8151558648478832	40802.84833763719
NTWSILHTQGALVQGGYGHSSVYDHR	5	sp|O75882|ATRN_HUMAN	0.014379085	0.9586923939928679	0.8559722054804171	292193.6752292804
LVVLPFPK	2	sp|Q9UGM5|FETUB_HUMAN	0.014379085	0.9514467542496609	0.9028350974427466	3838.1391033155587
ILLDEQAQWK	2	sp|P13598|ICAM2_HUMAN	0.013513514	1.0	0.997818913472641	137005.30946827235
HIQETEWQSQEGK	2	sp|Q14515|SPRL1_HUMAN	0.013513514	0.9797881705057813	0.9462374493844863	26359.890147116348
VEEVKPLEGR	3	sp|O00533|NCHL1_HUMAN	0.013513514	1.0	0.937290747896256	372525.19191599893
GAQTQTEEEMTR	2	sp|Q12841|FSTL1_HUMAN	0.013513514	1.0	0.9804955097526462	26136.69034878694
LLGLSLAGK	2	sp|Q9Y5Y7|LYVE1_HUMAN	0.013513514	1.0	0.9887541602940798	7105062.59428011
MEEVEAMLLPETLKR	3	sp|P01011|AACT_HUMAN	0.013513514	0.9933552810135716	0.8719381453468961	29227.58723913654
DLATVYVDVLK	2	sp|P02647|APOA1_HUMAN	0.013513514	1.0	0.9834449207355136	408118.11781296163
TLMFGSYLDDEKNWGLSFYADKPETTK	4	sp|P19652|A1AG2_HUMAN	0.013513514	1.0	0.9338838011190677	3758445.8223352553
SVNNVVVR	2	sp|O75882|ATRN_HUMAN	0.013513514	0.9797881705057813	0.9911873647382241	5281.173189731427
VMPIC[+57.021465]LPSK	2	sp|P00738|HPT_HUMAN;sp|P00739|HPTR_HUMAN	0.013513514	0.9866190731264982	0.96352415985067	166725.96991529816
AVLHIGEK	1	sp|P05543|THBG_HUMAN	0.013513514	1.0	0.7367352087026098	16696.230184081105
SLTEEAENWGDGEPNNKK	3	sp|P14151|LYAM1_HUMAN	0.013513514	0.9933552810135716	0.9413420752470362	158836.22225511746
NTLYLQMNSLK	2	sp|A0A0B4J1V0|HV315_HUMAN	0.017565873	0.9212790999005022	0.7279552423075945	14699.518231939937
GTWTQPFDLASTR	3	sp|P08185|CBG_HUMAN	0.013513514	1.0	0.8862668523241426	137690.6469092705
LSFQEFLK	2	sp|Q12841|FSTL1_HUMAN	0.013513514	1.0	0.9850751238092383	297367.2103841066
QNQC[+57.021465]FYNSSYLNVQR	3	sp|P19652|A1AG2_HUMAN	0.013513514	0.9728591838590949	0.8012137816395636	41.4307757166753
VGAHAGEYGAEALER	2	sp|P69905|HBA_HUMAN	0.013513514	0.9866190731264982	0.8262088674470366	2989.0907162128
DEELSC[+57.021465]TVVELK	2	sp|P01011|AACT_HUMAN	0.013513514	0.9866190731264982	0.8830814160246817	131192.1278918652
SLDFTELDVAAEK	2	sp|P01019|ANGT_HUMAN	0.013513514	1.0	0.7177354181416616	18220.39537197523
DTINLLDQR	2	sp|Q8NBJ4|GOLM1_HUMAN	0.013513514	1.0	0.9187249621971866	70018.61560500537
ETC[+57.021465]FAEEGKK	2	sp|P02768|ALBU_HUMAN	0.013513514	0.9933552810135716	0.9773974822831807	16810.417558483496
AEGAATEEEGTPK	2	sp|P80723|BASP1_HUMAN	0.013513514	1.0	0.7684142976222137	727.9750817261724
AEIEYLEK	2	sp|P14151|LYAM1_HUMAN	0.013513514	0.9866190731264982	0.9833052348947462	18975.731923747557
SETEIHQGFQHLHQLFAK	3	sp|P08185|CBG_HUMAN	0.013513514	1.0	0.9642048084403114	230971.5536195692
YPNC[+57.021465]AYR	1	sp|P07998|RNAS1_HUMAN	0.013513514	0.9797881705057813	0.725525183457062	802.459366526759
TLGDSSAGEIALSTR	2	sp|P09619|PGFRB_HUMAN	0.013513514	1.0	0.8012585565757535	17440.948081625884
DTKTYMLAFDVNDEK	3	sp|P02763|A1AG1_HUMAN	0.017565873	0.897262926642552	0.7829358802953541	4125.81816094171
SPELQAEAK	2	sp|P02652|APOA2_HUMAN	0.026054591	1.0	0.9547848847025596	194538.02032817632
YTIAALLSPYSYSTTAVVTNPKE	3	sp|P02766|TTHY_HUMAN	0.013513514	1.0	0.9436000801561721	949161.7869558616
EGQMESVEAAMSSK	2	sp|P05543|THBG_HUMAN	0.013513514	0.9866190731264982	0.862948772661147	230491.09003958968
ALQATVGNSYK	2	sp|P11279|LAMP1_HUMAN	0.013513514	1.0	0.9334549169202743	187707.61369773804
DLDMFINASK	2	sp|O75882|ATRN_HUMAN	0.013513514	1.0	0.9200465695897685	58039.40821373958
EQYAVVGHSAHIVTLK	4	sp|O75882|ATRN_HUMAN	0.013513514	1.0	0.9378544141696011	611616.069014536
ESLSSYWESAK	2	sp|P02655|APOC2_HUMAN	0.013513514	1.0	0.950596304601503	265829.57902060065
LMC[+57.021465]AESNR	2	sp|P00746|CFAD_HUMAN	0.013513514	1.0	0.8722031484783974	20402.47861779246
DIPTNSPELEETLTHTITK	3	sp|P01042|KNG1_HUMAN	0.017565873	0.9134157281067091	0.741358860015467	1450.6870195874735
LGQSLDC[+57.021465]NAEVYVVPWEK	3	sp|P01042|KNG1_HUMAN	0.013513514	0.9933552810135716	0.8513701796460608	12716.802674560511
YVGGQEHFAHLLILR	4	sp|P02763|A1AG1_HUMAN	0.013513514	0.9728591838590949	0.9532818130486591	21383966.52041417
FLQSFAR	2	sp|Q13201|MMRN1_HUMAN	0.013513514	1.0	0.7242911873814004	42649.76226279165
WNNYMMDWK	2	sp|P06276|CHLE_HUMAN	0.013513514	1.0	0.9325443845057272	14942.216818679553
GEAEYQEIR	2	sp|Q15223|NECT1_HUMAN	0.013513514	1.0	0.8659847979480009	19093.556124474042
KTEAPAAPAAQETK	3	sp|P80723|BASP1_HUMAN	0.013513514	0.9797881705057813	0.9325341297072735	17435.358601603537
VSFLSALEEYTK	2	sp|P02647|APOA1_HUMAN	0.013513514	0.9933552810135716	0.9526286379738169	75142.39933395616
DKC[+57.021465]EPLEK	2	sp|P02763|A1AG1_HUMAN;sp|P19652|A1AG2_HUMAN	0.013513514	0.9866190731264982	0.9766731068337985	45014.94365711884
EAQDTSDGIIQK	2	sp|P18850|ATF6A_HUMAN	0.013513514	1.0	0.9230955363768577	10617.756399332135
DGWHSWPIAHQWPQGPSAVDAAFSWEEK	4	sp|P02790|HEMO_HUMAN	0.013513514	0.9797881705057813	0.9243900999726447	13293.967770175534
TEDSSSFLIDK	2	sp|P05543|THBG_HUMAN	0.013513514	1.0	0.9210743381687272	5542.723924523285
TYM[+15.994915]LAFDVNDEK	2	sp|P02763|A1AG1_HUMAN	0.020025032	1.0	0.9615003557833267	3699681.4602412926
RDPPQYPVVPVHLDR	4	sp|P10153|RNAS2_HUMAN	0.013513514	0.9797881705057813	0.9349210453370552	6169.680102321443
LYHSEAFTVNFGDTEEAKK	5	sp|P01009|A1AT_HUMAN	0.017565873	0.9134157281067091	0.7587602404008728	3381.581517412664
SPSQDEMLPTYLK	2	sp|Q8IZF2|AGRF5_HUMAN	0.013513514	0.9866190731264982	0.7416364635203488	5197.668519799188
SGAEAQTPEDSPNR	2	sp|O43493|TGON2_HUMAN	0.013513514	1.0	0.9451246546949035	90855.40603669509
GVC[+57.021465]EETSGAYEK	2	sp|P02760|AMBP_HUMAN	0.013513514	1.0	0.9811508135956695	112383.7473761241
REPAVGEPAEVTTTVLVR	2	sp|P05362|ICAM1_HUMAN	0.013513514	1.0	0.8588971644517661	4684.172507694477
NDNDNIFLSPLSISTAFAMTK	4	sp|P01008|ANT3_HUMAN	0.0154639175	0.9440873193926883	0.7068190656700462	5582.512444476855
SDVVYTDWKK	2	sp|P02763|A1AG1_HUMAN	0.013513514	1.0	0.9481658516279334	4123.06578993404
NIFISPVSISMALAMLSLGTC[+57.021465]GHTR	3	sp|P08185|CBG_HUMAN	0.013513514	1.0	0.9343171711423391	35060271.47610721
AQVSPTASDMLHMR	3	sp|Q6UXB8|PI16_HUMAN	0.013513514	1.0	0.9598829176749876	446749.32826445997
DAVEDLESVGK	2	sp|P81605|DCD_HUMAN	0.013513514	0.9933552810135716	0.8821612018580064	6513.275528343187
GSPAINVAVHVFR	2	sp|P02766|TTHY_HUMAN	0.013513514	0.9933552810135716	0.8785421487791027	66612.62235142438
FLEDVKK	1	sp|P01009|A1AT_HUMAN	0.013513514	1.0	0.9034226613453639	28732.01330557532
LSSVTAADTAVYYC[+57.021465]AR	2	sp|A0A075B6R2|HV404_HUMAN;sp|A0A087WSY4|HV432_HUMAN;sp|A0A0C4DH41|HV461_HUMAN;sp|P01824|HV439_HUMAN;sp|P01825|HV459_HUMAN;sp|P06331|HV434_HUMAN;sp|P0DP06|HVD34_HUMAN;sp|P0DP07|HV431_HUMAN;sp|P0DP08|HVD82_HUMAN	0.013513514	1.0	0.9863268526485686	111995.70124579103
EVPLNTIIFMGR	3	sp|P01008|ANT3_HUMAN	0.013513514	0.9933552810135716	0.8275258918702658	5018.9368463663795
SETEIHQGFQHLHQLFAK	4	sp|P08185|CBG_HUMAN	0.013513514	1.0	0.9667030933625972	227706.53341868214
GPGEDFR	2	sp|P41222|PTGDS_HUMAN	0.013513514	0.9728591838590949	0.9147376589769842	9402.571366981101
LFDSDPITVTVPVEVSR	3	sp|P10909|CLUS_HUMAN	0.013513514	1.0	0.9113744023248467	96686.0290614798
NILTSNNIDVK	2	sp|P05090|APOD_HUMAN	0.013513514	1.0	0.869276447112997	2271040.310341009
RHSLEYSLR	3	sp|Q13449|LSAMP_HUMAN	0.013513514	1.0	0.9673476542474527	415584.55521735596
YDVDTQMWTILK	2	sp|O75882|ATRN_HUMAN	0.013513514	1.0	0.9751353391831487	4690121.069704564
NEDSLVFVQTDK	2	sp|P01023|A2MG_HUMAN	0.013513514	0.9933552810135716	0.7726956452104501	4924.26167646869
RGENLFAITDEGMDVPLAMEEWHHER	4	sp|Q6UXB8|PI16_HUMAN	0.013513514	1.0	0.8798742379199889	93876.20414676784
ENEGFTVTAEGK	2	sp|P01024|CO3_HUMAN	0.013513514	1.0	0.8588597820537683	3005.348963381371
YPVAHFIDQTLK	2	sp|P05155|IC1_HUMAN	0.013513514	1.0	0.942756948746145	157372.36455694112
TGDTIEFMC[+57.021465]K	2	sp|Q02985|FHR3_HUMAN;sp|Q92496|FHR4_HUMAN	0.013513514	0.9933552810135716	0.9165390751740498	19704.726072654186
FEDGVLDPDYPR	2	sp|P04004|VTNC_HUMAN	0.013513514	0.9866190731264982	0.9796062284962647	72574.46749943703
GSFPWQAK	1	sp|P00738|HPT_HUMAN;sp|P00739|HPTR_HUMAN	0.013513514	0.9797881705057813	0.9330160966061659	22332.151595439555
FQPTLLTLPR	2	sp|P05155|IC1_HUMAN	0.013513514	0.9933552810135716	0.9461762429063854	1059981.226027625
YVMLPVADQDQC[+57.021465]IR	2	sp|P00738|HPT_HUMAN	0.013513514	1.0	0.9619953795867069	3505920.026750371
ESNEELTESC[+57.021465]ETK	2	sp|P01042|KNG1_HUMAN	0.013513514	0.9797881705057813	0.9388907610319388	8764.579722544537
SDVMYTDWKK	2	sp|P19652|A1AG2_HUMAN	0.013513514	1.0	0.9708247443612502	532511.3076100609
ELDESLQVAER	2	sp|P10909|CLUS_HUMAN	0.013513514	1.0	0.9292950269433499	108735.61924274477
FNQPFIIMIFDHFTWSSLFLAR	4	sp|P08185|CBG_HUMAN	0.014379085	0.9658285256870233	0.9542269078990311	2577457.851617138
AATVGSLAGQPLQER	2	sp|P02649|APOE_HUMAN	0.013513514	1.0	0.8625817539459976	44461.16723797732
NLQEILHGAVR	2	sp|P00533|EGFR_HUMAN	0.013513514	1.0	0.8761009719898802	3085.4062135024283
YEGGREHVAHLLFLR	3	sp|P19652|A1AG2_HUMAN	0.022332506	0.7626747761196712	0.8094813632689254	2827.373398185512
GSESGIFTNTK	2	sp|P02671|FIBA_HUMAN	0.013513514	1.0	0.9612488184796879	139810.74735147093
TPVC[+57.021465]TTGQGSGSTATVFAMAELQK	3	sp|Q9H8L6|MMRN2_HUMAN	0.013513514	0.9797881705057813	0.8877907057370987	14695.382402415213
LLAVIEEQHK	3	sp|Q9HBR0|S38AA_HUMAN	0.013513514	0.9728591838590949	0.8826550033789837	868.4126164654133
AVVFLEPQWYR	2	sp|P08637|FCG3A_HUMAN	0.013513514	0.9933552810135716	0.9487652651689463	148501.12374289057
HTFM[+15.994915]GVVSLGSPSGEVSHPR	3	sp|P02765|FETUA_HUMAN	0.013513514	0.9933552810135716	0.9264544801936337	10792.99375414024
TEGDGVYTLNDKK	2	sp|P00738|HPT_HUMAN;sp|P00739|HPTR_HUMAN	0.013513514	1.0	0.9647699456745806	218586.21300970568
QEPSQGTTTFAVTSILR	3	sp|P01876|IGHA1_HUMAN	0.013513514	1.0	0.9294072645450844	6690799.52310553
DASGATFTWTPSSGK	2	sp|P01877|IGHA2_HUMAN;sp|P0DOX2|IGA2_HUMAN	0.013513514	1.0	0.9445746044388197	620079.740071987
LLQDEFPGIPSPLDAAVEC[+57.021465]HR	3	sp|P02790|HEMO_HUMAN	0.013513514	1.0	0.937476213765996	18168220.726415835
SDDSVIQLLNPNR	2	sp|Q9BY67|CADM1_HUMAN	0.013513514	0.9866190731264982	0.9594881598190095	47497.70864728769
RHPDYSVVLLLR	2	sp|P02768|ALBU_HUMAN	0.013513514	1.0	0.8619702039034376	35903.137440766455
NIFISPVSISMALAMLSLGTC[+57.021465]GHTR	4	sp|P08185|CBG_HUMAN	0.013513514	1.0	0.8992461182681014	2514442.8975942703
YGFIEGHVVIPR	2	sp|P16070|CD44_HUMAN	0.013513514	0.9933552810135716	0.9800185589679072	557733.512994333
DLGEENFK	1	sp|P02768|ALBU_HUMAN	0.013513514	0.9866190731264982	0.8872802130065688	771.1037161009317
KYPVAHFIDQTLK	2	sp|P05155|IC1_HUMAN	0.013513514	0.9797881705057813	0.9271810048533945	133739.94611758733
GLEEELQFSLGSK	2	sp|P0C0L4|CO4A_HUMAN;sp|P0C0L5|CO4B_HUMAN	0.013513514	1.0	0.9966430425554553	325507.1610185157
LENEIQTYR	2	sp|P13645|K1C10_HUMAN	0.013513514	0.9933552810135716	0.8817878108097451	1175.5884418268042
VGSPFELVVSGNK	3	sp|Q6YHK3|CD109_HUMAN	0.022332506	0.8448700454299841	0.8513397271043162	5903.172562642308
TVAAPSVFIFPPSDEQLK	3	sp|P01834|IGKC_HUMAN	0.013513514	1.0	0.8943681754759668	34967.56024963287
TFLTVYWTPER	2	sp|P05362|ICAM1_HUMAN	0.013513514	0.9933552810135716	0.8187863909310741	446.97515696933874
TIQEVAGYVLIALNTVER	3	sp|P00533|EGFR_HUMAN	0.013513514	1.0	0.9155726913888723	35425.5036116689
LHMLQISYFR	3	sp|Q9UNN8|EPCR_HUMAN	0.013513514	1.0	0.7564092089349742	16775.571077059227
KGPGPGGPGGAGVAR	3	sp|Q92686|NEUG_HUMAN	0.013513514	0.9728591838590949	0.9647057127670188	11633.110371411845
EFLEDTC[+57.021465]VQYVQK	2	sp|Q9UNN8|EPCR_HUMAN	0.013513514	1.0	0.911559146560755	322740.9949401198
VKSPELQAEAK	3	sp|P02652|APOA2_HUMAN	0.013513514	0.9728591838590949	0.9503209346460665	2836.1312615044963
GDEC[+57.021465]QLC[+57.021465]EVENR	2	sp|O75882|ATRN_HUMAN	0.013513514	0.9866190731264982	0.982256759316078	14897.537108921706
THLAPYSDELR	2	sp|P02647|APOA1_HUMAN	0.013513514	1.0	0.8825620580034848	2853550.498974074
FNQPFIIM[+15.994915]IFDHFTWSSLFLAR	4	sp|P08185|CBG_HUMAN	0.014379085	0.9658285256870233	0.9097873395340871	1248.406277014314
KGEVLPLPEANFPSFPLPHHK	3	sp|P04196|HRG_HUMAN	0.013513514	0.9933552810135716	0.821037024056643	28652.81971559566
AAC[+57.021465]LLPK	2	sp|P02768|ALBU_HUMAN	0.013513514	1.0	0.9706368762616254	141971.6831012881
SPLFMGK	1	sp|P01009|A1AT_HUMAN	0.013513514	0.9728591838590949	0.7452149478145517	3442.2108980307366
IADAHLDR	2	sp|P04196|HRG_HUMAN	0.013513514	0.9797881705057813	0.930188291864776	4582.733560815087
YVGGQEHFAHLLILRDTK	5	sp|P02763|A1AG1_HUMAN	0.013513514	0.9933552810135716	0.9265158986333513	520208.1762424979
GPSVFPLAPSSK	2	sp|P01857|IGHG1_HUMAN;sp|P0DOX5|IGG1_HUMAN	0.013513514	0.9933552810135716	0.9480352972689536	41269.984749090625
AYLEEEC[+57.021465]PATLR	2	sp|P25311|ZA2G_HUMAN	0.013513514	1.0	0.9288844042332612	179272.04940825305
QQTHMLDVMQDHFSR	2	sp|P10909|CLUS_HUMAN	0.013513514	0.9866190731264982	0.7769368487281652	9682.679144197687
NEVWWTIDGK	2	sp|Q9NPH3|IL1AP_HUMAN	0.013513514	1.0	0.9037881210053386	28174.06094094233
SGAEEQGPIDGPSK	2	sp|O43493|TGON2_HUMAN	0.013513514	0.9933552810135716	0.9009964134454463	21368.936680223156
IENVSYQDK	2	sp|O00533|NCHL1_HUMAN	0.013513514	1.0	0.8870541591277646	32427.257786247486
VQLTGEPVPMAR	2	sp|P15151|PVR_HUMAN	0.013513514	1.0	0.9623097901293927	93760.6962588688
DYWSTVK	1	sp|P02656|APOC3_HUMAN	0.014379085	0.9658285256870233	0.9835286151211712	476475.52017554396
VMTPAVYAPYDVK	3	sp|O00533|NCHL1_HUMAN	0.017565873	0.9134157281067091	0.7780502170646046	5013.074511666713
SQYEQLAEQNR	2	sp|P13645|K1C10_HUMAN	0.013513514	0.9933552810135716	0.81835082151428	3945.882705128554
YGEGDSLTLQQLK	2	sp|Q15043|S39AE_HUMAN	0.013513514	1.0	0.8046280814955884	8129.867878026249
HGGLFHENMR	3	sp|Q02985|FHR3_HUMAN	0.013513514	1.0	0.9622536466127312	609300.1999926668
NHNALLASLTTQK	2	sp|O75882|ATRN_HUMAN	0.013513514	0.9933552810135716	0.9540646141667244	23889.088385541734
RYTIAALLSPYSYSTTAVVTNPKE	3	sp|P02766|TTHY_HUMAN	0.013513514	1.0	0.9459062520202756	3893534.011889176
KPDGYDYYAFSK	2	sp|Q92954|PRG4_HUMAN	0.013513514	1.0	0.8633472887359392	67941.98026346615
VLSYVDWIK	2	sp|Q9NZP8|C1RL_HUMAN	0.013513514	0.9933552810135716	0.964330132937246	5456.325421468684
IGPDNLPYVQILK	2	sp|P11362|FGFR1_HUMAN	0.013513514	0.9866190731264982	0.9498243909474033	224245.83111867812
LLQDEFPGIPSPLDAAVEC[+57.021465]HR	4	sp|P02790|HEMO_HUMAN	0.013513514	1.0	0.8797798543521437	303772.1329539487
SLEDLQLTHNK	3	sp|P51884|LUM_HUMAN	0.013513514	1.0	0.9260150966972722	73058.86196165766
ALDLINK	1	sp|P04196|HRG_HUMAN	0.013513514	0.9728591838590949	0.7614391757192993	1107.2605600318343
ITGKWFYIASAFR	2	sp|P02763|A1AG1_HUMAN;sp|P19652|A1AG2_HUMAN	0.013513514	0.9797881705057813	0.9433369939583306	91479.79455029698
SFTIEC[+57.021465]R	2	sp|P13598|ICAM2_HUMAN	0.013513514	0.9797881705057813	0.9183220972911454	3038.4658956364083
IPTTFENGR	2	sp|P05090|APOD_HUMAN	0.013513514	1.0	0.8100080992306385	7347.480229078727
GLASANVDFAFSLYK	2	sp|P08185|CBG_HUMAN	0.013513514	0.9797881705057813	0.9457076362415819	26567.407733519653
AVLDVFEEGTEASAATAVK	2	sp|P01011|AACT_HUMAN	0.013513514	1.0	0.8749795843233197	323696.0095219871
SAVQGPPER	1	sp|P01876|IGHA1_HUMAN;sp|P01877|IGHA2_HUMAN	0.013513514	0.9866190731264982	0.927248974597061	69.61956193899945
NQVSLTC[+57.021465]LVK	2	sp|P01857|IGHG1_HUMAN;sp|P01859|IGHG2_HUMAN;sp|P01860|IGHG3_HUMAN;sp|P01861|IGHG4_HUMAN;sp|P0DOX5|IGG1_HUMAN	0.013513514	0.9933552810135716	0.9215355623452609	52337.80252707671
VGFYESDVMGR	2	sp|P01023|A2MG_HUMAN	0.013513514	1.0	0.8297981272238408	3811.300017496587
VAAEDWK	1	sp|P01876|IGHA1_HUMAN;sp|P01877|IGHA2_HUMAN;sp|P0DOX2|IGA2_HUMAN	0.013513514	1.0	0.9670594868507685	72986.89967044242
NWGLSFYADKPETTK	2	sp|P19652|A1AG2_HUMAN	0.013513514	0.9728591838590949	0.9364508505989048	61258.77898730359
C[+57.021465]INQLLC[+57.021465]K	2	sp|P49908|SEPP1_HUMAN	0.013513514	0.9866190731264982	0.9211056244206512	48511.2516569886
TC[+57.021465]VADESAENC[+57.021465]DK	2	sp|P02768|ALBU_HUMAN	0.013513514	1.0	0.8797339879873706	19161.773559697962
AGLQVYNK	2	sp|P13987|CD59_HUMAN	0.013513514	0.9797881705057813	0.7788268718211644	1365.4997020948008
FDTISEK	1	sp|P01008|ANT3_HUMAN	0.013513514	1.0	0.7311333333641721	57231.09276570917
GPLDQLEK	1	sp|P05546|HEP2_HUMAN	0.014379085	0.9514467542496609	0.7351356760754469	447.2557347154714
SILFLGK	2	sp|P05543|THBG_HUMAN	0.013513514	0.9728591838590949	0.9220638176721329	16236.104582936316
GEC[+57.021465]QAEGVLFFQGDR	2	sp|P02790|HEMO_HUMAN	0.013513514	0.9728591838590949	0.8981457810979413	192265.2762442376
SPELQAEAKSYFEK	2	sp|P02652|APOA2_HUMAN	0.013513514	0.9728591838590949	0.9231848886050547	150362.0033081582
IMGITLVSK	2	sp|Q9Y5Y7|LYVE1_HUMAN	0.013513514	1.0	0.878616574922749	92853.51114879477
STASFEELC[+57.021465]SEYR	2	sp|Q9NQ38|ISK5_HUMAN	0.013513514	1.0	0.8696798419068903	31717.363303503193
SLSGTAFGGFLMFK	2	sp|Q9H8L6|MMRN2_HUMAN	0.013513514	1.0	0.9427892754997323	1310907.2678308042
TRMEPFHFK	3	sp|P05155|IC1_HUMAN	0.013513514	1.0	0.971139078556016	2181034.6194139156
ELELQIGNALFIGK	2	sp|P05543|THBG_HUMAN	0.013513514	0.9797881705057813	0.9573917404771441	333514.63113253337
AIPVTQYLK	2	sp|P43652|AFAM_HUMAN	0.013513514	1.0	0.9636650969852403	203027.83953640697
MEEVEAMLLPETLK	3	sp|P01011|AACT_HUMAN	0.013513514	1.0	0.920503955678512	187776.61478306088
GPSVFPLAPC[+57.021465]SR	2	sp|P01859|IGHG2_HUMAN;sp|P01860|IGHG3_HUMAN;sp|P01861|IGHG4_HUMAN	0.013513514	1.0	0.8659251588050885	13570.061384255167
YYC[+57.021465]FQGNQFLR	2	sp|P02790|HEMO_HUMAN	0.013513514	1.0	0.9646310282398051	8502007.998674095
GTQGKIVDLVK	2	sp|P01009|A1AT_HUMAN	0.013513514	1.0	0.9460310538278485	71143.84912175097
DTVFALVNYIFFK	2	sp|P01009|A1AT_HUMAN	0.013513514	1.0	0.9607077666019511	2193512.7522396524
VLNQELR	1	sp|P05090|APOD_HUMAN	0.013513514	1.0	0.7492870915700143	7487.72112236922
TDASDVKPC[+57.021465]	2	sp|P02749|APOH_HUMAN	0.013513514	0.9866190731264982	0.9005155888787764	1755.2469911830358
HSAQPWADFTLLGAR	2	sp|Q8IYS5|OSCAR_HUMAN	0.013513514	1.0	0.9283545006787682	56965.883026061005
VTTSQDMLSIMEK	2	sp|P05155|IC1_HUMAN	0.013513514	0.9866190731264982	0.9157713280098503	102718.02276386225
DALSSVQESQVAQQAR	2	sp|P02656|APOC3_HUMAN	0.013513514	0.9728591838590949	0.9540909215311542	29117.690216898878
C[+57.021465]SPHLVLSALTSDNHGATYAFSGTHYWR	6	sp|P02790|HEMO_HUMAN	0.022332506	0.8159995903747699	0.7162785941710379	19271.68267188799
GSEAINAPGDNPAK	2	sp|Q9NZP8|C1RL_HUMAN	0.013513514	0.9933552810135716	0.906323367813715	27854.849639300613
VTDPQLVVTLHEK	2	sp|P09619|PGFRB_HUMAN	0.013513514	1.0	0.8487199688095409	26552.93113133845
QFTSSTSYNR	2	sp|P02671|FIBA_HUMAN	0.013513514	0.9933552810135716	0.9908422967077255	55859.11513486441
NTWSILHTQGALVQGGYGHSSVYDHR	4	sp|O75882|ATRN_HUMAN	0.013513514	0.9728591838590949	0.8618942824873946	316.898679723293
TDTSHHDQDHPTFNK	2	sp|P01009|A1AT_HUMAN	0.013513514	0.9797881705057813	0.9146109714438002	2168.973106388484
FLENEDR	2	sp|P01009|A1AT_HUMAN	0.013513514	0.9797881705057813	0.735898092719866	835.0694127046953
VELAPLPSWQPVGK	2	sp|P05362|ICAM1_HUMAN	0.013513514	1.0	0.9293070798747496	1007600.4814336911
LSPLGEEMR	2	sp|P02647|APOA1_HUMAN	0.013513514	1.0	0.9806049242922052	1516144.5933122125
KLVAASQAALGL	2	sp|P02768|ALBU_HUMAN	0.013513514	1.0	0.9648123932941047	773068.3532239816
WQQGNVFSC[+57.021465]SVMHEALHNHYTQK	3	sp|P01857|IGHG1_HUMAN;sp|P01859|IGHG2_HUMAN;sp|P0DOX5|IGG1_HUMAN	0.014379085	0.9658285256870233	0.9153081768383674	47903.855082291666
LALDIEIATYR	2	sp|P05787|K2C8_HUMAN;sp|P08729|K2C7_HUMAN;sp|P14136|GFAP_HUMAN;sp|P19013|K2C4_HUMAN;sp|Q6KB66|K2C80_HUMAN	0.013513514	1.0	0.8916742019200213	15904.183049820316
ATEHLSTLSEK	2	sp|P02647|APOA1_HUMAN	0.013513514	0.9933552810135716	0.9457831613802884	242769.39594697658
TGLEAISNHK	2	sp|Q14515|SPRL1_HUMAN	0.013513514	1.0	0.948937919162863	215634.02821617457
ATLLEEQLPLGK	2	sp|Q9BQ51|PD1L2_HUMAN	0.013513514	1.0	0.8682514979236071	2969.3554162321334
EVGTPHGIILDSVDAAFIC[+57.021465]PGSSR	4	sp|P02790|HEMO_HUMAN	0.013513514	1.0	0.9847672252970868	1694044.761766263
DGTFPLPIGESVTVTR	2	sp|P05362|ICAM1_HUMAN	0.013513514	0.9728591838590949	0.9899133817095652	64676.05401130042
TVVQPSVGAAAGPVVPPC[+57.021465]PGR	3	sp|P02765|FETUA_HUMAN	0.013513514	0.9933552810135716	0.8967865655895492	261315.0719493591
ETC[+57.021465]FAEEGKK	3	sp|P02768|ALBU_HUMAN	0.013513514	0.9933552810135716	0.9405606380406709	17262.252333403005
FLNVLSPR	2	sp|P17936|IBP3_HUMAN	0.013513514	0.9866190731264982	0.9239158856049801	17943.109161061715
QEINSHVEMQTK	2	sp|P05543|THBG_HUMAN	0.013513514	0.9866190731264982	0.8439060271791462	55094.698077364694
TC[+57.021465]PKPDDLPFSTVVPLK	3	sp|P02749|APOH_HUMAN	0.013513514	1.0	0.9382134570262495	85814.17995591943
SYSC[+57.021465]QVTHEGSTVEK	2	sp|B9A064|IGLL5_HUMAN;sp|P0CF74|IGLC6_HUMAN;sp|P0CG04|IGLC1_HUMAN;sp|P0DOX8|IGL1_HUMAN;sp|P0DOY2|IGLC2_HUMAN;sp|P0DOY3|IGLC3_HUMAN	0.013513514	1.0	0.9368463221952482	1651975.2832769256
YPNC[+57.021465]AYR	2	sp|P07998|RNAS1_HUMAN	0.017565873	0.9866190731264982	0.9539393852850515	247.86780202621514
DTKTYMLAFDVNDEK	2	sp|P02763|A1AG1_HUMAN	0.013513514	1.0	0.9353285523479418	2593535.3680182607
IKVTTSQDMLSIMEK	2	sp|P05155|IC1_HUMAN	0.013513514	1.0	0.9403763669360194	702640.3504352573
IYMYGGK	1	sp|O75882|ATRN_HUMAN	0.013513514	1.0	0.9151714158705375	43355.89837982031
LVVQSSIDSSAFK	2	sp|P10721|KIT_HUMAN	0.013513514	1.0	0.9436455690778132	32672.62245028304
FMPLSDVLYGR	2	sp|Q10588|BST1_HUMAN	0.013513514	1.0	0.9109604421222295	2244.8592162042073
EAATNGVLLYLDK	2	sp|Q9NTU7|CBLN4_HUMAN	0.013513514	0.9933552810135716	0.8406604809933611	1809.1583908373614
INHGILYDEEK	2	sp|P36980|FHR2_HUMAN;sp|Q03591|FHR1_HUMAN	0.013513514	1.0	0.8989647674387612	8044.264485800229
FTDSENVC[+57.021465]QER	2	sp|P43652|AFAM_HUMAN	0.013513514	0.9933552810135716	0.8549728116408909	8581.01453102786
WFYIASAFR	2	sp|P02763|A1AG1_HUMAN;sp|P19652|A1AG2_HUMAN	0.013513514	0.9933552810135716	0.908639616505282	39336.34208740111
GFGGLTGQIVAALSTAK	2	sp|Q92954|PRG4_HUMAN	0.013513514	1.0	0.951468341733443	3072908.479857244
NWGLSVYADKPETTK	4	sp|P02763|A1AG1_HUMAN	0.013513514	1.0	0.9241816558467527	193422.29779721677
VTTVASHTSDSDVPSGVTEVVVK	3	sp|P10909|CLUS_HUMAN	0.013513514	0.9866190731264982	0.9204365535185195	78959.61490055207
KTEAPAAPAAQETK	2	sp|P80723|BASP1_HUMAN	0.013513514	0.9797881705057813	0.8251819381635582	4424.387352457382
AKPALEDLR	2	sp|P02647|APOA1_HUMAN	0.013513514	1.0	0.9690665803481117	872658.8497500829
LSSWVLLMK	2	sp|P01009|A1AT_HUMAN	0.013513514	1.0	0.8631184864546311	31667.69343147973
NKEDC[+57.021465]VEIYIK	2	sp|P14151|LYAM1_HUMAN	0.013513514	0.9933552810135716	0.8172027330340315	292.08566337723107
LDVPQNLMFGK	2	sp|Q13740|CD166_HUMAN	0.013513514	1.0	0.8486738762728132	24283.63498308634
SASNMAIVDVK	2	sp|P01023|A2MG_HUMAN	0.013513514	0.9933552810135716	0.9537375002000167	1883.859768402571
QLVEIEK	2	sp|P00738|HPT_HUMAN;sp|P00739|HPTR_HUMAN	0.013513514	0.9797881705057813	0.9842797543884025	3327.899277376929
NALALFVLPK	2	sp|P05543|THBG_HUMAN	0.013513514	1.0	0.9572833734499512	1859481.7378565278
GGEDAAVQEPR	2	sp|Q9HBR0|S38AA_HUMAN	0.013513514	0.9933552810135716	0.8599419693684599	66.5059068938584
ELISERWK	2	sp|P02790|HEMO_HUMAN	0.013513514	1.0	0.9354680897960952	144588.7536667059
ADLSGITGAR	2	sp|P01011|AACT_HUMAN	0.013513514	1.0	0.736765360794065	52724.95588230015
GPALTTPK	1	sp|Q92954|PRG4_HUMAN	0.013513514	0.9728591838590949	0.7605179140578212	472.6825628594715
KATVVYQGER	3	sp|P02749|APOH_HUMAN	0.013513514	1.0	0.9583250320804705	4281.741909208009
REPAVGEPAEVTTTVLVR	3	sp|P05362|ICAM1_HUMAN	0.013513514	1.0	0.9585953045540734	11578.170504184623
LTPTLYVGK	2	sp|O75460|ERN1_HUMAN	0.022332506	0.8258516653955662	0.8433954351854194	8221.697674908544
SDVVYTDWKK	3	sp|P02763|A1AG1_HUMAN	0.013513514	1.0	0.8666894381691849	289.14665062205864
EMEDTLNHLK	2	sp|P17936|IBP3_HUMAN	0.013513514	1.0	0.9694583162503052	106399.88784872602
AQVSPTASDMLHMR	2	sp|Q6UXB8|PI16_HUMAN	0.013513514	1.0	0.7693311811600198	56960.640539112675
EWFWDLATGTMK	2	sp|P02790|HEMO_HUMAN	0.013513514	0.9866190731264982	0.9543302462267262	2128286.283960833
VWFELTQGSITK	2	sp|Q9H8L6|MMRN2_HUMAN	0.013513514	0.9866190731264982	0.945574918884274	572888.4661264811
NANTFISPQQR	2	sp|P08493|MGP_HUMAN	0.013513514	1.0	0.8853267319965026	2072.5580133190433
SGINC[+57.021465]PIQK	2	sp|P61916|NPC2_HUMAN	0.013513514	0.9866190731264982	0.9014286626856413	6086.122992828299
DYQELMNTK	2	sp|P04264|K2C1_HUMAN	0.013513514	1.0	0.7712336378815186	7347.390518731785
KMTVTDQVNC[+57.021465]PK	2	sp|P05090|APOD_HUMAN	0.013513514	0.9866190731264982	0.9762657114141688	154458.12714422506
SETEIHQGFQHLHQLFAK	5	sp|P08185|CBG_HUMAN	0.013513514	1.0	0.9364668968815454	6000537.193165649
LMVELHNLYR	2	sp|Q6UXB8|PI16_HUMAN	0.013513514	1.0	0.9711141704078944	18821.54561054338
FKLDDDLEHQGGHVLDHGHK	3	sp|P01042|KNG1_HUMAN	0.013513514	0.9866190731264982	0.9355883688227823	4841.825296138768
LFDSDPITVTVPVEVSR	2	sp|P10909|CLUS_HUMAN	0.013513514	1.0	0.8719096675492556	19831.16739400286
ITC[+57.021465]TEEGWSPTPK	2	sp|Q03591|FHR1_HUMAN;sp|Q9BXR6|FHR5_HUMAN	0.013513514	0.9866190731264982	0.8702616785128766	1525.2894545556526
YDVDTQMWTILK	3	sp|O75882|ATRN_HUMAN	0.013513514	1.0	0.8654107399022476	51701.38379203574
TGLFQDVGPQR	2	sp|Q86SQ4|AGRG6_HUMAN	0.013513514	1.0	0.8804053722630812	32819.52714698589
EWFSETFQK	2	sp|P02654|APOC1_HUMAN	0.013513514	0.9933552810135716	0.9846601701732739	1612117.9190258912
EHSSLAFWK	2	sp|P02749|APOH_HUMAN	0.013513514	1.0	0.9513773448254241	943878.114021776
SFMLLILER	2	sp|P05543|THBG_HUMAN	0.013513514	0.9933552810135716	0.9281755131896681	7619.806750813015
LLDSLPSDTR	2	sp|P05155|IC1_HUMAN	0.013513514	1.0	0.9595998453611168	4127888.658586478
TNLESILSYPK	2	sp|P05155|IC1_HUMAN	0.013513514	1.0	0.9710164769444972	246377.3029997467
QSTQTLYVNVAPR	2	sp|P19320|VCAM1_HUMAN	0.017565873	0.9134157281067091	0.8081718720919261	17274.71201374063
FQPTLLTLPR	3	sp|P05155|IC1_HUMAN	0.013513514	0.9933552810135716	0.8958967917602807	10315.918749103168
ALYVHGGYK	2	sp|O75882|ATRN_HUMAN	0.013513514	1.0	0.9778767597355409	1930314.131611135
YVMLPVADQDQC[+57.021465]IR	3	sp|P00738|HPT_HUMAN	0.013513514	1.0	0.7823517732628121	61159.15661598837
NLMIDIQK	2	sp|Q9BY67|CADM1_HUMAN	0.013513514	1.0	0.9300078351077402	345672.40151141037
SYVC[+57.021465]HAR	2	sp|Q9NPH3|IL1AP_HUMAN	0.0154639175	0.9440873193926883	0.7506007851978319	608.8513489593303
FNQPFIIMIFDHFTWSSLFLAR	3	sp|P08185|CBG_HUMAN	0.014379085	0.9658285256870233	0.9621518742390803	15519325.359725967
QPAVEEPAEVTATVLASR	2	sp|P32942|ICAM3_HUMAN	0.014379085	0.9658285256870233	0.8894930494355942	49188.182427756576
YEGGREHVAHLLFLR	2	sp|P19652|A1AG2_HUMAN	0.013513514	0.9797881705057813	0.7989255207329203	8169.661235407345
DSGSYFC[+57.021465]R	2	sp|O75015|FCG3B_HUMAN;sp|P08637|FCG3A_HUMAN	0.013513514	0.9866190731264982	0.9567644805817306	964.2665478309597
GDTFYVVSFR	2	sp|P18850|ATF6A_HUMAN	0.013513514	0.9933552810135716	0.892964265730481	5112.961123642603
ENFLFLTPDC[+57.021465]K	2	sp|P01042|KNG1_HUMAN	0.013513514	1.0	0.9190797494538727	630188.345279778
SYFEKSK	2	sp|P02652|APOA2_HUMAN	0.013513514	0.9797881705057813	0.9799009943506716	6793.241362216708
VLAPWITETHFK	3	sp|P23467|PTPRB_HUMAN	0.013513514	1.0	0.81888334214704	116911.14758178646
WNDDAC[+57.021465]HK	2	sp|P14151|LYAM1_HUMAN	0.013513514	0.9866190731264982	0.8731475392043766	2991.5714253152246
ALGISPFHEHAEVVFTANDSGPR	3	sp|P02766|TTHY_HUMAN	0.013513514	1.0	0.8967369749918069	2885076.6043240223
AIFYMNNPSR	2	sp|Q9UGM5|FETUB_HUMAN	0.02970297	0.5678582329614409	0.7529313897952084	186.3785686607455
TEGDGVYTLNDKK	3	sp|P00738|HPT_HUMAN;sp|P00739|HPTR_HUMAN	0.013513514	1.0	0.8963145159435002	333339.0158852516
ITDVIPSEAINELTVLVLVNTIYFK	3	sp|P01008|ANT3_HUMAN	0.014379085	0.9658285256870233	0.9646494019567153	134875.98635393058
LLGIETPLPK	2	sp|P05362|ICAM1_HUMAN	0.013513514	1.0	0.9333359781375016	93188.13987604348
GKEESLDSDLYAELR	2	sp|P02775|CXCL7_HUMAN	0.013513514	1.0	0.9338983887690413	16062826.679418577
GILTVDELLAIR	2	sp|P13473|LAMP2_HUMAN	0.013513514	1.0	0.9768028196313022	188263.75524706428
LSITGTYDLK	2	sp|P01009|A1AT_HUMAN	0.013513514	1.0	0.9455833494280146	54440.588679625456
AIGPSQTHTIR	2	sp|Q92954|PRG4_HUMAN	0.013513514	0.9933552810135716	0.9583999669606849	95876.00942081248
RHPDYSVVLLLR	3	sp|P02768|ALBU_HUMAN	0.013513514	1.0	0.9663573632723318	80842.08229811661
DFTC[+57.021465]VHQALK	2	sp|P05155|IC1_HUMAN	0.013513514	1.0	0.817684797900494	7969.477856125787
ALVLIAFAQYLQQC[+57.021465]PFEDHVK	3	sp|P02768|ALBU_HUMAN	0.013513514	1.0	0.8448542703280061	1024.4297349168435
DLMEKVK	1	sp|P02652|APOA2_HUMAN	0.013513514	0.9728591838590949	0.7388122235674456	2946.735087672118
YGFIEGHVVIPR	3	sp|P16070|CD44_HUMAN	0.013513514	0.9933552810135716	0.9644850754449575	1992673.9901069857
DFVQPPTK	2	sp|P01042|KNG1_HUMAN	0.013513514	0.9797881705057813	0.9671054306600436	145803.11042364695
SYQDFFEAIR	2	sp|P18850|ATF6A_HUMAN	0.013513514	1.0	0.8790143345815313	24552.580031395973
DKC[+57.021465]EPLEKQHEK	3	sp|P02763|A1AG1_HUMAN;sp|P19652|A1AG2_HUMAN	0.017565873	0.888960273227615	0.7111079320577257	642.179178141439
HITSLEVIK	2	sp|P02776|PLF4_HUMAN;sp|P10720|PF4V_HUMAN	0.013513514	1.0	0.9719354846004544	771322.1417024502
YLTLNTESTR	2	sp|P06276|CHLE_HUMAN	0.013513514	0.9933552810135716	0.7526133773689218	3904.139292926625
TAAQNLYEK	2	sp|P02655|APOC2_HUMAN	0.013513514	1.0	0.9480605622935375	419340.5279748848
LWWLDLK	1	sp|P02790|HEMO_HUMAN	0.017565873	0.9054124614333342	0.9159075036699311	8926.439404711256
DLGEENFK	2	sp|P02768|ALBU_HUMAN	0.013513514	0.9866190731264982	0.942307824873008	2479.1570258775523
EPFLSC[+57.021465]C[+57.021465]QFAESLR	2	sp|P0C0L4|CO4A_HUMAN;sp|P0C0L5|CO4B_HUMAN	0.013513514	0.9728591838590949	0.8250029545770602	35734.625953063856
TSDQIHFFFAK	2	sp|P01008|ANT3_HUMAN	0.013513514	0.9933552810135716	0.9535575750009216	129722.40244689555
