peptide	charge	proteins	q_value	score	spectral_angle	20250418_OA3_Evo07_ViAl_SA_FAIMS40_IO44_A556_MOMI_GBGD_P130_G12_R01.mzML
ALGISPFHEHAEVVFTANDSGPRR	3	sp|P02766|TTHY_HUMAN	0.006313131	1.0	0.8608451771711905	110315.39991226216
MTVSTLVLGEGATEAEISMTSTR	3	sp|P02760|AMBP_HUMAN	0.006313131	0.9866190731264982	0.9236442086976652	112499.160498461
GWVTDGFSSLK	2	sp|P02656|APOC3_HUMAN	0.006313131	1.0	0.9724070335384787	22401806.222741116
LQQDVLQFQK	2	sp|Q8NBJ4|GOLM1_HUMAN	0.006313131	1.0	0.9736124971777844	212657.62261129197
AMTSNVASVQC[+57.021465]DNSDK	2	sp|P07359|GP1BA_HUMAN	0.006313131	0.9797881705057813	0.8227617565694816	178.90763532324365
EPC[+57.021465]VESLVSQYFQTVTDYGK	3	sp|P02652|APOA2_HUMAN	0.006313131	1.0	0.7393849283333849	1050243.3099798714
LHMLQISYFR	2	sp|Q9UNN8|EPCR_HUMAN	0.006313131	1.0	0.9433646891262657	20077.661964621922
TEGDGVYTLNNEK	3	sp|P00738|HPT_HUMAN	0.006313131	0.9366095275687156	0.8582593062310384	33.548433223234966
SLDLDSIIAEVK	2	sp|P04264|K2C1_HUMAN	0.006313131	1.0	0.8826301651181866	11239.380378540078
EHAVEGDC[+57.021465]DFQLLK	2	sp|P02765|FETUA_HUMAN	0.006313131	0.9797881705057813	0.94159734568908	85783.95762613701
TLMFGSYLDDEK	2	sp|P19652|A1AG2_HUMAN	0.017135862	1.0	0.9542321656242657	1303128.9650825842
VPTVEPLDSLTLFLFR	3	sp|P13598|ICAM2_HUMAN	0.006313131	1.0	0.9485634478352954	2600306.361879075
RYTIAALLSPYSYSTTAVVTNPK	4	sp|P02766|TTHY_HUMAN	0.006313131	1.0	0.9167324175180083	11593935.171947028
FNQPFIIM[+15.994915]IFDHFTWSSLFLAR	3	sp|P08185|CBG_HUMAN	0.006313131	1.0	0.950110937201518	3988762.3350868607
SPLFMGK	2	sp|P01009|A1AT_HUMAN	0.006313131	1.0	0.9625025461248081	2167899.8488568184
ILGGHLDAK	1	sp|P00738|HPT_HUMAN;sp|P00739|HPTR_HUMAN	0.006313131	1.0	0.7242742495554961	21352.3436398989
YVGGQEHFAHLLILRDTK	4	sp|P02763|A1AG1_HUMAN	0.006313131	1.0	0.8788193088131755	186716.30412964366
LGFTDLFSK	2	sp|P29622|KAIN_HUMAN	0.006313131	0.9797881705057813	0.879864277283288	12050.278380829539
SSNTYTLTDVR	2	sp|Q13740|CD166_HUMAN	0.006313131	0.9933552810135716	0.9675098470892637	22373.380172282916
MQILEGLGLNLQK	2	sp|P05154|IPSP_HUMAN	0.006313131	0.9933552810135716	0.8356846704118064	11274.102370645396
GDSVVYGLR	2	sp|P10451|OSTP_HUMAN	0.006313131	0.9728591838590949	0.9455277179040494	21840.750635492976
DEGTAFLVYGAPGFSK	2	sp|P06276|CHLE_HUMAN	0.006313131	0.9797881705057813	0.9465785178754271	73357.06785541847
FNWYVDGVEVHNAK	3	sp|P01857|IGHG1_HUMAN;sp|P0DOX5|IGG1_HUMAN	0.006313131	0.9866190731264982	0.9522270839944946	84246.09166216361
TSLTVVLLR	2	sp|P32942|ICAM3_HUMAN	0.006313131	0.9797881705057813	0.9705688749953338	34483.578318345644
ITLLSALVETR	2	sp|P01011|AACT_HUMAN	0.006313131	1.0	0.9720721344960366	3022876.3457605788
YTIAALLSPYSYSTTAVVTNPK	3	sp|P02766|TTHY_HUMAN	0.006313131	1.0	0.9435150663081681	158972575.5606282
VDLLNQEIEFLK	2	sp|P35908|K22E_HUMAN	0.006313131	0.9366095275687156	0.9651366484688828	58841.629802694224
KGEVLPLPEANFPSFPLPHHK	4	sp|P04196|HRG_HUMAN	0.006313131	1.0	0.9435550495170161	1312788.8259333547
KNIFISPVSISMALAMLSLGTC[+57.021465]GHTR	4	sp|P08185|CBG_HUMAN	0.006313131	1.0	0.924207784847659	35371.341723870064
C[+57.021465]AGQQQDIR	2	sp|P27918|PROP_HUMAN	0.006313131	0.9797881705057813	0.8970386892328861	1666.2267496510551
FDPVRGEVPPR	2	sp|P02790|HEMO_HUMAN	0.006313131	1.0	0.9435645583521897	2420319.0023990786
VQLTGEPVPMAR	3	sp|P15151|PVR_HUMAN	0.006313131	1.0	0.816446614510435	1378.9929179069773
DYWSTVK	2	sp|P02656|APOC3_HUMAN	0.006313131	1.0	0.9589035555109685	1732051.579235021
IIYFDQILVNVGNFFTLESVFVAPR	3	sp|Q9NTU7|CBLN4_HUMAN	0.006313131	0.9658285256870233	0.8085075978160312	866.6420638030331
KAADDTWEPFASGK	2	sp|P02766|TTHY_HUMAN	0.006313131	0.9440873193926883	0.950857825358611	17036.301694422964
DLGEENFK	2	sp|P02768|ALBU_HUMAN	0.006313131	1.0	0.965447706018212	160572.1267059812
LVGIQIQTLMQK	2	sp|P20061|TCO1_HUMAN	0.006313131	1.0	0.9339411649157161	90512.23960053314
MADEAGSEADHEGTHSTK	2	sp|P02671|FIBA_HUMAN	0.006313131	1.0	0.9401041383457056	4568.804907900467
QIQVFEDEPAR	2	sp|Q9NPH3|IL1AP_HUMAN	0.006313131	1.0	0.9310498706895638	17584.34448393485
IGPDNLPYVQILK	3	sp|P11362|FGFR1_HUMAN	0.006313131	1.0	0.8025861028398766	12985.216206277999
EETNEIQVVNEEPQR	2	sp|Q8NBJ4|GOLM1_HUMAN	0.006313131	0.9728591838590949	0.8440238617472448	3341.9727894076627
VTSIQDWVQK	2	sp|P00738|HPT_HUMAN	0.006313131	1.0	0.9802892516072758	580611.6928285237
LQHLENELTHDIITK	2	sp|P01009|A1AT_HUMAN	0.006313131	1.0	0.9485955704725987	3622163.271981424
TFTC[+57.021465]TAAYPESK	2	sp|P01876|IGHA1_HUMAN	0.006313131	1.0	0.9690517217218261	141237.08801714724
AADDTWEPFASGK	3	sp|P02766|TTHY_HUMAN	0.006313131	0.9212790999005022	0.9279823442721591	14047.912878722118
GLASANVDFAFSLYK	3	sp|P08185|CBG_HUMAN	0.006313131	1.0	0.7555886726448445	148338.464529894
GEVLPLPEANFPSFPLPHHK	4	sp|P04196|HRG_HUMAN	0.006313131	0.9866190731264982	0.9548855704825832	110355.2408673303
EFGNTLEDK	2	sp|P02654|APOC1_HUMAN	0.006313131	1.0	0.9398895555803983	133987.38387850497
YTIAALLSPYSYSTTAVVTNPK	4	sp|P02766|TTHY_HUMAN	0.006313131	1.0	0.9341628622033554	2443820.0626708036
VTTSQDMLSIM[+15.994915]EK	2	sp|P05155|IC1_HUMAN	0.006313131	0.9866190731264982	0.8331668900862631	17835.010248459235
IC[+57.021465]LDLQAPLYK	3	sp|P02776|PLF4_HUMAN	0.006313131	1.0	0.9052718387869851	6638.908002190029
LLVVYPWTQR	2	sp|P02042|HBD_HUMAN;sp|P02100|HBE_HUMAN;sp|P68871|HBB_HUMAN;sp|P69891|HBG1_HUMAN;sp|P69892|HBG2_HUMAN	0.006313131	1.0	0.9276530035008091	102631.41422378657
TPSSTGPSPVFDIK	2	sp|Q12913|PTPRJ_HUMAN	0.006313131	0.9933552810135716	0.9624791555134091	168128.7708523081
C[+57.021465]PNPPVQENFDVNK	2	sp|P05090|APOD_HUMAN	0.006313131	0.9797881705057813	0.8893264946373187	81336.38790501538
GPLDQLEK	2	sp|P05546|HEP2_HUMAN	0.006313131	1.0	0.9271585028869967	198208.59812498765
FYYLIASETPGK	2	sp|P29622|KAIN_HUMAN	0.006313131	1.0	0.8353021015630355	15340.740223520323
YSLTYIYTGLSK	2	sp|P25311|ZA2G_HUMAN	0.006313131	1.0	0.9044563179940277	320192.46079589956
GEC[+57.021465]QAEGVLFFQGDR	3	sp|P02790|HEMO_HUMAN	0.006313131	1.0	0.8269411143915463	140912.61668367207
QGHNSVFLIK	3	sp|P02790|HEMO_HUMAN	0.006313131	0.9658285256870233	0.94486256312715	32452.716303541118
EIPVLVTQISSTNHPVK	3	sp|Q6UX71|PXDC2_HUMAN	0.006313131	1.0	0.9119975801224219	103636.31548458333
VGSALFLSHNLK	3	sp|P29622|KAIN_HUMAN	0.006313131	1.0	0.8607598773464049	112488.33893599377
NTWSILHTQGALVQGGYGHSSVYDHR	3	sp|O75882|ATRN_HUMAN	0.006313131	1.0	0.9155094059826567	321469.67542404484
SASLHLPK	2	sp|P01009|A1AT_HUMAN	0.006313131	0.9728591838590949	0.9687182024886177	8633.334709520372
IAPQLSTEELVSLGEK	2	sp|P43652|AFAM_HUMAN	0.006313131	1.0	0.9198053538736637	986097.7694671929
SISTAYLQWSSLK	2	sp|A0A0C4DH38|HV551_HUMAN;sp|A0A0J9YXX1|HV5X1_HUMAN	0.006313131	1.0	0.9066056222600289	251122.63489366573
MEEVEAMLLPETLK	2	sp|P01011|AACT_HUMAN	0.006313131	0.9866190731264982	0.9668355543924189	66564.20211855747
SSSQELGLK	2	sp|Q14515|SPRL1_HUMAN	0.006313131	1.0	0.9269740748277361	35748.474301878414
DTVFALVNYIFFK	3	sp|P01009|A1AT_HUMAN	0.006313131	0.9866190731264982	0.8156798713129852	5355.741498474882
HSAQPWADFTLLGAR	3	sp|Q8IYS5|OSCAR_HUMAN	0.006313131	0.9866190731264982	0.8938818154107019	54977.517863941626
AVM[+15.994915]DDFAAFVEK	2	sp|P02768|ALBU_HUMAN	0.006313131	0.9933552810135716	0.8571294269552261	20476.676721365686
GDDITMVLILPKPEK	3	sp|P01008|ANT3_HUMAN	0.006313131	0.9866190731264982	0.9465479719746509	81956.38219632913
GDTFSC[+57.021465]MVGHEALPLAFTQK	3	sp|P01876|IGHA1_HUMAN	0.006313131	0.9933552810135716	0.9008121483533539	4733.802698028729
LYLVQGTQVYVFLTK	3	sp|P02790|HEMO_HUMAN	0.006313131	1.0	0.9480886636094009	46441676.443902805
FTVNNLAEPQK	2	sp|P12259|FA5_HUMAN	0.006313131	0.9933552810135716	0.9380717555473389	19534.762158006957
GDLYFANVEEK	2	sp|O00533|NCHL1_HUMAN	0.006313131	0.9933552810135716	0.9519947656891276	31155.6408929843
EHVAHLLFLRDTK	4	sp|P19652|A1AG2_HUMAN	0.006313131	0.9866190731264982	0.915212285697638	74020.25491325541
AQWANPFDPSK	2	sp|P05543|THBG_HUMAN	0.006313131	0.9933552810135716	0.9707440722939383	263067.17809769226
ATSYAELC[+57.021465]SEYR	2	sp|Q9NQ38|ISK5_HUMAN	0.006313131	0.9933552810135716	0.9498549858234717	3712.534599562354
FNKPFVFLMIEQNTK	2	sp|P01009|A1AT_HUMAN	0.006313131	1.0	0.9432519072635744	3757286.2841548175
GTYSTTVTGR	2	sp|P08519|APOA_HUMAN	0.006313131	1.0	0.9522196564892201	166114.69367044012
GLPNVVTSAISLPNIR	3	sp|Q92954|PRG4_HUMAN	0.006313131	0.9797881705057813	0.9374335809988259	722198.1222278386
TDTSHHDQDHPTFNK	3	sp|P01009|A1AT_HUMAN	0.006313131	0.9728591838590949	0.9110340089970813	4319.308762909278
SGVQQLIQYYQDQK	3	sp|Q13790|APOF_HUMAN	0.006313131	0.9514467542496609	0.8185650524961982	5939.105245533221
WVQDYIK	2	sp|Q16627|CCL14_HUMAN	0.006313131	1.0	0.9648412663894559	625605.6158338209
DALSSVQESQVAQQAR	3	sp|P02656|APOC3_HUMAN	0.006313131	1.0	0.8579945652560732	138762.28616876234
EIGELYLPK	2	sp|P01011|AACT_HUMAN	0.006313131	0.9797881705057813	0.9848790070454252	106605.1628846534
SDVVYTDWK	2	sp|P02763|A1AG1_HUMAN	0.006313131	0.9866190731264982	0.9738389275964597	201191.48157489338
GWVDLFVPK	2	sp|P05543|THBG_HUMAN	0.006313131	0.9797881705057813	0.9589280951588958	123416.91992010624
VEIDTKSYWK	3	sp|P02766|TTHY_HUMAN	0.006313131	1.0	0.9569310314213194	16187.433423424156
IMQSSQSMSK	2	sp|O75882|ATRN_HUMAN	0.006313131	1.0	0.9748302044876623	202432.16009377353
KVPQVSTPTLVEVSR	2	sp|P02768|ALBU_HUMAN	0.006313131	0.9866190731264982	0.9485899952656563	36766.181154725
FLEDVKK	2	sp|P01009|A1AT_HUMAN	0.006313131	0.9728591838590949	0.9853306326579145	52899.59012879074
ASSIIDELFQDR	3	sp|P10909|CLUS_HUMAN	0.006313131	1.0	0.8334003329842393	9188.065708269518
WVMVPMMSLHHLTIPYFR	4	sp|P01011|AACT_HUMAN	0.006313131	1.0	0.9109537539444967	341383.4984560224
C[+57.021465]PLFEHFLK	3	sp|Q9NPH3|IL1AP_HUMAN	0.006313131	0.9586923939928679	0.7610022721927597	4839.749677956061
YAASSYLSLTPEQWK	2	sp|A0M8Q6|IGLC7_HUMAN;sp|B9A064|IGLL5_HUMAN;sp|P0CF74|IGLC6_HUMAN;sp|P0CG04|IGLC1_HUMAN;sp|P0DOX8|IGL1_HUMAN;sp|P0DOY2|IGLC2_HUMAN;sp|P0DOY3|IGLC3_HUMAN	0.006313131	1.0	0.9398104642255246	12424669.109109428
SYSC[+57.021465]QVTHEGSTVEK	3	sp|B9A064|IGLL5_HUMAN;sp|P0CF74|IGLC6_HUMAN;sp|P0CG04|IGLC1_HUMAN;sp|P0DOX8|IGL1_HUMAN;sp|P0DOY2|IGLC2_HUMAN;sp|P0DOY3|IGLC3_HUMAN	0.006313131	0.9797881705057813	0.8964608034501458	13440.63539559598
LSSWVLLM[+15.994915]K	2	sp|P01009|A1AT_HUMAN	0.006313131	0.9866190731264982	0.8863968226656843	31214.28650427817
LTSLPLGALR	2	sp|P07359|GP1BA_HUMAN	0.006313131	1.0	0.9337980689737042	145894.31562912863
VILPQTSDAYQVSVAK	2	sp|Q86SQ4|AGRG6_HUMAN	0.006313131	1.0	0.9423521749192735	446949.2542722813
NWGLSFYADKPETTK	4	sp|P19652|A1AG2_HUMAN	0.006313131	1.0	0.7945937676023056	56741.925304978795
TMLLQPAGSLGSYSYR	3	sp|P41222|PTGDS_HUMAN	0.006313131	1.0	0.8050337683456501	96083.96059750508
ELTPEVLQEWLDELEEMMLVVHMPR	4	sp|P01008|ANT3_HUMAN	0.006313131	1.0	0.9778504578720575	1212369.4524866994
GTHC[+57.021465]NQVEVIATLK	3	sp|P02775|CXCL7_HUMAN	0.006313131	1.0	0.9481219048352603	204194.93778340745
LWLQGIDVR	2	sp|P28827|PTPRM_HUMAN	0.006313131	0.9866190731264982	0.8952559651366816	13824.308331509292
LLDNWDSVTSTFSK	2	sp|P02647|APOA1_HUMAN	0.006313131	1.0	0.9688203069468195	825436.1606157552
YPPTVSMVEGQGEK	2	sp|P27918|PROP_HUMAN	0.006313131	0.9866190731264982	0.9623466566491794	402238.4582546609
IVDLFSGLDSPAILVLVNYIFFK	3	sp|P08185|CBG_HUMAN	0.006313131	0.9797881705057813	0.9565265219599072	17589.943241027246
QDQC[+57.021465]IYNTTYLNVQR	2	sp|P02763|A1AG1_HUMAN	0.006313131	0.9658285256870233	0.8645457544971622	26390.238396551664
AVSISPTNVILTWK	3	sp|Q12913|PTPRJ_HUMAN	0.006313131	1.0	0.8858303704625881	77380.83626899551
VDGALC[+57.021465]M[+15.994915]EK	2	sp|P02790|HEMO_HUMAN	0.006313131	0.9797881705057813	0.9555511063873937	13321.664841081876
YVGGQEHFAHLLILR	2	sp|P02763|A1AG1_HUMAN	0.006313131	1.0	0.9665282685281451	15029012.341563063
FSISATYDLGATLLK	3	sp|P05543|THBG_HUMAN	0.006313131	0.9866190731264982	0.9438162109791413	3558.870519368327
FSYDLSQC[+57.021465]INQMK	2	sp|Q8NBJ4|GOLM1_HUMAN	0.006313131	0.9797881705057813	0.968140968748476	29903.603694083533
ANQQLNFTEAK	2	sp|Q9Y5Y7|LYVE1_HUMAN	0.006313131	0.9933552810135716	0.9537421165653763	57968.79329712151
TFYEPGEEITYSC[+57.021465]KPGYVSR	3	sp|P02749|APOH_HUMAN	0.006313131	0.9866190731264982	0.9267630528197838	39723.89769615936
GGYTLVSGYPK	2	sp|P02790|HEMO_HUMAN	0.006313131	0.9866190731264982	0.9602214289783686	1405073.4578864612
ASFHIPQVQVR	3	sp|Q9BQ51|PD1L2_HUMAN	0.006313131	0.9728591838590949	0.867862792299161	2596.484244533919
QLSFEEFIMLMAR	3	sp|P06702|S10A9_HUMAN	0.006313131	1.0	0.7638944963311158	38329.8486328973
NKEDC[+57.021465]VEIYIK	3	sp|P14151|LYAM1_HUMAN	0.006313131	1.0	0.8052861320969502	19545.103484493353
WELLQQVDTSTR	2	sp|P04264|K2C1_HUMAN	0.006313131	0.9933552810135716	0.960618058232679	62790.65241426178
EHVAHLLFLRDTK	3	sp|P19652|A1AG2_HUMAN	0.006313131	0.9866190731264982	0.9661625738387655	19203.982161131575
TYLPAVDEK	2	sp|P02655|APOC2_HUMAN	0.006313131	0.9797881705057813	0.9528051294571979	109375.2396954901
RLGMFNIQHC[+57.021465]K	2	sp|P01009|A1AT_HUMAN	0.006313131	1.0	0.9370396111597459	712610.2278571172
SAGSVESPSVSSTHR	3	sp|P17936|IBP3_HUMAN	0.006313131	1.0	0.9321233908604084	185410.83950817137
ADGESC[+57.021465]SASMMYQEGK	2	sp|P01008|ANT3_HUMAN	0.006313131	0.9728591838590949	0.9169760883190375	111047.74103369495
DSGPYSC[+57.021465]SVNVQDK	2	sp|Q96AP7|ESAM_HUMAN	0.006313131	1.0	0.9626666416587436	24931.99478688323
IPKSDVVYTDWK	2	sp|P02763|A1AG1_HUMAN	0.006313131	0.9933552810135716	0.9825070200092623	219072.43580692267
ESLLNHFLYEVAR	3	sp|P43652|AFAM_HUMAN	0.006313131	0.9797881705057813	0.7797732214130161	22878.7410786824
SKPAVQYQWDR	2	sp|Q96AP7|ESAM_HUMAN	0.006313131	0.9933552810135716	0.9549898899113143	8066.915923745277
QGLLPVLESFK	2	sp|P02647|APOA1_HUMAN	0.006313131	0.9933552810135716	0.9737384221064113	462939.6177155761
MREWFSETFQK	2	sp|P02654|APOC1_HUMAN	0.006313131	0.9933552810135716	0.890416767133423	20873.299275235757
EMEDTLNHLK	3	sp|P17936|IBP3_HUMAN	0.006313131	0.9933552810135716	0.9377035500457248	53422.51810853585
AVLTIDEK	1	sp|P01009|A1AT_HUMAN	0.006313131	1.0	0.9395938554387658	305884.76052960276
NSLYLQMNSLR	2	sp|A0A0B4J1V1|HV321_HUMAN;sp|A0A0B4J1X8|HV343_HUMAN;sp|A0A0C4DH32|HV320_HUMAN;sp|P01762|HV311_HUMAN;sp|P01763|HV348_HUMAN;sp|P01766|HV313_HUMAN;sp|P01780|HV307_HUMAN;sp|P01782|HV309_HUMAN;sp|P0DP04|HV43D_HUMAN	0.006313131	1.0	0.865656994287151	4239.779895463615
GGEGTGYFVDFSVR	2	sp|P04196|HRG_HUMAN	0.006313131	0.9866190731264982	0.9733878972431285	141891.39850467988
GVTSVSQIFHSPDLAIR	3	sp|P05155|IC1_HUMAN	0.006313131	0.9933552810135716	0.9103295530916857	43174.27074179161
EGVLYVGSK	2	sp|P37840|SYUA_HUMAN;sp|Q16143|SYUB_HUMAN	0.006313131	1.0	0.9704653200311192	91418.11556994623
GFMQTYYDDHLR	2	sp|P55056|APOC4_HUMAN	0.019583844	1.0	0.8758703705995972	96562.5907943665
TYFPHFDLSHGSAQVK	4	sp|P69905|HBA_HUMAN	0.006313131	1.0	0.9565684280757476	2032592.922380997
VITEPIPVSDLR	2	sp|Q12913|PTPRJ_HUMAN	0.006313131	1.0	0.9537782160474811	101381.76083489797
VLDELTLTK	2	sp|P13645|K1C10_HUMAN	0.006313131	0.9797881705057813	0.9725018572098117	22869.02534410582
AGALQLLLVGDK	2	sp|P55058|PLTP_HUMAN	0.006313131	1.0	0.9022974151290005	50942.445202332055
DTEEEDFHVDQVTTVK	2	sp|P01009|A1AT_HUMAN	0.006313131	0.9658285256870233	0.9299349322950693	2848137.4214656483
ALSIGFETC[+57.021465]R	2	sp|P16070|CD44_HUMAN	0.006313131	0.9933552810135716	0.9469384602705062	92445.88178770356
STSESTAALGC[+57.021465]LVK	3	sp|P01859|IGHG2_HUMAN;sp|P01861|IGHG4_HUMAN	0.015911873	0.7138053936648634	0.8865355807415732	16495.955409768238
EMEVLHLR	2	sp|P11362|FGFR1_HUMAN	0.006313131	0.9797881705057813	0.9104370046311179	31064.999751027084
ATVVYQGER	2	sp|P02749|APOH_HUMAN	0.006313131	1.0	0.9672885148568863	3469935.8047164087
YNSQNQSNNQFVLYR	2	sp|P01042|KNG1_HUMAN	0.006313131	1.0	0.9369472773240096	1177925.2263036743
IDSLLENDR	2	sp|P10909|CLUS_HUMAN	0.006313131	0.9797881705057813	0.9851527153736862	135775.3443434658
DYVSQFEGSALGK	2	sp|P02647|APOA1_HUMAN	0.006313131	1.0	0.9190493451200864	112591.84113860283
VDLVLEK	2	sp|P17900|SAP3_HUMAN	0.006313131	0.9586923939928679	0.8181281468827288	4092.609925031009
VPLQQNFQDNQFQGK	2	sp|P80188|NGAL_HUMAN	0.006313131	0.9728591838590949	0.9095751554654952	145935.7184633465
TM[+15.994915]LLQPAGSLGSYSYR	2	sp|P41222|PTGDS_HUMAN	0.006313131	1.0	0.9403095892111701	1847074.5504454488
DIQGSLQDIFK	2	sp|P55290|CAD13_HUMAN	0.006313131	0.9933552810135716	0.9467844227340477	57366.41315629925
EHVAHLLFLR	2	sp|P19652|A1AG2_HUMAN	0.006313131	0.9658285256870233	0.9734895679371918	369215.78176499426
YFHHNSDFHIPK	4	sp|O75015|FCG3B_HUMAN	0.006313131	0.9658285256870233	0.994252610119207	185013.80294792596
MSSINADFAFNLYR	2	sp|P05543|THBG_HUMAN	0.006313131	0.9797881705057813	0.9443943393295323	1200267.4729957867
NLAVSQVVHK	2	sp|P01011|AACT_HUMAN	0.006313131	0.9866190731264982	0.9868751405756282	137696.73721631742
IMGITLVSKK	2	sp|Q9Y5Y7|LYVE1_HUMAN	0.006313131	0.9866190731264982	0.8899183848009783	10134.467437020092
FNRPFLMIIVPTDTQNIFFMSK	3	sp|P01011|AACT_HUMAN	0.006313131	1.0	0.9396359948587657	8313260.779592153
RDPPQYPVVPVHLDR	3	sp|P10153|RNAS2_HUMAN	0.006313131	1.0	0.9243584695689145	100966.33297115458
TVAAC[+57.021465]NLPIVR	3	sp|P02760|AMBP_HUMAN	0.006313131	1.0	0.7522823428549142	5144.249309849809
GILTVDELLAIR	3	sp|P13473|LAMP2_HUMAN	0.006313131	1.0	0.8980715598133345	37430.3757766658
ATLVC[+57.021465]LISDFYPGAVTVAWK	4	sp|B9A064|IGLL5_HUMAN;sp|P0CG04|IGLC1_HUMAN;sp|P0DOX8|IGL1_HUMAN;sp|P0DOY2|IGLC2_HUMAN;sp|P0DOY3|IGLC3_HUMAN	0.006313131	0.9933552810135716	0.855564894333011	357.9664369312101
QQLQALSEPQPR	2	sp|Q8NBJ4|GOLM1_HUMAN	0.006313131	1.0	0.9581756192615004	14114.130699785168
AVVFLEPQWYSVLEK	2	sp|O75015|FCG3B_HUMAN	0.006313131	1.0	0.9240164858545509	363485.4954382923
LLIYDNNK	2	sp|P01701|LV151_HUMAN	0.006313131	1.0	0.9740855732821109	186166.09467219107
TEGDGVYTLNDK	2	sp|P00738|HPT_HUMAN;sp|P00739|HPTR_HUMAN	0.006313131	1.0	0.9587309538932446	38191.28325545113
LLIYGASTR	2	sp|A0A075B6H7|KV37_HUMAN;sp|A0A0C4DH55|KVD07_HUMAN;sp|P01624|KV315_HUMAN	0.006313131	1.0	0.8994352764680058	147982.681238176
DFVQPPTK	1	sp|P01042|KNG1_HUMAN	0.006313131	1.0	0.9220349958860722	30772.91881962948
FIVLSNNYLQIR	2	sp|P13591|NCAM1_HUMAN	0.006313131	0.9933552810135716	0.9765575964622307	21473.337591301115
NEC[+57.021465]FLQHK	2	sp|P02768|ALBU_HUMAN	0.006313131	0.9797881705057813	0.9043119213239096	2777.4155520250815
GTQEQDFYVTSETVVR	3	sp|P05154|IPSP_HUMAN	0.006313131	1.0	0.7858704515028382	88212.01753176918
DKC[+57.021465]EPLEKQHEK	2	sp|P02763|A1AG1_HUMAN;sp|P19652|A1AG2_HUMAN	0.006313131	0.9586923939928679	0.7653654434364512	917.514749677222
WLQGSQELPR	2	sp|P01876|IGHA1_HUMAN;sp|P01877|IGHA2_HUMAN;sp|P0DOX2|IGA2_HUMAN	0.006313131	1.0	0.968957646777836	886460.5268544526
LWWLDLK	2	sp|P02790|HEMO_HUMAN	0.006313131	0.9797881705057813	0.9483111207308987	37946.42098323735
VYSTSVTGSR	2	sp|Q9H299|SH3L3_HUMAN	0.006313131	0.9797881705057813	0.9483471663071434	21216.743537325405
STAAMSTYTGIFTDQVLSVLK	3	sp|P02655|APOC2_HUMAN	0.006313131	0.9866190731264982	0.9468295102640756	83266.36160830075
SISC[+57.021465]QEIPGQQSR	2	sp|P27918|PROP_HUMAN	0.006313131	0.9866190731264982	0.8645509091217164	9088.151957093274
ALDLINK	2	sp|P04196|HRG_HUMAN	0.006313131	1.0	0.9869957391938318	1531783.8663491306
TSDQIHFFFAK	3	sp|P01008|ANT3_HUMAN	0.006313131	1.0	0.9194589641397592	183387.5420198007
SGTASEMGTER	2	sp|Q9ULI3|HEG1_HUMAN	0.006313131	1.0	0.8404350325515088	21164.147234930602
AEAESLYQSK	2	sp|P04264|K2C1_HUMAN	0.006313131	1.0	0.9739567678674353	146773.99126973547
DIPMNPMC[+57.021465]IYR	2	sp|P01008|ANT3_HUMAN	0.006313131	1.0	0.9410037432724384	332012.72093398817
TEGDGVYTLNNEK	2	sp|P00738|HPT_HUMAN	0.006313131	0.9933552810135716	0.9209789854823994	21720.402173605926
ASVSVTAEDEGTQR	2	sp|P05362|ICAM1_HUMAN	0.006313131	0.9933552810135716	0.8977777958959867	22916.61303323689
VPTVEPLDSLTLFLFR	2	sp|P13598|ICAM2_HUMAN	0.006313131	1.0	0.9480012290178371	18740466.442561686
RYTIAALLSPYSYSTTAVVTNPK	3	sp|P02766|TTHY_HUMAN	0.006313131	1.0	0.9473690382143451	144603397.28709581
ESGTDDFNVWIGLHDPK	3	sp|P05451|REG1A_HUMAN	0.006313131	1.0	0.8862657120408886	11438.417804806955
AFLEVNEEGSEAAASTAVVIAGR	3	sp|P01008|ANT3_HUMAN	0.006313131	1.0	0.9238562373571186	976262.4506122705
YFHHNSDFHIPK	3	sp|O75015|FCG3B_HUMAN	0.006313131	0.9658285256870233	0.7795427481367015	9103.67024873075
SILFLGK	1	sp|P05543|THBG_HUMAN	0.0075	0.888960273227615	0.8897662985881438	7214.889755419867
VLNQELR	2	sp|P05090|APOD_HUMAN	0.006313131	0.9728591838590949	0.9819939608222561	40212.63280298167
KGEVLPLPEANFPSFPLPHHK	5	sp|P04196|HRG_HUMAN	0.006313131	0.9212790999005022	0.863361828241467	3899.1892885351363
LPGIVAEGRDDLYVSDAFHK	3	sp|P01008|ANT3_HUMAN	0.006313131	1.0	0.9696903007978204	558860.4500497548
LYIEYGIQR	2	sp|Q9NPH3|IL1AP_HUMAN	0.006313131	0.9866190731264982	0.9114682159379818	111572.81684085418
HTFM[+15.994915]GVVSLGSPSGEVSHPR	4	sp|P02765|FETUA_HUMAN	0.006313131	1.0	0.9400785389486263	12262.028353407115
ALGISPFHEHAEVVFTANDSGPR	5	sp|P02766|TTHY_HUMAN	0.006313131	0.9866190731264982	0.857473997479461	2510.316341008079
FDPVRGEVPPR	3	sp|P02790|HEMO_HUMAN	0.006313131	1.0	0.9447615533454332	1246119.4742633633
VQPYLDDFQK	2	sp|P02647|APOA1_HUMAN	0.006313131	1.0	0.9705907671703462	1280965.6650696986
SSAEAQTPEDTPNK	2	sp|O43493|TGON2_HUMAN	0.006313131	0.9797881705057813	0.9648839237706751	8421.36733184682
C[+57.021465]SPHLVLSALTSDNHGATYAFSGTHYWR	5	sp|P02790|HEMO_HUMAN	0.006313131	1.0	0.9402706371976719	1562336.8054132625
LGMFNIQHC[+57.021465]K	3	sp|P01009|A1AT_HUMAN	0.006313131	0.9728591838590949	0.9329526557617619	67811.88237791238
MADEAGSEADHEGTHSTK	3	sp|P02671|FIBA_HUMAN	0.006313131	1.0	0.9283386716649412	229277.3605502547
TLLVFEVQQPFLFVLWDQQHK	3	sp|P05155|IC1_HUMAN	0.006313131	1.0	0.9390808408420246	464774.97564186435
SGAQATWTELPWPHEK	2	sp|P02790|HEMO_HUMAN	0.006313131	0.9728591838590949	0.9228410789993251	88384.66369468016
DNPMYYC[+57.021465]NK	2	sp|O75882|ATRN_HUMAN	0.006313131	1.0	0.9638354602620129	14394.688444841755
FLSTLTIDGVTR	2	sp|P35968|VGFR2_HUMAN	0.006313131	1.0	0.9549564102868358	10988.92169344678
ALGISPFHEHAEVVFTANDSGPRR	5	sp|P02766|TTHY_HUMAN	0.006313131	1.0	0.7990061096623148	138686.89558229875
SLNNQFASFIDK	2	sp|P04264|K2C1_HUMAN	0.006313131	0.9933552810135716	0.9412372786196207	163327.1871954455
AADDTWEPFASGK	2	sp|P02766|TTHY_HUMAN	0.006313131	1.0	0.9554131317348513	22074066.450368926
SGTSASLAISGLR	2	sp|P01700|LV147_HUMAN	0.006313131	0.9366095275687156	0.908612184886478	13072.743578290268
WEMPFDPQDTHQSR	2	sp|P01011|AACT_HUMAN	0.006313131	1.0	0.9113356100295822	463770.1279656143
DSTYSLSSTLTLSK	2	sp|P01834|IGKC_HUMAN;sp|P0DOX7|IGK_HUMAN	0.006313131	0.9866190731264982	0.9194323523774387	77355.5129259029
IC[+57.021465]LDLQAPLYK	2	sp|P02776|PLF4_HUMAN	0.006313131	1.0	0.9763484227832455	171345.83785625122
HTFMGVVSLGSPSGEVSHPR	4	sp|P02765|FETUA_HUMAN	0.006313131	1.0	0.9289100096390552	1054589.89009863
LAIPQQSDFHNNR	2	sp|P07333|CSF1R_HUMAN	0.006313131	1.0	0.9087118858483095	53973.05600002822
LTLTPWVGLR	2	sp|O75882|ATRN_HUMAN	0.006313131	0.9933552810135716	0.9548966298634438	70664.92297940927
HTLNQIDEVK	2	sp|P02765|FETUA_HUMAN	0.006313131	1.0	0.9596959442282808	1261576.6130592518
LVLLNAIYLSAK	3	sp|P05155|IC1_HUMAN	0.006313131	0.9728591838590949	0.8912145693937908	34461.262947058785
ESTLHLVLR	2	sp|P0CG47|UBB_HUMAN;sp|P0CG48|UBC_HUMAN;sp|P62979|RS27A_HUMAN;sp|P62987|RL40_HUMAN	0.006313131	0.9440873193926883	0.8873878338418196	533974.3419916364
QGHNSVFLIK	2	sp|P02790|HEMO_HUMAN	0.006313131	0.9658285256870233	0.8431489690342647	4462.474103054133
LYLVQGTQVYVFLTK	2	sp|P02790|HEMO_HUMAN	0.006313131	1.0	0.9562577173617179	63730207.48608738
VNVDEVGGEALGR	2	sp|P68871|HBB_HUMAN	0.006313131	0.9290085173289965	0.9383638852175658	43718.146134388066
VTTPDTSTTQHNK	2	sp|Q92954|PRG4_HUMAN	0.006313131	0.9728591838590949	0.8689385215027506	3809.405081099288
IAPQLSTEELVSLGEK	3	sp|P43652|AFAM_HUMAN	0.006313131	1.0	0.8286693944960482	80850.13236272655
QVILTLQPTLVAVGK	2	sp|P13598|ICAM2_HUMAN	0.006313131	0.9866190731264982	0.9584643136367326	1207537.2850188431
NVQDAIADAEQR	2	sp|P35908|K22E_HUMAN	0.006313131	0.9933552810135716	0.8781372593447542	12466.086883435893
SC[+57.021465]ALDQNC[+57.021465]QWEPR	2	sp|O75882|ATRN_HUMAN	0.006313131	0.9797881705057813	0.9649916108110559	20649.405450258448
EQYAVVGHSAHIVTLK	2	sp|O75882|ATRN_HUMAN	0.006313131	0.9514467542496609	0.9273478010039558	7138.205827291138
NWGLSVYADKPETTK	3	sp|P02763|A1AG1_HUMAN	0.006313131	0.9797881705057813	0.9560484193467336	51111.4758882219
FRIEDGFSLK	3	sp|P01008|ANT3_HUMAN	0.006313131	0.9658285256870233	0.9742206993074161	283442.9553903296
GDPLGTEGGLDASNTER	2	sp|Q12913|PTPRJ_HUMAN	0.006313131	1.0	0.9239967395124724	2363622.764658767
GDDITMVLILPKPEK	2	sp|P01008|ANT3_HUMAN	0.006313131	0.9366095275687156	0.8782027456371868	26734.585553462544
LDSSEFLK	2	sp|Q12841|FSTL1_HUMAN	0.006313131	1.0	0.726412049621515	92054.14176908402
LGNQEPGGQTALK	2	sp|P08697|A2AP_HUMAN	0.006313131	1.0	0.8908440072760161	5350.612883694082
GLYDVVSVLR	2	sp|O75144|ICOSL_HUMAN	0.006313131	1.0	0.9498427550565453	1828920.3854424853
ETPAATEAPSSTPK	2	sp|P80723|BASP1_HUMAN	0.006313131	1.0	0.9228695614371206	28436.288331908985
DNYTDLVAIQNK	2	sp|P14151|LYAM1_HUMAN	0.006313131	1.0	0.8430303220482407	13965.695836454212
LLIYWASTR	2	sp|P06312|KV401_HUMAN	0.006313131	1.0	0.9595032965598331	435059.942556968
AGVETTTPSK	2	sp|P0DOY2|IGLC2_HUMAN;sp|P0DOY3|IGLC3_HUMAN	0.006313131	1.0	0.9573225813381918	32944.6233023221
FNKPFVFLMIEQNTK	3	sp|P01009|A1AT_HUMAN	0.006313131	1.0	0.9524987338227945	12545143.311646407
HYYESEVLAMNFQDWATASR	3	sp|P08185|CBG_HUMAN	0.006313131	1.0	0.9484490978907668	33478624.85598243
IILEDENDAMADADR	2	sp|Q9BUN1|MENT_HUMAN	0.006313131	1.0	0.9057102876640903	298230.12608280714
TDTSHHDQDHPTFNK	4	sp|P01009|A1AT_HUMAN	0.006313131	0.9728591838590949	0.9408664191315519	777478.3962048374
LYHSEAFTVNFGDTEEAKK	3	sp|P01009|A1AT_HUMAN	0.006313131	0.9933552810135716	0.9574327583305479	75579.94662644475
SGVQQLIQYYQDQK	2	sp|Q13790|APOF_HUMAN	0.006313131	0.9797881705057813	0.894552632210919	38774.40942416198
ADLSGITGAR	1	sp|P01011|AACT_HUMAN	0.006313131	0.9728591838590949	0.9472505757526124	18810.547109453903
MFLSFPTTK	2	sp|P69905|HBA_HUMAN	0.006313131	0.9866190731264982	0.8996990356197138	2655.1842409079377
TLTLLSVTR	2	sp|P06731|CEAM5_HUMAN;sp|P13688|CEAM1_HUMAN;sp|P31997|CEAM8_HUMAN	0.006313131	0.9797881705057813	0.906631611225103	13717.885178126773
VTMQNLNDR	2	sp|P02533|K1C14_HUMAN;sp|P08779|K1C16_HUMAN;sp|P13645|K1C10_HUMAN;sp|Q7Z3Y7|K1C28_HUMAN;sp|Q7Z3Y8|K1C27_HUMAN;sp|Q7Z3Y9|K1C26_HUMAN;sp|Q7Z3Z0|K1C25_HUMAN	0.006313131	0.9866190731264982	0.9881744535447501	17189.13136634189
LQHLENELTHDIITK	4	sp|P01009|A1AT_HUMAN	0.006313131	1.0	0.9691683310369875	739071.1426051952
GLPNVVTSAISLPNIR	2	sp|Q92954|PRG4_HUMAN	0.006313131	0.9797881705057813	0.9624829281040405	165494.5861490371
EDMSEPQEK	2	sp|Q14515|SPRL1_HUMAN	0.006313131	0.9797881705057813	0.9718262160559574	4998.7804063997455
LALDVEIATYR	3	sp|O95678|K2C75_HUMAN;sp|P02538|K2C6A_HUMAN;sp|P04259|K2C6B_HUMAN;sp|P12035|K2C3_HUMAN;sp|P13647|K2C5_HUMAN;sp|P35908|K22E_HUMAN;sp|P48668|K2C6C_HUMAN;sp|Q01546|K22O_HUMAN;sp|Q5XKE5|K2C79_HUMAN	0.006313131	0.9290085173289965	0.8925763886235706	21848.33022027937
ANRPFLVFIR	3	sp|P01008|ANT3_HUMAN	0.006313131	1.0	0.948732676169611	3576539.5417907336
DYFMPC[+57.021465]PGR	2	sp|P02790|HEMO_HUMAN	0.006313131	0.9866190731264982	0.9028116616816696	1295970.59612169
WSAGLTSSQVDLYIPK	3	sp|P08185|CBG_HUMAN	0.006313131	0.9728591838590949	0.8146925566651357	7000.767223135836
FAGVFHVEK	2	sp|P16070|CD44_HUMAN	0.006313131	0.9797881705057813	0.9478571156315179	54460.5195901276
GEIMFQYDK	2	sp|Q8IZP9|AGRG2_HUMAN	0.006313131	1.0	0.9352263379351878	87359.9202732161
FLASVSTVLTSK	2	sp|P69905|HBA_HUMAN	0.006313131	1.0	0.955165972543384	349505.5491903096
QVVAGLNFR	2	sp|P01042|KNG1_HUMAN	0.006313131	0.9797881705057813	0.9740965855464313	23141.293665841495
FKLDDDLEHQGGHVLDHGHK	6	sp|P01042|KNG1_HUMAN	0.006313131	1.0	0.9127391967300308	229518.14624592848
VEIDTKSYWK	2	sp|P02766|TTHY_HUMAN	0.006313131	1.0	0.9701394656328821	361269.2419432949
TMLLQPAGSLGSYSYR	2	sp|P41222|PTGDS_HUMAN	0.006313131	1.0	0.9538434002807563	2719537.1338746934
LPTDSELAPR	2	sp|P49908|SEPP1_HUMAN	0.006313131	0.9440873193926883	0.9276676141737971	3318.702996653701
GTHC[+57.021465]NQVEVIATLK	2	sp|P02775|CXCL7_HUMAN	0.006313131	1.0	0.8637403680288398	651765.5204502796
SDVVYTDWKKDK	2	sp|P02763|A1AG1_HUMAN	0.006313131	1.0	0.9098127593956271	56585.53341610347
VVSTNYNQHAMVFFK	3	sp|P80188|NGAL_HUMAN	0.006313131	0.9728591838590949	0.9203453957676636	20860.071835606836
GPALTTPK	2	sp|Q92954|PRG4_HUMAN	0.006313131	1.0	0.9413159294096938	158409.74020557088
DASGVTFTWTPSSGK	2	sp|P01876|IGHA1_HUMAN	0.006313131	1.0	0.9264258321141509	629067.3536567462
DIAPTLTLYVGK	3	sp|P00738|HPT_HUMAN;sp|P00739|HPTR_HUMAN	0.006313131	1.0	0.7775047491119369	67099.57717758023
AVSISPTNVILTWK	2	sp|Q12913|PTPRJ_HUMAN	0.006313131	1.0	0.9346999447418018	1931293.80910922
GLGELQELYLK	2	sp|P07359|GP1BA_HUMAN	0.006313131	0.9933552810135716	0.9603609639033178	264107.1214145495
YVGGQEHFAHLLILR	3	sp|P02763|A1AG1_HUMAN	0.006313131	1.0	0.9507728475381575	17514430.808080506
FTVNNLAEPQK	3	sp|P12259|FA5_HUMAN	0.008728179	0.8354707271418766	0.8245672773965372	773.4812941674484
FSGSGSGTDFTLTISR	2	sp|A0A0C4DH25|KVD20_HUMAN;sp|P01619|KV320_HUMAN	0.006313131	0.9866190731264982	0.929954458528772	3955.3569084516866
AVMDDFAAFVEK	3	sp|P02768|ALBU_HUMAN	0.006313131	1.0	0.9275589436342178	246175.81199882465
SDVMYTDWK	2	sp|P19652|A1AG2_HUMAN	0.006313131	0.9866190731264982	0.9017083556551913	118715.13280648565
EESLDSDLYAELR	2	sp|P02775|CXCL7_HUMAN	0.006313131	1.0	0.9712523833782641	4043171.775367507
QDQC[+57.021465]IYNTTYLNVQR	3	sp|P02763|A1AG1_HUMAN	0.006313131	0.9658285256870233	0.8807578735218764	20997.53689804268
QISNLQQSISDAEQR	2	sp|P04264|K2C1_HUMAN	0.006313131	1.0	0.9102646151008984	1737958.5815073836
AQYEEIAQR	2	sp|P02538|K2C6A_HUMAN;sp|P04259|K2C6B_HUMAN;sp|P19013|K2C4_HUMAN;sp|P35908|K22E_HUMAN;sp|P48668|K2C6C_HUMAN;sp|Q01546|K22O_HUMAN	0.006313131	0.9866190731264982	0.9219866382526803	1952.4344533779417
YIC[+57.021465]ENQDSISSK	2	sp|P02768|ALBU_HUMAN	0.006313131	1.0	0.9398384800322233	82302.7777578881
QLSFEEFIMLMAR	2	sp|P06702|S10A9_HUMAN	0.006313131	1.0	0.9190055230249309	222040.38704488374
GGSTSYGTGSETESPR	2	sp|P02671|FIBA_HUMAN	0.006313131	1.0	0.9337988748777969	163279.32840434153
VIVVSMNYR	2	sp|P06276|CHLE_HUMAN	0.006313131	0.9866190731264982	0.9423406621059386	11223.798347105749
MTVTDQVNC[+57.021465]PK	2	sp|P05090|APOD_HUMAN	0.006313131	1.0	0.9764026143903094	108463.87668056379
EHVAHLLFLRDTK	2	sp|P19652|A1AG2_HUMAN	0.006313131	0.9866190731264982	0.958914886604832	34023.512964832276
SEAYNTFSER	2	sp|P12259|FA5_HUMAN	0.006313131	1.0	0.924727681066795	15927.261220010321
RLGMFNIQHC[+57.021465]K	3	sp|P01009|A1AT_HUMAN	0.006313131	1.0	0.9501985097223945	3440383.8827092065
VVAGVANALAHK	3	sp|P02042|HBD_HUMAN;sp|P68871|HBB_HUMAN	0.006313131	0.9866190731264982	0.9531022733704428	27833.239462458067
DM[+15.994915]PASEDLQDLQK	2	sp|P49908|SEPP1_HUMAN	0.006313131	1.0	0.9329523126629848	70461.43744049552
EENFYVDETTVVK	2	sp|P08185|CBG_HUMAN	0.006313131	1.0	0.9512177742762197	740877.9591951154
IYPTVNC[+57.021465]QPLGMISLMK	3	sp|P01042|KNG1_HUMAN	0.006313131	1.0	0.9449827260330558	59082.98002614461
SAGSVESPSVSSTHR	2	sp|P17936|IBP3_HUMAN	0.006313131	1.0	0.9046111490994738	50458.64245603674
EFTPPVQAAYQK	2	sp|P68871|HBB_HUMAN	0.008728179	0.8354707271418766	0.9430770184605862	6170.916062277098
EVGTPHGIILDSVDAAFIC[+57.021465]PGSSR	3	sp|P02790|HEMO_HUMAN	0.006313131	0.9797881705057813	0.9194986684519163	503432.08644670015
ESLLNHFLYEVAR	2	sp|P43652|AFAM_HUMAN	0.006313131	0.9440873193926883	0.8856042362487476	30729.27679615516
AFIQLWAFDAVK	3	sp|P02760|AMBP_HUMAN	0.006313131	1.0	0.852895519019554	5301.444475668586
NFPSPVDAAFR	2	sp|P02790|HEMO_HUMAN	0.006313131	0.9728591838590949	0.9845921554665464	80349.30152190899
AVLTIDEK	2	sp|P01009|A1AT_HUMAN	0.006313131	1.0	0.9717150122624748	23801277.045692086
GVTSVSQIFHSPDLAIR	2	sp|P05155|IC1_HUMAN	0.006313131	0.9933552810135716	0.8551529971889901	21332.806698984932
RYTIAALLSPYSYSTTAVVTNPKE	4	sp|P02766|TTHY_HUMAN	0.006313131	0.9728591838590949	0.908552194258685	140640.26371837856
TWQDC[+57.021465]EYK	2	sp|P01042|KNG1_HUMAN	0.006313131	1.0	0.981698619883693	131391.20552676442
TLLSNLEEAK	2	sp|P10909|CLUS_HUMAN	0.006313131	0.9866190731264982	0.9811287890534138	77164.12781718737
DQYYNIDVPSR	3	sp|Q92954|PRG4_HUMAN	0.006313131	0.9212790999005022	0.9640914141482813	9993.810694110565
GFMQTYYDDHLR	3	sp|P55056|APOC4_HUMAN	0.006313131	1.0	0.9783677568228241	64994.30112034809
C[+57.021465]TWLIEGQPNR	2	sp|O75882|ATRN_HUMAN	0.006313131	1.0	0.9936297272426989	99354.81818349542
VDGALC[+57.021465]MEK	2	sp|P02790|HEMO_HUMAN	0.006313131	1.0	0.9534890721399492	354617.7396724526
FIC[+57.021465]PLTGLWPINTLK	2	sp|P02749|APOH_HUMAN	0.006313131	1.0	0.9374116775186746	5298508.935863048
AQSQLVAGIK	2	sp|Q15828|CYTM_HUMAN	0.006313131	0.9797881705057813	0.9083298626211919	7897.240812255933
VGYVSGWGR	2	sp|P00738|HPT_HUMAN	0.006313131	0.9797881705057813	0.9815759293299839	12099.505782273194
DGYLFQLLR	2	sp|P04196|HRG_HUMAN	0.006313131	1.0	0.9686566842697597	750764.8899201936
DLSPDDPQVQK	2	sp|Q15828|CYTM_HUMAN	0.006313131	1.0	0.9309968947388071	13314.773299442279
YSPSFQGQVTISADK	2	sp|A0A0C4DH38|HV551_HUMAN	0.006313131	1.0	0.8729814050754969	152901.19871985578
VC[+57.021465]PFAGILENGAVR	2	sp|P02749|APOH_HUMAN	0.009937888	0.8258516653955662	0.927328589824378	1137330.2554352426
SVLGQLGITK	2	sp|P01009|A1AT_HUMAN	0.006313131	0.9797881705057813	0.9797739389670803	78807.8172951211
TM[+15.994915]LLQPAGSLGSYSYR	3	sp|P41222|PTGDS_HUMAN	0.006313131	1.0	0.8383377606298829	319711.02099273406
VFSNGADLSGVTEEAPLK	3	sp|P01009|A1AT_HUMAN	0.011056511	0.7955364837549187	0.8952215246010538	108832.00790873046
EGIVEYPR	2	sp|Q02985|FHR3_HUMAN;sp|Q92496|FHR4_HUMAN	0.006313131	0.9728591838590949	0.9266364485352238	8723.658238921364
FLENEDRR	2	sp|P01009|A1AT_HUMAN	0.006313131	0.9797881705057813	0.9687343464317661	273729.8044698411
STSESTAALGC[+57.021465]LVK	2	sp|P01859|IGHG2_HUMAN;sp|P01861|IGHG4_HUMAN	0.006313131	1.0	0.8903112792097732	92441.29960424837
FIQSQDYQC[+57.021465]SALMGGR	2	sp|P07333|CSF1R_HUMAN	0.006313131	1.0	0.9757341487846595	264712.1714843
MYATIYELK	2	sp|P80188|NGAL_HUMAN	0.006313131	1.0	0.9627399850385692	100164.52166316843
SGIIFAGHDK	2	sp|Q13449|LSAMP_HUMAN	0.006313131	1.0	0.8794622312954699	77378.78750836027
ADLFYDVEALDLESPK	3	sp|P04196|HRG_HUMAN	0.006313131	0.9933552810135716	0.9831482835684491	337849.5191758313
EHVAHLLFLR	3	sp|P19652|A1AG2_HUMAN	0.006313131	0.9658285256870233	0.9781351931465316	1092301.6829185982
QPAVEEPAEVTATVLASR	4	sp|P32942|ICAM3_HUMAN	0.0075	0.888960273227615	0.8383821731593694	32744.60352489545
KLINDYVK	2	sp|P01011|AACT_HUMAN	0.006313131	1.0	0.9828823464711159	335066.6882792001
TEDTIFLR	2	sp|P02763|A1AG1_HUMAN;sp|P19652|A1AG2_HUMAN	0.006313131	1.0	0.9826113933853393	901834.7824122347
EQLTPLIK	1	sp|P02652|APOA2_HUMAN	0.006313131	0.9728591838590949	0.9712218371664055	26904.156786870397
AVLHIGEK	2	sp|P05543|THBG_HUMAN	0.006313131	0.9728591838590949	0.9102020931963497	8524.757838123916
GDSVVYGLR	1	sp|P10451|OSTP_HUMAN	0.006313131	0.9728591838590949	0.7177838080241153	2102.1487312465983
SGYFLSISDSK	2	sp|Q86SQ4|AGRG6_HUMAN	0.006313131	1.0	0.8831383081063857	81529.13176020834
LSPYVHYTFR	3	sp|P32004|L1CAM_HUMAN	0.006313131	0.9728591838590949	0.8752717855950404	3775.980728404147
LC[+57.021465]TPLLPK	2	sp|P27918|PROP_HUMAN	0.006313131	1.0	0.9831713745406007	106072.3354906249
TYMLAFDVNDEK	3	sp|P02763|A1AG1_HUMAN	0.006313131	1.0	0.72009961952236	10364.438399457336
SEAAC[+57.021465]LAAGPGIR	2	sp|O75882|ATRN_HUMAN	0.006313131	1.0	0.9758365881935769	67129.37899041525
VIEHIMEDLDTNADK	2	sp|P06702|S10A9_HUMAN	0.006313131	1.0	0.9657733554238135	284318.1937519744
TVESITDIR	2	sp|P11279|LAMP1_HUMAN	0.006313131	0.9797881705057813	0.9780766074157192	297048.70644207386
YTDLVAIQNK	2	sp|P16109|LYAM3_HUMAN	0.006313131	1.0	0.9081319205939629	57814.082347049734
AFSVNIFK	2	sp|P11279|LAMP1_HUMAN	0.006313131	1.0	0.9019444256226123	628425.852984336
EVLLLVHNLPQQLFGYSWYK	3	sp|P13688|CEAM1_HUMAN	0.006313131	0.9797881705057813	0.9224752678317352	23056.864154813476
TGDIVEFVC[+57.021465]K	2	sp|P36980|FHR2_HUMAN	0.006313131	1.0	0.8837394389406712	10854.026854771855
TVAAC[+57.021465]NLPIVR	2	sp|P02760|AMBP_HUMAN	0.006313131	1.0	0.9546944781281167	57377.401371801345
ATLVC[+57.021465]LISDFYPGAVTVAWK	3	sp|B9A064|IGLL5_HUMAN;sp|P0CG04|IGLC1_HUMAN;sp|P0DOX8|IGL1_HUMAN;sp|P0DOY2|IGLC2_HUMAN;sp|P0DOY3|IGLC3_HUMAN	0.006313131	0.9933552810135716	0.9304366154894547	25508.002499195703
LAADDFR	1	sp|O76013|KRT36_HUMAN;sp|O76014|KRT37_HUMAN;sp|O76015|KRT38_HUMAN;sp|P02533|K1C14_HUMAN;sp|P05783|K1C18_HUMAN;sp|P08727|K1C19_HUMAN;sp|P08779|K1C16_HUMAN;sp|P13645|K1C10_HUMAN;sp|P13646|K1C13_HUMAN;sp|P19012|K1C15_HUMAN;sp|Q04695|K1C17_HUMAN;sp|Q14525|KT33B_HUMAN;sp|Q14532|K1H2_HUMAN;sp|Q15323|K1H1_HUMAN;sp|Q2M2I5|K1C24_HUMAN;sp|Q7Z3Y7|K1C28_HUMAN;sp|Q92764|KRT35_HUMAN	0.006313131	1.0	0.7620616257904869	11682.984717575171
IPLNDLFR	2	sp|P13473|LAMP2_HUMAN	0.006313131	0.9054124614333342	0.8881279394004585	7629.343502539769
DTATLSWGLPK	2	sp|O00533|NCHL1_HUMAN	0.006313131	1.0	0.805166975195997	34745.265988766434
GTQEQDFYVTSETVVR	2	sp|P05154|IPSP_HUMAN	0.006313131	1.0	0.9833737408590576	522402.75179670553
EQLGEFYEALDC[+57.021465]LR	2	sp|P02763|A1AG1_HUMAN	0.006313131	1.0	0.941973150441007	5377071.516043775
C[+57.021465]EDLETQTQSEK	2	sp|O00592|PODXL_HUMAN	0.006313131	1.0	0.9721105199833723	14729.807746760542
TSESGELHGLTTEEEFVEGIYK	4	sp|P02766|TTHY_HUMAN	0.006313131	0.9866190731264982	0.9120864282755806	23110.362269969475
ALTDMPQMR	2	sp|P02671|FIBA_HUMAN	0.006313131	0.9797881705057813	0.8968111383357495	7161.476524946116
QINDYVEK	2	sp|P01009|A1AT_HUMAN	0.006313131	0.9797881705057813	0.8569071365860123	3167.673131101748
IQYQLVDISQDNALR	2	sp|Q9H299|SH3L3_HUMAN	0.006313131	1.0	0.8287095912914386	315533.3163066724
LEDMEQALSPSVFK	3	sp|P05155|IC1_HUMAN	0.006313131	1.0	0.7558180523033684	55988.580507703744
LYGSEAFATDFQDSAAAK	2	sp|P01011|AACT_HUMAN	0.006313131	0.9586923939928679	0.8873258301861381	76576.91824008114
ELDRDTVFALVNYIFFK	3	sp|P01009|A1AT_HUMAN	0.006313131	1.0	0.9669796644675723	47254.716234046355
EDC[+57.021465]VEIYIK	2	sp|P14151|LYAM1_HUMAN	0.006313131	0.9933552810135716	0.9675687969478476	6768.2881641595895
AVVFLEPQWYSVLEK	3	sp|O75015|FCG3B_HUMAN	0.006313131	1.0	0.9279366671858312	79643.03397658456
GFQQLLQELNQPR	3	sp|P05154|IPSP_HUMAN	0.006313131	1.0	0.9165772788549803	90321.59300231017
VLDAVRGSPAINVAVHVFR	3	sp|P02766|TTHY_HUMAN	0.006313131	1.0	0.9178316641613834	64897.07464076687
WYNLAIGSTC[+57.021465]PWLK	3	sp|P02760|AMBP_HUMAN	0.014723927	0.9866190731264982	0.9305701659666724	103003.84348973505
RLWWLDLK	2	sp|P02790|HEMO_HUMAN	0.006313131	1.0	0.9250869146624313	301572.44107433455
ITPNLAEFAFSLYR	2	sp|P01009|A1AT_HUMAN	0.006313131	0.9866190731264982	0.9336104532049903	89053.22499730607
FATTFYQHLADSK	2	sp|P01008|ANT3_HUMAN	0.006313131	1.0	0.9742788802314885	4226557.405879288
ALDLINKR	2	sp|P04196|HRG_HUMAN	0.006313131	1.0	0.9530155385485897	155683.76402579213
EILSVDC[+57.021465]STNNPSQAK	2	sp|P10909|CLUS_HUMAN	0.006313131	0.9728591838590949	0.9297486171838992	85716.70736277963
YLDFVFAVK	2	sp|P13473|LAMP2_HUMAN	0.006313131	0.9866190731264982	0.9689873377867285	50264.37895177181
YFHHNSDFHIPK	2	sp|O75015|FCG3B_HUMAN	0.006313131	0.9658285256870233	0.8424990220312734	10329.271863529253
NPNLPPETVDSLK	2	sp|P05090|APOD_HUMAN	0.006313131	1.0	0.9478800725927002	670567.7466577943
DDLYVSDAFHK	2	sp|P01008|ANT3_HUMAN	0.006313131	1.0	0.9569483870121955	17744.982724762784
NTWSILHTQGALVQGGYGHSSVYDHR	6	sp|O75882|ATRN_HUMAN	0.006313131	0.9212790999005022	0.7761081196588396	1518.9829122784192
LTQLNLDR	2	sp|P07359|GP1BA_HUMAN	0.006313131	0.9797881705057813	0.9816276556343587	3049.744459328108
DYFM[+15.994915]PC[+57.021465]PGR	2	sp|P02790|HEMO_HUMAN	0.006313131	0.9933552810135716	0.9644739693112503	18847.648020765504
DVSSSVYSTWK	2	sp|P10721|KIT_HUMAN	0.006313131	0.9933552810135716	0.9073509843890576	34045.77561559568
LLGLSLAGK	1	sp|Q9Y5Y7|LYVE1_HUMAN	0.006313131	0.9728591838590949	0.7303480839709	4094.1859583140513
ALGISPFHEHAEVVFTANDSGPR	4	sp|P02766|TTHY_HUMAN	0.006313131	0.9866190731264982	0.9376229104092737	228499.8208433598
WLQDNAENVYVWK	2	sp|P07359|GP1BA_HUMAN	0.006313131	0.9797881705057813	0.9241097313309624	161224.2728750012
YKEENDDFASFR	2	sp|P04196|HRG_HUMAN	0.006313131	0.9866190731264982	0.909195238093022	48070.91368897019
SVNNVVVR	1	sp|O75882|ATRN_HUMAN	0.006313131	1.0	0.7492398894185788	5087.493505109336
C[+57.021465]SPHLVLSALTSDNHGATYAFSGTHYWR	4	sp|P02790|HEMO_HUMAN	0.006313131	1.0	0.8257763449587942	1143935.7408466553
LVVEWQLQDDK	2	sp|P61916|NPC2_HUMAN	0.006313131	1.0	0.9753132523731305	39974.317981360226
VAEGTQVLELPFK	2	sp|P01008|ANT3_HUMAN	0.006313131	0.9933552810135716	0.9796910373081816	26290.094204404802
SGAQATWTELPWPHEK	3	sp|P02790|HEMO_HUMAN	0.006313131	0.9728591838590949	0.9449344230519087	182489.93165751515
YWNDC[+57.021465]EPPDSR	2	sp|P04196|HRG_HUMAN	0.006313131	0.9933552810135716	0.7735596848832399	11585.83557542107
GTWTQPFDLASTR	2	sp|P08185|CBG_HUMAN	0.006313131	0.9933552810135716	0.9445970119843919	269122.67487108515
DKC[+57.021465]EPLEKQHEK	4	sp|P02763|A1AG1_HUMAN;sp|P19652|A1AG2_HUMAN	0.006313131	0.9658285256870233	0.8550687877320772	2635.0366304158665
GIYSFSFHVIK	3	sp|Q9NTU7|CBLN4_HUMAN	0.006313131	0.9728591838590949	0.8833638904947134	31415.769540915535
GNLMGGWK	2	sp|P23435|CBLN1_HUMAN;sp|Q8IUK8|CBLN2_HUMAN	0.006313131	1.0	0.9176863939205776	668355.3269737831
QNQC[+57.021465]FYNSSYLNVQR	2	sp|P19652|A1AG2_HUMAN	0.006313131	1.0	0.9228111437538835	368023.708605164
LGMFNIQHC[+57.021465]K	2	sp|P01009|A1AT_HUMAN	0.006313131	0.9586923939928679	0.9729764421359871	89881.80630805623
LNDLEDALQQAK	2	sp|P04264|K2C1_HUMAN	0.006313131	1.0	0.9375958605396194	437.41518449379527
LREQLGPVTQEFWDNLEK	3	sp|P02647|APOA1_HUMAN	0.006313131	1.0	0.993054269488465	60796.197759202216
ALGISPFHEHAEVVFTANDSGPRR	4	sp|P02766|TTHY_HUMAN	0.006313131	1.0	0.7673914595747734	131896.6309496438
VLDAVRGSPAINVAVHVFR	4	sp|P02766|TTHY_HUMAN	0.006313131	1.0	0.9190133101201114	48381.8363728089
TLM[+15.994915]FGSYLDDEK	2	sp|P19652|A1AG2_HUMAN	0.006313131	0.9933552810135716	0.9821577424464742	551639.8561536928
EEDPIHLR	2	sp|O75015|FCG3B_HUMAN;sp|P08637|FCG3A_HUMAN	0.006313131	0.9797881705057813	0.9709826582583431	47599.85715481966
MEPFHFK	2	sp|P05155|IC1_HUMAN	0.006313131	1.0	0.9714257538449311	4379760.534511454
FLEQQNQVLQTK	2	sp|P04264|K2C1_HUMAN;sp|P35908|K22E_HUMAN;sp|Q7Z794|K2C1B_HUMAN	0.006313131	0.9933552810135716	0.8758321397128409	361.1468056879921
ALFLETEQLK	2	sp|Q13740|CD166_HUMAN	0.006313131	1.0	0.9418989357062733	87246.10420644989
YTIAALLSPYSYSTTAVVTNPKE	4	sp|P02766|TTHY_HUMAN	0.006313131	0.9797881705057813	0.8982559261725591	48704.49463561809
GGSIQQYIYK	2	sp|Q92954|PRG4_HUMAN	0.006313131	0.9933552810135716	0.9330784698205346	21126.280063324077
HTFMGVVSLGSPSGEVSHPR	3	sp|P02765|FETUA_HUMAN	0.006313131	1.0	0.9517565896936395	1242509.923165999
SGFPQVSMFFTHTFPK	3	sp|P04196|HRG_HUMAN	0.006313131	0.9933552810135716	0.952422378528884	181624.81205732087
MNTVIAALSR	2	sp|P08185|CBG_HUMAN	0.006313131	0.9866190731264982	0.902820223248791	164.43657545075098
HTLNQIDEVK	3	sp|P02765|FETUA_HUMAN	0.006313131	1.0	0.9842952965980597	89035.1895307301
EALQGVGDMGR	2	sp|P35542|SAA4_HUMAN	0.006313131	1.0	0.9342738744525567	19564.380394753473
LVLLNAIYLSAK	2	sp|P05155|IC1_HUMAN	0.006313131	0.9728591838590949	0.9634445679755632	4048037.813342772
GLEWVGFIR	2	sp|A0A0A0MS15|HV349_HUMAN	0.006313131	0.9866190731264982	0.8877525099808821	2481.1569950058856
SDGDPVQPAVLQVHQTS	2	sp|O95810|CAVN2_HUMAN	0.006313131	0.9728591838590949	0.8902640804343631	51088.650361631226
TFVLPVTPPR	2	sp|P32942|ICAM3_HUMAN	0.006313131	1.0	0.8439006663980684	183125.0482151823
VTTPDTSTTQHNK	3	sp|Q92954|PRG4_HUMAN	0.006313131	0.9728591838590949	0.9160281803017138	16671.58650604943
QVILTLQPTLVAVGK	3	sp|P13598|ICAM2_HUMAN	0.006313131	0.9866190731264982	0.9260738992569139	223353.01467935045
RSLSGTAFGGFLMFK	3	sp|Q9H8L6|MMRN2_HUMAN	0.006313131	0.9866190731264982	0.9368970288192874	10919.855785990985
TVPLAVLQLR	2	sp|P23467|PTPRB_HUMAN	0.006313131	0.9866190731264982	0.9127740718720025	7222.788464232336
EQYAVVGHSAHIVTLK	3	sp|O75882|ATRN_HUMAN	0.006313131	0.9514467542496609	0.828516510379747	8157.508990276715
NWGLSVYADKPETTK	2	sp|P02763|A1AG1_HUMAN	0.006313131	0.9797881705057813	0.9500005334108741	66473.8610495835
TVGSDTFYSFK	2	sp|P01042|KNG1_HUMAN	0.006313131	1.0	0.963631284754698	56428.42553680917
IEISELNR	2	sp|P04264|K2C1_HUMAN;sp|P35908|K22E_HUMAN	0.006313131	0.9514467542496609	0.9873242576096303	4129.876585639023
LTGSSGFVTDGPGNYK	2	sp|O75882|ATRN_HUMAN	0.006313131	1.0	0.9391279577174763	2301930.9897389323
GSSSSPLGISVR	2	sp|Q9NTU7|CBLN4_HUMAN	0.006313131	0.9933552810135716	0.9642474630349719	11880.832338151286
QSLEASLAETEGR	2	sp|P13645|K1C10_HUMAN	0.006313131	1.0	0.9792530349051929	79532.94746128986
SQYEQLAEQNRK	3	sp|P13645|K1C10_HUMAN	0.006313131	1.0	0.9360253366962106	249342.97173531013
GSPAINVAVHVFRK	3	sp|P02766|TTHY_HUMAN	0.006313131	1.0	0.9712644365310557	727293.5991758176
TFYEPGEEITYSC[+57.021465]KPGYVSR	4	sp|P02749|APOH_HUMAN	0.006313131	0.9440873193926883	0.8868742322684691	752.2117704865943
DGWHSWPIAHQWPQGPSAVDAAFSWEEK	5	sp|P02790|HEMO_HUMAN	0.006313131	1.0	0.7148377088516357	103400.451812457
SGAQATWTELPWPHEK	4	sp|P02790|HEMO_HUMAN	0.006313131	0.9728591838590949	0.8526326086193091	10441.101486078596
LYHSEAFTVNFGDTEEAKK	4	sp|P01009|A1AT_HUMAN	0.006313131	0.9933552810135716	0.9316330937342411	100419.49185212584
YFIDFVAR	2	sp|P01042|KNG1_HUMAN	0.006313131	0.9797881705057813	0.9826647468576793	688943.1352133367
NVQALEIELQSQLALK	3	sp|P13645|K1C10_HUMAN	0.006313131	1.0	0.9315498324343249	67099.71000158813
DYFMPC[+57.021465]PGR	3	sp|P02790|HEMO_HUMAN	0.006313131	0.9366095275687156	0.9195219046168547	15607.750045279938
SYYWIGIR	2	sp|P14151|LYAM1_HUMAN	0.006313131	0.9797881705057813	0.9828800297034718	1010892.6065196939
LALDVEIATYR	2	sp|O95678|K2C75_HUMAN;sp|P02538|K2C6A_HUMAN;sp|P04259|K2C6B_HUMAN;sp|P12035|K2C3_HUMAN;sp|P13647|K2C5_HUMAN;sp|P35908|K22E_HUMAN;sp|P48668|K2C6C_HUMAN;sp|Q01546|K22O_HUMAN;sp|Q5XKE5|K2C79_HUMAN	0.006313131	0.9290085173289965	0.8629806951705463	19587.310950960862
GSPAINVAVHVFR	3	sp|P02766|TTHY_HUMAN	0.006313131	1.0	0.9543098754718724	2031150.79940413
ANRPFLVFIR	2	sp|P01008|ANT3_HUMAN	0.006313131	1.0	0.8251227080377644	184980.88005367658
EAEPLVDIR	2	sp|Q9H8L6|MMRN2_HUMAN	0.006313131	1.0	0.8944349610838814	103370.74167907838
AEELSIQVSC[+57.021465]R	2	sp|Q9Y5Y7|LYVE1_HUMAN	0.006313131	1.0	0.9947019334494535	95941.62614072913
EVPLNTIIFMGR	2	sp|P01008|ANT3_HUMAN	0.006313131	1.0	0.9678838138218405	3948080.9601212186
WSAGLTSSQVDLYIPK	2	sp|P08185|CBG_HUMAN	0.006313131	0.9728591838590949	0.949366670781009	2091203.979002421
AVEPQLQEEER	2	sp|P55058|PLTP_HUMAN	0.006313131	1.0	0.7785648060369172	1015.7235298229378
FKLDDDLEHQGGHVLDHGHK	5	sp|P01042|KNG1_HUMAN	0.006313131	1.0	0.9100574345540177	772936.8218096256
IDPSHTQGYR	3	sp|P40189|IL6RB_HUMAN	0.006313131	1.0	0.8853575368040439	133667.57968798085
ITVVDALHEIPVK	3	sp|Q16270|IBP7_HUMAN	0.006313131	0.9728591838590949	0.9119276030043918	13404.242377266026
YVSELHLTR	2	sp|P10721|KIT_HUMAN	0.006313131	0.9866190731264982	0.904484384591465	29227.42761760572
VVSTNYNQHAMVFFK	2	sp|P80188|NGAL_HUMAN	0.006313131	0.9728591838590949	0.9422244909577684	28053.749193357762
SDVVYTDWKKDK	3	sp|P02763|A1AG1_HUMAN	0.006313131	1.0	0.9512837650254434	89468.10338215303
GFSGIFEDR	2	sp|P09619|PGFRB_HUMAN	0.006313131	0.9514467542496609	0.8019859641961558	409.52913647458456
SC[+57.021465]AVAEYGVYVK	2	sp|P00738|HPT_HUMAN;sp|P00739|HPTR_HUMAN	0.015911873	1.0	0.9621764547689351	282079.8429124318
GEVLPLPEANFPSFPLPHHK	3	sp|P04196|HRG_HUMAN	0.006313131	0.9866190731264982	0.9663634994913995	97133.71761834736
DIAPTLTLYVGK	2	sp|P00738|HPT_HUMAN;sp|P00739|HPTR_HUMAN	0.006313131	1.0	0.9576044301842397	13736360.093037475
WYVVGLAGNAILR	2	sp|P80188|NGAL_HUMAN	0.006313131	0.9933552810135716	0.9880778722725682	54357.5671275036
GSFPWQAK	2	sp|P00738|HPT_HUMAN;sp|P00739|HPTR_HUMAN	0.006313131	1.0	0.9838629207401048	1706383.9147861805
ETLLQDFR	2	sp|P02760|AMBP_HUMAN	0.006313131	1.0	0.9776774911772314	903074.7572373073
YEGSYALTSEEAER	2	sp|O95810|CAVN2_HUMAN	0.006313131	1.0	0.8086993530779348	99686.97248312386
NTLYLQMNSLR	2	sp|A0A0B4J1X5|HV374_HUMAN;sp|A0A0C4DH42|HV366_HUMAN;sp|P01764|HV323_HUMAN;sp|P01767|HV353_HUMAN;sp|P01768|HV330_HUMAN;sp|P01772|HV333_HUMAN;sp|P0DP02|HVC33_HUMAN;sp|P0DP03|HVC05_HUMAN	0.006313131	1.0	0.7648920616426201	471.6918937968529
AVMDDFAAFVEK	2	sp|P02768|ALBU_HUMAN	0.006313131	1.0	0.9753886765686892	11805374.675236713
VFEVHVRPK	2	sp|P13598|ICAM2_HUMAN	0.006313131	0.9866190731264982	0.950012475913523	11407.439417213629
ALMSPAGMLR	2	sp|O75144|ICOSL_HUMAN	0.006313131	1.0	0.9591145536621155	742195.8690822532
YVGGQEHFAHLLILRDTK	3	sp|P02763|A1AG1_HUMAN	0.006313131	1.0	0.9208530243298434	1367402.4788949764
QISNLQQSISDAEQR	3	sp|P04264|K2C1_HUMAN	0.006313131	1.0	0.9487704192554236	215240.96333523822
EESLDSDLYAELR	3	sp|P02775|CXCL7_HUMAN	0.0075	0.8630568252698203	0.7140030047244816	917.3514045303484
FSGSNSGNTATLTISR	2	sp|A0A075B6K5|LV39_HUMAN;sp|P80748|LV321_HUMAN	0.006313131	1.0	0.9512370143878598	249233.39997073694
SDVMYTDWKK	3	sp|P19652|A1AG2_HUMAN	0.015911873	0.7266555365444503	0.9260158800125321	14779.989284082776
QQTHMLDVMQDHFSR	4	sp|P10909|CLUS_HUMAN	0.006313131	1.0	0.9077205887276343	966679.00553583
NIDVFNVEDQK	2	sp|Q8NBJ4|GOLM1_HUMAN	0.006313131	1.0	0.8692693214612119	13368.984038381022
WQEEMELYR	2	sp|P02647|APOA1_HUMAN	0.006313131	0.9933552810135716	0.8399550714757227	29008.02787817383
IASFSQNC[+57.021465]DIYPGK	2	sp|P01042|KNG1_HUMAN	0.006313131	1.0	0.9429616069784164	4681354.652232471
VVAGVANALAHK	2	sp|P02042|HBD_HUMAN;sp|P68871|HBB_HUMAN	0.006313131	0.9866190731264982	0.9433925460467675	55683.3259692189
EENFYVDETTVVK	3	sp|P08185|CBG_HUMAN	0.0075	0.8630568252698203	0.7908518530169344	2103.9597959305183
LINDYVK	2	sp|P01011|AACT_HUMAN	0.006313131	0.9728591838590949	0.9850412677874268	25297.785455363868
NFPSPVDAAFR	3	sp|P02790|HEMO_HUMAN	0.006313131	0.9728591838590949	0.8654393851164082	2229.476712891917
AFIQLWAFDAVK	2	sp|P02760|AMBP_HUMAN	0.006313131	1.0	0.950484114103555	373830.9959290355
AFQVQQAVDLR	2	sp|P13497|BMP1_HUMAN	0.006313131	1.0	0.7480145235524418	3799.4290110928937
DSYETSQLDDQSAETHSHK	3	sp|P10451|OSTP_HUMAN	0.006313131	0.9933552810135716	0.7916824309351691	11638.371851808519
DQYYNIDVPSR	2	sp|Q92954|PRG4_HUMAN	0.006313131	1.0	0.9335123700168526	204811.59209985432
WTFEILDETNENK	2	sp|P10721|KIT_HUMAN	0.006313131	0.9797881705057813	0.787504506620028	21367.537669261015
HRLEDMEQALSPSVFK	4	sp|P05155|IC1_HUMAN	0.006313131	1.0	0.9229582929987039	505467.5618272431
ALTFELTLR	2	sp|P07333|CSF1R_HUMAN	0.006313131	0.9797881705057813	0.9498104438575756	71154.47480437269
FIC[+57.021465]PLTGLWPINTLK	3	sp|P02749|APOH_HUMAN	0.006313131	1.0	0.9424837630610648	20489794.888385326
VGSPFELVVSGNK	2	sp|Q6YHK3|CD109_HUMAN	0.006313131	1.0	0.8828583023148742	1394.8066016946398
EYC[+57.021465]GVPGDGDEELLR	2	sp|P02760|AMBP_HUMAN	0.006313131	0.9797881705057813	0.9359779999818417	253832.1788129684
SSAEVC[+57.021465]QLLGSQR	2	sp|Q9ULI3|HEG1_HUMAN	0.006313131	0.9366095275687156	0.8666110889240642	1063.248805348727
VFSNGADLSGVTEEAPLK	2	sp|P01009|A1AT_HUMAN	0.006313131	0.9728591838590949	0.9614641248516617	123735.7993606855
VFTFSVGQHNYDR	3	sp|P54289|CA2D1_HUMAN	0.006313131	1.0	0.7856864130006592	47574.64496633959
NMQDM[+15.994915]VEDYR	2	sp|P04264|K2C1_HUMAN	0.006313131	1.0	0.935562884977235	3673.086532516304
THLAPYSDELR	3	sp|P02647|APOA1_HUMAN	0.006313131	0.9728591838590949	0.9650696190875122	14430.18596857681
EQLTPLIK	2	sp|P02652|APOA2_HUMAN	0.006313131	0.9728591838590949	0.924054317533321	2159.2612564482693
ADLFYDVEALDLESPK	2	sp|P04196|HRG_HUMAN	0.006313131	0.9933552810135716	0.8779667343185463	234842.47599710993
SVDIWLR	2	sp|P15151|PVR_HUMAN	0.006313131	1.0	0.8920938821454903	218277.0829736357
NIQSLEVIGK	2	sp|P02775|CXCL7_HUMAN	0.006313131	0.9866190731264982	0.8707782437413035	4519.705125635303
QQTHMLDVMQDHFSR	3	sp|P10909|CLUS_HUMAN	0.006313131	1.0	0.8365243940613911	216165.63031613242
TYMLAFDVNDEK	2	sp|P02763|A1AG1_HUMAN	0.006313131	1.0	0.9620012121929975	144196892.80274916
SVQEIQATFFYFTPNK	3	sp|P02763|A1AG1_HUMAN;sp|P19652|A1AG2_HUMAN	0.006313131	1.0	0.8756632605610924	11811.627110923102
SLTEEAENWGDGEPNNK	2	sp|P14151|LYAM1_HUMAN	0.006313131	0.9658285256870233	0.888339328971648	235701.0581019742
EQLGEFYEALDC[+57.021465]LC[+57.021465]IPR	3	sp|P19652|A1AG2_HUMAN	0.006313131	1.0	0.9438188072980042	6594572.290808134
AATGEC[+57.021465]TATVGK	2	sp|P01042|KNG1_HUMAN	0.006313131	1.0	0.9645491639122137	82623.95951247177
NHNALLASLTTQK	3	sp|O75882|ATRN_HUMAN	0.006313131	1.0	0.9826213121680838	542634.9491833048
DMPASEDLQDLQK	2	sp|P49908|SEPP1_HUMAN	0.006313131	0.9866190731264982	0.96032291602243	2188797.2255429523
TTPPVLDSDGSFFLYSK	3	sp|P01857|IGHG1_HUMAN;sp|P0DOX5|IGG1_HUMAN	0.006313131	1.0	0.9090057472412704	81144.50573068933
LAADDFR	2	sp|O76013|KRT36_HUMAN;sp|O76014|KRT37_HUMAN;sp|O76015|KRT38_HUMAN;sp|P02533|K1C14_HUMAN;sp|P05783|K1C18_HUMAN;sp|P08727|K1C19_HUMAN;sp|P08779|K1C16_HUMAN;sp|P13645|K1C10_HUMAN;sp|P13646|K1C13_HUMAN;sp|P19012|K1C15_HUMAN;sp|Q04695|K1C17_HUMAN;sp|Q14525|KT33B_HUMAN;sp|Q14532|K1H2_HUMAN;sp|Q15323|K1H1_HUMAN;sp|Q2M2I5|K1C24_HUMAN;sp|Q7Z3Y7|K1C28_HUMAN;sp|Q92764|KRT35_HUMAN	0.006313131	1.0	0.9593855925877867	154641.79661874808
TQSSLVPALTDFVR	2	sp|O60888|CUTA_HUMAN	0.006313131	1.0	0.950862353554888	495088.630219214
DLMEKVK	2	sp|P02652|APOA2_HUMAN	0.006313131	1.0	0.9714298231505545	210695.05177002706
STSGGTAALGC[+57.021465]LVK	2	sp|P01857|IGHG1_HUMAN;sp|P01860|IGHG3_HUMAN;sp|P0DOX5|IGG1_HUMAN	0.006313131	1.0	0.9411158569237594	15784.193553193623
GWSEEELQGVLR	2	sp|Q9H4A9|DPEP2_HUMAN	0.006313131	1.0	0.935316388862904	81301.72945822866
TSESGELHGLTTEEEFVEGIYK	3	sp|P02766|TTHY_HUMAN	0.006313131	0.9866190731264982	0.9309544090288038	699982.2441927884
KWQEEMELYR	2	sp|P02647|APOA1_HUMAN	0.006313131	1.0	0.847572708443148	37550.24678996505
LEDMEQALSPSVFK	2	sp|P05155|IC1_HUMAN	0.006313131	1.0	0.9820681977470731	1552363.0526356685
LSVEADINGLR	2	sp|Q04695|K1C17_HUMAN	0.006313131	1.0	0.9029188188213126	16241.175362069174
GFQQLLQELNQPR	2	sp|P05154|IPSP_HUMAN	0.006313131	1.0	0.7894695179770397	138958.36013375863
WYNLAIGSTC[+57.021465]PWLK	2	sp|P02760|AMBP_HUMAN	0.006313131	0.9866190731264982	0.930802164022518	676778.2365978088
NSGSELQVYYASPR	2	sp|P18850|ATF6A_HUMAN	0.006313131	1.0	0.8094662030541139	83756.50718656604
ITPNLAEFAFSLYR	3	sp|P01009|A1AT_HUMAN	0.006313131	0.9866190731264982	0.8839747812346356	11071.406555513135
AVLDVFEEGTEASAATAVK	3	sp|P01011|AACT_HUMAN	0.006313131	1.0	0.9414154042775927	470822.41672563896
SSSNEEVMFLTVQVK	2	sp|P01023|A2MG_HUMAN	0.006313131	0.9514467542496609	0.9864593586335739	8933.630191611875
VWVYPPEK	2	sp|P02790|HEMO_HUMAN	0.006313131	1.0	0.9675420928661284	8334800.694353628
NWGLSFYADKPETTK	3	sp|P19652|A1AG2_HUMAN	0.006313131	1.0	0.8925779432039757	160619.5872742847
VLHPLEGAVVIIFK	3	sp|Q13740|CD166_HUMAN	0.006313131	1.0	0.8810797000313267	126649.87970395488
ILGGHLDAK	2	sp|P00738|HPT_HUMAN;sp|P00739|HPTR_HUMAN	0.006313131	1.0	0.9832702410472802	862459.9104115319
NPNLPPETVDSLK	3	sp|P05090|APOD_HUMAN	0.006313131	0.9212790999005022	0.8066886522171938	4312.831296362947
DDLYVSDAFHK	3	sp|P01008|ANT3_HUMAN	0.006313131	1.0	0.7507505743583799	4336.108547581268
NTWSILHTQGALVQGGYGHSSVYDHR	5	sp|O75882|ATRN_HUMAN	0.006313131	1.0	0.9310652625299598	775261.0959758763
TLNQPDSQLQLTTGNGLFLSEGLK	3	sp|P01009|A1AT_HUMAN	0.006313131	1.0	0.8663820962366011	1254155.071214016
AFIQLWAFDAVKGK	3	sp|P02760|AMBP_HUMAN	0.006313131	0.9440873193926883	0.7653409997135421	11767.199794467318
ELELQIGNALFIGK	3	sp|P05543|THBG_HUMAN	0.006313131	1.0	0.8463894101768062	57150.70078255643
TFPGFFSPMLGEFVSETESR	3	sp|P02671|FIBA_HUMAN	0.006313131	1.0	0.9174648772992502	224644.60900206392
ILLDEQAQWK	2	sp|P13598|ICAM2_HUMAN	0.006313131	1.0	0.9565767546030709	160548.42794211855
VEEVKPLEGR	3	sp|O00533|NCHL1_HUMAN	0.006313131	0.9658285256870233	0.884486896655337	2820.6913345462526
GAQTQTEEEMTR	2	sp|Q12841|FSTL1_HUMAN	0.006313131	0.9933552810135716	0.9125472020275631	7818.8469817130745
LLGLSLAGK	2	sp|Q9Y5Y7|LYVE1_HUMAN	0.006313131	0.9728591838590949	0.9781637894403665	724735.8449407624
KNIFISPVSISMALAMLSLGTC[+57.021465]GHTR	3	sp|P08185|CBG_HUMAN	0.006313131	1.0	0.9030414363871588	17325.936963965036
MEEVEAMLLPETLKR	3	sp|P01011|AACT_HUMAN	0.006313131	1.0	0.9071978003466056	25660.12218918362
DLATVYVDVLK	2	sp|P02647|APOA1_HUMAN	0.006313131	0.9933552810135716	0.9730134479370687	1310149.728494008
TLMFGSYLDDEKNWGLSFYADKPETTK	4	sp|P19652|A1AG2_HUMAN	0.006313131	0.9866190731264982	0.9834905326399891	342182.27741085214
VTTSQDMLSIMEK	3	sp|P05155|IC1_HUMAN	0.006313131	1.0	0.8054632080587931	19312.687072478166
SVNNVVVR	2	sp|O75882|ATRN_HUMAN	0.006313131	1.0	0.9731281744005095	421642.3391330495
VMPIC[+57.021465]LPSK	2	sp|P00738|HPT_HUMAN;sp|P00739|HPTR_HUMAN	0.006313131	1.0	0.954209697693542	269136.05642488156
SLTEEAENWGDGEPNNKK	3	sp|P14151|LYAM1_HUMAN	0.006313131	1.0	0.9101647482011983	67955.52487456451
AVLHIGEK	1	sp|P05543|THBG_HUMAN	0.006313131	0.9728591838590949	0.7346771224880009	349.4781224911204
VAEGTQVLELPFK	3	sp|P01008|ANT3_HUMAN	0.013496933	0.7390601692542802	0.8763576046807602	28665.13871819051
GTWTQPFDLASTR	3	sp|P08185|CBG_HUMAN	0.006313131	0.9933552810135716	0.8491256560742033	3324.528543368572
LSFQEFLK	2	sp|Q12841|FSTL1_HUMAN	0.006313131	0.9797881705057813	0.9000691154972863	24490.69728121445
SDVMYTDWKKDK	2	sp|P19652|A1AG2_HUMAN	0.006313131	0.9866190731264982	0.9444477764406947	5952.754774097158
QNQC[+57.021465]FYNSSYLNVQR	3	sp|P19652|A1AG2_HUMAN	0.006313131	1.0	0.794981203465759	119191.87794154836
TVVQPSVGAAAGPVVPPC[+57.021465]PGR	4	sp|P02765|FETUA_HUMAN	0.009937888	0.8354707271418766	0.776470731955921	1393.2697003739509
DEELSC[+57.021465]TVVELK	2	sp|P01011|AACT_HUMAN	0.006313131	1.0	0.9710255454951238	258937.7223624358
SLDFTELDVAAEK	2	sp|P01019|ANGT_HUMAN	0.006313131	0.9933552810135716	0.8703148645320524	16565.48125750252
DTINLLDQR	2	sp|Q8NBJ4|GOLM1_HUMAN	0.006313131	0.9866190731264982	0.9908331085644164	2655.028180029906
ETC[+57.021465]FAEEGKK	2	sp|P02768|ALBU_HUMAN	0.006313131	1.0	0.9236540972197003	11308.682418930208
TVVQLEGDNK	2	sp|P07148|FABPL_HUMAN	0.006313131	0.9866190731264982	0.9661346524501169	2520.9597793553453
AEIEYLEK	2	sp|P14151|LYAM1_HUMAN	0.006313131	1.0	0.9797357771253407	952424.151713305
SETEIHQGFQHLHQLFAK	3	sp|P08185|CBG_HUMAN	0.006313131	0.9866190731264982	0.9443150944375526	39247.396006069495
RPC[+57.021465]FSALEVDETYVPK	3	sp|P02768|ALBU_HUMAN	0.006313131	1.0	0.7759843697254823	13440.49920086191
TLGDSSAGEIALSTR	2	sp|P09619|PGFRB_HUMAN	0.006313131	0.9366095275687156	0.8854265102784596	21480.41568820071
DTKTYMLAFDVNDEK	3	sp|P02763|A1AG1_HUMAN	0.011056511	0.8058999028144878	0.8258234567985111	12789.342353652992
SPELQAEAK	2	sp|P02652|APOA2_HUMAN	0.006313131	0.9728591838590949	0.9701044072559534	20321.72211537087
YTIAALLSPYSYSTTAVVTNPKE	3	sp|P02766|TTHY_HUMAN	0.006313131	0.9797881705057813	0.953418134705382	2837747.035573521
GGSIQQYIYK	3	sp|Q92954|PRG4_HUMAN	0.009937888	0.8354707271418766	0.9353047210800972	1893.3970742347274
EGQMESVEAAMSSK	2	sp|P05543|THBG_HUMAN	0.006313131	1.0	0.9774867988456206	1576120.730486442
DLDMFINASK	2	sp|O75882|ATRN_HUMAN	0.006313131	0.9933552810135716	0.9535471539242235	15895.501054220944
ALQATVGNSYK	2	sp|P11279|LAMP1_HUMAN	0.006313131	0.9866190731264982	0.898349374604869	14774.909411223125
ESLSSYWESAK	2	sp|P02655|APOC2_HUMAN	0.006313131	0.9933552810135716	0.9544361432095029	773142.5785761427
DIPTNSPELEETLTHTITK	3	sp|P01042|KNG1_HUMAN	0.006313131	0.9933552810135716	0.9312325017632735	3602871.6829893487
LGQSLDC[+57.021465]NAEVYVVPWEK	3	sp|P01042|KNG1_HUMAN	0.006313131	1.0	0.9007815581738782	373234.70419112267
EQYAVVGHSAHIVTLK	4	sp|O75882|ATRN_HUMAN	0.006313131	0.9728591838590949	0.9576521450547144	9308.47851094572
SDGDPVQPAVLQVHQTS	3	sp|O95810|CAVN2_HUMAN	0.006313131	0.9728591838590949	0.7566280289431997	4402.796613091938
YVGGQEHFAHLLILR	4	sp|P02763|A1AG1_HUMAN	0.006313131	1.0	0.9545622989386676	338281117.90378773
RSLSGTAFGGFLMFK	2	sp|Q9H8L6|MMRN2_HUMAN	0.006313131	0.9866190731264982	0.700284185112726	7217.589157684694
GEAEYQEIR	2	sp|Q15223|NECT1_HUMAN	0.006313131	0.9866190731264982	0.9212984026286496	1041.4554212761807
VSFLSALEEYTK	2	sp|P02647|APOA1_HUMAN	0.006313131	1.0	0.8969611001795078	166668.65036564384
DKC[+57.021465]EPLEK	2	sp|P02763|A1AG1_HUMAN;sp|P19652|A1AG2_HUMAN	0.006313131	1.0	0.9604971330555071	23356.458041532813
IYGPSDSASR	2	sp|Q6UX71|PXDC2_HUMAN	0.006313131	1.0	0.9117073968854393	11133.094679099107
TEDSSSFLIDK	2	sp|P05543|THBG_HUMAN	0.006313131	1.0	0.8577394561329179	45078.8254163372
DGWHSWPIAHQWPQGPSAVDAAFSWEEK	4	sp|P02790|HEMO_HUMAN	0.006313131	1.0	0.9335014980662821	17173136.379122164
TYM[+15.994915]LAFDVNDEK	2	sp|P02763|A1AG1_HUMAN	0.006313131	0.9933552810135716	0.9517724626406562	3975932.64994095
RDPPQYPVVPVHLDR	4	sp|P10153|RNAS2_HUMAN	0.006313131	1.0	0.927369966899874	427890.27672445425
TLLVFEVQQPFLFVLWDQQHK	4	sp|P05155|IC1_HUMAN	0.006313131	1.0	0.8559915213993087	18299.818490492296
SPSQDEMLPTYLK	2	sp|Q8IZF2|AGRF5_HUMAN	0.006313131	1.0	0.9285549279498116	88744.48559484992
SGAEAQTPEDSPNR	2	sp|O43493|TGON2_HUMAN	0.006313131	0.9933552810135716	0.9327830664784152	1273.10821831779
GTSAVNVVLSLK	2	sp|P20061|TCO1_HUMAN	0.006313131	1.0	0.9047851379636483	69337.43257874103
GVC[+57.021465]EETSGAYEK	2	sp|P02760|AMBP_HUMAN	0.006313131	0.9933552810135716	0.9172248883520767	32456.22450753122
LADELSGWVQR	2	sp|Q99941|ATF6B_HUMAN	0.006313131	1.0	0.8925454038005403	9953.072346274277
SDVVYTDWKK	2	sp|P02763|A1AG1_HUMAN	0.006313131	1.0	0.9611868951211344	381519.9382572409
REPAVGEPAEVTTTVLVR	2	sp|P05362|ICAM1_HUMAN	0.006313131	0.9933552810135716	0.8599271245230566	31178.378943731004
NIFISPVSISMALAMLSLGTC[+57.021465]GHTR	3	sp|P08185|CBG_HUMAN	0.006313131	0.9728591838590949	0.7580572474336	69317.19189224321
DAVEDLESVGK	2	sp|P81605|DCD_HUMAN	0.006313131	1.0	0.9816151959653375	109893.5120708807
GSPAINVAVHVFR	2	sp|P02766|TTHY_HUMAN	0.006313131	1.0	0.9681425722370672	187921.41139763562
TSLENTFIHNTGK	2	sp|P23471|PTPRZ_HUMAN	0.006313131	0.9366095275687156	0.7337908488856243	2736.449060834771
AQVSPTASDMLHMR	3	sp|Q6UXB8|PI16_HUMAN	0.006313131	0.9797881705057813	0.8632875738838	49407.21351366945
KGIYSFSFHVIK	2	sp|Q9NTU7|CBLN4_HUMAN	0.006313131	1.0	0.8543018208838589	135423.15575984694
EVPLNTIIFMGR	3	sp|P01008|ANT3_HUMAN	0.006313131	1.0	0.8239249427083448	42662.5686672696
SETEIHQGFQHLHQLFAK	4	sp|P08185|CBG_HUMAN	0.006313131	0.9866190731264982	0.9488716960414956	115734.59624515832
FLEDVKK	1	sp|P01009|A1AT_HUMAN	0.006313131	0.9728591838590949	0.709428881832648	1212.897176256153
LFDSDPITVTVPVEVSR	3	sp|P10909|CLUS_HUMAN	0.006313131	1.0	0.8908140995671154	148531.84576464683
FKLDDDLEHQGGHVLDHGHK	4	sp|P01042|KNG1_HUMAN	0.006313131	1.0	0.907747634100438	17568.034546073293
LSSVTAADTAVYYC[+57.021465]AR	2	sp|A0A075B6R2|HV404_HUMAN;sp|A0A087WSY4|HV432_HUMAN;sp|A0A0C4DH41|HV461_HUMAN;sp|P01824|HV439_HUMAN;sp|P01825|HV459_HUMAN;sp|P06331|HV434_HUMAN;sp|P0DP06|HVD34_HUMAN;sp|P0DP07|HV431_HUMAN;sp|P0DP08|HVD82_HUMAN	0.006313131	0.9728591838590949	0.8792916236395097	16221.790620152231
ITVVDALHEIPVK	2	sp|Q16270|IBP7_HUMAN	0.006313131	0.9728591838590949	0.7393254218795052	7318.850633766697
YDVDTQMWTILK	2	sp|O75882|ATRN_HUMAN	0.006313131	0.9866190731264982	0.969629052657581	2451277.532900365
NILTSNNIDVK	2	sp|P05090|APOD_HUMAN	0.006313131	0.9933552810135716	0.8738579604889914	149544.50403858017
EAASNGVLIQMEK	2	sp|P23435|CBLN1_HUMAN	0.006313131	0.9212790999005022	0.8175530225732223	19349.17014522451
ENEGFTVTAEGK	2	sp|P01024|CO3_HUMAN	0.006313131	0.9933552810135716	0.8781635905270911	4011.179631451374
YPVAHFIDQTLK	2	sp|P05155|IC1_HUMAN	0.006313131	0.9933552810135716	0.9722648184124578	297678.1186194377
FEDGVLDPDYPR	2	sp|P04004|VTNC_HUMAN	0.006313131	1.0	0.8918116059283939	142956.9707980535
GSFPWQAK	1	sp|P00738|HPT_HUMAN;sp|P00739|HPTR_HUMAN	0.006313131	1.0	0.895727026775963	16269.582663462072
LGNFPWQAFTSIHGR	3	sp|Q9NZP8|C1RL_HUMAN	0.006313131	0.9933552810135716	0.8158206751322722	4162.490181007776
FQPTLLTLPR	2	sp|P05155|IC1_HUMAN	0.006313131	1.0	0.9725124524031471	6089714.695997633
YVMLPVADQDQC[+57.021465]IR	2	sp|P00738|HPT_HUMAN	0.006313131	0.9797881705057813	0.9378638293373204	324795.85065662867
ESNEELTESC[+57.021465]ETK	2	sp|P01042|KNG1_HUMAN	0.006313131	0.9054124614333342	0.9855187767437574	4979.941463583672
SDVMYTDWKK	2	sp|P19652|A1AG2_HUMAN	0.006313131	1.0	0.9951388264263951	168584.03219075513
RVWELSK	2	sp|P01008|ANT3_HUMAN	0.006313131	1.0	0.9352921703208916	360882.436900623
FNQPFIIMIFDHFTWSSLFLAR	4	sp|P08185|CBG_HUMAN	0.006313131	1.0	0.9724708596765018	1286135.0859704325
QPAVEEPAEVTATVLASR	3	sp|P32942|ICAM3_HUMAN	0.006313131	1.0	0.9344975042039583	381228.6780607016
NLQEILHGAVR	2	sp|P00533|EGFR_HUMAN	0.006313131	1.0	0.9614675149988615	40671.3017987154
EITVATGGFIYTGEVVHR	3	sp|Q6UX71|PXDC2_HUMAN	0.006313131	1.0	0.9603788530938555	24668.994332661965
GSESGIFTNTK	2	sp|P02671|FIBA_HUMAN	0.006313131	0.9866190731264982	0.933583612415238	27147.90879917693
TPVC[+57.021465]TTGQGSGSTATVFAMAELQK	3	sp|Q9H8L6|MMRN2_HUMAN	0.006313131	1.0	0.9268125612649021	860498.5245729929
ELDESLQVAER	2	sp|P10909|CLUS_HUMAN	0.006313131	1.0	0.9589796631235336	133390.67729183563
AVVFLEPQWYR	2	sp|P08637|FCG3A_HUMAN	0.006313131	1.0	0.9490174436637311	4563108.151734586
HTFM[+15.994915]GVVSLGSPSGEVSHPR	3	sp|P02765|FETUA_HUMAN	0.006313131	1.0	0.9048114820474014	18182.014136663285
NLDLDSIIAEVK	2	sp|O95678|K2C75_HUMAN;sp|P02538|K2C6A_HUMAN;sp|P04259|K2C6B_HUMAN;sp|P13647|K2C5_HUMAN;sp|P35908|K22E_HUMAN;sp|P48668|K2C6C_HUMAN;sp|Q5XKE5|K2C79_HUMAN	0.006313131	1.0	0.845150145220858	6619.616625084708
DASGATFTWTPSSGK	2	sp|P01877|IGHA2_HUMAN;sp|P0DOX2|IGA2_HUMAN	0.006313131	0.9866190731264982	0.9209541052640547	87355.88404635954
LINDYVK	1	sp|P01011|AACT_HUMAN	0.006313131	0.9586923939928679	0.7296484009044841	830.9686509909086
LLQDEFPGIPSPLDAAVEC[+57.021465]HR	3	sp|P02790|HEMO_HUMAN	0.006313131	1.0	0.9322102769761829	8083349.804924255
SDDSVIQLLNPNR	2	sp|Q9BY67|CADM1_HUMAN	0.006313131	1.0	0.9042132235893803	261027.6346514442
GKEESLDSDLYAELR	3	sp|P02775|CXCL7_HUMAN	0.011056511	0.8058999028144878	0.7762412574918223	11614.65047812575
NIFISPVSISMALAMLSLGTC[+57.021465]GHTR	4	sp|P08185|CBG_HUMAN	0.011056511	0.8058999028144878	0.8867623019721669	28624.364989914407
ISVFIQTDK	2	sp|Q6YHK3|CD109_HUMAN	0.006313131	1.0	0.9196642876860127	34535.08671141557
GVTSVSQIFHSPDLAIR	4	sp|P05155|IC1_HUMAN	0.006313131	0.9933552810135716	0.8468200621390908	10814.27917791424
YGFIEGHVVIPR	2	sp|P16070|CD44_HUMAN	0.006313131	1.0	0.9598525193783888	3907408.368885412
VTVLGQPK	2	sp|B9A064|IGLL5_HUMAN;sp|P0DOX8|IGL1_HUMAN	0.006313131	1.0	0.9421104667318858	51106.692818304
EETNEIQVVNEEPQR	4	sp|Q8NBJ4|GOLM1_HUMAN	0.011056511	0.7955364837549187	0.7652290707397151	1392.4114820786672
DLGEENFK	1	sp|P02768|ALBU_HUMAN	0.006313131	1.0	0.7967763378973756	10331.885074406875
KYPVAHFIDQTLK	2	sp|P05155|IC1_HUMAN	0.006313131	1.0	0.9544707279954547	895031.9209427189
HRLEDMEQALSPSVFK	3	sp|P05155|IC1_HUMAN	0.006313131	1.0	0.8318500313863457	174925.29666268567
DDFLIYDR	2	sp|P49908|SEPP1_HUMAN	0.006313131	0.9797881705057813	0.9751197767427953	324087.10684270307
LENEIQTYR	2	sp|P13645|K1C10_HUMAN	0.006313131	1.0	0.909302457070087	4266.466098477745
TVAAPSVFIFPPSDEQLK	3	sp|P01834|IGKC_HUMAN	0.006313131	1.0	0.8521406103842616	1074.4614383811427
TFLTVYWTPER	2	sp|P05362|ICAM1_HUMAN	0.006313131	1.0	0.9635599417273564	254315.5996315457
LHMLQISYFR	3	sp|Q9UNN8|EPCR_HUMAN	0.006313131	1.0	0.9835051646906858	25053.542722526727
KGPGPGGPGGAGVAR	3	sp|Q92686|NEUG_HUMAN	0.006313131	1.0	0.7782563577648066	67460.48630501982
LALDLEIATYR	2	sp|P04264|K2C1_HUMAN	0.006313131	1.0	0.8879008114786012	7666.72258435667
EFLEDTC[+57.021465]VQYVQK	2	sp|Q9UNN8|EPCR_HUMAN	0.025703795	0.8159995903747699	0.9101720845443659	23368.24732672914
GDEC[+57.021465]QLC[+57.021465]EVENR	2	sp|O75882|ATRN_HUMAN	0.018359853	1.0	0.8536114582546177	31420.251295853395
THLAPYSDELR	2	sp|P02647|APOA1_HUMAN	0.006313131	0.9728591838590949	0.9080340880168527	39090.45801596577
FIQSQDYQC[+57.021465]SALMGGR	4	sp|P07333|CSF1R_HUMAN	0.0075	0.8804971228634604	0.7737052659035297	797.3131625396652
FNQPFIIM[+15.994915]IFDHFTWSSLFLAR	4	sp|P08185|CBG_HUMAN	0.006313131	1.0	0.9446332198037628	478279.72112336254
RYTIAALLSPYSYSTTAVVTNPK	5	sp|P02766|TTHY_HUMAN	0.006313131	1.0	0.9726795874801094	134841.20163988203
SPLFMGK	1	sp|P01009|A1AT_HUMAN	0.006313131	1.0	0.8950495714078212	61687.48361746852
IADAHLDR	2	sp|P04196|HRG_HUMAN	0.006313131	1.0	0.9085234916484944	44273.9512929996
SLTVSLGPVSK	2	sp|Q9ULI3|HEG1_HUMAN	0.006313131	0.9866190731264982	0.9510095723340765	1914.8746856504338
YVGGQEHFAHLLILRDTK	5	sp|P02763|A1AG1_HUMAN	0.006313131	1.0	0.952393754158078	404159.9043099186
GPSVFPLAPSSK	2	sp|P01857|IGHG1_HUMAN;sp|P0DOX5|IGG1_HUMAN	0.006313131	1.0	0.9564019172776627	925999.2652566951
AYLEEEC[+57.021465]PATLR	2	sp|P25311|ZA2G_HUMAN	0.006313131	0.9933552810135716	0.8958595941907018	8519.85519911299
LTQLNLDR	1	sp|P07359|GP1BA_HUMAN	0.011056511	0.8058999028144878	0.7238904668199982	1733.0272986867392
KGEVLPLPEANFPSFPLPHHK	3	sp|P04196|HRG_HUMAN	0.006313131	1.0	0.884187082345306	154454.27455240177
QQTHMLDVMQDHFSR	2	sp|P10909|CLUS_HUMAN	0.006313131	1.0	0.7804542909935298	90738.32812738715
NEVWWTIDGK	2	sp|Q9NPH3|IL1AP_HUMAN	0.006313131	1.0	0.866316595256784	47639.578370700554
SVQEIQATFFYFTPNK	2	sp|P02763|A1AG1_HUMAN;sp|P19652|A1AG2_HUMAN	0.006313131	0.9290085173289965	0.7799141020095127	25191.630939674596
YGEGDSLTLQQLK	2	sp|Q15043|S39AE_HUMAN	0.006313131	0.9933552810135716	0.8712632127927669	4277.189591458442
NHNALLASLTTQK	2	sp|O75882|ATRN_HUMAN	0.006313131	1.0	0.9437634487741042	735961.5633384234
VQLTGEPVPMAR	2	sp|P15151|PVR_HUMAN	0.006313131	1.0	0.9345551011749381	79546.4328170618
DYWSTVK	1	sp|P02656|APOC3_HUMAN	0.006313131	1.0	0.9724779325429806	965022.8318692815
DLQFVEVTDVK	2	sp|P02751|FINC_HUMAN	0.006313131	1.0	0.916029697347566	7508.488965500821
SQYEQLAEQNR	2	sp|P13645|K1C10_HUMAN	0.006313131	1.0	0.9575684274522489	15806.839991098423
VLSYVDWIK	2	sp|Q9NZP8|C1RL_HUMAN	0.006313131	1.0	0.9217019854287252	223414.87648489824
TTPPVLDSDGSFFLYSK	2	sp|P01857|IGHG1_HUMAN;sp|P0DOX5|IGG1_HUMAN	0.006313131	1.0	0.8753142260900164	56303.60930875183
FNKPFVFLMIEQNTK	4	sp|P01009|A1AT_HUMAN	0.006313131	1.0	0.8239565008417084	96773.79325467924
RYTIAALLSPYSYSTTAVVTNPKE	3	sp|P02766|TTHY_HUMAN	0.006313131	0.9728591838590949	0.9042035255460044	513471.4552564886
LLQDEFPGIPSPLDAAVEC[+57.021465]HR	4	sp|P02790|HEMO_HUMAN	0.006313131	1.0	0.9454552209209273	150900.70731770108
IGPDNLPYVQILK	2	sp|P11362|FGFR1_HUMAN	0.006313131	1.0	0.9582682454707763	708127.494077207
ALDLINK	1	sp|P04196|HRG_HUMAN	0.006313131	1.0	0.7621051492609436	35112.18387638951
ITGKWFYIASAFR	2	sp|P02763|A1AG1_HUMAN;sp|P19652|A1AG2_HUMAN	0.006313131	1.0	0.9943281844905062	1262921.715028915
IEDGFSLK	2	sp|P01008|ANT3_HUMAN	0.006313131	1.0	0.9234131783302729	837453.2477945848
GLASANVDFAFSLYK	2	sp|P08185|CBG_HUMAN	0.006313131	1.0	0.9667282982845771	6429805.972904289
AVLDVFEEGTEASAATAVK	2	sp|P01011|AACT_HUMAN	0.006313131	1.0	0.8996443319457669	364045.33390280406
NQVSLTC[+57.021465]LVK	2	sp|P01857|IGHG1_HUMAN;sp|P01859|IGHG2_HUMAN;sp|P01860|IGHG3_HUMAN;sp|P01861|IGHG4_HUMAN;sp|P0DOX5|IGG1_HUMAN	0.006313131	1.0	0.9627237377950941	279366.86273128085
MEPFHFK	1	sp|P05155|IC1_HUMAN	0.006313131	1.0	0.8782025006238099	129285.92528266434
NWGLSFYADKPETTK	2	sp|P19652|A1AG2_HUMAN	0.006313131	1.0	0.9324987292627773	1664756.7507101202
C[+57.021465]INQLLC[+57.021465]K	2	sp|P49908|SEPP1_HUMAN	0.006313131	1.0	0.9246801131244459	102034.63703041787
LESEETMVLEAHDAQGDVPVTVTVHDFPGK	4	sp|P01024|CO3_HUMAN	0.006313131	1.0	0.9097155212789233	1177718.5531590423
AGLQVYNK	2	sp|P13987|CD59_HUMAN	0.006313131	1.0	0.8600125942659624	42354.68976512282
SPELQAEAKSYFEK	2	sp|P02652|APOA2_HUMAN	0.006313131	1.0	0.9196723592304477	205894.13925200264
AFLEVNEEGSEAAASTAVVIAGR	4	sp|P01008|ANT3_HUMAN	0.0075	0.8540617215638593	0.8778348372349722	5150.409166931978
SILFLGK	2	sp|P05543|THBG_HUMAN	0.006313131	1.0	0.9944276233855848	1678115.9912537301
GEC[+57.021465]QAEGVLFFQGDR	2	sp|P02790|HEMO_HUMAN	0.006313131	1.0	0.903739045937185	982827.2664192094
IMGITLVSK	2	sp|Q9Y5Y7|LYVE1_HUMAN	0.006313131	0.9728591838590949	0.9163199828471535	18468.799214342365
VLNQELR	1	sp|P05090|APOD_HUMAN	0.006313131	0.9586923939928679	0.9448437098677801	387.6449061800471
ELELQIGNALFIGK	2	sp|P05543|THBG_HUMAN	0.006313131	1.0	0.9786024338115266	1379973.9500957967
SLSGTAFGGFLMFK	2	sp|Q9H8L6|MMRN2_HUMAN	0.006313131	0.9933552810135716	0.9591971889154567	316809.01494435547
SASLHLPK	1	sp|P01009|A1AT_HUMAN	0.006313131	0.9728591838590949	0.9597063025159316	4031.012666360273
AIPVTQYLK	2	sp|P43652|AFAM_HUMAN	0.006313131	0.9797881705057813	0.975387216390524	34362.89135826707
GPSVFPLAPC[+57.021465]SR	2	sp|P01859|IGHG2_HUMAN;sp|P01860|IGHG3_HUMAN;sp|P01861|IGHG4_HUMAN	0.006313131	0.9933552810135716	0.9432637458910633	109229.04709635265
MEEVEAMLLPETLK	3	sp|P01011|AACT_HUMAN	0.006313131	0.9866190731264982	0.8293119649408517	8359.768552068575
NTWSILHTQGALVQGGYGHSSVYDHR	4	sp|O75882|ATRN_HUMAN	0.006313131	1.0	0.9550984581986718	887435.7317653281
YYC[+57.021465]FQGNQFLR	2	sp|P02790|HEMO_HUMAN	0.006313131	0.9866190731264982	0.961373261946596	628075.6955666649
DTVFALVNYIFFK	2	sp|P01009|A1AT_HUMAN	0.006313131	0.9866190731264982	0.938965934386803	26700.692121916352
HSAQPWADFTLLGAR	2	sp|Q8IYS5|OSCAR_HUMAN	0.006313131	0.9866190731264982	0.8678917543774927	76554.40483432639
IEISELNR	1	sp|P04264|K2C1_HUMAN;sp|P35908|K22E_HUMAN	0.006313131	0.9514467542496609	0.7238387252640844	1541.9050560090766
TDASDVKPC[+57.021465]	2	sp|P02749|APOH_HUMAN	0.006313131	1.0	0.916568231311932	2772.0832811674272
IVDLFSGLDSPAILVLVNYIFFK	4	sp|P08185|CBG_HUMAN	0.006313131	0.9797881705057813	0.9529907200239763	267.76367995899966
VTTSQDMLSIMEK	2	sp|P05155|IC1_HUMAN	0.006313131	1.0	0.9547385939388983	8255176.848405849
DALSSVQESQVAQQAR	2	sp|P02656|APOC3_HUMAN	0.006313131	1.0	0.9169255446258595	959441.0335178699
C[+57.021465]SPHLVLSALTSDNHGATYAFSGTHYWR	6	sp|P02790|HEMO_HUMAN	0.006313131	0.9134157281067091	0.7414969361799438	4065.784456846566
FLNVLSPR	2	sp|P17936|IBP3_HUMAN	0.006313131	1.0	0.9545214230981185	2111456.6576945405
QFTSSTSYNR	2	sp|P02671|FIBA_HUMAN	0.006313131	1.0	0.9225241551737863	41993.599326903764
TDTSHHDQDHPTFNK	2	sp|P01009|A1AT_HUMAN	0.006313131	0.9728591838590949	0.9428064693757948	12945.815989081106
AGGSWDLAVQER	2	sp|P22792|CPN2_HUMAN	0.006313131	1.0	0.883105905037499	4827.880308590343
ATEHLSTLSEK	2	sp|P02647|APOA1_HUMAN	0.006313131	1.0	0.9490644390887221	77651.21251112894
SDVMYTDWKKDK	3	sp|P19652|A1AG2_HUMAN	0.006313131	0.9866190731264982	0.8386262183092792	4136.87021571311
KLVAASQAALGL	2	sp|P02768|ALBU_HUMAN	0.006313131	0.9866190731264982	0.9834957686576277	1081492.4404492392
LALDIEIATYR	2	sp|P05787|K2C8_HUMAN;sp|P08729|K2C7_HUMAN;sp|P14136|GFAP_HUMAN;sp|P19013|K2C4_HUMAN;sp|Q6KB66|K2C80_HUMAN	0.006313131	1.0	0.9759584114209887	134475.61080817194
LSPLGEEMR	2	sp|P02647|APOA1_HUMAN	0.006313131	0.9797881705057813	0.950844988805902	35423.96237223929
EVGTPHGIILDSVDAAFIC[+57.021465]PGSSR	4	sp|P02790|HEMO_HUMAN	0.006313131	0.9797881705057813	0.9164535671584524	143321.29684484354
TGLEAISNHK	2	sp|Q14515|SPRL1_HUMAN	0.006313131	0.9797881705057813	0.9528313555238853	13504.547164730935
ATLLEEQLPLGK	2	sp|Q9BQ51|PD1L2_HUMAN	0.006313131	1.0	0.8649198890845149	24568.838436448208
KVPQVSTPTLVEVSR	3	sp|P02768|ALBU_HUMAN	0.006313131	0.9866190731264982	0.8132591907201869	6838.907558020948
YEELQITAGR	3	sp|P04259|K2C6B_HUMAN;sp|P04264|K2C1_HUMAN	0.006313131	1.0	0.9128043269748831	3082.1240736445684
ASSIIDELFQDR	2	sp|P10909|CLUS_HUMAN	0.006313131	1.0	0.9509580915179947	1054905.970761776
ETC[+57.021465]FAEEGKK	3	sp|P02768|ALBU_HUMAN	0.006313131	1.0	0.9281616368609628	13871.1504811598
C[+57.021465]PLFEHFLK	2	sp|Q9NPH3|IL1AP_HUMAN	0.006313131	0.9658285256870233	0.8618335686260465	7152.053977737666
QEINSHVEMQTK	2	sp|P05543|THBG_HUMAN	0.006313131	1.0	0.9516761198225397	142237.99182631655
SYSC[+57.021465]QVTHEGSTVEK	2	sp|B9A064|IGLL5_HUMAN;sp|P0CF74|IGLC6_HUMAN;sp|P0CG04|IGLC1_HUMAN;sp|P0DOX8|IGL1_HUMAN;sp|P0DOY2|IGLC2_HUMAN;sp|P0DOY3|IGLC3_HUMAN	0.006313131	0.9797881705057813	0.9533545140378764	3987.443721336945
RPC[+57.021465]FSALEVDETYVPK	2	sp|P02768|ALBU_HUMAN	0.006313131	1.0	0.9407781854088844	71960.48457519358
YPNC[+57.021465]AYR	2	sp|P07998|RNAS1_HUMAN	0.006313131	1.0	0.96612804835476	190630.92532964415
DTKTYMLAFDVNDEK	2	sp|P02763|A1AG1_HUMAN	0.006313131	0.9728591838590949	0.7951600737707029	13233.547058275904
ELTPEVLQEWLDELEEMMLVVHMPR	5	sp|P01008|ANT3_HUMAN	0.006313131	1.0	0.7264666278011757	68541.8468636938
YNIAITAVSGGK	2	sp|P23467|PTPRB_HUMAN	0.006313131	1.0	0.9067333403998596	36685.57700709879
KGDTFSC[+57.021465]MVGHEALPLAFTQK	4	sp|P01876|IGHA1_HUMAN	0.006313131	0.9933552810135716	0.9488553467302353	184675.32214407664
DGTFPLPIGESVTVTR	2	sp|P05362|ICAM1_HUMAN	0.006313131	1.0	0.8926886696385071	1026647.4249359642
TVVQPSVGAAAGPVVPPC[+57.021465]PGR	3	sp|P02765|FETUA_HUMAN	0.006313131	1.0	0.9821070395212702	72434.35016828068
LVVQSSIDSSAFK	2	sp|P10721|KIT_HUMAN	0.006313131	0.9933552810135716	0.879159099145745	17712.99372572042
FMPLSDVLYGR	2	sp|Q10588|BST1_HUMAN	0.006313131	1.0	0.9450098637396257	20662.459577138095
YPPTVSMVEGQGEK	3	sp|P27918|PROP_HUMAN	0.006313131	0.9866190731264982	0.9385514800981338	5478.226826572361
WFYIASAFR	2	sp|P02763|A1AG1_HUMAN;sp|P19652|A1AG2_HUMAN	0.006313131	1.0	0.9696428605277928	520862.39247854694
DLDQLFLSSDC[+57.021465]R	2	sp|Q99941|ATF6B_HUMAN	0.006313131	1.0	0.8631054431089702	44315.725686667065
EAATNGVLLYLDK	2	sp|Q9NTU7|CBLN4_HUMAN	0.006313131	1.0	0.9917333958576813	184400.38698442766
ADLEMQIESLTEELAYLK	3	sp|P13645|K1C10_HUMAN	0.006313131	1.0	0.9091982655306096	24969.823020275668
FSISATYDLGATLLK	2	sp|P05543|THBG_HUMAN	0.006313131	0.9866190731264982	0.9176718274825862	22847.380203681212
GGGALLGDR	2	sp|P00736|C1R_HUMAN;sp|Q9NZP8|C1RL_HUMAN	0.006313131	0.9658285256870233	0.9483844178054053	8325.962378484479
NWGLSVYADKPETTK	4	sp|P02763|A1AG1_HUMAN	0.006313131	0.9797881705057813	0.9083972932621651	27331.46617397538
VTTVASHTSDSDVPSGVTEVVVK	3	sp|P10909|CLUS_HUMAN	0.006313131	1.0	0.9386849432264005	646585.9744751952
AKPALEDLR	2	sp|P02647|APOA1_HUMAN	0.006313131	0.9797881705057813	0.9814476706865245	12342.34793240456
LSSWVLLMK	2	sp|P01009|A1AT_HUMAN	0.006313131	0.9866190731264982	0.9534474228962664	11924.856461697895
SASNMAIVDVK	2	sp|P01023|A2MG_HUMAN	0.024479805	1.0	0.9802824129491482	40035.23614485637
NKEDC[+57.021465]VEIYIK	2	sp|P14151|LYAM1_HUMAN	0.006313131	1.0	0.9683569125527085	418306.28648477566
HYYESEVLAMNFQDWATASR	4	sp|P08185|CBG_HUMAN	0.006313131	1.0	0.9835020914023098	177853.81507807854
NALALFVLPK	2	sp|P05543|THBG_HUMAN	0.006313131	0.9866190731264982	0.9719785659406384	163657.76727453724
ELISERWK	2	sp|P02790|HEMO_HUMAN	0.006313131	0.9797881705057813	0.9287086290630774	25628.825487446047
ALEESNYELEGK	2	sp|P13645|K1C10_HUMAN	0.006313131	0.9933552810135716	0.9628447838062388	161884.3413304963
ADLSGITGAR	2	sp|P01011|AACT_HUMAN	0.006313131	0.9728591838590949	0.9659617783353204	41470.51140133649
GPALTTPK	1	sp|Q92954|PRG4_HUMAN	0.0075	0.8804971228634604	0.7580282656247302	184.94861480358523
REPAVGEPAEVTTTVLVR	3	sp|P05362|ICAM1_HUMAN	0.006313131	0.9933552810135716	0.8807646625277953	100404.56700875062
LTPTLYVGK	2	sp|O75460|ERN1_HUMAN	0.0075	0.8630568252698203	0.8630232442167126	10336.435708584142
SDVVYTDWKK	3	sp|P02763|A1AG1_HUMAN	0.006313131	1.0	0.8768536197759094	7751.94893942643
EMEDTLNHLK	2	sp|P17936|IBP3_HUMAN	0.006313131	0.9933552810135716	0.8956327986430217	90760.46754181181
AQVSPTASDMLHMR	2	sp|Q6UXB8|PI16_HUMAN	0.006313131	0.9514467542496609	0.9534078108955558	5689.799165694775
DAEAWFNEK	2	sp|P13645|K1C10_HUMAN;sp|Q7Z3Y7|K1C28_HUMAN;sp|Q7Z3Y8|K1C27_HUMAN;sp|Q7Z3Z0|K1C25_HUMAN	0.006313131	0.9866190731264982	0.9055224494400796	21902.63533164618
DAVEDLESVGK	3	sp|P81605|DCD_HUMAN	0.006313131	0.9134157281067091	0.8766687219066374	38807.0024395916
EWFWDLATGTMK	2	sp|P02790|HEMO_HUMAN	0.006313131	1.0	0.9806658835558342	1294265.972809106
VWFELTQGSITK	2	sp|Q9H8L6|MMRN2_HUMAN	0.006313131	1.0	0.962000722535158	3368095.009954039
DYQELMNTK	2	sp|P04264|K2C1_HUMAN	0.006313131	0.9866190731264982	0.982403073607212	77121.11287005323
KGIYSFSFHVIK	3	sp|Q9NTU7|CBLN4_HUMAN	0.006313131	1.0	0.960365712756436	438522.24098416726
EWFSETFQK	2	sp|P02654|APOC1_HUMAN	0.009937888	1.0	0.9728806693753417	1547398.3958441536
KMTVTDQVNC[+57.021465]PK	2	sp|P05090|APOD_HUMAN	0.006313131	1.0	0.9729578604929038	84061.00355890706
SETEIHQGFQHLHQLFAK	5	sp|P08185|CBG_HUMAN	0.006313131	0.9866190731264982	0.9537709862251331	389289.07851750177
LMVELHNLYR	2	sp|Q6UXB8|PI16_HUMAN	0.006313131	0.9933552810135716	0.957170681796453	145700.21460453203
FKLDDDLEHQGGHVLDHGHK	3	sp|P01042|KNG1_HUMAN	0.006313131	1.0	0.90545086724934	155921.2132105591
LFDSDPITVTVPVEVSR	2	sp|P10909|CLUS_HUMAN	0.006313131	0.9290085173289965	0.8655619890590386	8139.111878245605
DLWVNIDQMEK	2	sp|Q6UX71|PXDC2_HUMAN	0.006313131	1.0	0.9838493376184783	227195.79788508237
YDVDTQMWTILK	3	sp|O75882|ATRN_HUMAN	0.006313131	0.9866190731264982	0.9071865830956259	40236.6879563004
TGLFQDVGPQR	2	sp|Q86SQ4|AGRG6_HUMAN	0.006313131	0.9933552810135716	0.9385318404364709	8036.859585564033
VTATGFQQC[+57.021465]SLIDGR	2	sp|Q8NFT8|DNER_HUMAN	0.006313131	0.9797881705057813	0.8858825649327868	7409.059124902301
EHSSLAFWK	2	sp|P02749|APOH_HUMAN	0.006313131	0.9866190731264982	0.958089245882766	79257.09446409864
SFMLLILER	2	sp|P05543|THBG_HUMAN	0.006313131	1.0	0.9031717806134368	359132.20506100875
LLDSLPSDTR	2	sp|P05155|IC1_HUMAN	0.006313131	0.9866190731264982	0.95402789942301	248167.0684756752
TNLESILSYPK	2	sp|P05155|IC1_HUMAN	0.006313131	1.0	0.9696697158527364	1132026.4465047605
NLMIDIQK	2	sp|Q9BY67|CADM1_HUMAN	0.006313131	0.9728591838590949	0.9716277525184672	87914.5507975817
FQPTLLTLPR	3	sp|P05155|IC1_HUMAN	0.006313131	1.0	0.9804309002850895	78954.26505249209
YSLTFEEAQQAC[+57.021465]LR	2	sp|P16112|PGCA_HUMAN	0.006313131	1.0	0.8144436456113735	86623.90808513615
ALYVHGGYK	2	sp|O75882|ATRN_HUMAN	0.006313131	0.9797881705057813	0.9901422134758708	28010.946996202576
AVLQLNEEGVDTAGSTGVTLNLTSKPIILR	4	sp|P08185|CBG_HUMAN	0.006313131	1.0	0.9387136770530956	537919.759414516
YVMLPVADQDQC[+57.021465]IR	3	sp|P00738|HPT_HUMAN	0.006313131	0.9797881705057813	0.8310319151324694	13181.978769210496
FNQPFIIMIFDHFTWSSLFLAR	3	sp|P08185|CBG_HUMAN	0.006313131	1.0	0.9446907593720958	13933938.274895681
QPAVEEPAEVTATVLASR	2	sp|P32942|ICAM3_HUMAN	0.006313131	1.0	0.878890194234618	1306102.0446264576
DSGSYFC[+57.021465]R	2	sp|O75015|FCG3B_HUMAN;sp|P08637|FCG3A_HUMAN	0.006313131	1.0	0.9302749406387926	225235.26642571177
RVWELSK	1	sp|P01008|ANT3_HUMAN	0.006313131	0.897262926642552	0.7177281653131949	1807.446322074464
GDTFYVVSFR	2	sp|P18850|ATF6A_HUMAN	0.006313131	1.0	0.8270950898567575	16168.503902438219
DWHGVPGQVDAAMAGR	2	sp|P04004|VTNC_HUMAN	0.006313131	0.9797881705057813	0.9138597493947116	77785.96007195197
ENFLFLTPDC[+57.021465]K	2	sp|P01042|KNG1_HUMAN	0.006313131	0.9933552810135716	0.939197898462144	260692.96388616908
AVVFLEPQWYR	3	sp|P08637|FCG3A_HUMAN	0.006313131	1.0	0.9370382102751909	99709.96798146788
MSSINADFAFNLYR	3	sp|P05543|THBG_HUMAN	0.006313131	0.9797881705057813	0.8870764740450228	35979.61252856969
TMIIYFDQVLVNIGNNFDSER	3	sp|P23435|CBLN1_HUMAN	0.006313131	0.9440873193926883	0.9088333001212087	12812.46551140046
ALGISPFHEHAEVVFTANDSGPR	3	sp|P02766|TTHY_HUMAN	0.006313131	0.9866190731264982	0.8934780661848185	39770.283172894946
TLYLADTFPTNFR	2	sp|P05154|IPSP_HUMAN	0.006313131	1.0	0.8889194610949006	112660.56918020287
LLGIETPLPK	2	sp|P05362|ICAM1_HUMAN	0.006313131	0.9866190731264982	0.9107228827949182	8168.833393695912
GKEESLDSDLYAELR	2	sp|P02775|CXCL7_HUMAN	0.006313131	0.9797881705057813	0.9495180570943962	20355.85460383464
GILTVDELLAIR	2	sp|P13473|LAMP2_HUMAN	0.006313131	1.0	0.931646403989984	1055387.9142935483
LSITGTYDLK	2	sp|P01009|A1AT_HUMAN	0.006313131	0.9866190731264982	0.985973096828626	192509.09855661145
AIGPSQTHTIR	2	sp|Q92954|PRG4_HUMAN	0.006313131	1.0	0.9295470266447834	163510.86296166698
NIFISPVSISMALAMLSLGTC[+57.021465]GHTR	5	sp|P08185|CBG_HUMAN	0.011056511	0.8058999028144878	0.7999487671270838	761.7426484078726
DFTC[+57.021465]VHQALK	2	sp|P05155|IC1_HUMAN	0.006313131	0.9933552810135716	0.9739591272244178	31153.282735585686
IIYFDQILVNVGNFFTLESVFVAPR	4	sp|Q9NTU7|CBLN4_HUMAN	0.006313131	0.9658285256870233	0.8539212521268472	1316.6328707393495
DLMEKVK	1	sp|P02652|APOA2_HUMAN	0.006313131	1.0	0.7389070298976309	4739.136027802262
YGFIEGHVVIPR	3	sp|P16070|CD44_HUMAN	0.006313131	1.0	0.9569686835249683	15455597.723772496
SDDSVIQLLNPNR	3	sp|Q9BY67|CADM1_HUMAN	0.006313131	1.0	0.8053249781902027	12709.820422042707
DFVQPPTK	2	sp|P01042|KNG1_HUMAN	0.006313131	1.0	0.9880685443683651	557727.6655496611
DKC[+57.021465]EPLEKQHEK	3	sp|P02763|A1AG1_HUMAN;sp|P19652|A1AG2_HUMAN	0.011056511	0.7848914682405913	0.8505056703887076	307.03823826677615
SYQDFFEAIR	2	sp|P18850|ATF6A_HUMAN	0.006313131	1.0	0.9712467261893025	27236.92412376922
HITSLEVIK	2	sp|P02776|PLF4_HUMAN;sp|P10720|PF4V_HUMAN	0.006313131	0.9797881705057813	0.954854711552259	35048.64367460196
TAAQNLYEK	2	sp|P02655|APOC2_HUMAN	0.006313131	0.9797881705057813	0.9761508828200518	559774.5263648015
HRLEDMEQALSPSVFK	2	sp|P05155|IC1_HUMAN	0.006313131	1.0	0.773654381165412	42535.66559206036
EPFLSC[+57.021465]C[+57.021465]QFAESLR	2	sp|P0C0L4|CO4A_HUMAN;sp|P0C0L5|CO4B_HUMAN	0.006313131	0.9728591838590949	0.8414687176197442	63612.02491810732
YLTLNTESTR	2	sp|P06276|CHLE_HUMAN	0.006313131	1.0	0.9054648927311345	11400.741745288711
TSDQIHFFFAK	2	sp|P01008|ANT3_HUMAN	0.006313131	1.0	0.9032196795196719	89562.11370621015
