peptide	charge	proteins	q_value	score	spectral_angle	20250418_OA3_Evo07_ViAl_SA_FAIMS40_IO44_A556_MOMI_GBGD_P130_H12_R01.mzML
ALGISPFHEHAEVVFTANDSGPRR	3	sp|P02766|TTHY_HUMAN	0.008333334	1.0	0.8169359366014363	147674.82113864768
MTVSTLVLGEGATEAEISMTSTR	3	sp|P02760|AMBP_HUMAN	0.008333334	0.9866190731264982	0.8319626626066704	110310.43724072215
GWVTDGFSSLK	2	sp|P02656|APOC3_HUMAN	0.008333334	1.0	0.9696845454131098	18259647.369797
LQQDVLQFQK	2	sp|Q8NBJ4|GOLM1_HUMAN	0.008333334	1.0	0.957296781671796	119014.62045985919
LHMLQISYFR	2	sp|Q9UNN8|EPCR_HUMAN	0.008333334	1.0	0.946574619442523	51588.658332993924
EPC[+57.021465]VESLVSQYFQTVTDYGK	3	sp|P02652|APOA2_HUMAN	0.008333334	1.0	0.9304951069931972	5668182.882534857
TEGDGVYTLNNEK	3	sp|P00738|HPT_HUMAN	0.012239902	0.9366095275687156	0.7652014850084646	122.41772968287661
EHAVEGDC[+57.021465]DFQLLK	2	sp|P02765|FETUA_HUMAN	0.009859155	0.9797881705057813	0.9579031440106198	94088.7863242932
VVGLIQDLKPNTIMVLVNYIHFK	4	sp|P05543|THBG_HUMAN	0.008333334	1.0	0.9819361816007183	49156.54808318938
TLMFGSYLDDEK	2	sp|P19652|A1AG2_HUMAN	0.008333334	1.0	0.9594220023302075	99880553.64748919
VPTVEPLDSLTLFLFR	3	sp|P13598|ICAM2_HUMAN	0.008333334	1.0	0.962917939178751	1281128.1599844836
RYTIAALLSPYSYSTTAVVTNPK	4	sp|P02766|TTHY_HUMAN	0.008333334	1.0	0.8834469081030523	177104.28587457142
FNQPFIIM[+15.994915]IFDHFTWSSLFLAR	3	sp|P08185|CBG_HUMAN	0.008333334	1.0	0.9467210483305342	3428067.2829725025
SPLFMGK	2	sp|P01009|A1AT_HUMAN	0.008333334	1.0	0.927559746052873	907819.3766393206
ILGGHLDAK	1	sp|P00738|HPT_HUMAN;sp|P00739|HPTR_HUMAN	0.008333334	1.0	0.9357823212003301	54194.28229986724
YVGGQEHFAHLLILRDTK	4	sp|P02763|A1AG1_HUMAN	0.008333334	1.0	0.9240270336565813	101960.5787725575
DTKTLMFGSYLDDEK	2	sp|P19652|A1AG2_HUMAN	0.009859155	0.9728591838590949	0.9394216824619415	126331.5744172171
LGFTDLFSK	2	sp|P29622|KAIN_HUMAN	0.009859155	0.9797881705057813	0.858436867232244	12558.11450019509
SSNTYTLTDVR	2	sp|Q13740|CD166_HUMAN	0.008333334	0.9933552810135716	0.8654802041534675	7056.5635301267985
GDSVVYGLR	2	sp|P10451|OSTP_HUMAN	0.009859155	0.9728591838590949	0.9720921170736614	20478.715670476584
DEGTAFLVYGAPGFSK	2	sp|P06276|CHLE_HUMAN	0.009859155	0.9797881705057813	0.9614875232175708	162466.4263694262
MQILEGLGLNLQK	2	sp|P05154|IPSP_HUMAN	0.008333334	0.9933552810135716	0.8303231766745596	12280.067532802383
FNWYVDGVEVHNAK	3	sp|P01857|IGHG1_HUMAN;sp|P0DOX5|IGG1_HUMAN	0.008333334	0.9866190731264982	0.9468433512825781	288464.0957383583
TSLTVVLLR	2	sp|P32942|ICAM3_HUMAN	0.009859155	0.9797881705057813	0.9286664322407244	42367.87211100281
ITLLSALVETR	2	sp|P01011|AACT_HUMAN	0.008333334	1.0	0.7616663682456053	101574.34793276136
YTIAALLSPYSYSTTAVVTNPK	3	sp|P02766|TTHY_HUMAN	0.008333334	1.0	0.9491379860569217	89782426.8698633
YPIVSPR	2	sp|P16112|PGCA_HUMAN	0.010457517	0.9658285256870233	0.9075356151187324	11044.014247031399
TLILDVPPGVEK	2	sp|P08575|PTPRC_HUMAN	0.008333334	0.9933552810135716	0.8579653189808752	13127.06393406524
FPVFMGR	2	sp|P05155|IC1_HUMAN	0.01880141	0.7955364837549187	0.8334530283289647	23578.12119447077
GDTFSC[+57.021465]MVGHEALPLAFTQK	4	sp|P01876|IGHA1_HUMAN	0.008333334	0.9933552810135716	0.873730806412268	855.6728998249105
FDPVRGEVPPR	2	sp|P02790|HEMO_HUMAN	0.008333334	1.0	0.9505386962641873	1065281.6235771428
VQLTGEPVPMAR	3	sp|P15151|PVR_HUMAN	0.008333334	1.0	0.7262967047221892	576.2198560774385
DYWSTVK	2	sp|P02656|APOC3_HUMAN	0.008333334	1.0	0.9873385134209842	2435575.459497519
IIYFDQILVNVGNFFTLESVFVAPR	3	sp|Q9NTU7|CBLN4_HUMAN	0.008333334	0.9933552810135716	0.9081213881431638	5957.027545781895
KAADDTWEPFASGK	2	sp|P02766|TTHY_HUMAN	0.008333334	0.9866190731264982	0.9512299008100599	274936.63967037195
KGEVLPLPEANFPSFPLPHHK	4	sp|P04196|HRG_HUMAN	0.008333334	1.0	0.9169480427202833	1278838.4004762252
LVGIQIQTLMQK	2	sp|P20061|TCO1_HUMAN	0.008333334	1.0	0.8527954281937068	33076.922643257836
MADEAGSEADHEGTHSTK	2	sp|P02671|FIBA_HUMAN	0.008333334	1.0	0.8589987616249203	4597.590501953663
ASDTAMYYC[+57.021465]AR	2	sp|A0A0C4DH38|HV551_HUMAN;sp|A0A0J9YXX1|HV5X1_HUMAN	0.008333334	1.0	0.7901942951661352	1681.1860005227063
IGPDNLPYVQILK	3	sp|P11362|FGFR1_HUMAN	0.020954598	0.606735609642813	0.8540366837922185	3414.2940698422112
QIQVFEDEPAR	2	sp|Q9NPH3|IL1AP_HUMAN	0.008333334	1.0	0.9895683802105225	11554.115507132614
EETNEIQVVNEEPQR	2	sp|Q8NBJ4|GOLM1_HUMAN	0.009859155	0.9728591838590949	0.9276312418216289	12705.64686859762
VTSIQDWVQK	2	sp|P00738|HPT_HUMAN	0.008333334	1.0	0.8580454244220697	66688.1268142034
LQHLENELTHDIITK	2	sp|P01009|A1AT_HUMAN	0.008333334	1.0	0.95993733202605	2755670.258165121
LLIYDASNLETGVPSR	3	sp|P01593|KVD33_HUMAN;sp|P01594|KV133_HUMAN	0.009859155	0.9728591838590949	0.933451852998197	29958.04965943399
LILVDYILFK	2	sp|Q9UK55|ZPI_HUMAN	0.008333334	0.9933552810135716	0.8346518519765306	2248.5786537623712
SFMLLILER	2	sp|P05543|THBG_HUMAN	0.008333334	1.0	0.9749862352126296	2241695.1412193454
TFTC[+57.021465]TAAYPESK	2	sp|P01876|IGHA1_HUMAN	0.008333334	1.0	0.9676955936247024	82333.2247386391
AADDTWEPFASGK	3	sp|P02766|TTHY_HUMAN	0.016627079	0.8448700454299841	0.8787706843700488	3452.418266388612
GLASANVDFAFSLYK	3	sp|P08185|CBG_HUMAN	0.008333334	1.0	0.8949952320648155	265597.4079390976
GEVLPLPEANFPSFPLPHHK	4	sp|P04196|HRG_HUMAN	0.008333334	0.9866190731264982	0.9476482641148132	152000.90060716917
EFGNTLEDK	2	sp|P02654|APOC1_HUMAN	0.008333334	1.0	0.9187869595557524	271108.4968050653
YTIAALLSPYSYSTTAVVTNPK	4	sp|P02766|TTHY_HUMAN	0.008333334	1.0	0.9194514526860591	1205475.8951130554
ENFLFLTPDC[+57.021465]K	2	sp|P01042|KNG1_HUMAN	0.008333334	0.9933552810135716	0.9334998803056046	472114.755408621
IC[+57.021465]LDLQAPLYK	3	sp|P02776|PLF4_HUMAN	0.008333334	1.0	0.8855346570877525	4721.052597881874
LLVVYPWTQR	2	sp|P02042|HBD_HUMAN;sp|P02100|HBE_HUMAN;sp|P68871|HBB_HUMAN;sp|P69891|HBG1_HUMAN;sp|P69892|HBG2_HUMAN	0.008333334	1.0	0.9527512994372337	57651.347073750396
TPSSTGPSPVFDIK	2	sp|Q12913|PTPRJ_HUMAN	0.008333334	0.9933552810135716	0.9676893975673019	166703.40389748954
C[+57.021465]PNPPVQENFDVNK	2	sp|P05090|APOD_HUMAN	0.009859155	0.9797881705057813	0.9328306078895209	263502.0545391477
FDTISEK	2	sp|P01008|ANT3_HUMAN	0.009859155	0.9728591838590949	0.9674582730234574	8227.503712104499
GPLDQLEK	2	sp|P05546|HEP2_HUMAN	0.008333334	1.0	0.8950852386026021	218905.95587170435
YSLTYIYTGLSK	2	sp|P25311|ZA2G_HUMAN	0.008333334	1.0	0.9073230100720298	279450.6895760324
GEC[+57.021465]QAEGVLFFQGDR	3	sp|P02790|HEMO_HUMAN	0.008333334	1.0	0.8748863809613328	549737.1116904941
QGHNSVFLIK	3	sp|P02790|HEMO_HUMAN	0.010457517	0.9658285256870233	0.8961511752589117	2044.5890114960437
EQLQDMGLVDLFSPEK	3	sp|P01008|ANT3_HUMAN	0.012239902	0.9366095275687156	0.7788521423792482	3020.721929992853
VGSALFLSHNLK	3	sp|P29622|KAIN_HUMAN	0.008333334	1.0	0.8902677706904876	296368.87471908226
EIPVLVTQISSTNHPVK	3	sp|Q6UX71|PXDC2_HUMAN	0.008333334	1.0	0.9000043236218015	59903.795171997066
SASLHLPK	2	sp|P01009|A1AT_HUMAN	0.009859155	0.9728591838590949	0.9411524360201766	4838.228629375067
EGDC[+57.021465]PVQSGK	2	sp|P01042|KNG1_HUMAN	0.012239902	0.9440873193926883	0.7514987586238419	133.96962336112588
NTWSILHTQGALVQGGYGHSSVYDHR	3	sp|O75882|ATRN_HUMAN	0.008333334	1.0	0.9175990951862483	4518200.958016429
MEEVEAMLLPETLK	2	sp|P01011|AACT_HUMAN	0.008333334	0.9866190731264982	0.9619392808446475	18696.392936374432
SISTAYLQWSSLK	2	sp|A0A0C4DH38|HV551_HUMAN;sp|A0A0J9YXX1|HV5X1_HUMAN	0.008333334	1.0	0.9590824902402012	183805.1339423138
DTVFALVNYIFFK	3	sp|P01009|A1AT_HUMAN	0.008333334	0.9866190731264982	0.8085987901776082	10011.079648972995
FRIEDGFSLK	2	sp|P01008|ANT3_HUMAN	0.01880141	0.7955364837549187	0.8546313943002524	9266.377851375957
HSAQPWADFTLLGAR	3	sp|Q8IYS5|OSCAR_HUMAN	0.012239902	0.9366095275687156	0.8479285936145465	48003.52559547859
GDDITMVLILPKPEK	3	sp|P01008|ANT3_HUMAN	0.008333334	0.9866190731264982	0.9645959216150988	905985.7262671206
GDTFSC[+57.021465]MVGHEALPLAFTQK	3	sp|P01876|IGHA1_HUMAN	0.008333334	0.9933552810135716	0.9405799405078009	34083.676151393585
VTDPQLVVTLHEK	3	sp|P09619|PGFRB_HUMAN	0.008333334	1.0	0.9548568676349778	97236.23229689931
AVM[+15.994915]DDFAAFVEK	2	sp|P02768|ALBU_HUMAN	0.012239902	0.9290085173289965	0.7989236868840746	39144.37270146198
LGNQEPGGQTALK	3	sp|P08697|A2AP_HUMAN	0.012239902	0.9290085173289965	0.8976843569293275	417.9264307006735
EHVAHLLFLRDTK	4	sp|P19652|A1AG2_HUMAN	0.008333334	1.0	0.9325880604808704	2709138.069233117
AQWANPFDPSK	2	sp|P05543|THBG_HUMAN	0.008333334	0.9933552810135716	0.9577223416778813	253335.2160329499
ATSYAELC[+57.021465]SEYR	2	sp|Q9NQ38|ISK5_HUMAN	0.008333334	0.9933552810135716	0.8971556842250348	3918.782371293227
YIFSDDSSQLTIK	2	sp|P13591|NCAM1_HUMAN	0.008333334	0.9866190731264982	0.9790561549053752	34853.95286302852
FNKPFVFLMIEQNTK	2	sp|P01009|A1AT_HUMAN	0.008333334	0.9933552810135716	0.9831871443238102	311158.1756176675
GTYSTTVTGR	2	sp|P08519|APOA_HUMAN	0.008333334	1.0	0.9671128571399539	164321.16707760748
TDTSHHDQDHPTFNK	3	sp|P01009|A1AT_HUMAN	0.014371257	0.9134157281067091	0.9002405346425847	4606.9944815253475
SGVQQLIQYYQDQK	3	sp|Q13790|APOF_HUMAN	0.01880141	0.8159995903747699	0.7705744067544817	3967.361447275377
VELAPLPSWQPVGK	3	sp|P05362|ICAM1_HUMAN	0.012239902	0.9440873193926883	0.9656460727501815	2828.2963967800924
WVQDYIK	2	sp|Q16627|CCL14_HUMAN	0.008333334	1.0	0.941922749162031	346013.1697007307
EIGELYLPK	2	sp|P01011|AACT_HUMAN	0.009859155	0.9797881705057813	0.9501432933333658	156175.59834474744
GLPNVVTSAISLPNIR	3	sp|Q92954|PRG4_HUMAN	0.009859155	0.9797881705057813	0.967877784823071	550744.1673147226
TATITVLPQQPR	2	sp|P30530|UFO_HUMAN	0.008333334	1.0	0.8324535409654054	9008.677464282606
GWVDLFVPK	2	sp|P05543|THBG_HUMAN	0.009859155	0.9797881705057813	0.861291445078365	47321.00347228621
DALSSVQESQVAQQAR	3	sp|P02656|APOC3_HUMAN	0.008333334	1.0	0.8180418641850694	136441.56898902223
IMQSSQSMSK	2	sp|O75882|ATRN_HUMAN	0.008333334	1.0	0.9693375346390413	349599.52129139134
KVPQVSTPTLVEVSR	2	sp|P02768|ALBU_HUMAN	0.008333334	0.9866190731264982	0.9647652382481855	47954.032834029094
FLEDVKK	2	sp|P01009|A1AT_HUMAN	0.009859155	0.9728591838590949	0.98547212227117	19364.21172058691
GGVGPFSDPVK	2	sp|Q12866|MERTK_HUMAN	0.022067364	0.5226635955578876	0.8888234889917713	3709.61868719646
SDVVYTDWK	2	sp|P02763|A1AG1_HUMAN	0.008333334	0.9866190731264982	0.9880648474854046	270871.96134203015
C[+57.021465]PLFEHFLK	3	sp|Q9NPH3|IL1AP_HUMAN	0.012239902	0.9586923939928679	0.8122327103483838	2809.1638270223048
YAASSYLSLTPEQWK	2	sp|A0M8Q6|IGLC7_HUMAN;sp|B9A064|IGLL5_HUMAN;sp|P0CF74|IGLC6_HUMAN;sp|P0CG04|IGLC1_HUMAN;sp|P0DOX8|IGL1_HUMAN;sp|P0DOY2|IGLC2_HUMAN;sp|P0DOY3|IGLC3_HUMAN	0.008333334	1.0	0.9503136783761762	3052581.147044001
TC[+57.021465]PKPDDLPFSTVVPLK	2	sp|P02749|APOH_HUMAN	0.008333334	1.0	0.9340762062126338	63701.47161902818
LSSWVLLM[+15.994915]K	2	sp|P01009|A1AT_HUMAN	0.008333334	0.9866190731264982	0.7879417273142577	28437.66015971165
LTSLPLGALR	2	sp|P07359|GP1BA_HUMAN	0.008333334	1.0	0.9569448921686325	210078.9922134302
SSEDPNEDIVER	2	sp|P01591|IGJ_HUMAN	0.008333334	1.0	0.8365065736191908	10737.828165835963
NWGLSFYADKPETTK	4	sp|P19652|A1AG2_HUMAN	0.008333334	1.0	0.8507621646490284	497819.23233403446
TMLLQPAGSLGSYSYR	3	sp|P41222|PTGDS_HUMAN	0.008333334	1.0	0.700169805163685	273188.9966689259
ELTPEVLQEWLDELEEMMLVVHMPR	4	sp|P01008|ANT3_HUMAN	0.008333334	1.0	0.7950353229920267	204618.2536584881
LRTEGDGVYTLNDKK	4	sp|P00738|HPT_HUMAN;sp|P00739|HPTR_HUMAN	0.009859155	0.9728591838590949	0.94422051691724	1572.2777520882923
GTHC[+57.021465]NQVEVIATLK	3	sp|P02775|CXCL7_HUMAN	0.014371257	0.9054124614333342	0.9082333707924855	47571.01960402237
VILPQTSDAYQVSVAK	2	sp|Q86SQ4|AGRG6_HUMAN	0.008333334	1.0	0.9246578235386151	205704.41998345318
LWLQGIDVR	2	sp|P28827|PTPRM_HUMAN	0.008333334	0.9866190731264982	0.9105256830752485	14322.75661165781
SYSC[+57.021465]QVTHEGSTVEK	3	sp|B9A064|IGLL5_HUMAN;sp|P0CF74|IGLC6_HUMAN;sp|P0CG04|IGLC1_HUMAN;sp|P0DOX8|IGL1_HUMAN;sp|P0DOY2|IGLC2_HUMAN;sp|P0DOY3|IGLC3_HUMAN	0.009859155	0.9797881705057813	0.9264352450406854	62491.42593689853
AVSISPTNVILTWK	3	sp|Q12913|PTPRJ_HUMAN	0.008333334	1.0	0.7991088730350606	45465.790622467735
LYLVQGTQVYVFLTK	3	sp|P02790|HEMO_HUMAN	0.008333334	1.0	0.9257940691957375	2889558.906805935
YVGGQEHFAHLLILR	2	sp|P02763|A1AG1_HUMAN	0.008333334	1.0	0.9308265518881867	13335464.704207761
FSISATYDLGATLLK	3	sp|P05543|THBG_HUMAN	0.008333334	1.0	0.9192001176748157	128051.06404349138
INHGILYDEEK	3	sp|P36980|FHR2_HUMAN;sp|Q03591|FHR1_HUMAN	0.012239902	0.9290085173289965	0.8267463386881544	975.3411321303515
FTVNNLAEPQK	2	sp|P12259|FA5_HUMAN	0.008333334	0.9933552810135716	0.9187514521716714	11399.884174761934
GDLYFANVEEK	2	sp|O00533|NCHL1_HUMAN	0.008333334	0.9933552810135716	0.8916528980360963	11970.827860856989
GGYTLVSGYPK	2	sp|P02790|HEMO_HUMAN	0.008333334	0.9866190731264982	0.9568767478674167	1271934.8920117943
ASFHIPQVQVR	3	sp|Q9BQ51|PD1L2_HUMAN	0.012239902	0.9586923939928679	0.8916913609197058	6839.79185772877
LLDNWDSVTSTFSK	2	sp|P02647|APOA1_HUMAN	0.008333334	1.0	0.9646720162943772	1793568.3003491294
QDQC[+57.021465]IYNTTYLNVQR	2	sp|P02763|A1AG1_HUMAN	0.010457517	0.9658285256870233	0.9235474604766347	42773.64319574454
ANQQLNFTEAK	2	sp|Q9Y5Y7|LYVE1_HUMAN	0.008333334	0.9933552810135716	0.899546766945482	11850.3073940172
LLIYDASNR	2	sp|A0A0A0MRZ8|KVD11_HUMAN;sp|P04433|KV311_HUMAN	0.012239902	0.9440873193926883	0.8966114202890724	24512.857233259736
NKEDC[+57.021465]VEIYIK	3	sp|P14151|LYAM1_HUMAN	0.008333334	1.0	0.7061533546811775	3568.1785933260726
WELLQQVDTSTR	2	sp|P04264|K2C1_HUMAN	0.008333334	0.9933552810135716	0.860764370196903	1079.9039694914848
EHVAHLLFLRDTK	3	sp|P19652|A1AG2_HUMAN	0.008333334	1.0	0.9391329529471665	905630.1873112273
QLVEIEK	1	sp|P00738|HPT_HUMAN;sp|P00739|HPTR_HUMAN	0.008333334	1.0	0.9932852464936217	131122.73951280283
RLGMFNIQHC[+57.021465]K	2	sp|P01009|A1AT_HUMAN	0.008333334	1.0	0.9702841340049049	1624208.755044072
LRTEGDGVYTLNNEK	4	sp|P00738|HPT_HUMAN	0.01880141	0.7626747761196712	0.7955065600149386	14172.520079399574
EFTPPVQAAYQK	3	sp|P68871|HBB_HUMAN	0.020954598	0.5462099337781654	0.700108397756838	27474.82254956227
TYLPAVDEK	2	sp|P02655|APOC2_HUMAN	0.009859155	0.9797881705057813	0.9723849635237531	227509.2193137306
SAGSVESPSVSSTHR	3	sp|P17936|IBP3_HUMAN	0.008333334	1.0	0.9773633607267408	137991.5636004392
ADGESC[+57.021465]SASMMYQEGK	2	sp|P01008|ANT3_HUMAN	0.009859155	0.9728591838590949	0.9573405370094984	102670.96064329386
DSGPYSC[+57.021465]SVNVQDK	2	sp|Q96AP7|ESAM_HUMAN	0.014371257	0.9054124614333342	0.8143452898791009	6593.211436147551
IPKSDVVYTDWK	2	sp|P02763|A1AG1_HUMAN	0.008333334	0.9933552810135716	0.8595147511488974	20467.065877119858
REPAVGEPAEVTTTVLVR	4	sp|P05362|ICAM1_HUMAN	0.012239902	0.9290085173289965	0.8082670201251072	2986.117110385123
QGLLPVLESFK	2	sp|P02647|APOA1_HUMAN	0.008333334	0.9933552810135716	0.9797377078592571	243418.52050381503
NSLYLQMNSLR	2	sp|A0A0B4J1V1|HV321_HUMAN;sp|A0A0B4J1X8|HV343_HUMAN;sp|A0A0C4DH32|HV320_HUMAN;sp|P01762|HV311_HUMAN;sp|P01763|HV348_HUMAN;sp|P01766|HV313_HUMAN;sp|P01780|HV307_HUMAN;sp|P01782|HV309_HUMAN;sp|P0DP04|HV43D_HUMAN	0.008333334	1.0	0.9127016465515186	6382.6273550359165
MREWFSETFQK	2	sp|P02654|APOC1_HUMAN	0.008333334	0.9866190731264982	0.96799268865834	718818.64091753
EMEDTLNHLK	3	sp|P17936|IBP3_HUMAN	0.008333334	0.9933552810135716	0.9829672649316704	44302.43089217478
AVLTIDEK	1	sp|P01009|A1AT_HUMAN	0.008333334	1.0	0.9677649680796219	241074.882647659
TYFPHFDLSHGSAQVK	4	sp|P69905|HBA_HUMAN	0.008333334	1.0	0.9551847157924127	1284456.6449763495
GGEGTGYFVDFSVR	2	sp|P04196|HRG_HUMAN	0.008333334	0.9933552810135716	0.9323845400346609	22125.883821832736
VITEPIPVSDLR	2	sp|Q12913|PTPRJ_HUMAN	0.008333334	1.0	0.9644834744036691	88382.65478756631
YPPTVSMVEGQGEK	2	sp|P27918|PROP_HUMAN	0.008333334	0.9866190731264982	0.957209235673463	77817.51554182965
GFMQTYYDDHLR	2	sp|P55056|APOC4_HUMAN	0.008333334	1.0	0.8942124059888787	52585.832221013545
KATVVYQGER	2	sp|P02749|APOH_HUMAN	0.008333334	0.9866190731264982	0.965252635190492	151923.0422668807
AGALQLLLVGDK	2	sp|P55058|PLTP_HUMAN	0.008333334	1.0	0.8205774368025878	14500.792175170667
DTEEEDFHVDQVTTVK	2	sp|P01009|A1AT_HUMAN	0.009859155	0.9728591838590949	0.9564187025672559	11486.806143117328
IVDLFSGLDSPAILVLVNYIFFK	3	sp|P08185|CBG_HUMAN	0.009859155	0.9797881705057813	0.9476513250709697	251390.10818310955
ALSIGFETC[+57.021465]R	2	sp|P16070|CD44_HUMAN	0.008333334	0.9933552810135716	0.9466392717834793	3721.953403408033
STSESTAALGC[+57.021465]LVK	3	sp|P01859|IGHG2_HUMAN;sp|P01861|IGHG4_HUMAN	0.01880141	0.7266555365444503	0.7882402303207642	1683.0979576878497
EMEVLHLR	2	sp|P11362|FGFR1_HUMAN	0.009859155	0.9797881705057813	0.888583130009278	16677.274095516157
ATVVYQGER	2	sp|P02749|APOH_HUMAN	0.008333334	1.0	0.9791686312124603	252616.85028302495
YNSQNQSNNQFVLYR	2	sp|P01042|KNG1_HUMAN	0.008333334	1.0	0.866306436027202	2155975.5873778774
IDSLLENDR	2	sp|P10909|CLUS_HUMAN	0.01992966	0.9866190731264982	0.9435439906767565	4989.401680840526
DYVSQFEGSALGK	2	sp|P02647|APOA1_HUMAN	0.008333334	1.0	0.9510044591145522	508181.97802538745
VDLVLEK	2	sp|P17900|SAP3_HUMAN	0.008333334	1.0	0.888245435346472	337613.35620785295
VPLQQNFQDNQFQGK	2	sp|P80188|NGAL_HUMAN	0.009859155	0.9728591838590949	0.9551517675654791	160390.6239944288
TM[+15.994915]LLQPAGSLGSYSYR	2	sp|P41222|PTGDS_HUMAN	0.008333334	1.0	0.7840887365487584	1502340.7179580673
YFHHNSDFHIPK	4	sp|O75015|FCG3B_HUMAN	0.010457517	0.9658285256870233	0.9157193984781068	93166.97536081194
EHVAHLLFLR	2	sp|P19652|A1AG2_HUMAN	0.008333334	1.0	0.9116575229024174	1911164.8426203202
GFGGLTGQIVAALSTAK	3	sp|Q92954|PRG4_HUMAN	0.012239902	0.9514467542496609	0.9563076680745703	17070.244841836655
TFYEPGEEITYSC[+57.021465]KPGYVSR	3	sp|P02749|APOH_HUMAN	0.008333334	0.9866190731264982	0.9400397173888054	185639.12232130225
SKEQLTPLIK	2	sp|P02652|APOA2_HUMAN	0.010457517	0.9658285256870233	0.9702137365769726	29273.825297852636
MSSINADFAFNLYR	2	sp|P05543|THBG_HUMAN	0.009859155	0.9797881705057813	0.9756299033089638	875471.2163999481
NLAVSQVVHK	2	sp|P01011|AACT_HUMAN	0.008333334	0.9866190731264982	0.9947173140738059	232980.53277113586
IMGITLVSKK	2	sp|Q9Y5Y7|LYVE1_HUMAN	0.008333334	0.9866190731264982	0.9834216120295131	27716.99157216056
EVPLNTIIFM[+15.994915]GR	2	sp|P01008|ANT3_HUMAN	0.008333334	1.0	0.885160126388722	162280.85240197292
RDPPQYPVVPVHLDR	3	sp|P10153|RNAS2_HUMAN	0.008333334	1.0	0.8848093376235816	44533.41941342177
TVAAC[+57.021465]NLPIVR	3	sp|P02760|AMBP_HUMAN	0.008333334	1.0	0.8264435236251496	12139.579187748956
QQLQALSEPQPR	2	sp|Q8NBJ4|GOLM1_HUMAN	0.008333334	1.0	0.9307850786113947	16687.097717567154
AIGPSQTHTIR	3	sp|Q92954|PRG4_HUMAN	0.020954598	0.5879493283318651	0.9134450979406146	529.4850157847675
AEAESLYQSK	2	sp|P04264|K2C1_HUMAN	0.008333334	1.0	0.921042735446385	6180.249470076891
LLIYDNNK	2	sp|P01701|LV151_HUMAN	0.008333334	1.0	0.9505599720122123	140864.1609452539
NDNDNIFLSPLSISTAFAMTK	3	sp|P01008|ANT3_HUMAN	0.008333334	1.0	0.918550213142976	519111.85882507544
TEGDGVYTLNDK	2	sp|P00738|HPT_HUMAN;sp|P00739|HPTR_HUMAN	0.008333334	1.0	0.968888915490881	22186.43554081009
LLIYGASTR	2	sp|A0A075B6H7|KV37_HUMAN;sp|A0A0C4DH55|KVD07_HUMAN;sp|P01624|KV315_HUMAN	0.008333334	1.0	0.977252970704047	457105.8173277247
FIVLSNNYLQIR	2	sp|P13591|NCAM1_HUMAN	0.008333334	0.9933552810135716	0.9903476503117511	17204.838837957166
ALAQC[+57.021465]APPPAVC[+57.021465]AELVR	3	sp|P17936|IBP3_HUMAN	0.008333334	1.0	0.9185863691412461	24832.354768788377
DFVQPPTK	1	sp|P01042|KNG1_HUMAN	0.008333334	1.0	0.7119494139249891	24822.638629197583
EQLGEFYEALDC[+57.021465]LR	3	sp|P02763|A1AG1_HUMAN	0.008333334	1.0	0.925523800672574	1669928.0337524908
WLQGSQELPR	2	sp|P01876|IGHA1_HUMAN;sp|P01877|IGHA2_HUMAN;sp|P0DOX2|IGA2_HUMAN	0.008333334	1.0	0.9706029945723592	970251.648991804
LWWLDLK	2	sp|P02790|HEMO_HUMAN	0.009859155	0.9797881705057813	0.9656702803835879	82422.56889036727
VYSTSVTGSR	2	sp|Q9H299|SH3L3_HUMAN	0.009859155	0.9797881705057813	0.9026376021354015	3203.156011048675
DKC[+57.021465]EPLEKQHEK	2	sp|P02763|A1AG1_HUMAN;sp|P19652|A1AG2_HUMAN	0.01880141	0.7739449743159442	0.8384897735513434	3225.179618902035
SISC[+57.021465]QEIPGQQSR	2	sp|P27918|PROP_HUMAN	0.008333334	0.9866190731264982	0.9414859163304993	102216.32095391714
ALDLINK	2	sp|P04196|HRG_HUMAN	0.008333334	1.0	0.9624427553202457	929821.521697634
TSDQIHFFFAK	3	sp|P01008|ANT3_HUMAN	0.008333334	1.0	0.9671272761194487	224440.41448577182
ETYGEMADC[+57.021465]C[+57.021465]AK	2	sp|P02768|ALBU_HUMAN	0.008333334	0.9933552810135716	0.8977954100830469	2765.511476946381
EPQVYTLPPSR	2	sp|P01857|IGHG1_HUMAN;sp|P01859|IGHG2_HUMAN;sp|P01860|IGHG3_HUMAN;sp|P0DOX5|IGG1_HUMAN	0.008333334	0.9933552810135716	0.830753474945134	11623.114911144121
DIPMNPMC[+57.021465]IYR	2	sp|P01008|ANT3_HUMAN	0.008333334	1.0	0.9210284451267763	607947.1156245878
SAVQGPPER	2	sp|P01876|IGHA1_HUMAN;sp|P01877|IGHA2_HUMAN	0.009859155	1.0	0.9370148642086843	93549.63068235305
TEGDGVYTLNNEK	2	sp|P00738|HPT_HUMAN	0.008333334	0.9933552810135716	0.9263166817995884	34117.447074742886
NSVIKVPMMNSK	2	sp|P05155|IC1_HUMAN	0.008333334	1.0	0.9055297635713815	364318.4359580934
ASVSVTAEDEGTQR	2	sp|P05362|ICAM1_HUMAN	0.008333334	0.9933552810135716	0.9399550963144471	28935.097505300313
VPTVEPLDSLTLFLFR	2	sp|P13598|ICAM2_HUMAN	0.008333334	1.0	0.9471113209001918	7354443.173719404
RYTIAALLSPYSYSTTAVVTNPK	3	sp|P02766|TTHY_HUMAN	0.008333334	1.0	0.8946651167351455	1281522.0612866753
ESGTDDFNVWIGLHDPK	3	sp|P05451|REG1A_HUMAN	0.008333334	0.9933552810135716	0.8521482344386451	176533.6927096995
AFLEVNEEGSEAAASTAVVIAGR	3	sp|P01008|ANT3_HUMAN	0.008333334	0.9866190731264982	0.9210857594746307	102380.74072867354
SVDIWLR	1	sp|P15151|PVR_HUMAN	0.014371257	0.897262926642552	0.7241361081388198	4208.587720873991
SILFLGK	1	sp|P05543|THBG_HUMAN	0.016627079	0.8804971228634604	0.7424845123473222	1276.0721900497094
VLNQELR	2	sp|P05090|APOD_HUMAN	0.009859155	0.9728591838590949	0.9572876440340711	78018.92412898317
KGEVLPLPEANFPSFPLPHHK	5	sp|P04196|HRG_HUMAN	0.008333334	1.0	0.9273547161972633	144818.29252040444
ASNLIGTYR	2	sp|O75509|TNR21_HUMAN	0.020954598	0.7004675850791199	0.7546898393297581	2459.7922715871837
DLDSQTMMVLVNYIFFK	3	sp|P01011|AACT_HUMAN	0.008333334	0.9933552810135716	0.7327672080250152	30531.414835123174
FLENEDR	1	sp|P01009|A1AT_HUMAN	0.008333334	1.0	0.9121138619123103	28190.161025807116
LYIEYGIQR	2	sp|Q9NPH3|IL1AP_HUMAN	0.008333334	0.9933552810135716	0.9409061210663097	3304.9889141205635
LPGIVAEGRDDLYVSDAFHK	3	sp|P01008|ANT3_HUMAN	0.008333334	1.0	0.8985670877310923	355969.8700119685
HTFM[+15.994915]GVVSLGSPSGEVSHPR	4	sp|P02765|FETUA_HUMAN	0.008333334	1.0	0.8073342417876939	15168.562388291539
ALGISPFHEHAEVVFTANDSGPR	5	sp|P02766|TTHY_HUMAN	0.012239902	0.9440873193926883	0.9753192302024639	243029.87089387438
ALPAPIEK	2	sp|P01857|IGHG1_HUMAN;sp|P01860|IGHG3_HUMAN;sp|P0DOX5|IGG1_HUMAN	0.009859155	0.9728591838590949	0.9423942980849793	1699.075342519393
VQPYLDDFQK	2	sp|P02647|APOA1_HUMAN	0.008333334	1.0	0.9643647922375794	647101.8946256948
FDPVRGEVPPR	3	sp|P02790|HEMO_HUMAN	0.008333334	1.0	0.9426637761083027	862144.6883126005
C[+57.021465]SPHLVLSALTSDNHGATYAFSGTHYWR	5	sp|P02790|HEMO_HUMAN	0.008333334	1.0	0.9432518817301506	7339635.959517619
LGMFNIQHC[+57.021465]K	3	sp|P01009|A1AT_HUMAN	0.009859155	0.9728591838590949	0.9626625702651074	719778.3419734366
MADEAGSEADHEGTHSTK	3	sp|P02671|FIBA_HUMAN	0.008333334	1.0	0.9517104303206719	174649.85340958013
TLLVFEVQQPFLFVLWDQQHK	3	sp|P05155|IC1_HUMAN	0.008333334	1.0	0.9431196893571351	4351204.10520454
SGAQATWTELPWPHEK	2	sp|P02790|HEMO_HUMAN	0.009859155	0.9728591838590949	0.9209925203583057	96860.44443246555
DNPMYYC[+57.021465]NK	2	sp|O75882|ATRN_HUMAN	0.008333334	1.0	0.8192043964833283	6532.288015393637
FLSTLTIDGVTR	2	sp|P35968|VGFR2_HUMAN	0.008333334	1.0	0.8846993408976772	14478.637229033011
ALGISPFHEHAEVVFTANDSGPRR	5	sp|P02766|TTHY_HUMAN	0.008333334	1.0	0.8943967134322411	202847.13584782023
AADDTWEPFASGK	2	sp|P02766|TTHY_HUMAN	0.008333334	1.0	0.9577739246506328	10576573.998744616
SGTSASLAISGLR	2	sp|P01700|LV147_HUMAN	0.008333334	0.9933552810135716	0.925029113121168	10043.467113274826
WEMPFDPQDTHQSR	2	sp|P01011|AACT_HUMAN	0.008333334	1.0	0.859398297131129	511895.7541081147
DSTYSLSSTLTLSK	2	sp|P01834|IGKC_HUMAN;sp|P0DOX7|IGK_HUMAN	0.008333334	0.9866190731264982	0.8642974860455178	46610.35760180677
IC[+57.021465]LDLQAPLYK	2	sp|P02776|PLF4_HUMAN	0.008333334	1.0	0.9819605618954287	177736.94159349482
HTFMGVVSLGSPSGEVSHPR	4	sp|P02765|FETUA_HUMAN	0.008333334	1.0	0.8664074671515651	136172.20942681996
LVLLNAIYLSAK	3	sp|P05155|IC1_HUMAN	0.008333334	1.0	0.8825936686347996	3480.791862767037
LTLTPWVGLR	2	sp|O75882|ATRN_HUMAN	0.008333334	0.9933552810135716	0.9509124908407086	9578.607571564497
HTLNQIDEVK	2	sp|P02765|FETUA_HUMAN	0.008333334	1.0	0.9669835844654421	346548.19782553945
ESTLHLVLR	2	sp|P0CG47|UBB_HUMAN;sp|P0CG48|UBC_HUMAN;sp|P62979|RS27A_HUMAN;sp|P62987|RL40_HUMAN	0.012239902	0.9440873193926883	0.9101241892721648	319285.77893309825
LYLVQGTQVYVFLTK	2	sp|P02790|HEMO_HUMAN	0.008333334	1.0	0.935439192921628	6294732.843348637
EQLTPLIKK	2	sp|P02652|APOA2_HUMAN	0.009859155	0.9797881705057813	0.9404310461703511	98786.17832388867
QGHNSVFLIK	2	sp|P02790|HEMO_HUMAN	0.01164295	0.9658285256870233	0.948797736796949	262.414392828585
VNVDEVGGEALGR	2	sp|P68871|HBB_HUMAN	0.008333334	1.0	0.9723064639316439	25622.47607630125
SC[+57.021465]ALDQNC[+57.021465]QWEPR	2	sp|O75882|ATRN_HUMAN	0.012239902	0.9797881705057813	0.8995197830895268	17834.766403807807
EQYAVVGHSAHIVTLK	2	sp|O75882|ATRN_HUMAN	0.010457517	0.9728591838590949	0.8982152829032981	4701.515414052502
QVILTLQPTLVAVGK	2	sp|P13598|ICAM2_HUMAN	0.008333334	0.9866190731264982	0.9285875684426822	496870.7825262109
LVYHLGLPFSFLTFPYVEEAIK	4	sp|P49908|SEPP1_HUMAN	0.009859155	0.9797881705057813	0.9092857703415068	792.0066544688764
FTVNNLAEPQK	3	sp|P12259|FA5_HUMAN	0.008333334	0.9933552810135716	0.7133354991465833	1892.7004367026923
NWGLSVYADKPETTK	3	sp|P02763|A1AG1_HUMAN	0.009859155	0.9797881705057813	0.9474218149729129	44095.14696549203
ALSLAPLAGAGLELQLER	3	sp|Q9ULI3|HEG1_HUMAN	0.008333334	1.0	0.9267104262808381	122364.16598897096
FRIEDGFSLK	3	sp|P01008|ANT3_HUMAN	0.01164295	0.9658285256870233	0.8899738538236039	18410.655774637027
GDDITMVLILPKPEK	2	sp|P01008|ANT3_HUMAN	0.008333334	0.9866190731264982	0.9361376194525658	44010.92317622475
GDPLGTEGGLDASNTER	2	sp|Q12913|PTPRJ_HUMAN	0.008333334	1.0	0.9662164202740874	1997394.4969595398
LDSSEFLK	2	sp|Q12841|FSTL1_HUMAN	0.008333334	1.0	0.9033829671675386	72731.10052354555
GSPAINVAVHVFRK	2	sp|P02766|TTHY_HUMAN	0.014371257	0.9134157281067091	0.7486705207463118	266.52672536484323
ETPAATEAPSSTPK	2	sp|P80723|BASP1_HUMAN	0.008333334	1.0	0.9237311879133706	18403.57236379869
DNYTDLVAIQNK	2	sp|P14151|LYAM1_HUMAN	0.008333334	1.0	0.7747082283813588	18822.78748887482
LLIYWASTR	2	sp|P06312|KV401_HUMAN	0.008333334	1.0	0.9946806695352973	288459.48298568337
AGVETTTPSK	2	sp|P0DOY2|IGLC2_HUMAN;sp|P0DOY3|IGLC3_HUMAN	0.008333334	1.0	0.9522499166765513	93318.19294751046
FNKPFVFLMIEQNTK	3	sp|P01009|A1AT_HUMAN	0.008333334	0.9933552810135716	0.9711162506182369	1111915.326944491
MADEAGSEADHEGTHSTK	4	sp|P02671|FIBA_HUMAN	0.013414634	0.9212790999005022	0.9129611999057714	16484.152618861655
IILEDENDAMADADR	2	sp|Q9BUN1|MENT_HUMAN	0.008333334	1.0	0.9470773254576568	367712.1392033044
TDTSHHDQDHPTFNK	4	sp|P01009|A1AT_HUMAN	0.014371257	0.9134157281067091	0.9393771378971958	1231412.797298418
LYHSEAFTVNFGDTEEAKK	3	sp|P01009|A1AT_HUMAN	0.008333334	0.9933552810135716	0.9252644260177229	53963.43196484465
SGVQQLIQYYQDQK	2	sp|Q13790|APOF_HUMAN	0.009859155	0.9797881705057813	0.7183671793027022	18675.393554123057
ADLSGITGAR	1	sp|P01011|AACT_HUMAN	0.010457517	0.9728591838590949	0.7139744745484023	20920.040848820572
MFLSFPTTK	2	sp|P69905|HBA_HUMAN	0.008333334	0.9866190731264982	0.8830345087820468	12900.212490218219
TLTLLSVTR	2	sp|P06731|CEAM5_HUMAN;sp|P13688|CEAM1_HUMAN;sp|P31997|CEAM8_HUMAN	0.009859155	0.9797881705057813	0.9329690244569843	13737.53690898325
LQHLENELTHDIITK	4	sp|P01009|A1AT_HUMAN	0.008333334	1.0	0.9506331486927305	6576815.837940281
GLPNVVTSAISLPNIR	2	sp|Q92954|PRG4_HUMAN	0.009859155	0.9797881705057813	0.8485824943935958	87701.76311856283
HYYESEVLAMNFQDWATASR	3	sp|P08185|CBG_HUMAN	0.008333334	1.0	0.9041913053157522	14826232.050745022
DYFMPC[+57.021465]PGR	2	sp|P02790|HEMO_HUMAN	0.008333334	0.9933552810135716	0.9432515182688639	431901.55476222554
GPMFELLPGESNK	2	sp|P10124|SRGN_HUMAN	0.008333334	1.0	0.9030870607105391	118063.92721382571
QVVAGLNFR	2	sp|P01042|KNG1_HUMAN	0.009859155	0.9797881705057813	0.9401552081173553	24331.13224868799
ANRPFLVFIR	3	sp|P01008|ANT3_HUMAN	0.008333334	1.0	0.9520106371510483	2263572.1496603726
VEIDTKSYWK	2	sp|P02766|TTHY_HUMAN	0.008333334	1.0	0.9669727591410398	530937.4933975558
LGNQEPGGQTALK	2	sp|P08697|A2AP_HUMAN	0.008333334	1.0	0.9598995868465376	1662.9256128454697
GPALTTPK	2	sp|Q92954|PRG4_HUMAN	0.008333334	1.0	0.9865778556830901	830461.1107439799
GLYDVVSVLR	2	sp|O75144|ICOSL_HUMAN	0.008333334	1.0	0.9851490124147756	1883312.7367986515
FLASVSTVLTSK	2	sp|P69905|HBA_HUMAN	0.008333334	1.0	0.867019146333647	23512.66569472171
DASGVTFTWTPSSGK	2	sp|P01876|IGHA1_HUMAN	0.008333334	1.0	0.9620855874972845	1178586.4419777403
FKLDDDLEHQGGHVLDHGHK	6	sp|P01042|KNG1_HUMAN	0.008333334	1.0	0.8938794930993881	194237.88442524674
GLGELQELYLK	2	sp|P07359|GP1BA_HUMAN	0.008333334	0.9933552810135716	0.9682134955973295	226684.3940798421
TMLLQPAGSLGSYSYR	2	sp|P41222|PTGDS_HUMAN	0.008333334	1.0	0.9780498165911605	2863376.9268325693
LPTDSELAPR	2	sp|P49908|SEPP1_HUMAN	0.008333334	0.9866190731264982	0.8554990119381234	8842.04435876504
GTHC[+57.021465]NQVEVIATLK	2	sp|P02775|CXCL7_HUMAN	0.008333334	1.0	0.8457680779692054	826930.1263350749
SDVVYTDWKKDK	2	sp|P02763|A1AG1_HUMAN	0.008333334	1.0	0.9526455490508751	127207.58550296578
VVSTNYNQHAMVFFK	3	sp|P80188|NGAL_HUMAN	0.010457517	0.9728591838590949	0.8476795158251066	39085.53692832832
QDQC[+57.021465]IYNTTYLNVQR	3	sp|P02763|A1AG1_HUMAN	0.01164295	0.9658285256870233	0.8726233467007192	32837.07592374382
YSPSFQGQVTISADK	2	sp|A0A0C4DH38|HV551_HUMAN	0.008333334	1.0	0.931071759395204	182134.5742444412
DIAPTLTLYVGK	3	sp|P00738|HPT_HUMAN;sp|P00739|HPTR_HUMAN	0.008333334	1.0	0.9023889166595076	8402.554795759988
AVSISPTNVILTWK	2	sp|Q12913|PTPRJ_HUMAN	0.008333334	1.0	0.9296978782300296	2082632.4458343887
VYSDPQPHIQWLK	2	sp|P11362|FGFR1_HUMAN	0.008333334	1.0	0.9129483820496558	245736.96326297914
YVGGQEHFAHLLILR	3	sp|P02763|A1AG1_HUMAN	0.008333334	1.0	0.9485485307959317	12957513.468134744
VGYVSGWGR	2	sp|P00738|HPT_HUMAN	0.009859155	0.9797881705057813	0.8596535633822058	10475.998542021207
FSGSGSGTDFTLTISR	2	sp|A0A0C4DH25|KVD20_HUMAN;sp|P01619|KV320_HUMAN	0.008333334	0.9866190731264982	0.9120754313642645	30630.373320483395
AVMDDFAAFVEK	3	sp|P02768|ALBU_HUMAN	0.008333334	1.0	0.9394320712801641	406495.8446290015
SDVMYTDWK	2	sp|P19652|A1AG2_HUMAN	0.008333334	0.9866190731264982	0.9877709452952869	394658.24985040585
EESLDSDLYAELR	2	sp|P02775|CXCL7_HUMAN	0.008333334	1.0	0.9422966968844699	5284970.816264445
LLGLSLAGK	1	sp|Q9Y5Y7|LYVE1_HUMAN	0.010457517	0.9728591838590949	0.7302078941670924	2292.0963061020902
QISNLQQSISDAEQR	2	sp|P04264|K2C1_HUMAN	0.008333334	1.0	0.8552944893388069	122952.7150712684
YIC[+57.021465]ENQDSISSK	2	sp|P02768|ALBU_HUMAN	0.008333334	1.0	0.9386813672049911	53204.68779547543
EQVTNVGGAVVTGVTAVAQK	3	sp|P37840|SYUA_HUMAN	0.008333334	0.9933552810135716	0.9259533103575358	170403.11210622764
GGSTSYGTGSETESPR	2	sp|P02671|FIBA_HUMAN	0.008333334	1.0	0.932815285083236	124701.17040093988
EQTVSVSGAFQINTFDLR	3	sp|P13473|LAMP2_HUMAN	0.008333334	1.0	0.9822152615352121	173592.8700242732
SYPGLTSYLVR	2	sp|P80188|NGAL_HUMAN	0.013414634	0.9212790999005022	0.8774094150899977	93798.9407224937
MTVTDQVNC[+57.021465]PK	2	sp|P05090|APOD_HUMAN	0.008333334	1.0	0.9596790112807546	92078.71517121038
EHVAHLLFLRDTK	2	sp|P19652|A1AG2_HUMAN	0.008333334	1.0	0.9246768533007086	884931.2697286414
AVLHIGEK	2	sp|P05543|THBG_HUMAN	0.010457517	0.9728591838590949	0.9894348112573463	23569.7442182663
RLGMFNIQHC[+57.021465]K	3	sp|P01009|A1AT_HUMAN	0.008333334	1.0	0.9345422575581264	6206444.796970652
VVAGVANALAHK	3	sp|P02042|HBD_HUMAN;sp|P68871|HBB_HUMAN	0.008333334	0.9866190731264982	0.9636733478849621	26270.170134194377
EFTPPVQAAYQK	2	sp|P68871|HBB_HUMAN	0.008333334	0.9933552810135716	0.8518525499329636	45862.144393546376
EENFYVDETTVVK	2	sp|P08185|CBG_HUMAN	0.008333334	1.0	0.9619897390137584	14984858.763181133
IYPTVNC[+57.021465]QPLGMISLMK	3	sp|P01042|KNG1_HUMAN	0.008333334	1.0	0.9296670240323496	51131.323025946
FMETVAEK	2	sp|P10909|CLUS_HUMAN	0.010457517	0.9728591838590949	0.7073548724112938	1797.977834122372
SAGSVESPSVSSTHR	2	sp|P17936|IBP3_HUMAN	0.008333334	1.0	0.9152656355102573	30532.11143396032
ESLLNHFLYEVAR	2	sp|P43652|AFAM_HUMAN	0.012239902	0.9440873193926883	0.8372435410773073	14276.232239546509
NFPSPVDAAFR	2	sp|P02790|HEMO_HUMAN	0.010457517	0.9728591838590949	0.953641749429285	129347.55453375936
AEDTAVYYC[+57.021465]AR	2	sp|A0A0B4J1V1|HV321_HUMAN;sp|A0A0B4J1X5|HV374_HUMAN;sp|A0A0C4DH42|HV366_HUMAN;sp|A0A0J9YVY3|HV741_HUMAN;sp|P01762|HV311_HUMAN;sp|P01763|HV348_HUMAN;sp|P01767|HV353_HUMAN;sp|P01772|HV333_HUMAN;sp|P01780|HV307_HUMAN;sp|P0DOX2|IGA2_HUMAN;sp|P0DP02|HVC33_HUMAN	0.008333334	1.0	0.8769856115232241	1874.0030177220533
AFIQLWAFDAVK	3	sp|P02760|AMBP_HUMAN	0.008333334	1.0	0.931368931472547	198646.66628593774
AVLTIDEK	2	sp|P01009|A1AT_HUMAN	0.008333334	1.0	0.9814765139207539	20930196.5356399
RYTIAALLSPYSYSTTAVVTNPKE	4	sp|P02766|TTHY_HUMAN	0.010457517	0.9728591838590949	0.900897628960325	112131.3213399363
TWQDC[+57.021465]EYK	2	sp|P01042|KNG1_HUMAN	0.008333334	1.0	0.9734014285009623	161069.8762327035
EVGTPHGIILDSVDAAFIC[+57.021465]PGSSR	3	sp|P02790|HEMO_HUMAN	0.009859155	0.9797881705057813	0.9528698737921029	2972810.3058333443
TLLSNLEEAK	2	sp|P10909|CLUS_HUMAN	0.008333334	0.9866190731264982	0.9595639110403811	1129830.7287891936
IHWESASLLR	2	sp|P01024|CO3_HUMAN	0.008333334	1.0	0.9254500031257271	32378.305192839147
GFMQTYYDDHLR	3	sp|P55056|APOC4_HUMAN	0.008333334	1.0	0.909630603406985	25695.03075835498
C[+57.021465]TWLIEGQPNR	2	sp|O75882|ATRN_HUMAN	0.008333334	1.0	0.945871423221234	89829.38941679985
VDGALC[+57.021465]MEK	2	sp|P02790|HEMO_HUMAN	0.008333334	1.0	0.937971938068774	743303.9173252337
FIC[+57.021465]PLTGLWPINTLK	2	sp|P02749|APOH_HUMAN	0.008333334	1.0	0.9294349279070642	5790722.044392636
VC[+57.021465]PFAGILENGAVR	2	sp|P02749|APOH_HUMAN	0.008333334	0.9866190731264982	0.8104877900100536	1632470.920643611
VVHFIYIAILSQK	3	sp|P43652|AFAM_HUMAN	0.008333334	1.0	0.9410202101408832	87328.32702504285
GYWSDWSEEASGITYEDRPSK	3	sp|P40189|IL6RB_HUMAN	0.009859155	0.9797881705057813	0.8621131278184675	60864.944260599965
DGYLFQLLR	2	sp|P04196|HRG_HUMAN	0.008333334	1.0	0.9592831366434426	2107733.634011433
SVLGQLGITK	2	sp|P01009|A1AT_HUMAN	0.009859155	0.9797881705057813	0.9772640371271331	89654.16842643342
TM[+15.994915]LLQPAGSLGSYSYR	3	sp|P41222|PTGDS_HUMAN	0.008333334	1.0	0.8319478533603432	267330.0955932415
VADALTNAVAHVDDMPNALSALSDLHAHK	5	sp|P69905|HBA_HUMAN	0.008333334	1.0	0.9233166323341206	283462.0372768056
VFSNGADLSGVTEEAPLK	3	sp|P01009|A1AT_HUMAN	0.01880141	0.8058999028144878	0.9068892256257716	10192.156064717537
FLENEDRR	2	sp|P01009|A1AT_HUMAN	0.009859155	0.9797881705057813	0.9693773726356671	368300.50087374216
VTMTTDTSTSTAYMELR	2	sp|A0A0C4DH31|HV118_HUMAN	0.01164295	0.9658285256870233	0.7222320326687219	9965.800671508609
FIQSQDYQC[+57.021465]SALMGGR	2	sp|P07333|CSF1R_HUMAN	0.008333334	1.0	0.9616640896880491	215228.60256192874
EGIVEYPR	2	sp|Q02985|FHR3_HUMAN;sp|Q92496|FHR4_HUMAN	0.010457517	0.9728591838590949	0.7117602177654252	3266.789093561599
SGIIFAGHDK	2	sp|Q13449|LSAMP_HUMAN	0.008333334	1.0	0.7221204282109719	79212.01469634184
ADLFYDVEALDLESPK	3	sp|P04196|HRG_HUMAN	0.008333334	0.9933552810135716	0.967682444783134	69152.02160452084
EHVAHLLFLR	3	sp|P19652|A1AG2_HUMAN	0.008333334	1.0	0.9483780908326237	5912130.511326153
QPAVEEPAEVTATVLASR	4	sp|P32942|ICAM3_HUMAN	0.015531661	0.888960273227615	0.8274139591190918	45729.32971325611
YEGGREHVAHLLFLR	4	sp|P19652|A1AG2_HUMAN	0.008333334	1.0	0.8884105046503946	168799.341670697
TEDTIFLR	2	sp|P02763|A1AG1_HUMAN;sp|P19652|A1AG2_HUMAN	0.008333334	1.0	0.9583806696877667	945909.8862383859
SKEQLTPLIK	3	sp|P02652|APOA2_HUMAN	0.01164295	0.9658285256870233	0.8534649656857287	19594.737153232098
STSESTAALGC[+57.021465]LVK	2	sp|P01859|IGHG2_HUMAN;sp|P01861|IGHG4_HUMAN	0.008333334	1.0	0.9435593679284701	159793.88168629343
GDSVVYGLR	1	sp|P10451|OSTP_HUMAN	0.010457517	0.9728591838590949	0.7178255481354251	2395.0484704510045
DFLQSLK	2	sp|P08697|A2AP_HUMAN	0.010457517	0.9728591838590949	0.8829497824215733	9356.226516789811
LRTEGDGVYTLNNEK	2	sp|P00738|HPT_HUMAN	0.009859155	0.9797881705057813	0.9322178813614196	9272.297781370955
LC[+57.021465]TPLLPK	2	sp|P27918|PROP_HUMAN	0.008333334	1.0	0.9294589860771924	243989.6119157476
SEAAC[+57.021465]LAAGPGIR	2	sp|O75882|ATRN_HUMAN	0.008333334	1.0	0.9629810874226028	80483.68219284585
KLINDYVK	2	sp|P01011|AACT_HUMAN	0.008333334	1.0	0.9176780107033378	208271.01371034604
EQLTPLIK	1	sp|P02652|APOA2_HUMAN	0.010457517	0.9728591838590949	0.9821191768358872	68444.2161763584
SGYFLSISDSK	2	sp|Q86SQ4|AGRG6_HUMAN	0.008333334	1.0	0.9019253306139893	47373.25459955828
TVESITDIR	2	sp|P11279|LAMP1_HUMAN	0.009859155	0.9797881705057813	0.9769005440916357	154269.4566087524
YTDLVAIQNK	2	sp|P16109|LYAM3_HUMAN	0.008333334	1.0	0.8486267454939681	28689.1380842582
AFSVNIFK	2	sp|P11279|LAMP1_HUMAN	0.008333334	1.0	0.9703846176289566	218264.2336882213
TVAAC[+57.021465]NLPIVR	2	sp|P02760|AMBP_HUMAN	0.008333334	1.0	0.997562637000796	125525.54239082513
GKEESLDSDLYAELR	4	sp|P02775|CXCL7_HUMAN	0.009859155	0.9797881705057813	0.8365450237987371	960.9983616021852
SKLPGIVAEGRDDLYVSDAFHK	3	sp|P01008|ANT3_HUMAN	0.008333334	1.0	0.9583699531096308	303901.4471803125
FATTFYQHLADSK	2	sp|P01008|ANT3_HUMAN	0.008333334	1.0	0.9655398760520065	1249014.9517457383
LYGSEAFATDFQDSAAAK	2	sp|P01011|AACT_HUMAN	0.010457517	0.9728591838590949	0.9229517816141436	24893.024955352586
DSPVLIDFFEDTER	2	sp|P04196|HRG_HUMAN	0.008333334	1.0	0.962092998391992	1526769.123624107
DTATLSWGLPK	2	sp|O00533|NCHL1_HUMAN	0.008333334	1.0	0.9013686836962982	50441.22482311756
GTQEQDFYVTSETVVR	2	sp|P05154|IPSP_HUMAN	0.008333334	1.0	0.9286326276658353	467709.3707853687
EQLGEFYEALDC[+57.021465]LR	2	sp|P02763|A1AG1_HUMAN	0.008333334	1.0	0.947204805597907	54555043.687856965
C[+57.021465]EDLETQTQSEK	2	sp|O00592|PODXL_HUMAN	0.008333334	1.0	0.9043840197710348	18794.599207886007
TSESGELHGLTTEEEFVEGIYK	4	sp|P02766|TTHY_HUMAN	0.008333334	0.9866190731264982	0.9493585096810419	14572.135480948216
ALTDMPQMR	2	sp|P02671|FIBA_HUMAN	0.009859155	0.9797881705057813	0.9494182730965837	23961.83559311693
QINDYVEK	2	sp|P01009|A1AT_HUMAN	0.009859155	0.9797881705057813	0.9467271214744177	13567.006203962246
IQYQLVDISQDNALR	2	sp|Q9H299|SH3L3_HUMAN	0.008333334	1.0	0.7486622473066727	236565.94870287756
LEDMEQALSPSVFK	3	sp|P05155|IC1_HUMAN	0.008333334	1.0	0.9401926317593186	232084.44904804687
ELDRDTVFALVNYIFFK	3	sp|P01009|A1AT_HUMAN	0.008333334	1.0	0.9627030960390313	27283545.25297281
EDC[+57.021465]VEIYIK	2	sp|P14151|LYAM1_HUMAN	0.008333334	0.9933552810135716	0.9137818020617104	7057.941273828148
YLDFVFAVK	2	sp|P13473|LAMP2_HUMAN	0.008333334	0.9866190731264982	0.7972794921133165	5811.460364976016
GFQQLLQELNQPR	3	sp|P05154|IPSP_HUMAN	0.008333334	1.0	0.9778887893361906	99852.78009006116
VLDAVRGSPAINVAVHVFR	3	sp|P02766|TTHY_HUMAN	0.008333334	1.0	0.9455056875958204	230675.57495449123
WYNLAIGSTC[+57.021465]PWLK	3	sp|P02760|AMBP_HUMAN	0.008333334	0.9866190731264982	0.8490682078108097	46938.206044436105
EPQVYTLPPSR	3	sp|P01857|IGHG1_HUMAN;sp|P01859|IGHG2_HUMAN;sp|P01860|IGHG3_HUMAN;sp|P0DOX5|IGG1_HUMAN	0.016627079	0.8354707271418766	0.8050845373048051	766.2131366777962
RLWWLDLK	2	sp|P02790|HEMO_HUMAN	0.008333334	1.0	0.8894481190490197	134930.7434635294
ITPNLAEFAFSLYR	2	sp|P01009|A1AT_HUMAN	0.009859155	0.9797881705057813	0.9595493272073237	4125963.784067965
ALDLINKR	2	sp|P04196|HRG_HUMAN	0.008333334	1.0	0.986820673421767	227737.8582692622
NSVIKVPMMNSK	3	sp|P05155|IC1_HUMAN	0.008333334	1.0	0.9390087610913826	276223.56969877303
EILSVDC[+57.021465]STNNPSQAK	2	sp|P10909|CLUS_HUMAN	0.010457517	0.9728591838590949	0.9723409645014287	56706.91783801213
DIPMNPMC[+57.021465]IYR	3	sp|P01008|ANT3_HUMAN	0.008333334	1.0	0.7312800745693459	13573.12793386322
YFHHNSDFHIPK	2	sp|O75015|FCG3B_HUMAN	0.01164295	0.9658285256870233	0.8414714300276568	5051.17598475832
NPNLPPETVDSLK	2	sp|P05090|APOD_HUMAN	0.008333334	1.0	0.9265197103721197	597621.7744613668
ESEPQAAAEPAEAK	2	sp|P80723|BASP1_HUMAN	0.008333334	0.9933552810135716	0.9121870701990148	4564.313135757347
DDLYVSDAFHK	2	sp|P01008|ANT3_HUMAN	0.008333334	1.0	0.9652824866836238	403555.9680057713
LTQLNLDR	2	sp|P07359|GP1BA_HUMAN	0.012239902	0.9514467542496609	0.9513536204567115	29074.85504397712
ENQLEVLEVSWLHGLK	3	sp|P02750|A2GL_HUMAN	0.008333334	1.0	0.8211974004566096	17381.95500126482
DYFM[+15.994915]PC[+57.021465]PGR	2	sp|P02790|HEMO_HUMAN	0.008333334	0.9933552810135716	0.922685869177682	1723.0907311500391
DVSSSVYSTWK	2	sp|P10721|KIT_HUMAN	0.012239902	0.9290085173289965	0.9633006289095307	43765.59920380304
ENGTISRYVGGQEHFAHLLILR	4	sp|P02763|A1AG1_HUMAN	0.012239902	0.9514467542496609	0.7412116731748951	69452.43931519653
ALGISPFHEHAEVVFTANDSGPR	4	sp|P02766|TTHY_HUMAN	0.008333334	0.9866190731264982	0.9475736277946996	62660.26022450522
IISLDEER	2	sp|P23467|PTPRB_HUMAN	0.010457517	0.9728591838590949	0.750619199485553	4855.658006930238
YKEENDDFASFR	2	sp|P04196|HRG_HUMAN	0.008333334	0.9866190731264982	0.9432737495491653	54559.29147954462
WLQDNAENVYVWK	2	sp|P07359|GP1BA_HUMAN	0.009859155	0.9797881705057813	0.9442421094330706	141924.4117398794
KLYHSEAFTVNFGDTEEAKK	3	sp|P01009|A1AT_HUMAN	0.008333334	0.9933552810135716	0.9286186585110324	19303.65658265021
DSVGQLQLYR	2	sp|Q99941|ATF6B_HUMAN	0.008333334	1.0	0.9376905017804867	95075.98850677688
SVNNVVVR	1	sp|O75882|ATRN_HUMAN	0.008333334	1.0	0.7493011019535527	8706.891635704875
STLEEPNLQPLQR	2	sp|Q76M96|CCD80_HUMAN	0.008333334	0.9866190731264982	0.9576068092990412	10557.899046989525
C[+57.021465]SPHLVLSALTSDNHGATYAFSGTHYWR	4	sp|P02790|HEMO_HUMAN	0.008333334	1.0	0.9313675126028536	5320335.964867101
LVVEWQLQDDK	2	sp|P61916|NPC2_HUMAN	0.008333334	1.0	0.882572401407406	28727.98654040776
VAEGTQVLELPFK	2	sp|P01008|ANT3_HUMAN	0.008333334	0.9933552810135716	0.9764138017523734	1211741.9001928405
SGAQATWTELPWPHEK	3	sp|P02790|HEMO_HUMAN	0.010457517	0.9728591838590949	0.9581767368212586	43307.388739555216
YWNDC[+57.021465]EPPDSR	2	sp|P04196|HRG_HUMAN	0.008333334	0.9933552810135716	0.809194180873783	9334.643949264211
GTWTQPFDLASTR	2	sp|P08185|CBG_HUMAN	0.008333334	0.9933552810135716	0.951555060666041	2264302.16391189
DKC[+57.021465]EPLEKQHEK	4	sp|P02763|A1AG1_HUMAN;sp|P19652|A1AG2_HUMAN	0.012239902	0.9586923939928679	0.7967415338052487	5999.081180251992
GIYSFSFHVIK	3	sp|Q9NTU7|CBLN4_HUMAN	0.010457517	0.9728591838590949	0.9411942761915744	52970.61868305515
GNLMGGWK	2	sp|P23435|CBLN1_HUMAN;sp|Q8IUK8|CBLN2_HUMAN	0.008333334	1.0	0.9633916184306143	426297.3174690349
QNQC[+57.021465]FYNSSYLNVQR	2	sp|P19652|A1AG2_HUMAN	0.008333334	1.0	0.9403455614143557	404387.1234119866
LGMFNIQHC[+57.021465]K	2	sp|P01009|A1AT_HUMAN	0.010457517	0.9728591838590949	0.851235321786972	36490.72935449132
ASVDSGSSEEQGGSSR	2	sp|P01833|PIGR_HUMAN	0.008333334	1.0	0.9404560779276963	21781.799119517025
ALGISPFHEHAEVVFTANDSGPRR	4	sp|P02766|TTHY_HUMAN	0.008333334	1.0	0.7490707207748075	199577.9401841427
LLIYGASSR	2	sp|P01619|KV320_HUMAN	0.009859155	0.9797881705057813	0.7053491391664025	1361.981383740533
VLDAVRGSPAINVAVHVFR	4	sp|P02766|TTHY_HUMAN	0.008333334	1.0	0.9343001012756323	347172.65046148526
TLM[+15.994915]FGSYLDDEK	2	sp|P19652|A1AG2_HUMAN	0.008333334	0.9933552810135716	0.9101756590750023	131155.83321072627
EEDPIHLR	2	sp|O75015|FCG3B_HUMAN;sp|P08637|FCG3A_HUMAN	0.009859155	0.9797881705057813	0.9695246910894351	41725.07664010676
MEPFHFK	2	sp|P05155|IC1_HUMAN	0.008333334	1.0	0.9661551474270088	1056496.035475276
FLEQQNQVLQTK	2	sp|P04264|K2C1_HUMAN;sp|P35908|K22E_HUMAN;sp|Q7Z794|K2C1B_HUMAN	0.008333334	0.9933552810135716	0.9311386402301293	403.4241024213641
ALFLETEQLK	2	sp|Q13740|CD166_HUMAN	0.008333334	1.0	0.9777919833233275	125597.22793649371
YTIAALLSPYSYSTTAVVTNPKE	4	sp|P02766|TTHY_HUMAN	0.009859155	0.9797881705057813	0.9963778873111806	186446.11034224127
GGSIQQYIYK	2	sp|Q92954|PRG4_HUMAN	0.008333334	0.9933552810135716	0.9128745947316492	29750.140151736312
HTFMGVVSLGSPSGEVSHPR	3	sp|P02765|FETUA_HUMAN	0.008333334	1.0	0.9441883706659641	220178.29223140777
SGFPQVSMFFTHTFPK	3	sp|P04196|HRG_HUMAN	0.008333334	0.9933552810135716	0.7963851620981495	55757.57917899482
MNTVIAALSR	2	sp|P08185|CBG_HUMAN	0.008333334	0.9866190731264982	0.9641143298895879	5571.500591955713
HTLNQIDEVK	3	sp|P02765|FETUA_HUMAN	0.008333334	1.0	0.9417518065574152	74254.98180895463
EALQGVGDMGR	2	sp|P35542|SAA4_HUMAN	0.008333334	1.0	0.8729847575112597	12823.58455123782
LVLLNAIYLSAK	2	sp|P05155|IC1_HUMAN	0.008333334	1.0	0.9580027278983649	414129.23431787
GLEWVGFIR	2	sp|A0A0A0MS15|HV349_HUMAN	0.012239902	0.9440873193926883	0.89777907948434	5224.9734697456815
SDGDPVQPAVLQVHQTS	2	sp|O95810|CAVN2_HUMAN	0.010457517	0.9728591838590949	0.9029428888348396	69196.20434699202
TFVLPVTPPR	2	sp|P32942|ICAM3_HUMAN	0.008333334	1.0	0.9841392775714547	518197.7798359598
EQYAVVGHSAHIVTLK	3	sp|O75882|ATRN_HUMAN	0.010457517	0.9728591838590949	0.9040909189399493	6010.062625279219
QVILTLQPTLVAVGK	3	sp|P13598|ICAM2_HUMAN	0.008333334	0.9866190731264982	0.9251141349886337	91741.87340665681
TFYEPGEEITYSC[+57.021465]KPGYVSR	4	sp|P02749|APOH_HUMAN	0.008333334	0.9866190731264982	0.7788119693801088	3911.702076065937
TVPLAVLQLR	2	sp|P23467|PTPRB_HUMAN	0.008333334	0.9866190731264982	0.8658774785737279	25406.01967155342
NWGLSVYADKPETTK	2	sp|P02763|A1AG1_HUMAN	0.009859155	0.9797881705057813	0.9488011379415111	62196.31277641673
TVGSDTFYSFK	2	sp|P01042|KNG1_HUMAN	0.008333334	1.0	0.9558257379040347	60132.85717117895
GSSSSPLGISVR	2	sp|Q9NTU7|CBLN4_HUMAN	0.008333334	0.9933552810135716	0.9843225571508696	15528.429419551703
LTGSSGFVTDGPGNYK	2	sp|O75882|ATRN_HUMAN	0.008333334	1.0	0.9288378648098459	2350157.672607496
STESYFIPEVR	2	sp|P16284|PECA1_HUMAN	0.008333334	1.0	0.7137085723120304	5914.600886363257
VWPQQPSGELFEIEIDTLETTC[+57.021465]HVLDPTPVAR	4	sp|P02765|FETUA_HUMAN	0.010457517	0.9728591838590949	0.9501447572522205	13550.677995787919
GSPAINVAVHVFRK	3	sp|P02766|TTHY_HUMAN	0.008333334	1.0	0.9137284520280955	446704.49708267424
EQLGEFYEALDC[+57.021465]LRIPK	3	sp|P02763|A1AG1_HUMAN	0.008333334	1.0	0.8687588337681962	166408.31278042815
NYLGAAASR	2	sp|Q96MS0|ROBO3_HUMAN	0.015531661	0.888960273227615	0.8330269312264182	7271.217417711662
DGWHSWPIAHQWPQGPSAVDAAFSWEEK	5	sp|P02790|HEMO_HUMAN	0.008333334	1.0	0.8943619632353125	181065.03765629954
EQVTNVGGAVVTGVTAVAQK	2	sp|P37840|SYUA_HUMAN	0.008333334	0.9933552810135716	0.8006871663136533	15126.896561223679
ITDVIPSEAINELTVLVLVNTIYFK	4	sp|P01008|ANT3_HUMAN	0.008333334	1.0	0.9430612499662744	273161.8653116205
SGAQATWTELPWPHEK	4	sp|P02790|HEMO_HUMAN	0.010457517	0.9728591838590949	0.9174662497739589	10873.235925503246
LYHSEAFTVNFGDTEEAKK	4	sp|P01009|A1AT_HUMAN	0.008333334	0.9933552810135716	0.9347651327944325	84059.01517887347
LVDKFLEDVK	2	sp|P01009|A1AT_HUMAN	0.008333334	1.0	0.889349722206178	88074.87782405238
YFIDFVAR	2	sp|P01042|KNG1_HUMAN	0.009859155	0.9797881705057813	0.9872313920152725	417184.5664076412
LSSVTAADTAVYYC[+57.021465]AR	3	sp|A0A075B6R2|HV404_HUMAN;sp|A0A087WSY4|HV432_HUMAN;sp|A0A0C4DH41|HV461_HUMAN;sp|P01824|HV439_HUMAN;sp|P01825|HV459_HUMAN;sp|P06331|HV434_HUMAN;sp|P0DP06|HVD34_HUMAN;sp|P0DP07|HV431_HUMAN;sp|P0DP08|HVD82_HUMAN	0.010457517	0.9728591838590949	0.7290736258794633	6154.583115592038
KIC[+57.021465]LDLQAPLYK	2	sp|P02776|PLF4_HUMAN	0.008333334	0.9933552810135716	0.9720600913100663	9478.052356816794
DYFMPC[+57.021465]PGR	3	sp|P02790|HEMO_HUMAN	0.012239902	0.9366095275687156	0.8488249074857872	9501.561388547496
SYYWIGIR	2	sp|P14151|LYAM1_HUMAN	0.009859155	0.9797881705057813	0.9729823575268164	1587592.5338249255
GSPAINVAVHVFR	3	sp|P02766|TTHY_HUMAN	0.008333334	1.0	0.9588221762528099	5875914.261739002
ANRPFLVFIR	2	sp|P01008|ANT3_HUMAN	0.008333334	1.0	0.827589028887268	102433.12685735975
EAEPLVDIR	2	sp|Q9H8L6|MMRN2_HUMAN	0.008333334	1.0	0.8941229735025429	107975.10216202581
VVEQMC[+57.021465]ITQYER	2	sp|P04156|PRIO_HUMAN	0.008333334	1.0	0.8256791067185884	30827.969144169045
EVPLNTIIFMGR	2	sp|P01008|ANT3_HUMAN	0.008333334	1.0	0.9607861312581482	6027204.131529331
AEELSIQVSC[+57.021465]R	2	sp|Q9Y5Y7|LYVE1_HUMAN	0.008333334	1.0	0.9751303405272815	53283.851472342845
WSAGLTSSQVDLYIPK	2	sp|P08185|CBG_HUMAN	0.010457517	0.9728591838590949	0.9401486497169212	751365.0174497601
SC[+57.021465]AVAEYGVYVK	2	sp|P00738|HPT_HUMAN;sp|P00739|HPTR_HUMAN	0.008333334	1.0	0.9494617211225159	623398.8550703762
FKLDDDLEHQGGHVLDHGHK	5	sp|P01042|KNG1_HUMAN	0.008333334	1.0	0.987743367976175	782052.4193385843
GEVLPLPEANFPSFPLPHHK	3	sp|P04196|HRG_HUMAN	0.008333334	0.9866190731264982	0.9078113335104082	114537.70745834286
ITVVDALHEIPVK	3	sp|Q16270|IBP7_HUMAN	0.010457517	0.9728591838590949	0.9201642415018517	16024.437251200718
YVSELHLTR	2	sp|P10721|KIT_HUMAN	0.008333334	0.9866190731264982	0.9503316797089886	38720.75562000378
VVSTNYNQHAMVFFK	2	sp|P80188|NGAL_HUMAN	0.010457517	0.9728591838590949	0.8349498099336635	73045.62220072695
SDVVYTDWKKDK	3	sp|P02763|A1AG1_HUMAN	0.008333334	1.0	0.9373219043741061	178733.1364709109
GFSGIFEDR	2	sp|P09619|PGFRB_HUMAN	0.012239902	0.9514467542496609	0.8585936604051877	620.8806616204679
RGENLFAITDEGMDVPLAMEEWHHER	5	sp|Q6UXB8|PI16_HUMAN	0.008333334	0.9933552810135716	0.9049815459807317	67184.16765921026
DIAPTLTLYVGK	2	sp|P00738|HPT_HUMAN;sp|P00739|HPTR_HUMAN	0.008333334	1.0	0.9659947992312132	1261964.217819535
TVALGSNVEFMC[+57.021465]K	2	sp|P11362|FGFR1_HUMAN	0.008333334	0.9933552810135716	0.8813031622497931	9505.951491411457
WYVVGLAGNAILR	2	sp|P80188|NGAL_HUMAN	0.008333334	0.9933552810135716	0.8103613369704187	10330.022793875933
ETLLQDFR	2	sp|P02760|AMBP_HUMAN	0.008333334	1.0	0.9640403305641	1380534.2839884325
GSFPWQAK	2	sp|P00738|HPT_HUMAN;sp|P00739|HPTR_HUMAN	0.008333334	1.0	0.977378507930376	5156338.58061856
NTLYLQMNSLR	2	sp|A0A0B4J1X5|HV374_HUMAN;sp|A0A0C4DH42|HV366_HUMAN;sp|P01764|HV323_HUMAN;sp|P01767|HV353_HUMAN;sp|P01768|HV330_HUMAN;sp|P01772|HV333_HUMAN;sp|P0DP02|HVC33_HUMAN;sp|P0DP03|HVC05_HUMAN	0.008333334	0.9933552810135716	0.9035614789284793	51055.24449058794
AVMDDFAAFVEK	2	sp|P02768|ALBU_HUMAN	0.008333334	1.0	0.9708310742032824	15901057.041327028
VFEVHVRPK	2	sp|P13598|ICAM2_HUMAN	0.008333334	0.9866190731264982	0.9634656486279295	27899.746933461265
ALMSPAGMLR	2	sp|O75144|ICOSL_HUMAN	0.008333334	1.0	0.957726566216385	619151.8417793035
YVGGQEHFAHLLILRDTK	3	sp|P02763|A1AG1_HUMAN	0.008333334	1.0	0.9384919279774325	1799108.3237425997
QISNLQQSISDAEQR	3	sp|P04264|K2C1_HUMAN	0.014371257	0.897262926642552	0.856102829061747	6071.709927834486
EESLDSDLYAELR	3	sp|P02775|CXCL7_HUMAN	0.008333334	1.0	0.8183400660389513	90255.75570317355
FSGSNSGNTATLTISR	2	sp|A0A075B6K5|LV39_HUMAN;sp|P80748|LV321_HUMAN	0.008333334	1.0	0.9173392754815698	246297.79533911537
SDVMYTDWKK	3	sp|P19652|A1AG2_HUMAN	0.008333334	1.0	0.9671557706169518	27059.36979387555
YEGSYALTSEEAER	2	sp|O95810|CAVN2_HUMAN	0.008333334	1.0	0.871758417040597	115737.03883018755
QQTHMLDVMQDHFSR	4	sp|P10909|CLUS_HUMAN	0.008333334	1.0	0.9519450056483925	2445615.1083771097
NIDVFNVEDQK	2	sp|Q8NBJ4|GOLM1_HUMAN	0.008333334	1.0	0.9683156778186517	11994.344558855943
WQEEMELYR	2	sp|P02647|APOA1_HUMAN	0.008333334	0.9933552810135716	0.9797543787745234	28353.844139323784
IASFSQNC[+57.021465]DIYPGK	2	sp|P01042|KNG1_HUMAN	0.008333334	1.0	0.9495777747467079	3302299.0866197622
VVAGVANALAHK	2	sp|P02042|HBD_HUMAN;sp|P68871|HBB_HUMAN	0.008333334	0.9866190731264982	0.9786619495479751	37670.885243892226
QEPSQGTTTFAVTSILR	2	sp|P01876|IGHA1_HUMAN	0.008333334	0.9933552810135716	0.9418152827666288	876007.9381546252
EENFYVDETTVVK	3	sp|P08185|CBG_HUMAN	0.008333334	1.0	0.8907395574949188	301256.6152490011
M[+15.994915]TVTDQVNC[+57.021465]PK	2	sp|P05090|APOD_HUMAN	0.008333334	1.0	0.87425026009338	1529.912204344087
IHWESASLLR	3	sp|P01024|CO3_HUMAN	0.014371257	0.9212790999005022	0.7809551691806634	6218.825804193519
NFPSPVDAAFR	3	sp|P02790|HEMO_HUMAN	0.010457517	0.9728591838590949	0.7795134424041916	2808.159284268332
AFIQLWAFDAVK	2	sp|P02760|AMBP_HUMAN	0.008333334	1.0	0.9717321409511582	12565624.40851962
DQYYNIDVPSR	2	sp|Q92954|PRG4_HUMAN	0.008333334	1.0	0.9826227230698675	103264.75160606347
HRLEDMEQALSPSVFK	4	sp|P05155|IC1_HUMAN	0.008333334	1.0	0.9365672748876718	557345.0987474279
ALTFELTLR	2	sp|P07333|CSF1R_HUMAN	0.009859155	0.9797881705057813	0.9799370437769306	114354.23819413254
FIC[+57.021465]PLTGLWPINTLK	3	sp|P02749|APOH_HUMAN	0.008333334	1.0	0.8553254096114085	24387854.490564823
SKLPGIVAEGR	2	sp|P01008|ANT3_HUMAN	0.008333334	1.0	0.9563749098233393	273548.3476548675
VGSPFELVVSGNK	2	sp|Q6YHK3|CD109_HUMAN	0.008333334	1.0	0.8467745884211635	923.4093387784582
AVGEEVWHSK	2	sp|P13591|NCAM1_HUMAN	0.008333334	0.9866190731264982	0.9642587932254658	10030.691180115096
VKSPELQAEAK	2	sp|P02652|APOA2_HUMAN	0.008333334	1.0	0.9444263687142963	136711.7471737828
EYC[+57.021465]GVPGDGDEELLR	2	sp|P02760|AMBP_HUMAN	0.009859155	0.9797881705057813	0.9348652104654741	96033.16155637745
VFTFSVGQHNYDR	3	sp|P54289|CA2D1_HUMAN	0.008333334	1.0	0.9642660288990151	66522.72851307802
VADALTNAVAHVDDMPNALSALSDLHAHK	4	sp|P69905|HBA_HUMAN	0.008333334	1.0	0.9030944267738655	214534.03601706744
VFSNGADLSGVTEEAPLK	2	sp|P01009|A1AT_HUMAN	0.010457517	0.9728591838590949	0.9383278659065982	112501.1583507033
GPLQLER	2	sp|P02750|A2GL_HUMAN	0.01164295	0.9658285256870233	0.9323859753353053	34541.365404868404
THLAPYSDELR	3	sp|P02647|APOA1_HUMAN	0.010457517	0.9728591838590949	0.8767546436666991	22002.512086600942
EQLTPLIK	2	sp|P02652|APOA2_HUMAN	0.010457517	0.9728591838590949	0.9423343340783056	5852.509455328823
SVDIWLR	2	sp|P15151|PVR_HUMAN	0.008333334	1.0	0.9895737978149856	490932.43026864494
ASFETC[+57.021465]SYGWVGDGFVVISR	3	sp|Q9Y5Y7|LYVE1_HUMAN	0.008333334	0.9866190731264982	0.95666188018191	122756.40962013481
NIQSLEVIGK	2	sp|P02775|CXCL7_HUMAN	0.008333334	0.9866190731264982	0.8704104330308845	5417.792267310723
LRTEGDGVYTLNNEK	3	sp|P00738|HPT_HUMAN	0.012239902	0.9514467542496609	0.7748112907435357	1206.0350232321414
QQTHMLDVMQDHFSR	3	sp|P10909|CLUS_HUMAN	0.008333334	1.0	0.9637124738928821	575809.8844644129
TYMLAFDVNDEK	2	sp|P02763|A1AG1_HUMAN	0.008333334	1.0	0.9383344284228055	4230539.704552054
SVQEIQATFFYFTPNK	3	sp|P02763|A1AG1_HUMAN;sp|P19652|A1AG2_HUMAN	0.008333334	1.0	0.9401641825234981	14985.073805311109
MEPFHFKNSVIK	2	sp|P05155|IC1_HUMAN	0.012239902	0.9366095275687156	0.8162438305808836	13885.901701812221
SLTEEAENWGDGEPNNK	2	sp|P14151|LYAM1_HUMAN	0.01164295	0.9658285256870233	0.8174594506962707	170838.61429351073
AATGEC[+57.021465]TATVGK	2	sp|P01042|KNG1_HUMAN	0.008333334	1.0	0.9804377942704389	51677.99679277538
DVYVVTDQIPVFVTMFQK	3	sp|Q14956|GPNMB_HUMAN	0.008333334	1.0	0.9475152218945547	155417.6762375086
SKLPGIVAEGRDDLYVSDAFHK	4	sp|P01008|ANT3_HUMAN	0.008333334	1.0	0.9661653783765126	466870.82848327496
VMTPAVYAPYDVK	2	sp|O00533|NCHL1_HUMAN	0.008333334	0.9933552810135716	0.8352904472141638	37659.28473186929
LLSHC[+57.021465]LLVTLAAHLPAEFTPAVHASLDK	4	sp|P69905|HBA_HUMAN	0.008333334	1.0	0.9038890417308679	551753.2227236185
EQLGEFYEALDC[+57.021465]LC[+57.021465]IPR	3	sp|P19652|A1AG2_HUMAN	0.008333334	1.0	0.9945676156505443	1735454.386198294
NHNALLASLTTQK	3	sp|O75882|ATRN_HUMAN	0.008333334	1.0	0.9676926213089084	214830.2311108042
DLMEKVK	2	sp|P02652|APOA2_HUMAN	0.008333334	1.0	0.9538707799250902	330443.8438401079
STSGGTAALGC[+57.021465]LVK	2	sp|P01857|IGHG1_HUMAN;sp|P01860|IGHG3_HUMAN;sp|P0DOX5|IGG1_HUMAN	0.008333334	1.0	0.9002232204034015	27568.13774159013
KPDGYDYYAFSK	3	sp|Q92954|PRG4_HUMAN	0.008333334	0.9933552810135716	0.9439529307774452	8363.6249793983
TSESGELHGLTTEEEFVEGIYK	3	sp|P02766|TTHY_HUMAN	0.008333334	0.9866190731264982	0.934723893983472	358393.67658518103
GWSEEELQGVLR	2	sp|Q9H4A9|DPEP2_HUMAN	0.008333334	1.0	0.81357009423255	46141.236525180066
KWQEEMELYR	2	sp|P02647|APOA1_HUMAN	0.008333334	1.0	0.965454897446189	444988.50623939186
LEDMEQALSPSVFK	2	sp|P05155|IC1_HUMAN	0.008333334	1.0	0.982319286474113	5031214.422373144
DMPASEDLQDLQK	2	sp|P49908|SEPP1_HUMAN	0.01880141	0.9866190731264982	0.9502264343729369	688670.2815704241
TTPPVLDSDGSFFLYSK	3	sp|P01857|IGHG1_HUMAN;sp|P0DOX5|IGG1_HUMAN	0.008333334	1.0	0.908880353960532	51735.133068227435
TQSSLVPALTDFVR	2	sp|O60888|CUTA_HUMAN	0.008333334	1.0	0.9130449055548778	485569.4504987731
SFTIEC[+57.021465]R	1	sp|P13598|ICAM2_HUMAN	0.008333334	1.0	0.745396226334648	21167.254716042888
GFQQLLQELNQPR	2	sp|P05154|IPSP_HUMAN	0.008333334	1.0	0.8656814961469577	165100.98313381753
WYNLAIGSTC[+57.021465]PWLK	2	sp|P02760|AMBP_HUMAN	0.008333334	0.9866190731264982	0.9839224987139921	119668.47658637703
ITPNLAEFAFSLYR	3	sp|P01009|A1AT_HUMAN	0.009859155	0.9797881705057813	0.9660613438518519	727337.4107641405
AVLDVFEEGTEASAATAVK	3	sp|P01011|AACT_HUMAN	0.008333334	1.0	0.9775089227480503	112727.65631334584
VWVYPPEK	2	sp|P02790|HEMO_HUMAN	0.008333334	1.0	0.9720911553736503	198304.02481659717
NWGLSFYADKPETTK	3	sp|P19652|A1AG2_HUMAN	0.008333334	1.0	0.9410978614867277	2039542.1363234143
VLHPLEGAVVIIFK	3	sp|Q13740|CD166_HUMAN	0.008333334	1.0	0.835669399203599	197529.3718289598
ILGGHLDAK	2	sp|P00738|HPT_HUMAN;sp|P00739|HPTR_HUMAN	0.008333334	1.0	0.9849975197874673	1452857.4629178857
DLGGFDEDAEPR	2	sp|Q9BRK5|CAB45_HUMAN	0.008333334	1.0	0.899559634618784	1079.6296620612316
DDLYVSDAFHK	3	sp|P01008|ANT3_HUMAN	0.008333334	1.0	0.9343205909089314	51867.11738364295
LISLIC[+57.021465]R	2	sp|O00592|PODXL_HUMAN	0.010457517	0.9728591838590949	0.9255181377713263	8816.986771417034
NTWSILHTQGALVQGGYGHSSVYDHR	5	sp|O75882|ATRN_HUMAN	0.008333334	1.0	0.9458437109295504	11400439.819246035
TLNQPDSQLQLTTGNGLFLSEGLK	3	sp|P01009|A1AT_HUMAN	0.008333334	1.0	0.9793653989079173	816512.142555392
NPNLPPETVDSLK	3	sp|P05090|APOD_HUMAN	0.008333334	1.0	0.932561212466213	13730.796112447033
ELELQIGNALFIGK	3	sp|P05543|THBG_HUMAN	0.008333334	1.0	0.8460155296354214	106801.45911891642
ILLDEQAQWK	2	sp|P13598|ICAM2_HUMAN	0.008333334	1.0	0.9748483797233121	596529.259604142
LVYHLGLPFSFLTFPYVEEAIK	3	sp|P49908|SEPP1_HUMAN	0.009859155	0.9797881705057813	0.9352086827557844	31794.925993721423
GAQTQTEEEMTR	2	sp|Q12841|FSTL1_HUMAN	0.008333334	0.9933552810135716	0.9473069976448668	10203.943238901596
HIQETEWQSQEGK	2	sp|Q14515|SPRL1_HUMAN	0.008333334	1.0	0.9566570596331304	184775.9310570394
LLGLSLAGK	2	sp|Q9Y5Y7|LYVE1_HUMAN	0.010457517	0.9728591838590949	0.9862489174437393	472478.50601558824
KLYHSEAFTVNFGDTEEAKK	4	sp|P01009|A1AT_HUMAN	0.008333334	0.9933552810135716	0.7617111099540206	16047.885620906824
MEEVEAMLLPETLKR	3	sp|P01011|AACT_HUMAN	0.008333334	1.0	0.9513213390090522	97416.11404373075
DLATVYVDVLK	2	sp|P02647|APOA1_HUMAN	0.008333334	0.9933552810135716	0.9699485545566482	929888.5628934129
TLMFGSYLDDEKNWGLSFYADKPETTK	4	sp|P19652|A1AG2_HUMAN	0.009859155	0.9866190731264982	0.8894362731868466	1070323.7109522754
VTTSQDMLSIMEK	3	sp|P05155|IC1_HUMAN	0.01992966	0.7138053936648634	0.7333744929723447	1933.737994685708
SVNNVVVR	2	sp|O75882|ATRN_HUMAN	0.008333334	1.0	0.9796751344783259	360414.354918614
VMPIC[+57.021465]LPSK	2	sp|P00738|HPT_HUMAN;sp|P00739|HPTR_HUMAN	0.008333334	1.0	0.9575146307653167	582123.3618028805
SLTEEAENWGDGEPNNKK	3	sp|P14151|LYAM1_HUMAN	0.008333334	1.0	0.9436669303316466	21541.834918115386
GQC[+57.021465]IINSNK	2	sp|P43652|AFAM_HUMAN	0.009859155	0.9797881705057813	0.7258021937521086	1157.3638249012681
NTLYLQMNSLK	2	sp|A0A0B4J1V0|HV315_HUMAN	0.008333334	1.0	0.7993695129744676	12742.796945107393
VAEGTQVLELPFK	3	sp|P01008|ANT3_HUMAN	0.008333334	0.9933552810135716	0.8405205572261158	17340.256770216485
GTWTQPFDLASTR	3	sp|P08185|CBG_HUMAN	0.008333334	0.9933552810135716	0.9763660455070735	33861.23775283897
LSFQEFLK	2	sp|Q12841|FSTL1_HUMAN	0.009859155	0.9797881705057813	0.90136368685053	6005.948076496421
AVLHIGEK	1	sp|P05543|THBG_HUMAN	0.010457517	0.9728591838590949	0.7112226119661021	518.8514531788246
QNQC[+57.021465]FYNSSYLNVQR	3	sp|P19652|A1AG2_HUMAN	0.008333334	1.0	0.739469004917014	111257.38341373859
VTGNPGDEEFIEPSTENEFGLTSLR	3	sp|Q9ULI3|HEG1_HUMAN	0.008333334	1.0	0.9227151837108476	2584367.709456723
DEELSC[+57.021465]TVVELK	2	sp|P01011|AACT_HUMAN	0.008333334	1.0	0.9519309960698399	177366.60040159637
SLDFTELDVAAEK	2	sp|P01019|ANGT_HUMAN	0.008333334	0.9933552810135716	0.8882547819795623	16394.47261842283
DTINLLDQR	2	sp|Q8NBJ4|GOLM1_HUMAN	0.009859155	0.9866190731264982	0.9647697532315446	5358.150038403465
AEIEYLEK	2	sp|P14151|LYAM1_HUMAN	0.008333334	1.0	0.9790827584589027	698077.5935592635
SETEIHQGFQHLHQLFAK	3	sp|P08185|CBG_HUMAN	0.008333334	1.0	0.9480815611214545	798396.8662857399
TLGDSSAGEIALSTR	2	sp|P09619|PGFRB_HUMAN	0.012239902	0.9366095275687156	0.9925685963096974	18986.636851494823
DTKTYMLAFDVNDEK	3	sp|P02763|A1AG1_HUMAN	0.010457517	0.9728591838590949	0.96744173457478	8611.490054692811
SPELQAEAK	2	sp|P02652|APOA2_HUMAN	0.010457517	0.9728591838590949	0.9441759940923005	27129.62753562441
YTIAALLSPYSYSTTAVVTNPKE	3	sp|P02766|TTHY_HUMAN	0.009859155	0.9797881705057813	0.9319446418305185	10104105.089816248
GGSIQQYIYK	3	sp|Q92954|PRG4_HUMAN	0.016627079	0.8354707271418766	0.9020515940013848	4108.8869946294235
EGQMESVEAAMSSK	2	sp|P05543|THBG_HUMAN	0.008333334	1.0	0.9685747448547712	607120.2069323556
DLDMFINASK	2	sp|O75882|ATRN_HUMAN	0.008333334	0.9933552810135716	0.8783649204839651	17550.830095921167
ALQATVGNSYK	2	sp|P11279|LAMP1_HUMAN	0.009859155	0.9866190731264982	0.9672661768580213	41770.23305996172
EWFWDLATGTM[+15.994915]K	2	sp|P02790|HEMO_HUMAN	0.009859155	0.9866190731264982	0.7680183063207637	22931.13921398207
ESLSSYWESAK	2	sp|P02655|APOC2_HUMAN	0.008333334	0.9933552810135716	0.97748137504541	535497.5102178128
DIPTNSPELEETLTHTITK	3	sp|P01042|KNG1_HUMAN	0.008333334	0.9933552810135716	0.9317521145907933	1041600.4502290413
ATFNPAQDK	2	sp|O00592|PODXL_HUMAN	0.008333334	1.0	0.9286255770344638	108863.90419647344
LGQSLDC[+57.021465]NAEVYVVPWEK	3	sp|P01042|KNG1_HUMAN	0.008333334	1.0	0.9127216056263151	285278.90103772265
YVGGQEHFAHLLILR	4	sp|P02763|A1AG1_HUMAN	0.008333334	1.0	0.9551218129755353	410531083.2835891
FLQSFAR	2	sp|Q13201|MMRN1_HUMAN	0.010457517	0.9728591838590949	0.767475509814006	16425.586231137648
EQYAVVGHSAHIVTLK	4	sp|O75882|ATRN_HUMAN	0.010457517	0.9728591838590949	0.8971973370283917	174435.55870331053
GGGALLGDR	1	sp|P00736|C1R_HUMAN;sp|Q9NZP8|C1RL_HUMAN	0.012239902	0.9586923939928679	0.7735097900688032	521.2190912065536
VSFLSALEEYTK	2	sp|P02647|APOA1_HUMAN	0.008333334	1.0	0.9720642866371407	1635471.294768851
VWPQQPSGELFEIEIDTLETTC[+57.021465]HVLDPTPVAR	5	sp|P02765|FETUA_HUMAN	0.012239902	0.9586923939928679	0.9004873482905477	4817.608875405076
DKC[+57.021465]EPLEK	2	sp|P02763|A1AG1_HUMAN;sp|P19652|A1AG2_HUMAN	0.008333334	1.0	0.9848737452853764	177687.6262027218
VFIASSSGFVAIK	2	sp|Q9UJC5|SH3L2_HUMAN	0.01880141	0.7390601692542802	0.7883920238733211	8240.916167119482
TEDSSSFLIDK	2	sp|P05543|THBG_HUMAN	0.008333334	1.0	0.9316597801337028	148695.5309898219
DGWHSWPIAHQWPQGPSAVDAAFSWEEK	4	sp|P02790|HEMO_HUMAN	0.008333334	1.0	0.9222605908981382	26309472.823731042
EVDSDAYYVYR	2	sp|P09619|PGFRB_HUMAN	0.008333334	0.9933552810135716	0.8699815931017497	14936.06118027283
RDPPQYPVVPVHLDR	4	sp|P10153|RNAS2_HUMAN	0.008333334	1.0	0.8664455918577948	176756.04915030426
TLLVFEVQQPFLFVLWDQQHK	4	sp|P05155|IC1_HUMAN	0.008333334	1.0	0.9301884551707804	394370.645768644
TYM[+15.994915]LAFDVNDEK	2	sp|P02763|A1AG1_HUMAN	0.008333334	0.9933552810135716	0.9604310781636111	1369085.7035422605
SPSQDEMLPTYLK	2	sp|Q8IZF2|AGRF5_HUMAN	0.008333334	1.0	0.9504430246041005	127762.93134598549
ISC[+57.021465]PEGTNAYR	2	sp|P05451|REG1A_HUMAN;sp|P48304|REG1B_HUMAN	0.008333334	1.0	0.7787339827298445	1570.8387471521428
LVDKFLEDVK	3	sp|P01009|A1AT_HUMAN	0.008333334	1.0	0.787782698051597	58165.36803921117
GVC[+57.021465]EETSGAYEK	2	sp|P02760|AMBP_HUMAN	0.008333334	0.9933552810135716	0.9807617442391064	137009.65695110994
REPAVGEPAEVTTTVLVR	2	sp|P05362|ICAM1_HUMAN	0.008333334	0.9933552810135716	0.8092940014591661	20055.102499506273
SDVVYTDWKK	2	sp|P02763|A1AG1_HUMAN	0.008333334	1.0	0.9440915089199625	613936.9746745768
NIFISPVSISMALAMLSLGTC[+57.021465]GHTR	3	sp|P08185|CBG_HUMAN	0.008333334	1.0	0.955758729384546	121320.55934737546
AQVSPTASDMLHMR	3	sp|Q6UXB8|PI16_HUMAN	0.009859155	0.9797881705057813	0.9230239140485662	56936.387822348835
DAVEDLESVGK	2	sp|P81605|DCD_HUMAN	0.008333334	1.0	0.9236359772526537	134554.2396454237
GSPAINVAVHVFR	2	sp|P02766|TTHY_HUMAN	0.008333334	1.0	0.9538995429888877	387654.9628192669
FLEDVKK	1	sp|P01009|A1AT_HUMAN	0.010457517	0.9728591838590949	0.9401979483937106	992.8970908467351
LSSVTAADTAVYYC[+57.021465]AR	2	sp|A0A075B6R2|HV404_HUMAN;sp|A0A087WSY4|HV432_HUMAN;sp|A0A0C4DH41|HV461_HUMAN;sp|P01824|HV439_HUMAN;sp|P01825|HV459_HUMAN;sp|P06331|HV434_HUMAN;sp|P0DP06|HVD34_HUMAN;sp|P0DP07|HV431_HUMAN;sp|P0DP08|HVD82_HUMAN	0.010457517	0.9728591838590949	0.940501724644723	34996.3026105459
KGIYSFSFHVIK	2	sp|Q9NTU7|CBLN4_HUMAN	0.008333334	1.0	0.8271309610462787	103657.66065547665
EVPLNTIIFMGR	3	sp|P01008|ANT3_HUMAN	0.008333334	1.0	0.8887545272103697	79761.25749955703
SETEIHQGFQHLHQLFAK	4	sp|P08185|CBG_HUMAN	0.008333334	1.0	0.9336451538782914	1254785.3906117002
GPGEDFR	2	sp|P41222|PTGDS_HUMAN	0.008333334	1.0	0.9735633117562039	435013.4722501729
LFDSDPITVTVPVEVSR	3	sp|P10909|CLUS_HUMAN	0.008333334	1.0	0.9825856190724028	562160.7226705955
FKLDDDLEHQGGHVLDHGHK	4	sp|P01042|KNG1_HUMAN	0.008333334	1.0	0.7537246408168158	12042.0377492207
NILTSNNIDVK	2	sp|P05090|APOD_HUMAN	0.008333334	0.9933552810135716	0.9590891345775588	134416.3071374975
ITVVDALHEIPVK	2	sp|Q16270|IBP7_HUMAN	0.010457517	0.9728591838590949	0.8459029147862002	8801.539737493085
TVAAPSVFIFPPSDEQLK	4	sp|P01834|IGKC_HUMAN	0.008333334	1.0	0.7152380647851603	1666.6348388450688
YDVDTQMWTILK	2	sp|O75882|ATRN_HUMAN	0.009859155	0.9866190731264982	0.9849831848780386	1843059.357244532
ENEGFTVTAEGK	2	sp|P01024|CO3_HUMAN	0.008333334	0.9933552810135716	0.9914765136747954	17362.290128143322
YPVAHFIDQTLK	2	sp|P05155|IC1_HUMAN	0.008333334	0.9933552810135716	0.9509659934081447	260398.0644687481
FEDGVLDPDYPR	2	sp|P04004|VTNC_HUMAN	0.008333334	1.0	0.9382811399492371	178761.75826227147
GSFPWQAK	1	sp|P00738|HPT_HUMAN;sp|P00739|HPTR_HUMAN	0.008333334	1.0	0.9330102717559281	44085.197850043594
RHSLEYSLR	3	sp|Q13449|LSAMP_HUMAN	0.012239902	0.9658285256870233	0.8666569763334644	14295.203675271798
FQPTLLTLPR	2	sp|P05155|IC1_HUMAN	0.008333334	1.0	0.9489977360011458	2323051.231359579
YVMLPVADQDQC[+57.021465]IR	2	sp|P00738|HPT_HUMAN	0.009859155	0.9797881705057813	0.9528159063823848	555298.8904423821
ESNEELTESC[+57.021465]ETK	2	sp|P01042|KNG1_HUMAN	0.008333334	1.0	0.8595346815569421	8249.1521069866
SSSPELSEMLEYDR	2	sp|P12259|FA5_HUMAN	0.009859155	0.9797881705057813	0.9267571757573217	45818.81294664565
RGENLFAITDEGMDVPLAMEEWHHER	4	sp|Q6UXB8|PI16_HUMAN	0.008333334	0.9933552810135716	0.9061503650439128	68922.73014640938
FNQPFIIMIFDHFTWSSLFLAR	4	sp|P08185|CBG_HUMAN	0.008333334	1.0	0.899722311383865	264903.27015027514
QPAVEEPAEVTATVLASR	3	sp|P32942|ICAM3_HUMAN	0.008333334	1.0	0.8967639995773888	177119.6428822019
NLQEILHGAVR	2	sp|P00533|EGFR_HUMAN	0.008333334	1.0	0.8179007602731366	13485.748425486898
SDVMYTDWKK	2	sp|P19652|A1AG2_HUMAN	0.008333334	1.0	0.9222759527785889	107213.01291656669
GSESGIFTNTK	2	sp|P02671|FIBA_HUMAN	0.009859155	0.9866190731264982	0.9778913588401293	26916.44570515968
LGNFPWQAFTSIHGR	3	sp|Q9NZP8|C1RL_HUMAN	0.008333334	0.9933552810135716	0.8919219133496362	14457.785119539643
RVWELSK	2	sp|P01008|ANT3_HUMAN	0.008333334	1.0	0.9853769361395611	2331888.1753759286
AVVFLEPQWYR	2	sp|P08637|FCG3A_HUMAN	0.008333334	1.0	0.9312416137586523	2984464.985308262
EITVATGGFIYTGEVVHR	3	sp|Q6UX71|PXDC2_HUMAN	0.008333334	1.0	0.9119175581519765	8573.423112509314
TPVC[+57.021465]TTGQGSGSTATVFAMAELQK	3	sp|Q9H8L6|MMRN2_HUMAN	0.008333334	1.0	0.8412491005411779	649749.9193415602
ELDESLQVAER	2	sp|P10909|CLUS_HUMAN	0.008333334	1.0	0.9611862345531494	101778.0541717494
HTFM[+15.994915]GVVSLGSPSGEVSHPR	3	sp|P02765|FETUA_HUMAN	0.008333334	1.0	0.842819756859193	16455.33805668307
QEPSQGTTTFAVTSILR	3	sp|P01876|IGHA1_HUMAN	0.008333334	0.9933552810135716	0.9320666650215934	699175.3315873459
DASGATFTWTPSSGK	2	sp|P01877|IGHA2_HUMAN;sp|P0DOX2|IGA2_HUMAN	0.009859155	0.9866190731264982	0.9345742700800335	47262.88342383171
GTSAVNVVLSLK	2	sp|P20061|TCO1_HUMAN	0.008333334	1.0	0.7927946812572358	66719.80822791268
GKEESLDSDLYAELR	3	sp|P02775|CXCL7_HUMAN	0.012239902	0.9514467542496609	0.861842979349764	3838.3802238801545
LLQDEFPGIPSPLDAAVEC[+57.021465]HR	3	sp|P02790|HEMO_HUMAN	0.008333334	1.0	0.9217500546614772	12390000.630927129
SDDSVIQLLNPNR	2	sp|Q9BY67|CADM1_HUMAN	0.008333334	1.0	0.9183446156405538	164810.8147268655
NIFISPVSISMALAMLSLGTC[+57.021465]GHTR	4	sp|P08185|CBG_HUMAN	0.008333334	1.0	0.809311846700022	8968.100641823912
YGFIEGHVVIPR	2	sp|P16070|CD44_HUMAN	0.008333334	1.0	0.845004896712326	14713.407773850093
VTVLGQPK	2	sp|B9A064|IGLL5_HUMAN;sp|P0DOX8|IGL1_HUMAN	0.008333334	1.0	0.9482451525836042	162748.1669474303
DLGEENFK	1	sp|P02768|ALBU_HUMAN	0.008333334	1.0	0.7242302984109812	9300.352571971312
KYPVAHFIDQTLK	2	sp|P05155|IC1_HUMAN	0.008333334	1.0	0.9578712013160162	447785.3540452704
HRLEDMEQALSPSVFK	3	sp|P05155|IC1_HUMAN	0.008333334	1.0	0.903096249451965	163996.41511957292
ELDRDTVFALVNYIFFK	4	sp|P01009|A1AT_HUMAN	0.008333334	1.0	0.9792308565528866	115311.68893333097
AGTELVNFLSYFVELGTQPATQ	3	sp|P02652|APOA2_HUMAN	0.009859155	0.9866190731264982	0.9361277646264378	229460.2665631094
TVAAPSVFIFPPSDEQLK	3	sp|P01834|IGKC_HUMAN	0.008333334	1.0	0.9643840871014777	11869.640672516087
TFLTVYWTPER	2	sp|P05362|ICAM1_HUMAN	0.008333334	1.0	0.9220980502231124	93158.31356752224
LHMLQISYFR	3	sp|Q9UNN8|EPCR_HUMAN	0.008333334	1.0	0.9136880844279048	50640.86527875564
KGPGPGGPGGAGVAR	3	sp|Q92686|NEUG_HUMAN	0.008333334	1.0	0.9269273795785806	94207.31740652387
AVGEEVWHSK	3	sp|P13591|NCAM1_HUMAN	0.009859155	0.9866190731264982	0.9120201126852495	4450.562881205931
EFLEDTC[+57.021465]VQYVQK	2	sp|Q9UNN8|EPCR_HUMAN	0.01164295	0.9797881705057813	0.9771169710952156	45182.84767030022
LALDLEIATYR	2	sp|P04264|K2C1_HUMAN	0.008333334	1.0	0.8761753853533799	13362.59563545194
VKSPELQAEAK	3	sp|P02652|APOA2_HUMAN	0.008333334	1.0	0.942126758846882	135159.86531599122
GDEC[+57.021465]QLC[+57.021465]EVENR	2	sp|O75882|ATRN_HUMAN	0.015531661	1.0	0.9163108803066818	62792.269489328704
ALDLLDK	2	sp|P28482|MK01_HUMAN	0.014371257	0.897262926642552	0.7615645343085314	1354.3263337047763
THLAPYSDELR	2	sp|P02647|APOA1_HUMAN	0.010457517	0.9728591838590949	0.8791351051899092	76834.54031149272
FNQPFIIM[+15.994915]IFDHFTWSSLFLAR	4	sp|P08185|CBG_HUMAN	0.008333334	1.0	0.9390571246215013	317697.6741899373
SLTVSLGPVSK	2	sp|Q9ULI3|HEG1_HUMAN	0.009859155	0.9866190731264982	0.9817753529662193	3737.256018905724
AAC[+57.021465]LLPK	2	sp|P02768|ALBU_HUMAN	0.012239902	0.9658285256870233	0.9223724542646877	2283.1842946808147
SPLFMGK	1	sp|P01009|A1AT_HUMAN	0.020954598	0.6569951299919323	0.745322178801207	6821.413913925463
IADAHLDR	2	sp|P04196|HRG_HUMAN	0.008333334	1.0	0.9131253527553194	73422.68463579888
YVGGQEHFAHLLILRDTK	5	sp|P02763|A1AG1_HUMAN	0.008333334	1.0	0.9498539992972655	358759.03877621493
GPSVFPLAPSSK	2	sp|P01857|IGHG1_HUMAN;sp|P0DOX5|IGG1_HUMAN	0.008333334	1.0	0.9698044441452446	576089.947271715
AYLEEEC[+57.021465]PATLR	2	sp|P25311|ZA2G_HUMAN	0.008333334	0.9933552810135716	0.9664399741294838	55040.15779997716
LTQLNLDR	1	sp|P07359|GP1BA_HUMAN	0.009859155	0.9797881705057813	0.9367334400161452	939.0427755413373
KGEVLPLPEANFPSFPLPHHK	3	sp|P04196|HRG_HUMAN	0.008333334	1.0	0.8355283929408825	165502.33454815843
QQTHMLDVMQDHFSR	2	sp|P10909|CLUS_HUMAN	0.008333334	1.0	0.7829786381108369	133203.0293152601
NEVWWTIDGK	2	sp|Q9NPH3|IL1AP_HUMAN	0.008333334	1.0	0.8681461768204479	13496.354959520699
FPVFMGR	1	sp|P05155|IC1_HUMAN	0.012239902	0.9586923939928679	0.7133420654749252	1196.026528945115
SGAEEQGPIDGPSK	2	sp|O43493|TGON2_HUMAN	0.008333334	1.0	0.9233677281435281	10581.267658733652
RHPYFYAPELLFFAK	4	sp|P02768|ALBU_HUMAN	0.008333334	1.0	0.8647095017300513	87051.54795381177
VQLTGEPVPMAR	2	sp|P15151|PVR_HUMAN	0.008333334	1.0	0.9845778362435582	51817.666130534584
DYWSTVK	1	sp|P02656|APOC3_HUMAN	0.008333334	1.0	0.9834356439874324	1070239.9758814045
SKLPGIVAEGRDDLYVSDAFHK	5	sp|P01008|ANT3_HUMAN	0.008333334	1.0	0.8255409844758712	208261.7155126193
LLSHC[+57.021465]LLVTLAAHLPAEFTPAVHASLDK	5	sp|P69905|HBA_HUMAN	0.008333334	1.0	0.8457754559442348	211159.06506477995
VMTPAVYAPYDVK	3	sp|O00533|NCHL1_HUMAN	0.022067364	0.5462099337781654	0.8031756280116262	5065.846178314189
YGEGDSLTLQQLK	2	sp|Q15043|S39AE_HUMAN	0.008333334	0.9933552810135716	0.8621987943592173	5553.2590783674295
FNKPFVFLMIEQNTK	4	sp|P01009|A1AT_HUMAN	0.008333334	0.9933552810135716	0.7550048830124654	3524.5705326782527
RYTIAALLSPYSYSTTAVVTNPKE	3	sp|P02766|TTHY_HUMAN	0.010457517	0.9728591838590949	0.9806124071479729	286807.96568077337
KPDGYDYYAFSK	2	sp|Q92954|PRG4_HUMAN	0.010457517	0.9933552810135716	0.8600802857770168	8004.964179856829
DLQFVEVTDVK	2	sp|P02751|FINC_HUMAN	0.008333334	1.0	0.9065908745795909	11241.115278669233
IGPDNLPYVQILK	2	sp|P11362|FGFR1_HUMAN	0.008333334	1.0	0.9795761965855188	251600.57092876502
DYNLNDILLQLGIEEAFTSK	3	sp|P01011|AACT_HUMAN	0.008333334	1.0	0.8532940792882617	31658.309231676587
NHNALLASLTTQK	2	sp|O75882|ATRN_HUMAN	0.008333334	1.0	0.8959682070618176	240804.2697660595
RNPFVFAPTLLTVAVHFEEVAK	4	sp|P43652|AFAM_HUMAN	0.008333334	1.0	0.9147544096323998	48993.477398510884
LQHLENELTHDIITK	3	sp|P01009|A1AT_HUMAN	0.014371257	0.897262926642552	0.8170257323802791	1803.1587507985444
ALDLINK	1	sp|P04196|HRG_HUMAN	0.008333334	1.0	0.7620755744361615	14861.158555265029
ITGKWFYIASAFR	2	sp|P02763|A1AG1_HUMAN;sp|P19652|A1AG2_HUMAN	0.008333334	1.0	0.986348888570738	845115.6300351988
SFTIEC[+57.021465]R	2	sp|P13598|ICAM2_HUMAN	0.008333334	1.0	0.9363040133269734	256237.06612596233
LLIYDASNLETGVPSR	2	sp|P01593|KVD33_HUMAN;sp|P01594|KV133_HUMAN	0.010457517	0.9728591838590949	0.8159339286375942	48142.00747941844
IEDGFSLK	2	sp|P01008|ANT3_HUMAN	0.008333334	1.0	0.8930115473260231	309930.1636798897
VLSYVDWIK	2	sp|Q9NZP8|C1RL_HUMAN	0.008333334	1.0	0.8539436030559331	231680.80515884794
TTPPVLDSDGSFFLYSK	2	sp|P01857|IGHG1_HUMAN;sp|P0DOX5|IGG1_HUMAN	0.008333334	1.0	0.8938740572396957	46703.37829910527
GLASANVDFAFSLYK	2	sp|P08185|CBG_HUMAN	0.008333334	1.0	0.950720338106859	20364405.225149866
AVLDVFEEGTEASAATAVK	2	sp|P01011|AACT_HUMAN	0.008333334	1.0	0.8745066889800899	62014.71399773889
LLQDEFPGIPSPLDAAVEC[+57.021465]HR	4	sp|P02790|HEMO_HUMAN	0.008333334	1.0	0.8229286712490381	202424.5558703668
NQVSLTC[+57.021465]LVK	2	sp|P01857|IGHG1_HUMAN;sp|P01859|IGHG2_HUMAN;sp|P01860|IGHG3_HUMAN;sp|P01861|IGHG4_HUMAN;sp|P0DOX5|IGG1_HUMAN	0.008333334	1.0	0.9740508968336772	423888.4052418783
VAAEDWK	1	sp|P01876|IGHA1_HUMAN;sp|P01877|IGHA2_HUMAN;sp|P0DOX2|IGA2_HUMAN	0.009859155	0.9797881705057813	0.8986054578307284	5987.934973253927
NWGLSFYADKPETTK	2	sp|P19652|A1AG2_HUMAN	0.008333334	1.0	0.9493392057031955	6346187.514777206
C[+57.021465]INQLLC[+57.021465]K	2	sp|P49908|SEPP1_HUMAN	0.008333334	1.0	0.9214450608082467	129697.94748537045
LESEETMVLEAHDAQGDVPVTVTVHDFPGK	4	sp|P01024|CO3_HUMAN	0.008333334	1.0	0.9068995285304573	1103406.4094958412
LLVVYPWTQR	3	sp|P02042|HBD_HUMAN;sp|P02100|HBE_HUMAN;sp|P68871|HBB_HUMAN;sp|P69891|HBG1_HUMAN;sp|P69892|HBG2_HUMAN	0.013414634	0.9290085173289965	0.8643356060707862	719.1732641298735
FDTISEK	1	sp|P01008|ANT3_HUMAN	0.010457517	0.9728591838590949	0.8424406624640087	304.4375416479441
SPELQAEAKSYFEK	2	sp|P02652|APOA2_HUMAN	0.008333334	1.0	0.9498389171346099	807767.1660493204
SILFLGK	2	sp|P05543|THBG_HUMAN	0.008333334	1.0	0.9644160494484496	1107915.1676905623
GEC[+57.021465]QAEGVLFFQGDR	2	sp|P02790|HEMO_HUMAN	0.008333334	1.0	0.9351932307447004	3890643.0102464226
AFLEVNEEGSEAAASTAVVIAGR	4	sp|P01008|ANT3_HUMAN	0.009859155	0.9866190731264982	0.7522350337820379	4361.928626935448
IMGITLVSK	2	sp|Q9Y5Y7|LYVE1_HUMAN	0.012239902	0.9514467542496609	0.9669342449298663	233300.4853306867
STASFEELC[+57.021465]SEYR	2	sp|Q9NQ38|ISK5_HUMAN	0.009859155	0.9866190731264982	0.7372132844507739	5542.024144945394
SLSGTAFGGFLMFK	2	sp|Q9H8L6|MMRN2_HUMAN	0.008333334	0.9933552810135716	0.7944044385924517	4702.7747009506875
SASLHLPK	1	sp|P01009|A1AT_HUMAN	0.010457517	0.9728591838590949	0.9196161043692672	2637.862306517321
ELELQIGNALFIGK	2	sp|P05543|THBG_HUMAN	0.008333334	1.0	0.9344835304526233	1946555.2530392397
AIPVTQYLK	2	sp|P43652|AFAM_HUMAN	0.009859155	0.9797881705057813	0.936628239225196	25586.303043786018
MEEVEAMLLPETLK	3	sp|P01011|AACT_HUMAN	0.012239902	0.9440873193926883	0.8597519875982086	21009.713383649185
GPSVFPLAPC[+57.021465]SR	2	sp|P01859|IGHG2_HUMAN;sp|P01860|IGHG3_HUMAN;sp|P01861|IGHG4_HUMAN	0.008333334	0.9933552810135716	0.9364596684424245	41777.883304776195
YYC[+57.021465]FQGNQFLR	2	sp|P02790|HEMO_HUMAN	0.009859155	0.9866190731264982	0.9821399110169065	699880.4788732418
DTVFALVNYIFFK	2	sp|P01009|A1AT_HUMAN	0.009859155	0.9866190731264982	0.9606940660500525	296418.4011822415
VLNQELR	1	sp|P05090|APOD_HUMAN	0.01880141	0.7739449743159442	0.9629135786534734	12933.998448330758
HSAQPWADFTLLGAR	2	sp|Q8IYS5|OSCAR_HUMAN	0.012239902	0.9366095275687156	0.9713355653289485	89241.56461820993
TLYSSSPR	2	sp|P05155|IC1_HUMAN	0.008333334	1.0	0.9742855453385398	151796.85122661875
VTDPQLVVTLHEK	2	sp|P09619|PGFRB_HUMAN	0.008333334	1.0	0.9005209493394679	47909.61954570587
NTWSILHTQGALVQGGYGHSSVYDHR	4	sp|O75882|ATRN_HUMAN	0.008333334	1.0	0.9378029812209051	14264120.82298359
VTTSQDMLSIMEK	2	sp|P05155|IC1_HUMAN	0.008333334	1.0	0.9691033596930101	951701.4042506417
DALSSVQESQVAQQAR	2	sp|P02656|APOC3_HUMAN	0.008333334	1.0	0.895321112889037	747115.2190368507
FLENEDR	2	sp|P01009|A1AT_HUMAN	0.008333334	1.0	0.9789026053873233	241149.11237189098
FLNVLSPR	2	sp|P17936|IBP3_HUMAN	0.008333334	1.0	0.9624809282495862	314090.1375624154
QFTSSTSYNR	2	sp|P02671|FIBA_HUMAN	0.008333334	1.0	0.9685693709482801	177979.22421223143
IVDLFSGLDSPAILVLVNYIFFK	4	sp|P08185|CBG_HUMAN	0.009859155	0.9797881705057813	0.9258849322628242	2355.330971332921
AGLQVYNK	2	sp|P13987|CD59_HUMAN	0.014371257	0.897262926642552	0.7761278290222818	1924.1680996361886
ITQDAQLK	2	sp|P08185|CBG_HUMAN	0.008333334	1.0	0.9723778255462269	81930.36320215673
TDTSHHDQDHPTFNK	2	sp|P01009|A1AT_HUMAN	0.014371257	0.9134157281067091	0.8785954049899388	16212.483182303009
VELAPLPSWQPVGK	2	sp|P05362|ICAM1_HUMAN	0.009859155	0.9866190731264982	0.9437796347024379	121115.22918347763
LSPLGEEMR	2	sp|P02647|APOA1_HUMAN	0.009859155	0.9797881705057813	0.9726671068133215	139683.82242237186
KLVAASQAALGL	2	sp|P02768|ALBU_HUMAN	0.009859155	0.9866190731264982	0.9428590228094499	365513.5185264909
LALDIEIATYR	2	sp|P05787|K2C8_HUMAN;sp|P08729|K2C7_HUMAN;sp|P14136|GFAP_HUMAN;sp|P19013|K2C4_HUMAN;sp|Q6KB66|K2C80_HUMAN	0.008333334	1.0	0.7142644537408054	3966.303671349587
ATEHLSTLSEK	2	sp|P02647|APOA1_HUMAN	0.008333334	1.0	0.9015185030399492	49990.22235798179
EVGTPHGIILDSVDAAFIC[+57.021465]PGSSR	4	sp|P02790|HEMO_HUMAN	0.009859155	0.9797881705057813	0.9274027873325943	898698.0982321136
LILDIFEYEC[+57.021465]K	2	sp|Q8IZF2|AGRF5_HUMAN	0.008333334	1.0	0.8410094650103587	88202.27221988796
TGLEAISNHK	2	sp|Q14515|SPRL1_HUMAN	0.009859155	0.9797881705057813	0.7736348925649584	8689.096871325468
ATLLEEQLPLGK	2	sp|Q9BQ51|PD1L2_HUMAN	0.008333334	1.0	0.7520743433866482	16143.78843466935
KVPQVSTPTLVEVSR	3	sp|P02768|ALBU_HUMAN	0.009859155	0.9866190731264982	0.9178043512627948	10985.132004688423
ASSIIDELFQDR	2	sp|P10909|CLUS_HUMAN	0.008333334	1.0	0.9135582536231015	980847.3861084951
AGGSWDLAVQER	2	sp|P22792|CPN2_HUMAN	0.008333334	1.0	0.8422750866507636	10763.715320999152
C[+57.021465]PLFEHFLK	2	sp|Q9NPH3|IL1AP_HUMAN	0.012239902	0.9586923939928679	0.9488525575606018	10977.462839534875
QEINSHVEMQTK	2	sp|P05543|THBG_HUMAN	0.008333334	1.0	0.9873527411311214	173922.72236260815
TC[+57.021465]PKPDDLPFSTVVPLK	3	sp|P02749|APOH_HUMAN	0.008333334	1.0	0.9322907064234061	71255.01968962737
SYSC[+57.021465]QVTHEGSTVEK	2	sp|B9A064|IGLL5_HUMAN;sp|P0CF74|IGLC6_HUMAN;sp|P0CG04|IGLC1_HUMAN;sp|P0DOX8|IGL1_HUMAN;sp|P0DOY2|IGLC2_HUMAN;sp|P0DOY3|IGLC3_HUMAN	0.009859155	0.9797881705057813	0.9550682266441414	18491.847899251963
YPNC[+57.021465]AYR	2	sp|P07998|RNAS1_HUMAN	0.008333334	1.0	0.9150553583200088	137886.94883973832
DTKTYMLAFDVNDEK	2	sp|P02763|A1AG1_HUMAN	0.010457517	0.9728591838590949	0.9446925726831327	231893.06780089778
IKVTTSQDMLSIMEK	2	sp|P05155|IC1_HUMAN	0.009859155	0.9797881705057813	0.963749140946698	5737.4161278353
KGDTFSC[+57.021465]MVGHEALPLAFTQK	4	sp|P01876|IGHA1_HUMAN	0.008333334	0.9933552810135716	0.926094324654798	167847.97598170248
DGTFPLPIGESVTVTR	2	sp|P05362|ICAM1_HUMAN	0.008333334	1.0	0.9650452310175665	800151.6655583673
TVVQPSVGAAAGPVVPPC[+57.021465]PGR	3	sp|P02765|FETUA_HUMAN	0.008333334	1.0	0.9344402178520792	189084.91690420033
LVVQSSIDSSAFK	2	sp|P10721|KIT_HUMAN	0.008333334	0.9933552810135716	0.9540877990238881	94861.39326160205
FMPLSDVLYGR	2	sp|Q10588|BST1_HUMAN	0.008333334	1.0	0.9166471269688706	22535.83453842639
INHGILYDEEK	2	sp|P36980|FHR2_HUMAN;sp|Q03591|FHR1_HUMAN	0.008333334	1.0	0.8818870859459136	204.81544576594268
EAATNGVLLYLDK	2	sp|Q9NTU7|CBLN4_HUMAN	0.008333334	1.0	0.9364492476014866	69856.62271019402
WFYIASAFR	2	sp|P02763|A1AG1_HUMAN;sp|P19652|A1AG2_HUMAN	0.008333334	1.0	0.9874375377793574	929466.5632313333
FSISATYDLGATLLK	2	sp|P05543|THBG_HUMAN	0.008333334	1.0	0.9352456518610457	1478597.556255295
GFGGLTGQIVAALSTAK	2	sp|Q92954|PRG4_HUMAN	0.012239902	0.9514467542496609	0.9628964199739994	58233.24327964028
GGGALLGDR	2	sp|P00736|C1R_HUMAN;sp|Q9NZP8|C1RL_HUMAN	0.012239902	0.9658285256870233	0.8984596390715528	8328.15353121136
NWGLSVYADKPETTK	4	sp|P02763|A1AG1_HUMAN	0.009859155	0.9797881705057813	0.9238702640585604	20269.47653898283
VTTVASHTSDSDVPSGVTEVVVK	3	sp|P10909|CLUS_HUMAN	0.008333334	1.0	0.9535456904600663	675911.9573952437
AKPALEDLR	2	sp|P02647|APOA1_HUMAN	0.009859155	0.9797881705057813	0.9807757615816632	18449.625423697402
LSSWVLLMK	2	sp|P01009|A1AT_HUMAN	0.009859155	0.9866190731264982	0.9637231447452759	104289.259910406
SASNMAIVDVK	2	sp|P01023|A2MG_HUMAN	0.008333334	1.0	0.8835774616711558	32906.05296588832
NKEDC[+57.021465]VEIYIK	2	sp|P14151|LYAM1_HUMAN	0.008333334	1.0	0.8491438131596035	57458.0391787336
AEDTAVYYC[+57.021465]AK	2	sp|P01764|HV323_HUMAN;sp|P01768|HV330_HUMAN;sp|P0DP03|HVC05_HUMAN	0.008333334	1.0	0.9687257411020215	7477.777587690102
QLVEIEK	2	sp|P00738|HPT_HUMAN;sp|P00739|HPTR_HUMAN	0.014371257	1.0	0.9726450761126956	6087299.4453869425
HYYESEVLAMNFQDWATASR	4	sp|P08185|CBG_HUMAN	0.014371257	0.9054124614333342	0.9522545156570944	17698.890847259274
NALALFVLPK	2	sp|P05543|THBG_HUMAN	0.009859155	0.9866190731264982	0.9418564593872575	22599.190905600837
GGEDAAVQEPR	2	sp|Q9HBR0|S38AA_HUMAN	0.008333334	1.0	0.8798649060807768	3645.4745902558857
ELISERWK	2	sp|P02790|HEMO_HUMAN	0.009859155	0.9797881705057813	0.9068595300503656	12521.798276580743
ADLSGITGAR	2	sp|P01011|AACT_HUMAN	0.010457517	0.9728591838590949	0.9500039265082851	49643.050606303965
GPALTTPK	1	sp|Q92954|PRG4_HUMAN	0.016627079	0.8804971228634604	0.7615361449642395	1289.1896665860756
EWFWDLATGTMK	2	sp|P02790|HEMO_HUMAN	0.008333334	1.0	0.9676916358759073	22080338.033488065
REPAVGEPAEVTTTVLVR	3	sp|P05362|ICAM1_HUMAN	0.008333334	0.9933552810135716	0.8447319386438938	68528.49483439943
LTPTLYVGK	2	sp|O75460|ERN1_HUMAN	0.008333334	1.0	0.8978533135221672	47533.56483550818
SDVVYTDWKK	3	sp|P02763|A1AG1_HUMAN	0.008333334	1.0	0.9546674852622383	12576.406794656326
EMEDTLNHLK	2	sp|P17936|IBP3_HUMAN	0.008333334	0.9933552810135716	0.9063967341325605	88262.4250189632
AQVSPTASDMLHMR	2	sp|Q6UXB8|PI16_HUMAN	0.012239902	0.9514467542496609	0.9161368377533142	1419.83486810367
DAVEDLESVGK	3	sp|P81605|DCD_HUMAN	0.014371257	0.9212790999005022	0.9355550538446447	793.6479584538904
VWFELTQGSITK	2	sp|Q9H8L6|MMRN2_HUMAN	0.008333334	1.0	0.954448012538738	1630692.8496148954
KGIYSFSFHVIK	3	sp|Q9NTU7|CBLN4_HUMAN	0.008333334	1.0	0.8866930530710064	166810.25601473203
EWFSETFQK	2	sp|P02654|APOC1_HUMAN	0.022067364	1.0	0.957453263592162	1658802.835996549
KMTVTDQVNC[+57.021465]PK	2	sp|P05090|APOD_HUMAN	0.008333334	1.0	0.9363670539495483	53034.138736674206
GPGEDFR	1	sp|P41222|PTGDS_HUMAN	0.008333334	1.0	0.9562432645981452	17720.203253845153
LMVELHNLYR	2	sp|Q6UXB8|PI16_HUMAN	0.008333334	0.9933552810135716	0.9572395264477342	168814.2317466785
FKLDDDLEHQGGHVLDHGHK	3	sp|P01042|KNG1_HUMAN	0.008333334	1.0	0.9760912648052592	155361.4921069157
LFDSDPITVTVPVEVSR	2	sp|P10909|CLUS_HUMAN	0.008333334	1.0	0.9651355632528053	47543.70566233692
SETEIHQGFQHLHQLFAK	5	sp|P08185|CBG_HUMAN	0.008333334	1.0	0.951338259195901	9231422.194298401
YDVDTQMWTILK	3	sp|O75882|ATRN_HUMAN	0.009859155	0.9866190731264982	0.7197101126792919	30882.339143022204
DLWVNIDQMEK	2	sp|Q6UX71|PXDC2_HUMAN	0.008333334	1.0	0.9344442887277596	172182.29332123869
TGLFQDVGPQR	2	sp|Q86SQ4|AGRG6_HUMAN	0.008333334	0.9933552810135716	0.9331556466033682	11049.592109743686
EHSSLAFWK	2	sp|P02749|APOH_HUMAN	0.009859155	0.9866190731264982	0.9873895681536923	64093.65791193991
VTATGFQQC[+57.021465]SLIDGR	2	sp|Q8NFT8|DNER_HUMAN	0.012239902	0.9440873193926883	0.9492148286065663	10383.516943993867
LLDSLPSDTR	2	sp|P05155|IC1_HUMAN	0.009859155	0.9866190731264982	0.9548577167196773	298377.67131141963
TNLESILSYPK	2	sp|P05155|IC1_HUMAN	0.008333334	1.0	0.980201601014669	731095.5732623816
QSTQTLYVNVAPR	2	sp|P19320|VCAM1_HUMAN	0.012239902	0.9366095275687156	0.862280448987417	9959.187429645615
FQPTLLTLPR	3	sp|P05155|IC1_HUMAN	0.01992966	0.7266555365444503	0.8559179666132417	286.1683056994369
ALYVHGGYK	2	sp|O75882|ATRN_HUMAN	0.009859155	0.9797881705057813	0.9816628418666679	26633.905766950633
AVLQLNEEGVDTAGSTGVTLNLTSKPIILR	4	sp|P08185|CBG_HUMAN	0.008333334	1.0	0.9106229732054562	410639.4874235129
YVMLPVADQDQC[+57.021465]IR	3	sp|P00738|HPT_HUMAN	0.009859155	0.9797881705057813	0.8071632640002728	16343.852215679317
VVGLIQDLKPNTIMVLVNYIHFK	3	sp|P05543|THBG_HUMAN	0.008333334	1.0	0.9264645343429173	5787.7314544653345
FNQPFIIMIFDHFTWSSLFLAR	3	sp|P08185|CBG_HUMAN	0.008333334	1.0	0.9790876092032406	2167656.516106091
QPAVEEPAEVTATVLASR	2	sp|P32942|ICAM3_HUMAN	0.008333334	1.0	0.8732352609647084	1663942.1490710014
YEGGREHVAHLLFLR	2	sp|P19652|A1AG2_HUMAN	0.020954598	0.6244097987733555	0.975357315368037	17455.210537637216
NLMIDIQK	2	sp|Q9BY67|CADM1_HUMAN	0.010457517	0.9728591838590949	0.8715366450871839	7153.618629621345
DSGSYFC[+57.021465]R	2	sp|O75015|FCG3B_HUMAN;sp|P08637|FCG3A_HUMAN	0.013414634	1.0	0.9532623143484947	316996.8457527495
DWHGVPGQVDAAMAGR	2	sp|P04004|VTNC_HUMAN	0.009859155	0.9797881705057813	0.9457954944520633	74575.45404718307
RVWELSK	1	sp|P01008|ANT3_HUMAN	0.008333334	1.0	0.7180458884799307	9046.591433200902
AVVFLEPQWYR	3	sp|P08637|FCG3A_HUMAN	0.008333334	1.0	0.9723558518720152	81088.2250528221
MSSINADFAFNLYR	3	sp|P05543|THBG_HUMAN	0.012239902	0.9440873193926883	0.9420154288875086	9562.63330287324
VLAPWITETHFK	3	sp|P23467|PTPRB_HUMAN	0.012239902	0.9514467542496609	0.852816516684598	10824.06456233274
WNDDAC[+57.021465]HK	2	sp|P14151|LYAM1_HUMAN	0.008333334	1.0	0.9087786910243297	22214.718489328818
VGYVSGWGQSDNFK	2	sp|P00739|HPTR_HUMAN	0.014371257	0.9134157281067091	0.969772408250264	18842.164530403355
ALGISPFHEHAEVVFTANDSGPR	3	sp|P02766|TTHY_HUMAN	0.009859155	0.9866190731264982	0.8228434423137507	14263.333192709888
SGTASVVC[+57.021465]LLNNFYPR	3	sp|P01834|IGKC_HUMAN;sp|P0DOX7|IGK_HUMAN	0.008333334	1.0	0.895464103789315	96896.28054128744
TLYLADTFPTNFR	2	sp|P05154|IPSP_HUMAN	0.008333334	1.0	0.9142522055034112	158604.00132390214
ITDVIPSEAINELTVLVLVNTIYFK	3	sp|P01008|ANT3_HUMAN	0.008333334	1.0	0.9310920917657296	447901.04336429585
LLGIETPLPK	2	sp|P05362|ICAM1_HUMAN	0.009859155	0.9866190731264982	0.9118281550866718	7606.326360940754
GKEESLDSDLYAELR	2	sp|P02775|CXCL7_HUMAN	0.009859155	0.9797881705057813	0.943774318373821	389318.1357778008
GILTVDELLAIR	2	sp|P13473|LAMP2_HUMAN	0.010457517	0.9728591838590949	0.8508655975789187	85843.04593725262
LSITGTYDLK	2	sp|P01009|A1AT_HUMAN	0.009859155	0.9866190731264982	0.9651064666877538	95356.68410082161
AIGPSQTHTIR	2	sp|Q92954|PRG4_HUMAN	0.008333334	1.0	0.948872234114875	134469.83110381372
IIYFDQILVNVGNFFTLESVFVAPR	4	sp|Q9NTU7|CBLN4_HUMAN	0.008333334	0.9933552810135716	0.8355733606973254	9075.27835323243
DFTC[+57.021465]VHQALK	2	sp|P05155|IC1_HUMAN	0.008333334	0.9933552810135716	0.9897030982777894	36036.994579210994
SDDSVIQLLNPNR	3	sp|Q9BY67|CADM1_HUMAN	0.008333334	1.0	0.8093378354632428	8702.795813424433
DFVQPPTK	2	sp|P01042|KNG1_HUMAN	0.008333334	1.0	0.9733729584264963	735605.516002008
YGFIEGHVVIPR	3	sp|P16070|CD44_HUMAN	0.008333334	1.0	0.941034047362042	56808.00079245426
MYLGYEYVTAIR	2	sp|P02787|TRFE_HUMAN	0.008333334	0.9933552810135716	0.8038551454981697	1223.2968564580365
SYQDFFEAIR	2	sp|P18850|ATF6A_HUMAN	0.008333334	1.0	0.9424229153872883	23124.146318878462
DKC[+57.021465]EPLEKQHEK	3	sp|P02763|A1AG1_HUMAN;sp|P19652|A1AG2_HUMAN	0.012239902	0.9658285256870233	0.7361383615650412	411.4614734009782
HITSLEVIK	2	sp|P02776|PLF4_HUMAN;sp|P10720|PF4V_HUMAN	0.009859155	0.9797881705057813	0.9835063932308576	520174.54207406193
SYFEKSK	2	sp|P02652|APOA2_HUMAN	0.008333334	1.0	0.9570049029214027	70771.52595473581
TAAQNLYEK	2	sp|P02655|APOC2_HUMAN	0.009859155	0.9797881705057813	0.9796427120297728	370445.41217091854
KGIYSFNFHVVK	3	sp|P23435|CBLN1_HUMAN	0.010457517	0.9728591838590949	0.8425674292631167	12836.681516466233
DLGEENFK	2	sp|P02768|ALBU_HUMAN	0.008333334	1.0	0.9550395036316791	126465.5045132616
TSDQIHFFFAK	2	sp|P01008|ANT3_HUMAN	0.008333334	1.0	0.9718090783290386	171194.89422796544
