peptide	charge	proteins	q_value	score	spectral_angle	20250418_OA3_Evo07_ViAl_SA_FAIMS40_IO44_A556_MOMI_GBGD_P129_E12_R01.mzML
MTVSTLVLGEGATEAEISMTSTR	3	sp|P02760|AMBP_HUMAN	0.012936611	0.9866190731264982	0.8610628890026729	57648.46159192213
LQQDVLQFQK	2	sp|Q8NBJ4|GOLM1_HUMAN	0.01010101	1.0	0.9663879521922972	123543.32744550158
VPTVEPLDSLTLFLFR	3	sp|P13598|ICAM2_HUMAN	0.01010101	1.0	0.9530712491277437	2553344.7866146406
ILGGHLDAK	1	sp|P00738|HPT_HUMAN;sp|P00739|HPTR_HUMAN	0.01010101	1.0	0.8597961995609089	28461.555193649343
SSNTYTLTDVR	2	sp|Q13740|CD166_HUMAN	0.010330578	0.9933552810135716	0.9895355902349523	15773.21317783045
LGFTDLFSK	2	sp|P29622|KAIN_HUMAN	0.012936611	0.9797881705057813	0.8534631299296874	9548.17027504059
MQILEGLGLNLQK	2	sp|P05154|IPSP_HUMAN	0.010330578	0.9933552810135716	0.9008646866061474	8006.34749753027
DTKTLMFGSYLDDEK	2	sp|P19652|A1AG2_HUMAN	0.012936611	0.9728591838590949	0.9483162262894932	262994.3678400475
TSLTVVLLR	2	sp|P32942|ICAM3_HUMAN	0.012936611	0.9797881705057813	0.9333314371514584	27575.75631748014
ITLLSALVETR	2	sp|P01011|AACT_HUMAN	0.01010101	1.0	0.9767345418850146	221310.7834547741
DEGTAFLVYGAPGFSK	2	sp|P06276|CHLE_HUMAN	0.012936611	0.9797881705057813	0.9578404496028897	117903.91046433437
FPVFMGR	2	sp|P05155|IC1_HUMAN	0.012936611	0.9728591838590949	0.7906302586970371	12487.793362536508
FDPVRGEVPPR	2	sp|P02790|HEMO_HUMAN	0.01010101	1.0	0.9732792763065015	2962063.307322672
ATVVYQGERVK	3	sp|P02749|APOH_HUMAN	0.012936611	0.9728591838590949	0.8320159574748824	422.97035439969966
GFSSGSAVVSGGSR	2	sp|P35908|K22E_HUMAN	0.01010101	1.0	0.8751537500353757	12583.77117487521
LVGIQIQTLMQK	2	sp|P20061|TCO1_HUMAN	0.01010101	1.0	0.900179502968492	70935.66460774251
MADEAGSEADHEGTHSTK	2	sp|P02671|FIBA_HUMAN	0.01760176	0.8354707271418766	0.7152297319846534	1376.2165913086922
QIQVFEDEPAR	2	sp|Q9NPH3|IL1AP_HUMAN	0.01010101	1.0	0.9273795335427616	16150.265712585042
IGPDNLPYVQILK	3	sp|P11362|FGFR1_HUMAN	0.01010101	1.0	0.8088120673734199	22926.82369732244
EETNEIQVVNEEPQR	2	sp|Q8NBJ4|GOLM1_HUMAN	0.012936611	0.9728591838590949	0.9955077437707059	9497.315642942012
GVLHNEVK	2	sp|Q92954|PRG4_HUMAN	0.01010101	1.0	0.9943792346709455	280982.68379201984
TFTC[+57.021465]TAAYPESK	2	sp|P01876|IGHA1_HUMAN	0.01010101	1.0	0.9474927313706581	46366.085019623744
AADDTWEPFASGK	3	sp|P02766|TTHY_HUMAN	0.01010101	1.0	0.8790051330509887	5840.139894224237
GEVLPLPEANFPSFPLPHHK	4	sp|P04196|HRG_HUMAN	0.012936611	0.9866190731264982	0.935021810057968	80919.81386960596
EFGNTLEDK	2	sp|P02654|APOC1_HUMAN	0.01010101	1.0	0.9454295655159158	145791.95749021607
SISTAYLQWSSLK	2	sp|A0A0C4DH38|HV551_HUMAN;sp|A0A0J9YXX1|HV5X1_HUMAN	0.01010101	1.0	0.8261970884045551	61531.94934833467
LLVVYPWTQR	2	sp|P02042|HBD_HUMAN;sp|P02100|HBE_HUMAN;sp|P68871|HBB_HUMAN;sp|P69891|HBG1_HUMAN;sp|P69892|HBG2_HUMAN	0.01010101	1.0	0.859674589808511	44147.79003337999
LYLVQGTQVYVFLTK	3	sp|P02790|HEMO_HUMAN	0.01010101	1.0	0.9669155066846808	6021310.8564909445
C[+57.021465]PNPPVQENFDVNK	2	sp|P05090|APOD_HUMAN	0.012936611	0.9797881705057813	0.9225208275747911	82370.02550354665
GPLDQLEK	2	sp|P05546|HEP2_HUMAN	0.01010101	1.0	0.888939460618029	196306.79935513966
GEC[+57.021465]QAEGVLFFQGDR	3	sp|P02790|HEMO_HUMAN	0.016703786	0.897262926642552	0.7676467593521127	29360.485869587486
AVM[+15.994915]DDFAAFVEK	2	sp|P02768|ALBU_HUMAN	0.012936611	0.9933552810135716	0.8938319954122365	67262.87710888176
VGSALFLSHNLK	3	sp|P29622|KAIN_HUMAN	0.01010101	1.0	0.9622914148686579	568211.1886102933
SLSGTAFGGFLMFK	3	sp|Q9H8L6|MMRN2_HUMAN	0.018579235	0.8258516653955662	0.791717825134359	12289.867901998128
GDLYFANVEEK	2	sp|O00533|NCHL1_HUMAN	0.010330578	0.9933552810135716	0.9746261116462139	14612.815438587599
DTVFALVNYIFFK	3	sp|P01009|A1AT_HUMAN	0.012936611	0.9866190731264982	0.7798943214890416	3864.4766121952794
HSAQPWADFTLLGAR	3	sp|Q8IYS5|OSCAR_HUMAN	0.012936611	0.9866190731264982	0.77831144992336	25137.57226031861
DALSSVQESQVAQQAR	3	sp|P02656|APOC3_HUMAN	0.01010101	1.0	0.913828526638054	122889.26388262553
GTYSTTVTGR	2	sp|P08519|APOA_HUMAN	0.01010101	1.0	0.9339642965519154	37604.31746652689
TDTSHHDQDHPTFNK	3	sp|P01009|A1AT_HUMAN	0.012936611	0.9728591838590949	0.9195300053351919	11068.66929680408
IDVHWTR	2	sp|P25311|ZA2G_HUMAN	0.01010101	1.0	0.718114453218562	66447.51649610941
EIGELYLPK	2	sp|P01011|AACT_HUMAN	0.012936611	0.9797881705057813	0.9603035326542221	47157.45439976931
LALDIEIATYR	3	sp|P05787|K2C8_HUMAN;sp|P08729|K2C7_HUMAN;sp|P14136|GFAP_HUMAN;sp|P19013|K2C4_HUMAN;sp|Q6KB66|K2C80_HUMAN	0.01010101	1.0	0.7059419568281297	2356.811463691133
YPPTVSMVEGQGEK	2	sp|P27918|PROP_HUMAN	0.012936611	0.9866190731264982	0.9455332428180898	69650.08190140729
IMQSSQSMSK	2	sp|O75882|ATRN_HUMAN	0.01010101	1.0	0.973350252523325	48656.559597118896
KVPQVSTPTLVEVSR	2	sp|P02768|ALBU_HUMAN	0.012936611	0.9866190731264982	0.9104867053475925	41464.39648006575
FSYDLSQC[+57.021465]INQMK	2	sp|Q8NBJ4|GOLM1_HUMAN	0.014755959	0.9440873193926883	0.8061755927187596	9193.451869304692
GGVGPFSDPVK	2	sp|Q12866|MERTK_HUMAN	0.02062975	0.7626747761196712	0.8639808119437435	3297.6290961787467
SYSC[+57.021465]QVTHEGSTVEK	3	sp|B9A064|IGLL5_HUMAN;sp|P0CF74|IGLC6_HUMAN;sp|P0CG04|IGLC1_HUMAN;sp|P0DOX8|IGL1_HUMAN;sp|P0DOY2|IGLC2_HUMAN;sp|P0DOY3|IGLC3_HUMAN	0.012936611	0.9797881705057813	0.9423124001059691	66728.68262657167
NWGLSFYADKPETTK	4	sp|P19652|A1AG2_HUMAN	0.01010101	1.0	0.7319055313672373	35430.203531417166
GTHC[+57.021465]NQVEVIATLK	3	sp|P02775|CXCL7_HUMAN	0.015642459	0.9134157281067091	0.8296828937303138	2092.464478504091
DTINRWSAGLTSSQVDLYIPK	3	sp|P08185|CBG_HUMAN	0.012936611	0.9866190731264982	0.9137254424823801	43803.94288672458
VDGALC[+57.021465]M[+15.994915]EK	2	sp|P02790|HEMO_HUMAN	0.012936611	0.9797881705057813	0.9351681684482244	11341.754296266485
FSISATYDLGATLLK	3	sp|P05543|THBG_HUMAN	0.014755959	0.9440873193926883	0.905108525305742	33693.7280978797
GFGGLTGQIVAALSTAK	3	sp|Q92954|PRG4_HUMAN	0.012936611	0.9866190731264982	0.9304134540883736	3261.784195080692
QGVDADINGLR	2	sp|P35527|K1C9_HUMAN	0.010330578	0.9933552810135716	0.8777640315535882	47.33921600324617
ASFHIPQVQVR	3	sp|Q9BQ51|PD1L2_HUMAN	0.019629225	0.7848914682405913	0.873938681624445	829.7077169739011
GGYTLVSGYPK	2	sp|P02790|HEMO_HUMAN	0.012936611	0.9866190731264982	0.9900811837309463	469997.3560431439
WELLQQVDTSTR	2	sp|P04264|K2C1_HUMAN	0.010330578	0.9933552810135716	0.9495293884375651	93262.06154474571
LNDLEEALQQAK	3	sp|P35908|K22E_HUMAN	0.01010101	1.0	0.8317902573080531	7539.863143567827
QLVEIEK	1	sp|P00738|HPT_HUMAN;sp|P00739|HPTR_HUMAN	0.01010101	1.0	0.7429979992630852	10868.171799054015
TYLPAVDEK	2	sp|P02655|APOC2_HUMAN	0.012936611	0.9797881705057813	0.9305767325870962	127525.00506968192
FSSC[+57.021465]GGGGGSFGAGGGFGSR	2	sp|P04264|K2C1_HUMAN	0.013530135	0.9728591838590949	0.9317580158010834	11911.982901906555
ADGESC[+57.021465]SASMMYQEGK	2	sp|P01008|ANT3_HUMAN	0.012936611	0.9728591838590949	0.9135063775511479	58168.277386725305
DSGPYSC[+57.021465]SVNVQDK	2	sp|Q96AP7|ESAM_HUMAN	0.01010101	1.0	0.7878628547828825	15010.665610468186
VITEPIPVSDLR	2	sp|Q12913|PTPRJ_HUMAN	0.01010101	1.0	0.9830396312015032	62659.50643597542
REPAVGEPAEVTTTVLVR	4	sp|P05362|ICAM1_HUMAN	0.014755959	0.9290085173289965	0.7222526305981113	2375.1407358851584
GVTSVSQIFHSPDLAIR	3	sp|P05155|IC1_HUMAN	0.010330578	0.9933552810135716	0.8536240757210545	23347.815383739213
EMEDTLNHLK	3	sp|P17936|IBP3_HUMAN	0.010330578	0.9933552810135716	0.9928396319131534	25639.352627702163
AVLTIDEK	1	sp|P01009|A1AT_HUMAN	0.01010101	1.0	0.939086538531359	162455.98230551585
NPDAVAAPYC[+57.021465]YTR	2	sp|P08519|APOA_HUMAN	0.012936611	0.9866190731264982	0.9629318805754804	19751.11194708373
GFMQTYYDDHLR	2	sp|P55056|APOC4_HUMAN	0.010330578	1.0	0.8021370123135696	41467.00454188451
TVEGAGSIAAATGFVK	2	sp|P37840|SYUA_HUMAN	0.010330578	0.9933552810135716	0.8217391931928703	2553.5937754447723
VLDELTLTK	2	sp|P13645|K1C10_HUMAN	0.012936611	0.9797881705057813	0.9568458400168136	44430.62461023939
ALSIGFETC[+57.021465]R	2	sp|P16070|CD44_HUMAN	0.010330578	0.9933552810135716	0.9578033306624906	75184.3187539347
STSESTAALGC[+57.021465]LVK	3	sp|P01859|IGHG2_HUMAN;sp|P01861|IGHG4_HUMAN	0.02494577	0.7138053936648634	0.8001753256213289	19149.571710006145
EMEVLHLR	2	sp|P11362|FGFR1_HUMAN	0.012936611	0.9797881705057813	0.9240303767910789	28151.667658584684
DIQGSLQDIFK	2	sp|P55290|CAD13_HUMAN	0.010330578	0.9933552810135716	0.8838139151264353	13291.971571177553
VPLQQNFQDNQFQGK	2	sp|P80188|NGAL_HUMAN	0.012936611	0.9728591838590949	0.9458713962155315	164863.42324179452
YFHHNSDFHIPK	4	sp|O75015|FCG3B_HUMAN	0.014440433	0.9658285256870233	0.8699648679890205	11367.98925703036
SKEQLTPLIK	2	sp|P02652|APOA2_HUMAN	0.014440433	0.9658285256870233	0.9326252190244768	16700.96001149715
MSSINADFAFNLYR	2	sp|P05543|THBG_HUMAN	0.012936611	0.9797881705057813	0.9598930112604105	498834.7354266722
NLAVSQVVHK	2	sp|P01011|AACT_HUMAN	0.012936611	0.9866190731264982	0.9653884045449169	29608.300759117064
IMGITLVSKK	2	sp|Q9Y5Y7|LYVE1_HUMAN	0.012936611	0.9866190731264982	0.8192678278846727	6811.505038090325
RDPPQYPVVPVHLDR	3	sp|P10153|RNAS2_HUMAN	0.01760176	0.8718655118414741	0.7421127117960064	4618.474085075816
GILTVDELLAIR	3	sp|P13473|LAMP2_HUMAN	0.01010101	1.0	0.9446974376726349	19317.670038888868
ATLVC[+57.021465]LISDFYPGAVTVAWK	4	sp|B9A064|IGLL5_HUMAN;sp|P0CG04|IGLC1_HUMAN;sp|P0DOX8|IGL1_HUMAN;sp|P0DOY2|IGLC2_HUMAN;sp|P0DOY3|IGLC3_HUMAN	0.010330578	0.9933552810135716	0.9646660567763252	1290.1922335089976
QQLQALSEPQPR	2	sp|Q8NBJ4|GOLM1_HUMAN	0.01010101	1.0	0.9709021410684537	9792.882692475774
AIGPSQTHTIR	3	sp|Q92954|PRG4_HUMAN	0.01760176	0.8540617215638593	0.8705149827155905	85.64074692508636
TEGDGVYTLNDK	2	sp|P00738|HPT_HUMAN;sp|P00739|HPTR_HUMAN	0.01010101	1.0	0.9560538635665916	29960.02191153283
GGSGGSYGGGGSGGGYGGGSGSR	2	sp|P35527|K1C9_HUMAN	0.012936611	0.9728591838590949	0.9460138690388367	5483.344986839792
EQLGEFYEALDC[+57.021465]LR	3	sp|P02763|A1AG1_HUMAN	0.01010101	1.0	0.9532883137582893	5063734.966736719
WLQGSQELPR	2	sp|P01876|IGHA1_HUMAN;sp|P01877|IGHA2_HUMAN;sp|P0DOX2|IGA2_HUMAN	0.01010101	1.0	0.9914259439475582	396531.2263028296
VYSTSVTGSR	2	sp|Q9H299|SH3L3_HUMAN	0.012936611	0.9797881705057813	0.9581764177875034	19995.11722664361
SISC[+57.021465]QEIPGQQSR	2	sp|P27918|PROP_HUMAN	0.012936611	0.9866190731264982	0.9700244894098751	22477.780749037232
TSDQIHFFFAK	3	sp|P01008|ANT3_HUMAN	0.01010101	1.0	0.9341854148894567	186611.5602549914
EPQVYTLPPSR	2	sp|P01857|IGHG1_HUMAN;sp|P01859|IGHG2_HUMAN;sp|P01860|IGHG3_HUMAN;sp|P0DOX5|IGG1_HUMAN	0.010330578	0.9933552810135716	0.9553176539156161	11466.622804181545
SAVQGPPER	2	sp|P01876|IGHA1_HUMAN;sp|P01877|IGHA2_HUMAN	0.01010101	1.0	0.8910468106482731	104086.58001032403
NSVIKVPMMNSK	2	sp|P05155|IC1_HUMAN	0.01010101	1.0	0.9438752299840669	94664.89354447839
AIMEKLEMSK	2	sp|P05155|IC1_HUMAN	0.01010101	1.0	0.8126032431906774	19454.267788008794
ASVSVTAEDEGTQR	2	sp|P05362|ICAM1_HUMAN	0.010330578	0.9933552810135716	0.9644100251608974	31266.915828335317
YFHHNSDFHIPK	3	sp|O75015|FCG3B_HUMAN	0.018579235	0.7955364837549187	0.8318393895839228	373.7098748733596
ESGTDDFNVWIGLHDPK	3	sp|P05451|REG1A_HUMAN	0.010330578	0.9933552810135716	0.9587616849675783	176372.88585362342
RYTIAALLSPYSYSTTAVVTNPK	3	sp|P02766|TTHY_HUMAN	0.01010101	1.0	0.9578704752063874	1240206.5126521415
KGEVLPLPEANFPSFPLPHHK	5	sp|P04196|HRG_HUMAN	0.01760176	0.8540617215638593	0.8331000759038946	9319.061260165698
LPGIVAEGRDDLYVSDAFHK	3	sp|P01008|ANT3_HUMAN	0.01010101	1.0	0.9306862249748499	192822.14385116
VLNQELR	2	sp|P05090|APOD_HUMAN	0.012936611	0.9728591838590949	0.9588831306546944	13211.69714780116
LYIEYGIQR	2	sp|Q9NPH3|IL1AP_HUMAN	0.012936611	0.9866190731264982	0.9436851809544485	20533.72518336494
HTFM[+15.994915]GVVSLGSPSGEVSHPR	4	sp|P02765|FETUA_HUMAN	0.01010101	1.0	0.8043815611256282	31641.418127399385
TLLEGEESR	2	sp|P04264|K2C1_HUMAN	0.012936611	0.9797881705057813	0.9697694840617245	90282.55727090791
VQPYLDDFQK	2	sp|P02647|APOA1_HUMAN	0.01010101	1.0	0.9627970658062289	254219.2185094659
SSAEAQTPEDTPNK	2	sp|O43493|TGON2_HUMAN	0.010330578	0.9933552810135716	0.9663980910566858	1216.611865425485
C[+57.021465]SPHLVLSALTSDNHGATYAFSGTHYWR	5	sp|P02790|HEMO_HUMAN	0.01010101	1.0	0.8797321159898567	7612268.593437213
TFTDKWEDYPK	2	sp|P10721|KIT_HUMAN	0.010330578	0.9933552810135716	0.8748069135444593	23366.505263433537
LGMFNIQHC[+57.021465]K	3	sp|P01009|A1AT_HUMAN	0.012936611	0.9728591838590949	0.8236726571902644	50591.37427983109
SGAQATWTELPWPHEK	2	sp|P02790|HEMO_HUMAN	0.012936611	0.9728591838590949	0.7469906755725739	27010.381116053035
DYQELM[+15.994915]NTK	2	sp|P04264|K2C1_HUMAN	0.010330578	0.9933552810135716	0.8159234433024892	165.2020614068175
SGTSASLAISGLR	2	sp|P01700|LV147_HUMAN	0.012269938	0.9933552810135716	0.9536463140883213	6718.679190122913
WEMPFDPQDTHQSR	2	sp|P01011|AACT_HUMAN	0.01010101	1.0	0.9693167345779279	272955.18932424637
DSTYSLSSTLTLSK	2	sp|P01834|IGKC_HUMAN;sp|P0DOX7|IGK_HUMAN	0.012936611	0.9866190731264982	0.8867162071589075	52718.05179198115
IC[+57.021465]LDLQAPLYK	2	sp|P02776|PLF4_HUMAN	0.01010101	1.0	0.9721881911848257	99519.76822248183
HTFMGVVSLGSPSGEVSHPR	4	sp|P02765|FETUA_HUMAN	0.01010101	1.0	0.9122218665615306	122882.34872257721
LAIPQQSDFHNNR	2	sp|P07333|CSF1R_HUMAN	0.01010101	1.0	0.8546284535319092	34949.667505122976
LTLTPWVGLR	2	sp|O75882|ATRN_HUMAN	0.012269938	0.9933552810135716	0.9791566722456659	107134.28593173319
HTLNQIDEVK	2	sp|P02765|FETUA_HUMAN	0.01010101	1.0	0.9469968412174945	624189.9181604611
ESTLHLVLR	2	sp|P0CG47|UBB_HUMAN;sp|P0CG48|UBC_HUMAN;sp|P62979|RS27A_HUMAN;sp|P62987|RL40_HUMAN	0.012936611	0.9866190731264982	0.7179800510556903	646.9796554272942
QGHNSVFLIK	2	sp|P02790|HEMO_HUMAN	0.014440433	0.9658285256870233	0.913258841450147	4124.725703614638
SC[+57.021465]ALDQNC[+57.021465]QWEPR	2	sp|O75882|ATRN_HUMAN	0.014755959	0.9797881705057813	0.8447433069343927	5247.815413316916
QVILTLQPTLVAVGK	2	sp|P13598|ICAM2_HUMAN	0.012936611	0.9866190731264982	0.9466686043622307	1023909.6017070751
LVYHLGLPFSFLTFPYVEEAIK	4	sp|P49908|SEPP1_HUMAN	0.012936611	0.9797881705057813	0.8188760318143847	796.2903513820586
NVQDAIADAEQR	2	sp|P35908|K22E_HUMAN	0.01010101	1.0	0.9519443699388197	3030.6245644029873
EQVTNVGGAVVTGVTAVAQK	3	sp|P37840|SYUA_HUMAN	0.012269938	0.9933552810135716	0.9063510024033717	113996.05409899863
ALSLAPLAGAGLELQLER	3	sp|Q9ULI3|HEG1_HUMAN	0.014755959	0.9290085173289965	0.7758967814095075	3741.108117016028
FRIEDGFSLK	3	sp|P01008|ANT3_HUMAN	0.014440433	0.9658285256870233	0.8861445467017118	7398.411146218333
GDDITMVLILPKPEK	2	sp|P01008|ANT3_HUMAN	0.012936611	0.9866190731264982	0.7731633487561986	14085.933972760939
LDSSEFLK	2	sp|Q12841|FSTL1_HUMAN	0.01010101	1.0	0.8811449127346167	71727.6853173996
DNYTDLVAIQNK	2	sp|P14151|LYAM1_HUMAN	0.01010101	1.0	0.8771672099068987	7409.168632520972
AGVETTTPSK	2	sp|P0DOY2|IGLC2_HUMAN;sp|P0DOY3|IGLC3_HUMAN	0.01010101	1.0	0.9554279454487832	20598.01139305727
LLIYWASTR	2	sp|P06312|KV401_HUMAN	0.01010101	1.0	0.963329138538659	179972.39363522438
HYYESEVLAMNFQDWATASR	3	sp|P08185|CBG_HUMAN	0.01010101	1.0	0.9580313869675647	34776803.911365815
FNKPFVFLMIEQNTK	3	sp|P01009|A1AT_HUMAN	0.01010101	1.0	0.9435052434927823	11890754.468694955
IILEDENDAMADADR	2	sp|Q9BUN1|MENT_HUMAN	0.01010101	1.0	0.8725830561763399	152805.71385624295
ADLSGITGAR	1	sp|P01011|AACT_HUMAN	0.012936611	0.9728591838590949	0.9185950267945534	6990.133888632785
SGVQQLIQYYQDQK	2	sp|Q13790|APOF_HUMAN	0.014755959	0.9514467542496609	0.870719873262747	12193.788740005757
WVQDYIK	1	sp|Q16627|CCL14_HUMAN	0.01010101	1.0	0.9247047429984011	23031.16474565628
MFLSFPTTK	2	sp|P69905|HBA_HUMAN	0.012936611	0.9866190731264982	0.9308655854328388	10113.96987482837
GLPNVVTSAISLPNIR	2	sp|Q92954|PRG4_HUMAN	0.012936611	0.9797881705057813	0.8512192962099098	134859.76147537565
TLTLLSVTR	2	sp|P06731|CEAM5_HUMAN;sp|P13688|CEAM1_HUMAN;sp|P31997|CEAM8_HUMAN	0.012936611	0.9797881705057813	0.8347878129830699	8333.993744008278
LQHLENELTHDIITK	4	sp|P01009|A1AT_HUMAN	0.01010101	1.0	0.8714592949930126	198530.9221332898
QVVAGLNFR	2	sp|P01042|KNG1_HUMAN	0.012936611	0.9797881705057813	0.9482423944711436	13371.74205881211
VGYVSGWGR	2	sp|P00738|HPT_HUMAN	0.012936611	0.9728591838590949	0.9818381491214705	439885.7489058902
YENEVALR	2	sp|P13645|K1C10_HUMAN	0.01010101	1.0	0.8861804064163695	40225.43393139652
LALDVEIATYR	3	sp|O95678|K2C75_HUMAN;sp|P02538|K2C6A_HUMAN;sp|P04259|K2C6B_HUMAN;sp|P12035|K2C3_HUMAN;sp|P13647|K2C5_HUMAN;sp|P35908|K22E_HUMAN;sp|P48668|K2C6C_HUMAN;sp|Q01546|K22O_HUMAN;sp|Q5XKE5|K2C79_HUMAN	0.01010101	1.0	0.9558370800471881	19630.299635876225
DASGVTFTWTPSSGK	2	sp|P01876|IGHA1_HUMAN	0.01010101	1.0	0.963416448213911	2840507.1000018893
QDQC[+57.021465]IYNTTYLNVQR	3	sp|P02763|A1AG1_HUMAN	0.014440433	0.9658285256870233	0.9915949666841657	10164.58911339087
VYIASSSGSTAIK	2	sp|O75368|SH3L1_HUMAN	0.012269938	0.9933552810135716	0.8483983498369477	11584.502825800568
EGEEFTVTC[+57.021465]TIK	2	sp|P10721|KIT_HUMAN	0.01010101	1.0	0.7216794606376257	59562.127962055645
TMLLQPAGSLGSYSYR	2	sp|P41222|PTGDS_HUMAN	0.012936611	0.9728591838590949	0.9778713108207908	4275308.613181465
DIAPTLTLYVGK	3	sp|P00738|HPT_HUMAN;sp|P00739|HPTR_HUMAN	0.03236246	0.5678582329614409	0.823301224574615	9523.796564763
AVSISPTNVILTWK	2	sp|Q12913|PTPRJ_HUMAN	0.01010101	1.0	0.9547799489922827	1444615.1770253868
YVGGQEHFAHLLILR	3	sp|P02763|A1AG1_HUMAN	0.01010101	1.0	0.957891544968633	7532707.423445832
SDVM[+15.994915]YTDWK	2	sp|P19652|A1AG2_HUMAN	0.01010101	1.0	0.9089912495805881	32979.84140444599
FSGSGSGTDFTLTISR	2	sp|A0A0C4DH25|KVD20_HUMAN;sp|P01619|KV320_HUMAN	0.012936611	0.9866190731264982	0.9611270710198072	47838.623517850356
SDVMYTDWK	2	sp|P19652|A1AG2_HUMAN	0.012936611	0.9866190731264982	0.989034277806935	101078.87214958984
YIC[+57.021465]ENQDSISSK	2	sp|P02768|ALBU_HUMAN	0.01010101	1.0	0.9865614932421982	40191.03280747383
AQYEEIAQR	2	sp|P02538|K2C6A_HUMAN;sp|P04259|K2C6B_HUMAN;sp|P19013|K2C4_HUMAN;sp|P35908|K22E_HUMAN;sp|P48668|K2C6C_HUMAN;sp|Q01546|K22O_HUMAN	0.012936611	0.9866190731264982	0.974407297668359	16441.204665725898
SEAYNTFSER	2	sp|P12259|FA5_HUMAN	0.01010101	1.0	0.9465411402105651	18130.55505427821
QLSFEEFIMLMAR	2	sp|P06702|S10A9_HUMAN	0.01010101	1.0	0.8796759570585899	96758.91644964459
SYPGLTSYLVR	2	sp|P80188|NGAL_HUMAN	0.01010101	1.0	0.9812570497939334	127434.54222440175
EQTVSVSGAFQINTFDLR	3	sp|P13473|LAMP2_HUMAN	0.01010101	1.0	0.8920238711347784	57725.23460870047
GGSTSYGTGSETESPR	2	sp|P02671|FIBA_HUMAN	0.01010101	1.0	0.9795272877735104	90496.29143647524
EHVAHLLFLRDTK	2	sp|P19652|A1AG2_HUMAN	0.012936611	0.9866190731264982	0.9374962438098232	80708.23155562446
RLGMFNIQHC[+57.021465]K	3	sp|P01009|A1AT_HUMAN	0.01010101	1.0	0.9439970658999144	493418.4440897208
EFTPPVQAAYQK	2	sp|P68871|HBB_HUMAN	0.012269938	0.9933552810135716	0.8547918405187173	35051.11702553492
EENFYVDETTVVK	2	sp|P08185|CBG_HUMAN	0.01010101	1.0	0.9578243447439926	7163202.8175100535
SAGSVESPSVSSTHR	2	sp|P17936|IBP3_HUMAN	0.01010101	1.0	0.9212343869836663	20277.775460701618
IHWESASLLR	2	sp|P01024|CO3_HUMAN	0.01010101	1.0	0.9124390102856208	54346.17856990666
EVGTPHGIILDSVDAAFIC[+57.021465]PGSSR	3	sp|P02790|HEMO_HUMAN	0.012936611	0.9797881705057813	0.9520502552288876	1564831.819778705
VC[+57.021465]PFAGILENGAVR	2	sp|P02749|APOH_HUMAN	0.012936611	0.9866190731264982	0.9297945704574788	1462566.649879179
AFIQLWAFDAVK	3	sp|P02760|AMBP_HUMAN	0.015642459	0.9212790999005022	0.7853324411337742	1019.7237538135703
TLLSNLEEAK	2	sp|P10909|CLUS_HUMAN	0.012936611	0.9866190731264982	0.9609959857589053	349710.1591732833
VDGALC[+57.021465]MEK	2	sp|P02790|HEMO_HUMAN	0.01010101	1.0	0.9713734234308058	890951.086877777
FIC[+57.021465]PLTGLWPINTLK	2	sp|P02749|APOH_HUMAN	0.01010101	1.0	0.942684382012496	1435753.9202055442
VIEHIMEDLDTNADK	2	sp|P06702|S10A9_HUMAN	0.01010101	1.0	0.911696351799576	209534.3695615116
VVLHPNYHQVDIGLIK	4	sp|P00739|HPTR_HUMAN	0.01010101	1.0	0.9605714836668499	263189.27646477876
SVLGQLGITK	2	sp|P01009|A1AT_HUMAN	0.012936611	0.9797881705057813	0.9292961147916307	45992.48364256981
WKNFPSPVDAAFR	2	sp|P02790|HEMO_HUMAN	0.01010101	1.0	0.949564850207035	1232354.4786635933
TM[+15.994915]LLQPAGSLGSYSYR	3	sp|P41222|PTGDS_HUMAN	0.01010101	1.0	0.9504035575932293	334475.2464150022
FLENEDRR	2	sp|P01009|A1AT_HUMAN	0.012936611	0.9797881705057813	0.9556080569174364	670947.154329802
FIQSQDYQC[+57.021465]SALMGGR	2	sp|P07333|CSF1R_HUMAN	0.01010101	1.0	0.7776236292598729	77720.51517997311
EHVAHLLFLR	3	sp|P19652|A1AG2_HUMAN	0.01010101	1.0	0.9504941598874175	12213163.26157219
KLINDYVK	2	sp|P01011|AACT_HUMAN	0.01010101	1.0	0.9777059856647355	151229.2816759171
YEGGREHVAHLLFLR	4	sp|P19652|A1AG2_HUMAN	0.01010101	1.0	0.9027332277354175	1213753.4634067556
HPYFYAPELLFFAK	3	sp|P02768|ALBU_HUMAN	0.01010101	1.0	0.9020796025026218	88816.00501103993
TEDTIFLR	2	sp|P02763|A1AG1_HUMAN;sp|P19652|A1AG2_HUMAN	0.018579235	1.0	0.9857965367985037	922771.0947274776
KVETNMAFSPFSIASLLTQVLLGAGENTK	4	sp|P05155|IC1_HUMAN	0.01010101	1.0	0.8509253956579458	35583.605697955834
DFLQSLK	2	sp|P08697|A2AP_HUMAN	0.012936611	0.9728591838590949	0.736455050962557	2271.021700114575
LC[+57.021465]TPLLPK	2	sp|P27918|PROP_HUMAN	0.01010101	1.0	0.9475683664768196	158798.94991212978
YTDLVAIQNK	2	sp|P16109|LYAM3_HUMAN	0.01010101	1.0	0.8734384367086135	15854.676854685073
AFSVNIFK	2	sp|P11279|LAMP1_HUMAN	0.01010101	1.0	0.971393063501322	483534.0273818811
TVAAC[+57.021465]NLPIVR	2	sp|P02760|AMBP_HUMAN	0.01010101	1.0	0.9131892355686482	103812.53644157891
IPLNDLFR	2	sp|P13473|LAMP2_HUMAN	0.01010101	1.0	0.9136286120494861	118443.77733277874
SKLPGIVAEGRDDLYVSDAFHK	3	sp|P01008|ANT3_HUMAN	0.01010101	1.0	0.831398840862884	183001.596428045
DSPVLIDFFEDTER	2	sp|P04196|HRG_HUMAN	0.01010101	1.0	0.8617243357737002	696860.1861534057
AVVFLEPQWYSVLEK	3	sp|O75015|FCG3B_HUMAN	0.01010101	1.0	0.9165070848182825	77026.7522555432
TSESGELHGLTTEEEFVEGIYK	4	sp|P02766|TTHY_HUMAN	0.012936611	0.9866190731264982	0.867195994207498	6130.933173479303
ALTDMPQMR	2	sp|P02671|FIBA_HUMAN	0.012936611	0.9797881705057813	0.9352639605853353	19949.16211761256
ELDRDTVFALVNYIFFK	3	sp|P01009|A1AT_HUMAN	0.01010101	1.0	0.929682447912252	405978.1227722109
GFQQLLQELNQPR	3	sp|P05154|IPSP_HUMAN	0.01010101	1.0	0.8886059364146702	50777.79734210136
WYNLAIGSTC[+57.021465]PWLK	3	sp|P02760|AMBP_HUMAN	0.014755959	0.9514467542496609	0.9538656641347972	58528.83716572102
RLWWLDLK	2	sp|P02790|HEMO_HUMAN	0.01010101	1.0	0.9670695348332806	378855.69506727066
HSWTIPEDGNSQK	2	sp|Q13201|MMRN1_HUMAN	0.012936611	0.9866190731264982	0.9529182208842698	33407.52582297858
NPNLPPETVDSLK	2	sp|P05090|APOD_HUMAN	0.01010101	1.0	0.9281324550676646	843416.7222226083
ENGTISRYVGGQEHFAHLLILR	4	sp|P02763|A1AG1_HUMAN	0.014755959	0.9514467542496609	0.763394485457928	73226.72005699486
ALGISPFHEHAEVVFTANDSGPR	4	sp|P02766|TTHY_HUMAN	0.012936611	0.9866190731264982	0.9460038579686835	319969.0514078071
WLQDNAENVYVWK	2	sp|P07359|GP1BA_HUMAN	0.012936611	0.9797881705057813	0.9474283315166483	76459.94306240082
YKEENDDFASFR	2	sp|P04196|HRG_HUMAN	0.012936611	0.9866190731264982	0.886000690454876	9875.473740420677
QEYEQLIAK	2	sp|P35527|K1C9_HUMAN	0.01010101	1.0	0.9509631605091946	271477.9834985942
DSVGQLQLYR	2	sp|Q99941|ATF6B_HUMAN	0.01010101	1.0	0.92540291170797	61458.46055311974
VAEGTQVLELPFK	2	sp|P01008|ANT3_HUMAN	0.012936611	0.9933552810135716	0.918602414239941	43825.69182476808
GIYSFSFHVIK	3	sp|Q9NTU7|CBLN4_HUMAN	0.012936611	0.9728591838590949	0.9363980125945878	46788.40177031768
GTWTQPFDLASTR	2	sp|P08185|CBG_HUMAN	0.012936611	0.9933552810135716	0.942852938593834	530566.2763537066
DKC[+57.021465]EPLEKQHEK	4	sp|P02763|A1AG1_HUMAN;sp|P19652|A1AG2_HUMAN	0.014440433	0.9658285256870233	0.8410358005052639	1791.60184605635
LNDLEDALQQAK	2	sp|P04264|K2C1_HUMAN	0.012936611	0.9933552810135716	0.920443963258294	11302.648614898157
ALGISPFHEHAEVVFTANDSGPRR	4	sp|P02766|TTHY_HUMAN	0.01010101	1.0	0.9017672137048955	85033.65188520134
LLIYGASSR	2	sp|P01619|KV320_HUMAN	0.012936611	0.9797881705057813	0.895127070540618	10512.276193932716
IVQYHWEELK	3	sp|Q8IZA0|K319L_HUMAN	0.01010101	1.0	0.8767213867254683	98487.48466270861
EEDPIHLR	2	sp|O75015|FCG3B_HUMAN;sp|P08637|FCG3A_HUMAN	0.012936611	0.9797881705057813	0.9875507429335657	19154.43076509381
EALQGVGDMGR	2	sp|P35542|SAA4_HUMAN	0.01010101	1.0	0.9389663733822057	54358.75952464233
LVLLNAIYLSAK	2	sp|P05155|IC1_HUMAN	0.012936611	0.9728591838590949	0.9679408275906528	3549386.6935852817
EQYAVVGHSAHIVTLK	3	sp|O75882|ATRN_HUMAN	0.014755959	0.9514467542496609	0.7951935622754795	3300.0321251985138
QSLEASLAETEGR	2	sp|P13645|K1C10_HUMAN	0.01010101	1.0	0.9137292354122536	72213.08062044023
MNTVIAALSR	2	sp|P08185|CBG_HUMAN	0.012936611	0.9866190731264982	0.8962600976735091	739.1268435931095
SDGDPVQPAVLQVHQTS	2	sp|O95810|CAVN2_HUMAN	0.012936611	0.9728591838590949	0.9340942223392074	19492.82758837811
TFVLPVTPPR	2	sp|P32942|ICAM3_HUMAN	0.01010101	1.0	0.8586978151609787	118276.07029437271
VTTPDTSTTQHNK	3	sp|Q92954|PRG4_HUMAN	0.012936611	0.9728591838590949	0.8940117231444031	3463.02909835843
NWGLSVYADKPETTK	2	sp|P02763|A1AG1_HUMAN	0.012936611	0.9797881705057813	0.9748370706855984	9100.075750042708
IEISELNR	2	sp|P04264|K2C1_HUMAN;sp|P35908|K22E_HUMAN	0.012936611	0.9728591838590949	0.9524819417838386	43446.950075627086
GSSSSPLGISVR	2	sp|Q9NTU7|CBLN4_HUMAN	0.012936611	0.9933552810135716	0.9561764557344059	10208.633735301835
AQYEEIANR	2	sp|P13647|K2C5_HUMAN	0.014755959	0.9440873193926883	0.7402900373182375	129.74701177691938
VWPQQPSGELFEIEIDTLETTC[+57.021465]HVLDPTPVAR	4	sp|P02765|FETUA_HUMAN	0.012936611	0.9728591838590949	0.7340263419752998	1132.4647600510566
SQYEQLAEQNRK	3	sp|P13645|K1C10_HUMAN	0.01010101	1.0	0.908106415995512	170004.24286933418
GSPAINVAVHVFRK	3	sp|P02766|TTHY_HUMAN	0.01010101	1.0	0.8835643510880045	296499.03542163444
HGVQELEIELQSQLSK	2	sp|P35527|K1C9_HUMAN	0.012936611	0.9728591838590949	0.9514988524359403	98503.92279254262
LYHSEAFTVNFGDTEEAKK	4	sp|P01009|A1AT_HUMAN	0.012936611	0.9933552810135716	0.9437434568595664	111161.32226217
NVQALEIELQSQLALK	3	sp|P13645|K1C10_HUMAN	0.01010101	1.0	0.9142483319604048	102547.33063515899
DYFMPC[+57.021465]PGR	3	sp|P02790|HEMO_HUMAN	0.014755959	0.9366095275687156	0.8735604215273836	12677.947565134531
GPMFELLPGESNK	3	sp|P10124|SRGN_HUMAN	0.01010101	1.0	0.8097417615322452	6059.738288207356
GSPAINVAVHVFR	3	sp|P02766|TTHY_HUMAN	0.01010101	1.0	0.9555321827668011	2113335.8511742568
ANRPFLVFIR	2	sp|P01008|ANT3_HUMAN	0.016703786	0.897262926642552	0.9369801892052292	8596.757159726109
EAEPLVDIR	2	sp|Q9H8L6|MMRN2_HUMAN	0.01010101	1.0	0.838316829940696	42854.36029652679
VVEQMC[+57.021465]ITQYER	2	sp|P04156|PRIO_HUMAN	0.01010101	1.0	0.794467994270322	13861.912724231079
EVPLNTIIFMGR	2	sp|P01008|ANT3_HUMAN	0.01010101	1.0	0.9923482198795478	1553720.647741995
WSAGLTSSQVDLYIPK	2	sp|P08185|CBG_HUMAN	0.012936611	0.9728591838590949	0.9535082513771731	1739140.9622562767
SC[+57.021465]AVAEYGVYVK	2	sp|P00738|HPT_HUMAN;sp|P00739|HPTR_HUMAN	0.030303031	1.0	0.9346650093969079	264976.9200099009
GEVLPLPEANFPSFPLPHHK	3	sp|P04196|HRG_HUMAN	0.012936611	0.9866190731264982	0.925291127338623	78103.6175916178
FKLDDDLEHQGGHVLDHGHK	5	sp|P01042|KNG1_HUMAN	0.01010101	1.0	0.9068287095299671	594224.6546855645
VVSTNYNQHAMVFFK	2	sp|P80188|NGAL_HUMAN	0.012936611	0.9728591838590949	0.9000240627521834	54989.57077968556
SDVVYTDWKKDK	3	sp|P02763|A1AG1_HUMAN	0.01010101	1.0	0.9385697168400378	152905.42358455836
GSFPWQAK	2	sp|P00738|HPT_HUMAN;sp|P00739|HPTR_HUMAN	0.01010101	1.0	0.9703812592183232	3181965.744523388
WYVVGLAGNAILR	2	sp|P80188|NGAL_HUMAN	0.012936611	0.9933552810135716	0.9844321435595748	173462.18457415144
ETLLQDFR	2	sp|P02760|AMBP_HUMAN	0.01010101	1.0	0.9706336106858986	2643323.2146167657
AVMDDFAAFVEK	2	sp|P02768|ALBU_HUMAN	0.01010101	1.0	0.9666525279640447	21796513.010590013
VFEVHVRPK	2	sp|P13598|ICAM2_HUMAN	0.012936611	0.9866190731264982	0.9308770399105003	3045.428151961227
ALMSPAGMLR	2	sp|O75144|ICOSL_HUMAN	0.01010101	1.0	0.9540315276947335	1180152.3867629247
YVGGQEHFAHLLILRDTK	3	sp|P02763|A1AG1_HUMAN	0.01010101	1.0	0.9451739295849085	2156740.023819454
QISNLQQSISDAEQR	3	sp|P04264|K2C1_HUMAN	0.01010101	1.0	0.7930880035168297	284872.40770640253
EESLDSDLYAELR	3	sp|P02775|CXCL7_HUMAN	0.01010101	1.0	0.7556552781193244	104276.84107660531
SHSSGSVLPLGELEGR	2	sp|P09603|CSF1_HUMAN	0.01010101	1.0	0.8731233745258739	146541.23438799285
QQTHMLDVMQDHFSR	4	sp|P10909|CLUS_HUMAN	0.01010101	1.0	0.9921561912474977	1149080.377248982
VVAGVANALAHK	2	sp|P02042|HBD_HUMAN;sp|P68871|HBB_HUMAN	0.012936611	0.9866190731264982	0.8670416358012839	19295.780550003292
QEPSQGTTTFAVTSILR	2	sp|P01876|IGHA1_HUMAN	0.012936611	0.9933552810135716	0.9467521006276644	527852.004676418
DQYYNIDVPSR	2	sp|Q92954|PRG4_HUMAN	0.01010101	1.0	0.9507949216818509	607135.5272865719
ALTFELTLR	2	sp|P07333|CSF1R_HUMAN	0.012936611	0.9797881705057813	0.9691877030447995	123253.28591338806
SKLPGIVAEGR	2	sp|P01008|ANT3_HUMAN	0.01010101	1.0	0.948430156495119	107066.2768352753
FDPSLTQR	2	sp|P08697|A2AP_HUMAN	0.013530135	0.9728591838590949	0.9500981681464203	7619.77692255466
VGSPFELVVSGNK	2	sp|Q6YHK3|CD109_HUMAN	0.012936611	0.9933552810135716	0.9161024893809974	21894.08858478728
VKSPELQAEAK	2	sp|P02652|APOA2_HUMAN	0.01010101	1.0	0.9427546106227904	75475.07501832083
LALDLEIATYR	3	sp|P04264|K2C1_HUMAN	0.01010101	1.0	0.8784014670137692	2625.4814021738675
NIDVFNVEDQKR	3	sp|Q8NBJ4|GOLM1_HUMAN	0.014755959	0.9366095275687156	0.7970215874887769	1671.885836993966
EYC[+57.021465]GVPGDGDEELLR	2	sp|P02760|AMBP_HUMAN	0.012936611	0.9797881705057813	0.9455783876545354	189555.62145060592
SSAEVC[+57.021465]QLLGSQR	2	sp|Q9ULI3|HEG1_HUMAN	0.014755959	0.9366095275687156	0.8438317269547456	28.933598839621908
VADALTNAVAHVDDMPNALSALSDLHAHK	4	sp|P69905|HBA_HUMAN	0.01010101	1.0	0.982154817165136	116054.42897514661
VFSNGADLSGVTEEAPLK	2	sp|P01009|A1AT_HUMAN	0.013530135	0.9728591838590949	0.8730116695073227	86950.15998375989
EQLTPLIK	2	sp|P02652|APOA2_HUMAN	0.01010101	1.0	0.9800408676677571	288564.73783512186
ADLFYDVEALDLESPK	2	sp|P04196|HRG_HUMAN	0.012936611	0.9933552810135716	0.7822654719097764	83076.01394626306
ASFETC[+57.021465]SYGWVGDGFVVISR	3	sp|Q9Y5Y7|LYVE1_HUMAN	0.012936611	0.9933552810135716	0.9158150995274518	2699.109963416061
LRTEGDGVYTLNNEK	3	sp|P00738|HPT_HUMAN	0.02062975	0.7626747761196712	0.7614747873149483	7662.681912028435
QQTHMLDVMQDHFSR	3	sp|P10909|CLUS_HUMAN	0.01010101	1.0	0.900158504541023	321011.4642040134
TYMLAFDVNDEK	2	sp|P02763|A1AG1_HUMAN	0.01010101	1.0	0.9081005048196834	1053378.338739728
SVQEIQATFFYFTPNK	3	sp|P02763|A1AG1_HUMAN;sp|P19652|A1AG2_HUMAN	0.01010101	1.0	0.9313083561992824	9223.08539960959
SLTEEAENWGDGEPNNK	2	sp|P14151|LYAM1_HUMAN	0.014440433	0.9658285256870233	0.7967277079341386	156595.33794982795
EQLGEFYEALDC[+57.021465]LC[+57.021465]IPR	3	sp|P19652|A1AG2_HUMAN	0.01010101	1.0	0.9093379508766439	6617272.44033456
DMPASEDLQDLQK	2	sp|P49908|SEPP1_HUMAN	0.012936611	0.9866190731264982	0.9615533647119427	2886584.8574724854
LAADDFR	2	sp|O76013|KRT36_HUMAN;sp|O76014|KRT37_HUMAN;sp|O76015|KRT38_HUMAN;sp|P02533|K1C14_HUMAN;sp|P05783|K1C18_HUMAN;sp|P08727|K1C19_HUMAN;sp|P08779|K1C16_HUMAN;sp|P13645|K1C10_HUMAN;sp|P13646|K1C13_HUMAN;sp|P19012|K1C15_HUMAN;sp|Q04695|K1C17_HUMAN;sp|Q14525|KT33B_HUMAN;sp|Q14532|K1H2_HUMAN;sp|Q15323|K1H1_HUMAN;sp|Q2M2I5|K1C24_HUMAN;sp|Q7Z3Y7|K1C28_HUMAN;sp|Q92764|KRT35_HUMAN	0.026002167	1.0	0.9494375034828109	229249.34488890672
STSGGTAALGC[+57.021465]LVK	2	sp|P01857|IGHG1_HUMAN;sp|P01860|IGHG3_HUMAN;sp|P0DOX5|IGG1_HUMAN	0.01010101	1.0	0.8826454291822854	28161.694325778364
KPDGYDYYAFSK	3	sp|Q92954|PRG4_HUMAN	0.013530135	0.9728591838590949	0.8900696781355626	22431.207884365107
KWQEEMELYR	2	sp|P02647|APOA1_HUMAN	0.01010101	1.0	0.9125068081284973	143392.02211295548
LEDMEQALSPSVFK	2	sp|P05155|IC1_HUMAN	0.01010101	1.0	0.957789830420668	4011711.422449249
SFTIEC[+57.021465]R	1	sp|P13598|ICAM2_HUMAN	0.01010101	1.0	0.7454020953540893	25400.837164173376
ITPNLAEFAFSLYR	3	sp|P01009|A1AT_HUMAN	0.012936611	0.9866190731264982	0.9350616084515083	139496.42444787885
VWVYPPEK	2	sp|P02790|HEMO_HUMAN	0.01010101	1.0	0.9698614110879578	9649127.488351172
IKFEMEQNLR	3	sp|P35527|K1C9_HUMAN	0.013530135	0.9728591838590949	0.8468323549021548	23277.13128494161
VLHPLEGAVVIIFK	3	sp|Q13740|CD166_HUMAN	0.01010101	1.0	0.898129353041996	157538.61151594133
LESEETMVLEAHDAQGDVPVTVTVHDFPGK	5	sp|P01024|CO3_HUMAN	0.01760176	0.8630568252698203	0.9280272365897144	31470.76051404078
DDLYVSDAFHK	3	sp|P01008|ANT3_HUMAN	0.01010101	1.0	0.9105318469120608	52742.58901126228
NTWSILHTQGALVQGGYGHSSVYDHR	5	sp|O75882|ATRN_HUMAN	0.01010101	1.0	0.9309159645514418	5269847.761807402
AFIQLWAFDAVKGK	3	sp|P02760|AMBP_HUMAN	0.014755959	0.9514467542496609	0.9558613564525237	365.58899813310416
LVYHLGLPFSFLTFPYVEEAIK	3	sp|P49908|SEPP1_HUMAN	0.012936611	0.9797881705057813	0.9640203826843263	44570.6724229977
VEEVKPLEGR	3	sp|O00533|NCHL1_HUMAN	0.014440433	0.9658285256870233	0.8985152796938947	1589.553805127101
SLTEEAENWGDGEPNNKK	3	sp|P14151|LYAM1_HUMAN	0.01010101	1.0	0.9308932083391822	104716.71793185141
DFTFDLYR	2	sp|P05154|IPSP_HUMAN	0.012936611	0.9866190731264982	0.904590370819195	750.0108986103181
NTLYLQMNSLK	2	sp|A0A0B4J1V0|HV315_HUMAN	0.01010101	1.0	0.9485620481249923	16631.90543647098
SDVMYTDWKKDK	2	sp|P19652|A1AG2_HUMAN	0.012936611	0.9866190731264982	0.8579381664499651	12904.473393211
QNQC[+57.021465]FYNSSYLNVQR	3	sp|P19652|A1AG2_HUMAN	0.01010101	1.0	0.7591926193943204	72895.05010586817
VGAHAGEYGAEALER	2	sp|P69905|HBA_HUMAN	0.01010101	1.0	0.8628099966590249	55081.02310272984
SLDFTELDVAAEK	2	sp|P01019|ANGT_HUMAN	0.014755959	0.9366095275687156	0.8757249079575014	3975.9414570447934
DTINLLDQR	2	sp|Q8NBJ4|GOLM1_HUMAN	0.012936611	0.9797881705057813	0.8191058816236484	22183.82318541711
TVVQLEGDNK	2	sp|P07148|FABPL_HUMAN	0.012936611	0.9866190731264982	0.925029664716497	3043.476218562441
AEGAATEEEGTPK	2	sp|P80723|BASP1_HUMAN	0.01010101	1.0	0.9366825226607494	1371.2629333599468
AEIEYLEK	2	sp|P14151|LYAM1_HUMAN	0.01010101	1.0	0.9932390593566705	1963290.104741698
GTAPTTLK	2	sp|Q92954|PRG4_HUMAN	0.01010101	1.0	0.7682456087121586	2567.1673383123334
DTKTYMLAFDVNDEK	3	sp|P02763|A1AG1_HUMAN	0.013530135	0.9728591838590949	0.8612678637696994	48518.95518912752
YTIAALLSPYSYSTTAVVTNPKE	3	sp|P02766|TTHY_HUMAN	0.012936611	0.9797881705057813	0.9266462835613051	559796.6407463744
GGSIQQYIYK	3	sp|Q92954|PRG4_HUMAN	0.01760176	0.8354707271418766	0.9817262280744378	4034.5260809778015
EWFWDLATGTM[+15.994915]K	2	sp|P02790|HEMO_HUMAN	0.012936611	0.9866190731264982	0.9556472680634265	177987.5311216162
LMC[+57.021465]AESNR	2	sp|P00746|CFAD_HUMAN	0.013530135	0.9728591838590949	0.8986826427464842	2340.711523413679
TAVTANLDIR	2	sp|O00533|NCHL1_HUMAN	0.012936611	0.9797881705057813	0.9624629685163708	26129.53541416488
YVGGQEHFAHLLILR	4	sp|P02763|A1AG1_HUMAN	0.01010101	1.0	0.9493445837010894	162626495.17226166
VSFLSALEEYTK	2	sp|P02647|APOA1_HUMAN	0.01010101	1.0	0.9872100978181945	148425.28905409455
DKC[+57.021465]EPLEK	2	sp|P02763|A1AG1_HUMAN;sp|P19652|A1AG2_HUMAN	0.01010101	1.0	0.9891037955496645	193818.01096146833
VFIASSSGFVAIK	2	sp|Q9UJC5|SH3L2_HUMAN	0.01010101	1.0	0.7934522055072672	12478.760482595906
DGWHSWPIAHQWPQGPSAVDAAFSWEEK	4	sp|P02790|HEMO_HUMAN	0.01010101	1.0	0.9599564575465983	15907946.22124201
GTEAAGAMFLEAIPMSIPPEVK	3	sp|P01009|A1AT_HUMAN	0.01010101	1.0	0.9027881052131207	1374802.783094183
SPSQDEMLPTYLK	2	sp|Q8IZF2|AGRF5_HUMAN	0.01010101	1.0	0.9679307466495406	152638.82687522698
SGAEAQTPEDSPNR	2	sp|O43493|TGON2_HUMAN	0.012936611	0.9933552810135716	0.974698729433039	1493.4321802339891
GTSAVNVVLSLK	2	sp|P20061|TCO1_HUMAN	0.01010101	1.0	0.9897452301281428	70090.65229821365
GVC[+57.021465]EETSGAYEK	2	sp|P02760|AMBP_HUMAN	0.012936611	0.9933552810135716	0.9465138687344419	169540.06602943147
TIAVLLDDILQR	3	sp|Q96EE4|CC126_HUMAN	0.01010101	1.0	0.8971536202120791	97895.47620879073
SDVVYTDWKK	2	sp|P02763|A1AG1_HUMAN	0.01010101	1.0	0.9659598323378824	393074.4313289234
FPVFM[+15.994915]GR	2	sp|P05155|IC1_HUMAN	0.013530135	0.9728591838590949	0.9006761389924306	7592.935642856998
RHSLEYSLR	3	sp|Q13449|LSAMP_HUMAN	0.014755959	0.9658285256870233	0.7308208282923658	1544.3710405901243
VQALEEANNDLENK	2	sp|P35527|K1C9_HUMAN	0.012936611	0.9866190731264982	0.9220713030331928	65381.903563463915
C[+57.021465]DDWGLDTMR	2	sp|Q9NPH3|IL1AP_HUMAN	0.01010101	1.0	0.865535014048196	6155.139381100285
FLEDVKK	1	sp|P01009|A1AT_HUMAN	0.013530135	0.9728591838590949	0.9668988799022241	3582.4651176709217
NILTSNNIDVK	2	sp|P05090|APOD_HUMAN	0.012936611	0.9933552810135716	0.9289743747437935	1041976.5725103809
GPGEDFR	2	sp|P41222|PTGDS_HUMAN	0.01010101	1.0	0.9848592591697803	726410.0891866634
LFDSDPITVTVPVEVSR	3	sp|P10909|CLUS_HUMAN	0.01010101	1.0	0.9663348834052584	320249.0656909987
TVAAPSVFIFPPSDEQLK	4	sp|P01834|IGKC_HUMAN	0.014755959	0.9290085173289965	0.7656701714012902	5758.968955546662
RGENLFAITDEGMDVPLAMEEWHHER	4	sp|Q6UXB8|PI16_HUMAN	0.012936611	0.9933552810135716	0.9370349491492007	78090.7014937785
ELDESLQVAER	2	sp|P10909|CLUS_HUMAN	0.01010101	1.0	0.9283880525671603	20940.292448881268
YPVAHFIDQTLK	2	sp|P05155|IC1_HUMAN	0.012936611	0.9933552810135716	0.9346393570956009	263935.62521293975
FEDGVLDPDYPR	2	sp|P04004|VTNC_HUMAN	0.01010101	1.0	0.9816365439004932	63441.47632969337
FQPTLLTLPR	2	sp|P05155|IC1_HUMAN	0.01010101	1.0	0.9569025258705355	3047989.8884939393
SDVMYTDWKK	2	sp|P19652|A1AG2_HUMAN	0.01010101	1.0	0.9730066475567036	137691.38666790476
FNQPFIIMIFDHFTWSSLFLAR	4	sp|P08185|CBG_HUMAN	0.01010101	1.0	0.8037313218811589	144803.90472086048
YEGGREHVAHLLFLR	3	sp|P19652|A1AG2_HUMAN	0.029220778	0.6244097987733555	0.8075867481449539	8914.556695244035
NLQEILHGAVR	2	sp|P00533|EGFR_HUMAN	0.01010101	1.0	0.9789652407192723	25742.59469371721
DYQELMNVK	2	sp|P12035|K2C3_HUMAN;sp|P35908|K22E_HUMAN;sp|Q01546|K22O_HUMAN;sp|Q5XKE5|K2C79_HUMAN	0.012936611	0.9866190731264982	0.9564377328986267	41480.427311682884
GSESGIFTNTK	2	sp|P02671|FIBA_HUMAN	0.012936611	0.9866190731264982	0.9780768545679711	101443.30736648508
TPVC[+57.021465]TTGQGSGSTATVFAMAELQK	3	sp|Q9H8L6|MMRN2_HUMAN	0.01010101	1.0	0.8909272477022041	492582.807570476
DQIVDLTVGNNK	2	sp|P35527|K1C9_HUMAN	0.01010101	1.0	0.934278082017823	9345.296103020462
LINDYVK	1	sp|P01011|AACT_HUMAN	0.013530135	0.9728591838590949	0.730069665083645	1598.2067174379445
SDDSVIQLLNPNR	2	sp|Q9BY67|CADM1_HUMAN	0.01010101	1.0	0.9088705865121711	242116.21444704168
YGFIEGHVVIPR	2	sp|P16070|CD44_HUMAN	0.01010101	1.0	0.9703818638688941	495823.1057215829
EETNEIQVVNEEPQR	4	sp|Q8NBJ4|GOLM1_HUMAN	0.018579235	0.7955364837549187	0.8387079796922712	3257.8083748546087
GLEEELQFSLGSK	2	sp|P0C0L4|CO4A_HUMAN;sp|P0C0L5|CO4B_HUMAN	0.012936611	0.9933552810135716	0.9578624883419831	83585.30202743469
HRLEDMEQALSPSVFK	3	sp|P05155|IC1_HUMAN	0.01010101	1.0	0.9350668835633937	173383.7012857754
AGTELVNFLSYFVELGTQPATQ	3	sp|P02652|APOA2_HUMAN	0.012936611	0.9866190731264982	0.936443559209592	38005.09778617036
TTAENEFVM[+15.994915]LK	2	sp|P13647|K2C5_HUMAN	0.01760176	0.8354707271418766	0.8724797763504935	6245.487065435355
THNLEPYFESFINNLR	3	sp|P04264|K2C1_HUMAN	0.01010101	1.0	0.8320848889806423	4808.529361565027
LENEIQTYR	2	sp|P13645|K1C10_HUMAN	0.01010101	1.0	0.9105052653219929	58175.56261829764
TVAAPSVFIFPPSDEQLK	3	sp|P01834|IGKC_HUMAN	0.01010101	1.0	0.8458662333245132	1084.3665213092731
TFLTVYWTPER	2	sp|P05362|ICAM1_HUMAN	0.01010101	1.0	0.9397124857235254	312823.90408775664
KGPGPGGPGGAGVAR	3	sp|Q92686|NEUG_HUMAN	0.01010101	1.0	0.9207621104572471	96487.73147957734
EFLEDTC[+57.021465]VQYVQK	2	sp|Q9UNN8|EPCR_HUMAN	0.02062975	0.9797881705057813	0.9758787953984942	68336.73257288361
NEVWWTIDGK	2	sp|Q9NPH3|IL1AP_HUMAN	0.01010101	1.0	0.8769414453618688	39627.13393197242
IQSSHNFQLESVNK	2	sp|Q8NBJ4|GOLM1_HUMAN	0.01010101	1.0	0.8427436528492954	68883.80138451529
SGAEEQGPIDGPSK	2	sp|O43493|TGON2_HUMAN	0.01010101	1.0	0.945419392714504	11256.53001387465
NHNALLASLTTQK	2	sp|O75882|ATRN_HUMAN	0.01010101	1.0	0.9511520743930907	379894.9165221008
VQLTGEPVPMAR	2	sp|P15151|PVR_HUMAN	0.01010101	1.0	0.9839205767577244	55511.886877251185
SKLPGIVAEGRDDLYVSDAFHK	5	sp|P01008|ANT3_HUMAN	0.01010101	1.0	0.820087498202858	139689.8125524599
VMTPAVYAPYDVK	3	sp|O00533|NCHL1_HUMAN	0.012936611	0.9933552810135716	0.7977410561832019	2303.178537623855
SQYEQLAEQNR	2	sp|P13645|K1C10_HUMAN	0.01010101	1.0	0.8567452437160632	1645.5909168324295
VLSYVDWIK	2	sp|Q9NZP8|C1RL_HUMAN	0.015642459	0.9134157281067091	0.9091205413927457	46082.18277923185
TTPPVLDSDGSFFLYSK	2	sp|P01857|IGHG1_HUMAN;sp|P0DOX5|IGG1_HUMAN	0.01010101	1.0	0.9582752897525925	109670.74407185512
VFSLQWGEVK	2	sp|P05156|CFAI_HUMAN	0.01010101	1.0	0.9332919923698392	46126.82482162147
IGPDNLPYVQILK	2	sp|P11362|FGFR1_HUMAN	0.01010101	1.0	0.9439519669555531	656152.1271885865
DYQELM[+15.994915]NVK	2	sp|P12035|K2C3_HUMAN;sp|P35908|K22E_HUMAN;sp|Q01546|K22O_HUMAN;sp|Q5XKE5|K2C79_HUMAN	0.012936611	0.9866190731264982	0.7806779104652573	4805.241816195086
ALDLINK	1	sp|P04196|HRG_HUMAN	0.01010101	1.0	0.7620833344947117	17511.255119884634
AVLDVFEEGTEASAATAVK	2	sp|P01011|AACT_HUMAN	0.014755959	0.9658285256870233	0.8901264579420326	321351.96513559826
NWGLSFYADKPETTK	2	sp|P19652|A1AG2_HUMAN	0.01010101	1.0	0.9420542245469721	1234136.038520046
SPELQAEAKSYFEK	2	sp|P02652|APOA2_HUMAN	0.01010101	1.0	0.9377129226647927	554135.5312279656
AFLEVNEEGSEAAASTAVVIAGR	4	sp|P01008|ANT3_HUMAN	0.012936611	0.9866190731264982	0.8886794765140986	7251.9338794814275
GEC[+57.021465]QAEGVLFFQGDR	2	sp|P02790|HEMO_HUMAN	0.027085591	1.0	0.9635855832252133	2304214.3904709937
ELELQIGNALFIGK	2	sp|P05543|THBG_HUMAN	0.01010101	1.0	0.9246877526570765	1130360.1620794982
SLSGTAFGGFLMFK	2	sp|Q9H8L6|MMRN2_HUMAN	0.012936611	0.9933552810135716	0.8431067982022948	3681.5143547145094
TRMEPFHFK	3	sp|P05155|IC1_HUMAN	0.014755959	0.9658285256870233	0.9240932267146247	11766.538810778588
FLENEDR	2	sp|P01009|A1AT_HUMAN	0.01010101	1.0	0.9855426446577114	149771.9404851195
GPSVFPLAPC[+57.021465]SR	2	sp|P01859|IGHG2_HUMAN;sp|P01860|IGHG3_HUMAN;sp|P01861|IGHG4_HUMAN	0.012936611	0.9933552810135716	0.9832245242617593	61250.00895504163
YYC[+57.021465]FQGNQFLR	2	sp|P02790|HEMO_HUMAN	0.012936611	0.9866190731264982	0.9685117023284949	688349.2098609658
DTVFALVNYIFFK	2	sp|P01009|A1AT_HUMAN	0.012936611	0.9866190731264982	0.940604702430336	21679.636296194392
HSAQPWADFTLLGAR	2	sp|Q8IYS5|OSCAR_HUMAN	0.012936611	0.9866190731264982	0.8456285426875215	25666.314954262467
IEISELNR	1	sp|P04264|K2C1_HUMAN;sp|P35908|K22E_HUMAN	0.013530135	0.9728591838590949	0.9186959932542728	5747.197389799418
TDASDVKPC[+57.021465]	2	sp|P02749|APOH_HUMAN	0.01010101	1.0	0.8985163002393715	7265.962494989136
VTTSQDMLSIMEK	2	sp|P05155|IC1_HUMAN	0.01010101	1.0	0.9703334449454123	4460433.416914791
DALSSVQESQVAQQAR	2	sp|P02656|APOC3_HUMAN	0.01010101	1.0	0.9473917284529355	961217.8372416967
QFTSSTSYNR	2	sp|P02671|FIBA_HUMAN	0.01010101	1.0	0.9910555653686113	55003.90625460164
TDTSHHDQDHPTFNK	2	sp|P01009|A1AT_HUMAN	0.013530135	0.9728591838590949	0.9460124558291572	40308.478292232765
LALDIEIATYR	2	sp|P05787|K2C8_HUMAN;sp|P08729|K2C7_HUMAN;sp|P14136|GFAP_HUMAN;sp|P19013|K2C4_HUMAN;sp|Q6KB66|K2C80_HUMAN	0.01010101	1.0	0.9272696018011926	54118.28671111992
YPPTVSMVEGQGEK	3	sp|P27918|PROP_HUMAN	0.012936611	0.9866190731264982	0.8970710871149253	1920.8633059867284
ATLLEEQLPLGK	2	sp|Q9BQ51|PD1L2_HUMAN	0.01010101	1.0	0.9407578950934261	23218.77743029631
KVPQVSTPTLVEVSR	3	sp|P02768|ALBU_HUMAN	0.012936611	0.9866190731264982	0.894979297574819	10027.516050303597
YEELQITAGR	3	sp|P04259|K2C6B_HUMAN;sp|P04264|K2C1_HUMAN	0.015642459	0.9134157281067091	0.9117851484278735	1184.0934445034773
ASSIIDELFQDR	2	sp|P10909|CLUS_HUMAN	0.01010101	1.0	0.8617925408316509	83558.10825807063
ETC[+57.021465]FAEEGKK	3	sp|P02768|ALBU_HUMAN	0.01010101	1.0	0.8859278684593063	5817.615876393966
LVVQSSIDSSAFK	2	sp|P10721|KIT_HUMAN	0.012936611	0.9933552810135716	0.9416005668186198	84227.63149341552
SYSC[+57.021465]QVTHEGSTVEK	2	sp|B9A064|IGLL5_HUMAN;sp|P0CF74|IGLC6_HUMAN;sp|P0CG04|IGLC1_HUMAN;sp|P0DOX8|IGL1_HUMAN;sp|P0DOY2|IGLC2_HUMAN;sp|P0DOY3|IGLC3_HUMAN	0.012936611	0.9797881705057813	0.9102644446484509	22020.989882407022
FMPLSDVLYGR	2	sp|Q10588|BST1_HUMAN	0.01010101	1.0	0.8958188386241097	13319.09858262131
FSISATYDLGATLLK	2	sp|P05543|THBG_HUMAN	0.012936611	0.9866190731264982	0.9171485422371088	18528.492574226817
GFGGLTGQIVAALSTAK	2	sp|Q92954|PRG4_HUMAN	0.012936611	0.9866190731264982	0.9697380011643274	10466.857260502875
NWGLSVYADKPETTK	4	sp|P02763|A1AG1_HUMAN	0.02062975	0.7626747761196712	0.871176176575378	81509.58138437617
SASNMAIVDVK	2	sp|P01023|A2MG_HUMAN	0.01010101	1.0	0.9572054641553052	29206.858565585542
QLVEIEK	2	sp|P00738|HPT_HUMAN;sp|P00739|HPTR_HUMAN	0.01010101	1.0	0.9523994491923331	432512.78648000234
GPALTTPK	1	sp|Q92954|PRG4_HUMAN	0.01760176	0.8804971228634604	0.8393500030757383	4940.365417973844
EWFWDLATGTMK	2	sp|P02790|HEMO_HUMAN	0.01010101	1.0	0.8922926353988961	356059.99446487485
REPAVGEPAEVTTTVLVR	3	sp|P05362|ICAM1_HUMAN	0.012936611	0.9933552810135716	0.9318544597655565	72312.81255305259
LTPTLYVGK	2	sp|O75460|ERN1_HUMAN	0.01010101	1.0	0.8712344409169067	31914.649658518232
AQVSPTASDMLHMR	2	sp|Q6UXB8|PI16_HUMAN	0.014755959	0.9440873193926883	0.9655185246146275	25325.4882894265
EMEDTLNHLK	2	sp|P17936|IBP3_HUMAN	0.012936611	0.9933552810135716	0.8582143232143492	69269.24415263142
DYQELMNTK	2	sp|P04264|K2C1_HUMAN	0.012936611	0.9866190731264982	0.976615576405931	167142.90697489207
KGIYSFSFHVIK	3	sp|Q9NTU7|CBLN4_HUMAN	0.01010101	1.0	0.9441319717768236	223761.12744731328
TVEGAGSIAAATGFVK	3	sp|P37840|SYUA_HUMAN	0.012936611	0.9933552810135716	0.8398069208848333	1981.7501660357896
SETEIHQGFQHLHQLFAK	5	sp|P08185|CBG_HUMAN	0.012936611	0.9933552810135716	0.963577946732753	1130792.2861676468
LMVELHNLYR	2	sp|Q6UXB8|PI16_HUMAN	0.012936611	0.9933552810135716	0.9501121182129582	77807.69778747682
FKLDDDLEHQGGHVLDHGHK	3	sp|P01042|KNG1_HUMAN	0.01010101	1.0	0.8755800361098163	149304.14666489256
DLWVNIDQMEK	2	sp|Q6UX71|PXDC2_HUMAN	0.01010101	1.0	0.9269393316157968	82245.66703144573
TGLFQDVGPQR	2	sp|Q86SQ4|AGRG6_HUMAN	0.012936611	0.9933552810135716	0.9491705696086972	6900.3402886655385
GDGPVQGIINFEQK	2	sp|P00441|SODC_HUMAN	0.012936611	0.9866190731264982	0.8204818778988079	22278.157887372177
YDVDTQMWTILK	3	sp|O75882|ATRN_HUMAN	0.014755959	0.9440873193926883	0.7254721667190487	651.6029901129225
VTATGFQQC[+57.021465]SLIDGR	2	sp|Q8NFT8|DNER_HUMAN	0.012936611	0.9797881705057813	0.9198350941160144	8364.20197864445
SFMLLILER	2	sp|P05543|THBG_HUMAN	0.01010101	1.0	0.9335421557906116	257542.98807364953
LLDSLPSDTR	2	sp|P05155|IC1_HUMAN	0.012936611	0.9866190731264982	0.9688575264951407	710833.6687732984
TNLESILSYPK	2	sp|P05155|IC1_HUMAN	0.01010101	1.0	0.950111928444754	614758.6650070522
QSTQTLYVNVAPR	2	sp|P19320|VCAM1_HUMAN	0.012936611	0.9933552810135716	0.8664772556120396	1416.1668943816585
YVMLPVADQDQC[+57.021465]IR	3	sp|P00738|HPT_HUMAN	0.012936611	0.9797881705057813	0.9245713825503713	19748.00249406248
ALYVHGGYK	2	sp|O75882|ATRN_HUMAN	0.012936611	0.9797881705057813	0.9631868614495511	15272.15423366584
RVWELSK	1	sp|P01008|ANT3_HUMAN	0.026002167	0.686593192055836	0.7165517588648251	455.3867376939074
QPAVEEPAEVTATVLASR	2	sp|P32942|ICAM3_HUMAN	0.01010101	1.0	0.954390761901981	1397696.601743877
DWHGVPGQVDAAMAGR	2	sp|P04004|VTNC_HUMAN	0.012936611	0.9797881705057813	0.8684033576491449	45240.959613190375
AVVFLEPQWYR	3	sp|P08637|FCG3A_HUMAN	0.01010101	1.0	0.8994112228706094	61166.64773279724
MSSINADFAFNLYR	3	sp|P05543|THBG_HUMAN	0.012936611	0.9797881705057813	0.951838760198852	14661.80913077081
TMIIYFDQVLVNIGNNFDSER	3	sp|P23435|CBLN1_HUMAN	0.014755959	0.9440873193926883	0.9215354315379809	13983.621218145565
NYSPYYNTIDDLK	2	sp|P35527|K1C9_HUMAN	0.01010101	1.0	0.9512092821911603	809025.1656818866
VGYVSGWGQSDNFK	2	sp|P00739|HPTR_HUMAN	0.01010101	1.0	0.8511495622799644	79396.37593322457
TEGDGVYTLNDKK	3	sp|P00738|HPT_HUMAN;sp|P00739|HPTR_HUMAN	0.013530135	0.9728591838590949	0.958414107196817	24106.234107828554
LLGIETPLPK	2	sp|P05362|ICAM1_HUMAN	0.012936611	0.9866190731264982	0.7759682819918214	4083.243578387215
GILTVDELLAIR	2	sp|P13473|LAMP2_HUMAN	0.01010101	1.0	0.9645141339982557	632906.5162275321
SYQDFFEAIR	2	sp|P18850|ATF6A_HUMAN	0.01010101	1.0	0.918153016598573	23806.570949482644
AIGPSQTHTIR	2	sp|Q92954|PRG4_HUMAN	0.01010101	1.0	0.9707596735837714	109332.8863267243
EPFLSC[+57.021465]C[+57.021465]QFAESLR	2	sp|P0C0L4|CO4A_HUMAN;sp|P0C0L5|CO4B_HUMAN	0.01010101	1.0	0.9078790443866446	397016.3613945279
TSDQIHFFFAK	2	sp|P01008|ANT3_HUMAN	0.01010101	1.0	0.9694325577340565	160037.9338106942
GWVTDGFSSLK	2	sp|P02656|APOC3_HUMAN	0.01010101	1.0	0.9548737716553113	1055942.8652532948
LHMLQISYFR	2	sp|Q9UNN8|EPCR_HUMAN	0.01010101	1.0	0.8961725189002009	24199.902133279607
EPC[+57.021465]VESLVSQYFQTVTDYGK	3	sp|P02652|APOA2_HUMAN	0.01010101	1.0	0.7291231577069083	1004562.7644218055
VIPGPPALTLVPAELVR	3	sp|P07333|CSF1R_HUMAN	0.01010101	1.0	0.8577025314023246	68762.37026437832
YTIAALLSPYSYSTTAVVTNPK	3	sp|P02766|TTHY_HUMAN	0.01010101	1.0	0.9478753495557016	94406059.68701577
SLDLDSIIAEVK	2	sp|P04264|K2C1_HUMAN	0.01010101	1.0	0.9062358260211038	11519.344247609912
TEAESGLLFYMAR	2	sp|P24043|LAMA2_HUMAN	0.015642459	0.9212790999005022	0.7390471024982838	395.6105291340686
EHAVEGDC[+57.021465]DFQLLK	2	sp|P02765|FETUA_HUMAN	0.012936611	0.9797881705057813	0.9389353530991335	120280.14943176768
FNQPFIIM[+15.994915]IFDHFTWSSLFLAR	3	sp|P08185|CBG_HUMAN	0.01010101	1.0	0.9381169970745874	4476816.247225841
RYTIAALLSPYSYSTTAVVTNPK	4	sp|P02766|TTHY_HUMAN	0.01010101	1.0	0.82815262382067	109457.490787466
SPLFMGK	2	sp|P01009|A1AT_HUMAN	0.01010101	1.0	0.9475542506755472	2500603.348505397
ESGTDDFNVWIGLHDPK	2	sp|P05451|REG1A_HUMAN	0.012936611	0.9933552810135716	0.7720726357371667	16741.841137954416
FNWYVDGVEVHNAK	3	sp|P01857|IGHG1_HUMAN;sp|P0DOX5|IGG1_HUMAN	0.012936611	0.9866190731264982	0.8440815748106312	186148.0225436766
YVGGQEHFAHLLILRDTK	4	sp|P02763|A1AG1_HUMAN	0.01010101	1.0	0.9570610575793203	356742.224148796
TLMFGSYLDDEK	2	sp|P19652|A1AG2_HUMAN	0.03135135	1.0	0.9708475845793079	2641504.701359247
KGEVLPLPEANFPSFPLPHHK	4	sp|P04196|HRG_HUMAN	0.01010101	1.0	0.9487099992109611	862969.7433632519
GDSVVYGLR	2	sp|P10451|OSTP_HUMAN	0.013530135	0.9728591838590949	0.9311426301268717	4144.020437929712
VDLLNQEIEFLK	2	sp|P35908|K22E_HUMAN	0.012936611	0.9933552810135716	0.933017728882166	85250.91723932444
YPIVSPR	2	sp|P16112|PGCA_HUMAN	0.014755959	0.9658285256870233	0.9861891097360049	14440.982183938988
TLILDVPPGVEK	2	sp|P08575|PTPRC_HUMAN	0.012936611	0.9933552810135716	0.8885884341727236	21381.927500224305
KNIFISPVSISMALAMLSLGTC[+57.021465]GHTR	4	sp|P08185|CBG_HUMAN	0.01010101	1.0	0.9250124771044639	25124.301629077156
DYWSTVK	2	sp|P02656|APOC3_HUMAN	0.01010101	1.0	0.9637433215240612	5162417.0315439515
VTSIQDWVQK	2	sp|P00738|HPT_HUMAN	0.01010101	1.0	0.9768242807454773	326679.7323680261
LQHLENELTHDIITK	2	sp|P01009|A1AT_HUMAN	0.01010101	1.0	0.9518498686297746	1302650.2259780236
GLASANVDFAFSLYK	3	sp|P08185|CBG_HUMAN	0.01010101	1.0	0.958006246087836	271731.7865324847
QNC[+57.021465]ELFEQLGEYK	2	sp|P02768|ALBU_HUMAN	0.012936611	0.9797881705057813	0.9211372757648028	145672.8140789587
YTIAALLSPYSYSTTAVVTNPK	4	sp|P02766|TTHY_HUMAN	0.01010101	1.0	0.8643976528103134	883785.4861115635
GTAPTTLK	1	sp|Q92954|PRG4_HUMAN	0.01010101	1.0	0.9442339177642743	19774.728800418005
YEPVLLK	2	sp|P23471|PTPRZ_HUMAN	0.01760176	0.8718655118414741	0.8626852883005949	7427.836039891904
IC[+57.021465]LDLQAPLYK	3	sp|P02776|PLF4_HUMAN	0.01010101	1.0	0.9143633612794074	2482.0019304821985
TPSSTGPSPVFDIK	2	sp|Q12913|PTPRJ_HUMAN	0.012936611	0.9933552810135716	0.9234706137219331	269835.29223180545
FDTISEK	2	sp|P01008|ANT3_HUMAN	0.013530135	0.9728591838590949	0.9850340075508179	4450.583348871993
YSLTYIYTGLSK	2	sp|P25311|ZA2G_HUMAN	0.01010101	1.0	0.8864437069874773	94483.43472748097
FEMEQNLR	2	sp|P35527|K1C9_HUMAN	0.012936611	0.9797881705057813	0.9696330765223835	66811.18784436905
QGHNSVFLIK	3	sp|P02790|HEMO_HUMAN	0.014755959	0.9658285256870233	0.9411230140877149	14699.47370999214
NTWSILHTQGALVQGGYGHSSVYDHR	3	sp|O75882|ATRN_HUMAN	0.01010101	1.0	0.9314836241339582	2423028.8597074803
IVDLFSGLDSPAILVLVNYIFFK	3	sp|P08185|CBG_HUMAN	0.012936611	0.9797881705057813	0.9425976717665888	8077.918034453047
SASLHLPK	2	sp|P01009|A1AT_HUMAN	0.013530135	0.9728591838590949	0.970866218054475	3970.941078389311
FTVNNLAEPQK	2	sp|P12259|FA5_HUMAN	0.012936611	0.9933552810135716	0.990859977523084	15178.269738314328
GIQVEIYSFPK	2	sp|P19320|VCAM1_HUMAN	0.012936611	0.9933552810135716	0.8060407904572227	8343.086583071174
MEEVEAMLLPETLK	2	sp|P01011|AACT_HUMAN	0.012936611	0.9866190731264982	0.9683062813664014	21348.2229411604
FRIEDGFSLK	2	sp|P01008|ANT3_HUMAN	0.018579235	0.7955364837549187	0.7219316175376053	6462.3208831782595
VTDPQLVVTLHEK	3	sp|P09619|PGFRB_HUMAN	0.012936611	0.9933552810135716	0.8217783040892397	2290.980260067121
GDDITMVLILPKPEK	3	sp|P01008|ANT3_HUMAN	0.012936611	0.9866190731264982	0.9783632592065934	418930.75634892954
GDTFSC[+57.021465]MVGHEALPLAFTQK	3	sp|P01876|IGHA1_HUMAN	0.012936611	0.9933552810135716	0.9119411727178046	24424.750512215523
EHVAHLLFLRDTK	4	sp|P19652|A1AG2_HUMAN	0.012936611	0.9866190731264982	0.9228562659246629	190985.24253801993
AQWANPFDPSK	2	sp|P05543|THBG_HUMAN	0.012936611	0.9933552810135716	0.9708954465545993	271294.9758340133
YIFSDDSSQLTIK	2	sp|P13591|NCAM1_HUMAN	0.012936611	0.9866190731264982	0.8905711574451185	15532.218891108407
FNKPFVFLMIEQNTK	2	sp|P01009|A1AT_HUMAN	0.01010101	1.0	0.9716099735041186	3390162.9940474923
GLPNVVTSAISLPNIR	3	sp|Q92954|PRG4_HUMAN	0.012936611	0.9797881705057813	0.912919811485109	671175.999530365
SDVVYTDWK	2	sp|P02763|A1AG1_HUMAN	0.012936611	0.9866190731264982	0.9558720235249243	295113.8809544981
WVQDYIK	2	sp|Q16627|CCL14_HUMAN	0.01010101	1.0	0.9762131304050975	860713.2946897515
EVPLNTIIFM[+15.994915]GR	2	sp|P01008|ANT3_HUMAN	0.01010101	1.0	0.9758829923918853	201430.56250749392
HIIVAC[+57.021465]EGSPYVPVHFDASVEDST	3	sp|P07998|RNAS1_HUMAN	0.01010101	1.0	0.9236816657260332	4313926.867482406
M[+15.994915]SSINADFAFNLYR	2	sp|P05543|THBG_HUMAN	0.012936611	0.9797881705057813	0.768482992683973	8175.359647366644
GWVDLFVPK	2	sp|P05543|THBG_HUMAN	0.012936611	0.9797881705057813	0.9629992178002611	62574.15808905081
FLEDVKK	2	sp|P01009|A1AT_HUMAN	0.013530135	0.9728591838590949	0.9910914502063585	70821.0281492687
WVMVPMMSLHHLTIPYFR	4	sp|P01011|AACT_HUMAN	0.01010101	1.0	0.8166135999526701	287859.0663098278
C[+57.021465]PLFEHFLK	3	sp|Q9NPH3|IL1AP_HUMAN	0.014755959	0.9658285256870233	0.7842039097285411	3561.3460259983804
YAASSYLSLTPEQWK	2	sp|A0M8Q6|IGLC7_HUMAN;sp|B9A064|IGLL5_HUMAN;sp|P0CF74|IGLC6_HUMAN;sp|P0CG04|IGLC1_HUMAN;sp|P0DOX8|IGL1_HUMAN;sp|P0DOY2|IGLC2_HUMAN;sp|P0DOY3|IGLC3_HUMAN	0.01010101	1.0	0.9475613928620066	2978601.6848384086
TC[+57.021465]PKPDDLPFSTVVPLK	2	sp|P02749|APOH_HUMAN	0.01010101	1.0	0.8875435882817	53416.49753880815
LSSWVLLM[+15.994915]K	2	sp|P01009|A1AT_HUMAN	0.012936611	0.9866190731264982	0.9921470451220193	70859.5924899583
LTSLPLGALR	2	sp|P07359|GP1BA_HUMAN	0.01010101	1.0	0.8973914649674194	169248.1746289762
VILPQTSDAYQVSVAK	2	sp|Q86SQ4|AGRG6_HUMAN	0.01010101	1.0	0.8689866155573132	338755.7284293542
ELTPEVLQEWLDELEEMMLVVHMPR	4	sp|P01008|ANT3_HUMAN	0.01010101	1.0	0.9606163475513484	643146.3061240956
TMLLQPAGSLGSYSYR	3	sp|P41222|PTGDS_HUMAN	0.013530135	0.9728591838590949	0.9891268605424157	757408.8502748961
LWLQGIDVR	2	sp|P28827|PTPRM_HUMAN	0.012936611	0.9866190731264982	0.9112881703695379	5935.261479281081
LLDNWDSVTSTFSK	2	sp|P02647|APOA1_HUMAN	0.01010101	1.0	0.9303227255831169	820995.9667786086
QDQC[+57.021465]IYNTTYLNVQR	2	sp|P02763|A1AG1_HUMAN	0.014755959	0.9658285256870233	0.8680011418636358	13608.25969637417
AVSISPTNVILTWK	3	sp|Q12913|PTPRJ_HUMAN	0.01010101	1.0	0.8119955740186023	36720.327979728056
SKEEAEALYHSK	2	sp|P35908|K22E_HUMAN	0.01010101	1.0	0.8583662782988174	14049.849023892437
YVGGQEHFAHLLILR	2	sp|P02763|A1AG1_HUMAN	0.01010101	1.0	0.9428707148442339	6913522.49704223
ANQQLNFTEAK	2	sp|Q9Y5Y7|LYVE1_HUMAN	0.012936611	0.9933552810135716	0.9885307768643086	36670.39249633247
TFYEPGEEITYSC[+57.021465]KPGYVSR	3	sp|P02749|APOH_HUMAN	0.012936611	0.9866190731264982	0.935532124882094	174395.10956105482
QLSFEEFIMLMAR	3	sp|P06702|S10A9_HUMAN	0.01010101	1.0	0.773353103053943	16376.997905700151
NKEDC[+57.021465]VEIYIK	3	sp|P14151|LYAM1_HUMAN	0.01010101	1.0	0.9180036062662894	61526.618805847036
EHVAHLLFLRDTK	3	sp|P19652|A1AG2_HUMAN	0.012936611	0.9866190731264982	0.8888413376805868	79492.49333247906
RLGMFNIQHC[+57.021465]K	2	sp|P01009|A1AT_HUMAN	0.01010101	1.0	0.9874494601315005	133332.60905781062
SAGSVESPSVSSTHR	3	sp|P17936|IBP3_HUMAN	0.01010101	1.0	0.9392751987694762	107094.71128035632
NSLYLQMNSLR	2	sp|A0A0B4J1V1|HV321_HUMAN;sp|A0A0B4J1X8|HV343_HUMAN;sp|A0A0C4DH32|HV320_HUMAN;sp|P01762|HV311_HUMAN;sp|P01763|HV348_HUMAN;sp|P01766|HV313_HUMAN;sp|P01780|HV307_HUMAN;sp|P01782|HV309_HUMAN;sp|P0DP04|HV43D_HUMAN	0.01010101	1.0	0.9162161132674347	4127.709408522803
IPKSDVVYTDWK	2	sp|P02763|A1AG1_HUMAN	0.012936611	0.9933552810135716	0.946715548687737	23556.1005888534
KATVVYQGER	2	sp|P02749|APOH_HUMAN	0.012936611	0.9866190731264982	0.9654292879487995	7529.174579034053
QGLLPVLESFK	2	sp|P02647|APOA1_HUMAN	0.012936611	0.9933552810135716	0.9778954332786478	139806.90272898268
LQGEIAHVK	2	sp|P35908|K22E_HUMAN	0.01010101	1.0	0.9609308415864899	47212.29442449956
EGVLYVGSK	2	sp|P37840|SYUA_HUMAN;sp|Q16143|SYUB_HUMAN	0.01010101	1.0	0.954659084731935	64495.73370365722
TYFPHFDLSHGSAQVK	4	sp|P69905|HBA_HUMAN	0.01010101	1.0	0.9291429456519312	1229211.5035363024
GGEGTGYFVDFSVR	2	sp|P04196|HRG_HUMAN	0.012936611	0.9933552810135716	0.9642782525299924	4899.821833212673
AGALQLLLVGDK	2	sp|P55058|PLTP_HUMAN	0.01010101	1.0	0.8487897232274879	24083.619756654352
DTEEEDFHVDQVTTVK	2	sp|P01009|A1AT_HUMAN	0.014755959	0.9658285256870233	0.959382416698002	103558.59898732395
ATVVYQGER	2	sp|P02749|APOH_HUMAN	0.01010101	1.0	0.9458118066167615	402899.4866419761
IDSLLENDR	2	sp|P10909|CLUS_HUMAN	0.012936611	0.9866190731264982	0.9619367298296703	160.80285970453764
TM[+15.994915]LLQPAGSLGSYSYR	2	sp|P41222|PTGDS_HUMAN	0.01010101	1.0	0.9236435015879286	1920306.7778229043
DYVSQFEGSALGK	2	sp|P02647|APOA1_HUMAN	0.01010101	1.0	0.9107165325829942	99753.70944683855
EHVAHLLFLR	2	sp|P19652|A1AG2_HUMAN	0.01010101	1.0	0.940717981757474	5272589.059609543
TVAAC[+57.021465]NLPIVR	3	sp|P02760|AMBP_HUMAN	0.01010101	1.0	0.8406592677081646	6841.569457764681
ETYGEMADC[+57.021465]C[+57.021465]AK	2	sp|P02768|ALBU_HUMAN	0.012936611	0.9933552810135716	0.781031325048105	1612.512571929075
AVVFLEPQWYSVLEK	2	sp|O75015|FCG3B_HUMAN	0.01010101	1.0	0.9620545187017987	342513.96872442734
LLIYDNNK	2	sp|P01701|LV151_HUMAN	0.01010101	1.0	0.9724699304587388	82497.14075109609
LLIYGASTR	2	sp|A0A075B6H7|KV37_HUMAN;sp|A0A0C4DH55|KVD07_HUMAN;sp|P01624|KV315_HUMAN	0.01010101	1.0	0.9243584619006338	234534.72017565725
ALAQC[+57.021465]APPPAVC[+57.021465]AELVR	3	sp|P17936|IBP3_HUMAN	0.01010101	1.0	0.9370272022265761	13065.426166225252
DFVQPPTK	1	sp|P01042|KNG1_HUMAN	0.01010101	1.0	0.7119276248317133	14105.80303091878
FIVLSNNYLQIR	2	sp|P13591|NCAM1_HUMAN	0.012936611	0.9933552810135716	0.8714994647494172	3142.1386951050104
AADDTWEPFASGKTSESGELHGLTTEEEFVEGIYK	4	sp|P02766|TTHY_HUMAN	0.014755959	0.9658285256870233	0.9151336478701085	90089.84385155118
DKC[+57.021465]EPLEKQHEK	2	sp|P02763|A1AG1_HUMAN;sp|P19652|A1AG2_HUMAN	0.014755959	0.9586923939928679	0.8256884985795923	1218.436773530135
STAAMSTYTGIFTDQVLSVLK	3	sp|P02655|APOC2_HUMAN	0.012936611	0.9866190731264982	0.9871754040349819	95067.37903589482
SGTASEMGTER	2	sp|Q9ULI3|HEG1_HUMAN	0.01010101	1.0	0.9048135858283601	23537.495439527996
LWWLDLK	2	sp|P02790|HEMO_HUMAN	0.012936611	0.9797881705057813	0.8829288528133262	15244.637919089308
AEAESLYQSK	2	sp|P04264|K2C1_HUMAN	0.01010101	1.0	0.9921689958779765	153233.35033346634
ALDLINK	2	sp|P04196|HRG_HUMAN	0.01010101	1.0	0.9842401053101915	747906.9154404391
TLLDIDNTR	2	sp|P35527|K1C9_HUMAN	0.012936611	0.9797881705057813	0.9703875445407492	126165.17154065671
DIPMNPMC[+57.021465]IYR	2	sp|P01008|ANT3_HUMAN	0.01010101	1.0	0.9347257338824037	301616.56665563886
TEGDGVYTLNNEK	2	sp|P00738|HPT_HUMAN	0.012936611	0.9933552810135716	0.9547356366343801	35261.9591547418
VPTVEPLDSLTLFLFR	2	sp|P13598|ICAM2_HUMAN	0.01010101	1.0	0.9583854979133086	14122219.396427503
SVDIWLR	1	sp|P15151|PVR_HUMAN	0.01010101	1.0	0.7242790448128335	24868.059662488147
AFLEVNEEGSEAAASTAVVIAGR	3	sp|P01008|ANT3_HUMAN	0.012936611	0.9866190731264982	0.9635144761048637	185601.35593361908
LVAASQAALGL	2	sp|P02768|ALBU_HUMAN	0.012936611	0.9797881705057813	0.8226397544327854	40815.59155362641
FLENEDR	1	sp|P01009|A1AT_HUMAN	0.01010101	1.0	0.7367082383436865	10362.132332606725
ALGISPFHEHAEVVFTANDSGPR	5	sp|P02766|TTHY_HUMAN	0.012936611	0.9866190731264982	0.9079094316544516	2463.4536505752985
FDPVRGEVPPR	3	sp|P02790|HEMO_HUMAN	0.01010101	1.0	0.9645274068242395	758129.1649311671
ATVVYQGERVK	2	sp|P02749|APOH_HUMAN	0.014755959	0.9586923939928679	0.8996755029988661	1572.3972397531884
MADEAGSEADHEGTHSTK	3	sp|P02671|FIBA_HUMAN	0.01010101	1.0	0.8971870119374362	34531.412905227
TLLVFEVQQPFLFVLWDQQHK	3	sp|P05155|IC1_HUMAN	0.01010101	1.0	0.8745653657451476	301535.9727085697
YLYEIAR	2	sp|P02768|ALBU_HUMAN	0.01010101	1.0	0.9368735674788757	241650.52578754118
FLSTLTIDGVTR	2	sp|P35968|VGFR2_HUMAN	0.015642459	0.9290085173289965	0.858878845067513	14852.138467385954
SSQTVAVHHPQYGFSVQGEYQGR	4	sp|Q9NQS3|NECT3_HUMAN	0.012936611	0.9797881705057813	0.9315570688489052	816.4664074279333
ALGISPFHEHAEVVFTANDSGPRR	5	sp|P02766|TTHY_HUMAN	0.015642459	0.9134157281067091	0.9902785832299164	21873.869739279417
SLNNQFASFIDK	2	sp|P04264|K2C1_HUMAN	0.012936611	0.9933552810135716	0.9575072787583198	356178.76222215
AADDTWEPFASGK	2	sp|P02766|TTHY_HUMAN	0.01010101	1.0	0.9622959692631875	7153714.525719417
IVQYHWEELK	2	sp|Q8IZA0|K319L_HUMAN	0.01010101	1.0	0.865503010709075	23792.27863388184
FSSSSGYGGGSSR	2	sp|P35527|K1C9_HUMAN	0.012936611	0.9933552810135716	0.9454936038991415	18211.740416289143
LVLLNAIYLSAK	3	sp|P05155|IC1_HUMAN	0.013530135	0.9728591838590949	0.8963253551745163	21777.83198876531
LYLVQGTQVYVFLTK	2	sp|P02790|HEMO_HUMAN	0.01010101	1.0	0.9696323350047406	11220951.650940634
VYSDPQPHIQWLK	2	sp|P11362|FGFR1_HUMAN	0.01010101	1.0	0.9158273210379771	279061.21134994325
VNVDEVGGEALGR	2	sp|P68871|HBB_HUMAN	0.01010101	1.0	0.9117016963801373	17610.931293015543
VTTPDTSTTQHNK	2	sp|Q92954|PRG4_HUMAN	0.014755959	0.9514467542496609	0.9331645734601713	1584.7203678142123
NWGLSVYADKPETTK	3	sp|P02763|A1AG1_HUMAN	0.02062975	0.7626747761196712	0.891645883263283	184618.9163155229
GDPLGTEGGLDASNTER	2	sp|Q12913|PTPRJ_HUMAN	0.01010101	1.0	0.9223329383775146	1626055.83536029
LLGLSLAGK	1	sp|Q9Y5Y7|LYVE1_HUMAN	0.02388708	0.9586923939928679	0.9163652824336492	478.76454235402764
LGNQEPGGQTALK	2	sp|P08697|A2AP_HUMAN	0.01010101	1.0	0.9513273856082156	1880.5524370270837
GLYDVVSVLR	2	sp|O75144|ICOSL_HUMAN	0.01010101	1.0	0.977708695607448	1692114.2818559378
ETPAATEAPSSTPK	2	sp|P80723|BASP1_HUMAN	0.01010101	1.0	0.9148945192232683	20503.274664919874
AVLHIGEK	2	sp|P05543|THBG_HUMAN	0.02494577	0.9728591838590949	0.9659917870733495	41287.18748894805
MADEAGSEADHEGTHSTK	4	sp|P02671|FIBA_HUMAN	0.03236246	0.5678582329614409	0.8210079576615373	188.6349262256656
TDTSHHDQDHPTFNK	4	sp|P01009|A1AT_HUMAN	0.013530135	0.9728591838590949	0.938353697082464	2163605.9148882204
LYHSEAFTVNFGDTEEAKK	3	sp|P01009|A1AT_HUMAN	0.012936611	0.9933552810135716	0.9634154490416016	81299.55703964268
FAGVFHVEK	2	sp|P16070|CD44_HUMAN	0.012936611	0.9797881705057813	0.9909187018425623	501606.33968252497
GPALTTPK	2	sp|Q92954|PRG4_HUMAN	0.01010101	1.0	0.9668304674914947	638537.1188733449
VTMQNLNDR	2	sp|P02533|K1C14_HUMAN;sp|P08779|K1C16_HUMAN;sp|P13645|K1C10_HUMAN;sp|Q7Z3Y7|K1C28_HUMAN;sp|Q7Z3Y8|K1C27_HUMAN;sp|Q7Z3Y9|K1C26_HUMAN;sp|Q7Z3Z0|K1C25_HUMAN	0.03344121	0.9866190731264982	0.951595538461411	8294.697278630485
DYFMPC[+57.021465]PGR	2	sp|P02790|HEMO_HUMAN	0.012936611	0.9866190731264982	0.8887469681815751	1046636.8513009821
VEIDTKSYWK	2	sp|P02766|TTHY_HUMAN	0.01010101	1.0	0.9642728528088984	110912.67708954125
GPMFELLPGESNK	2	sp|P10124|SRGN_HUMAN	0.01010101	1.0	0.9623543611738443	171963.5878814029
SSQTVAVHHPQYGFSVQGEYQGR	3	sp|Q9NQS3|NECT3_HUMAN	0.012936611	0.9797881705057813	0.8172422781744306	2021.6840969319996
ANRPFLVFIR	3	sp|P01008|ANT3_HUMAN	0.01010101	1.0	0.9605966055494012	1524579.1279292388
FLASVSTVLTSK	2	sp|P69905|HBA_HUMAN	0.01010101	1.0	0.9294101311945109	27034.228797592674
GLGELQELYLK	2	sp|P07359|GP1BA_HUMAN	0.012936611	0.9933552810135716	0.9486034863826662	155374.02601044186
FKLDDDLEHQGGHVLDHGHK	6	sp|P01042|KNG1_HUMAN	0.01010101	1.0	0.9015845373507467	150449.29313198768
LPTDSELAPR	2	sp|P49908|SEPP1_HUMAN	0.012936611	0.9866190731264982	0.9867534967639257	5539.454326513814
GTHC[+57.021465]NQVEVIATLK	2	sp|P02775|CXCL7_HUMAN	0.01010101	1.0	0.922862445624399	532154.9803944399
SDVVYTDWKKDK	2	sp|P02763|A1AG1_HUMAN	0.01010101	1.0	0.9383100283454289	97073.19054343452
GLGEISAASEFK	2	sp|P13591|NCAM1_HUMAN	0.01010101	1.0	0.9545780165856331	20221.88545489923
VVSTNYNQHAMVFFK	3	sp|P80188|NGAL_HUMAN	0.013530135	0.9728591838590949	0.8914837038478803	49442.3327254433
AVMDDFAAFVEK	3	sp|P02768|ALBU_HUMAN	0.01010101	1.0	0.9294048707982572	296256.3235430524
EESLDSDLYAELR	2	sp|P02775|CXCL7_HUMAN	0.01010101	1.0	0.9522167559863082	5788627.150500971
QISNLQQSISDAEQR	2	sp|P04264|K2C1_HUMAN	0.01010101	1.0	0.9282255758810569	2503219.691485184
VIVVSMNYR	2	sp|P06276|CHLE_HUMAN	0.012936611	0.9866190731264982	0.8617682350252285	12456.810936050453
LNDLEEALQQAK	2	sp|P35908|K22E_HUMAN	0.01010101	1.0	0.9862926599920601	70015.07372955079
MTVTDQVNC[+57.021465]PK	2	sp|P05090|APOD_HUMAN	0.01010101	1.0	0.9843420808226185	27819.7650783847
VVAGVANALAHK	3	sp|P02042|HBD_HUMAN;sp|P68871|HBB_HUMAN	0.012936611	0.9866190731264982	0.9575036881557882	20596.07764061649
DGYLFQLLR	2	sp|P04196|HRG_HUMAN	0.01010101	1.0	0.9566676182572835	801349.5145938976
NFPSPVDAAFR	2	sp|P02790|HEMO_HUMAN	0.013530135	0.9728591838590949	0.9689340599779754	55416.37161759792
GVTSVSQIFHSPDLAIR	2	sp|P05155|IC1_HUMAN	0.012936611	0.9933552810135716	0.741068593733075	9063.6189146139
AVLTIDEK	2	sp|P01009|A1AT_HUMAN	0.01010101	1.0	0.9771731269977216	16431499.302864406
RYTIAALLSPYSYSTTAVVTNPKE	4	sp|P02766|TTHY_HUMAN	0.013530135	0.9728591838590949	0.9017590271625661	18587.431059563154
TWQDC[+57.021465]EYK	2	sp|P01042|KNG1_HUMAN	0.01010101	1.0	0.9216769607990383	64494.401655557274
DQYYNIDVPSR	3	sp|Q92954|PRG4_HUMAN	0.01010101	1.0	0.7841891922960689	7843.846611268341
GFMQTYYDDHLR	3	sp|P55056|APOC4_HUMAN	0.01010101	1.0	0.8196482610690756	50393.017288964424
C[+57.021465]TWLIEGQPNR	2	sp|O75882|ATRN_HUMAN	0.01010101	1.0	0.7758103120168583	15991.910756993217
VVHFIYIAILSQK	3	sp|P43652|AFAM_HUMAN	0.01010101	1.0	0.8868978246365867	58089.93442820095
NIDVFNVEDQKR	2	sp|Q8NBJ4|GOLM1_HUMAN	0.012936611	0.9933552810135716	0.875433723814168	2277.527854698781
STSESTAALGC[+57.021465]LVK	2	sp|P01859|IGHG2_HUMAN;sp|P01861|IGHG4_HUMAN	0.01010101	1.0	0.9636879584522607	138407.23106118868
SGGGGGGGLGSGGSIR	2	sp|P35527|K1C9_HUMAN	0.012936611	0.9933552810135716	0.9043777010372097	9996.525615641322
VADALTNAVAHVDDMPNALSALSDLHAHK	5	sp|P69905|HBA_HUMAN	0.01010101	1.0	0.9254108086622173	223018.22102464386
VFSNGADLSGVTEEAPLK	3	sp|P01009|A1AT_HUMAN	0.013530135	0.9728591838590949	0.8134404414715556	1241.5782210592295
EQLTPLIK	1	sp|P02652|APOA2_HUMAN	0.01010101	1.0	0.71192861499363	14388.097085493142
SGIIFAGHDK	2	sp|Q13449|LSAMP_HUMAN	0.01010101	1.0	0.783996917291884	50550.52893152794
ADLFYDVEALDLESPK	3	sp|P04196|HRG_HUMAN	0.012936611	0.9933552810135716	0.9468930675530537	186367.0772951481
SGYFLSISDSK	2	sp|Q86SQ4|AGRG6_HUMAN	0.01010101	1.0	0.8984156820854536	29739.802440592888
QPAVEEPAEVTATVLASR	4	sp|P32942|ICAM3_HUMAN	0.01010101	1.0	0.8282680797941385	202750.07502624262
SKEQLTPLIK	3	sp|P02652|APOA2_HUMAN	0.014755959	0.9658285256870233	0.8450411027023426	10685.095158158063
GDSVVYGLR	1	sp|P10451|OSTP_HUMAN	0.018579235	0.8058999028144878	0.9219497322720035	1065.666410689651
LRTEGDGVYTLNNEK	2	sp|P00738|HPT_HUMAN	0.012936611	0.9797881705057813	0.8985487606199594	1931.9672962315913
GPPFSSSQSIPVVPR	2	sp|Q8IZP9|AGRG2_HUMAN	0.01010101	1.0	0.8230110837804133	77457.87635356547
SEAAC[+57.021465]LAAGPGIR	2	sp|O75882|ATRN_HUMAN	0.01010101	1.0	0.9219345417345852	10143.912733722555
TVESITDIR	2	sp|P11279|LAMP1_HUMAN	0.012936611	0.9797881705057813	0.9497888160861725	482989.0393066648
FATTFYQHLADSK	2	sp|P01008|ANT3_HUMAN	0.01010101	1.0	0.9458835483599908	3608546.1102317837
ATLVC[+57.021465]LISDFYPGAVTVAWK	3	sp|B9A064|IGLL5_HUMAN;sp|P0CG04|IGLC1_HUMAN;sp|P0DOX8|IGL1_HUMAN;sp|P0DOY2|IGLC2_HUMAN;sp|P0DOY3|IGLC3_HUMAN	0.012936611	0.9933552810135716	0.93453832705793	149408.08282574048
QQDVLGFLEANK	2	sp|O75368|SH3L1_HUMAN	0.01010101	1.0	0.8519933953360027	15473.292794841866
LAADDFR	1	sp|O76013|KRT36_HUMAN;sp|O76014|KRT37_HUMAN;sp|O76015|KRT38_HUMAN;sp|P02533|K1C14_HUMAN;sp|P05783|K1C18_HUMAN;sp|P08727|K1C19_HUMAN;sp|P08779|K1C16_HUMAN;sp|P13645|K1C10_HUMAN;sp|P13646|K1C13_HUMAN;sp|P19012|K1C15_HUMAN;sp|Q04695|K1C17_HUMAN;sp|Q14525|KT33B_HUMAN;sp|Q14532|K1H2_HUMAN;sp|Q15323|K1H1_HUMAN;sp|Q2M2I5|K1C24_HUMAN;sp|Q7Z3Y7|K1C28_HUMAN;sp|Q92764|KRT35_HUMAN	0.03236246	1.0	0.9384281287305499	13378.850739469486
LYGSEAFATDFQDSAAAK	2	sp|P01011|AACT_HUMAN	0.014755959	0.9658285256870233	0.9342953984571899	64139.90576261737
GTQEQDFYVTSETVVR	2	sp|P05154|IPSP_HUMAN	0.01010101	1.0	0.9732032700928415	270527.6842857143
EQLGEFYEALDC[+57.021465]LR	2	sp|P02763|A1AG1_HUMAN	0.01010101	1.0	0.9418825310726241	123372991.74798737
C[+57.021465]EDLETQTQSEK	2	sp|O00592|PODXL_HUMAN	0.01010101	1.0	0.8716312743147692	14601.667988283196
LEDMEQALSPSVFK	3	sp|P05155|IC1_HUMAN	0.01010101	1.0	0.8146827897192536	138861.59508952266
YLDFVFAVK	2	sp|P13473|LAMP2_HUMAN	0.012936611	0.9866190731264982	0.9329624166318032	48727.92641857521
EDC[+57.021465]VEIYIK	2	sp|P14151|LYAM1_HUMAN	0.012936611	0.9933552810135716	0.9372826074708647	9261.912176827867
VLDAVRGSPAINVAVHVFR	3	sp|P02766|TTHY_HUMAN	0.01010101	1.0	0.9084782811249593	131590.95548197566
EPQVYTLPPSR	3	sp|P01857|IGHG1_HUMAN;sp|P01859|IGHG2_HUMAN;sp|P01860|IGHG3_HUMAN;sp|P0DOX5|IGG1_HUMAN	0.015642459	0.9290085173289965	0.8871216231025352	1240.8568680245025
ITPNLAEFAFSLYR	2	sp|P01009|A1AT_HUMAN	0.012936611	0.9866190731264982	0.9524374398617705	634397.5906716248
ALDLINKR	2	sp|P04196|HRG_HUMAN	0.01010101	1.0	0.9185023942882926	76159.73332377415
NSVIKVPMMNSK	3	sp|P05155|IC1_HUMAN	0.01010101	1.0	0.9599646096554055	88523.15669774053
EILSVDC[+57.021465]STNNPSQAK	2	sp|P10909|CLUS_HUMAN	0.013530135	0.9728591838590949	0.8108427669567114	25924.9644009739
LLSLGAGEFK	2	sp|P12259|FA5_HUMAN	0.014755959	0.9514467542496609	0.838739946993747	1319.1374693592206
YFHHNSDFHIPK	2	sp|O75015|FCG3B_HUMAN	0.014755959	0.9586923939928679	0.8421235057664672	7667.343283157888
DDLYVSDAFHK	2	sp|P01008|ANT3_HUMAN	0.01010101	1.0	0.9583043534946194	341266.363592835
LTQLNLDR	2	sp|P07359|GP1BA_HUMAN	0.012936611	0.9797881705057813	0.9544956545483121	3783.1662601056028
DYFM[+15.994915]PC[+57.021465]PGR	2	sp|P02790|HEMO_HUMAN	0.012936611	0.9933552810135716	0.9713999167083764	11287.854491227752
DVSSSVYSTWK	2	sp|P10721|KIT_HUMAN	0.012936611	0.9933552810135716	0.7345596910074674	3209.9258625943035
IISLDEER	2	sp|P23467|PTPRB_HUMAN	0.013530135	0.9728591838590949	0.8804322247411442	8601.419298352548
VQPYLDDFQK	3	sp|P02647|APOA1_HUMAN	0.01760176	0.8448700454299841	0.7336460462191949	2141.6493345553317
C[+57.021465]SPHLVLSALTSDNHGATYAFSGTHYWR	4	sp|P02790|HEMO_HUMAN	0.01010101	1.0	0.9433705216238762	6751938.720732742
LGMFNIQHC[+57.021465]K	2	sp|P01009|A1AT_HUMAN	0.013530135	0.9728591838590949	0.7935088665709776	5121.482045340235
LVVEWQLQDDK	2	sp|P61916|NPC2_HUMAN	0.012936611	0.9933552810135716	0.8689707498597955	312.31325791633185
SGAQATWTELPWPHEK	3	sp|P02790|HEMO_HUMAN	0.013530135	0.9728591838590949	0.9126265890221404	26849.59609907063
YWNDC[+57.021465]EPPDSR	2	sp|P04196|HRG_HUMAN	0.021715527	0.9366095275687156	0.8047973496402302	2409.058161203772
GNLMGGWK	2	sp|P23435|CBLN1_HUMAN;sp|Q8IUK8|CBLN2_HUMAN	0.01010101	1.0	0.9369231767586174	442627.42086986016
QNQC[+57.021465]FYNSSYLNVQR	2	sp|P19652|A1AG2_HUMAN	0.01010101	1.0	0.9503676527742769	467106.16758863535
ASVDSGSSEEQGGSSR	2	sp|P01833|PIGR_HUMAN	0.01010101	1.0	0.964861873871517	29831.77088888945
VLDAVRGSPAINVAVHVFR	4	sp|P02766|TTHY_HUMAN	0.01010101	1.0	0.920140900822136	163426.950955743
TLM[+15.994915]FGSYLDDEK	2	sp|P19652|A1AG2_HUMAN	0.012936611	0.9933552810135716	0.9343831333322804	260709.86122788338
MEPFHFK	2	sp|P05155|IC1_HUMAN	0.01010101	1.0	0.9825854601506057	1344112.2480314244
FLEQQNQVLQTK	2	sp|P04264|K2C1_HUMAN;sp|P35908|K22E_HUMAN;sp|Q7Z794|K2C1B_HUMAN	0.012936611	0.9933552810135716	0.9706703755990195	5648.123522729625
ALFLETEQLK	2	sp|Q13740|CD166_HUMAN	0.01010101	1.0	0.975304658561831	57245.12436761411
HTFMGVVSLGSPSGEVSHPR	3	sp|P02765|FETUA_HUMAN	0.01010101	1.0	0.9212412800125136	225307.19934970365
GGSIQQYIYK	2	sp|Q92954|PRG4_HUMAN	0.012936611	0.9933552810135716	0.9394684758855544	10712.666581279314
GSLGGGFSSGGFSGGSFSR	2	sp|P13645|K1C10_HUMAN	0.014755959	0.9514467542496609	0.9179685140258789	91772.14080308483
SGFPQVSMFFTHTFPK	3	sp|P04196|HRG_HUMAN	0.012936611	0.9933552810135716	0.8064133297297073	107615.69469806603
HTLNQIDEVK	3	sp|P02765|FETUA_HUMAN	0.01010101	1.0	0.9602011734572251	40477.91119931888
QVILTLQPTLVAVGK	3	sp|P13598|ICAM2_HUMAN	0.012936611	0.9866190731264982	0.9397919919345835	150853.51320211153
TVPLAVLQLR	2	sp|P23467|PTPRB_HUMAN	0.012936611	0.9866190731264982	0.8248386396610998	18851.555909725066
TVGSDTFYSFK	2	sp|P01042|KNG1_HUMAN	0.01010101	1.0	0.7209493731374181	28399.396239732916
STESYFIPEVR	2	sp|P16284|PECA1_HUMAN	0.01010101	1.0	0.877639987691171	4234.6374012680235
EQVTNVGGAVVTGVTAVAQK	2	sp|P37840|SYUA_HUMAN	0.012936611	0.9933552810135716	0.8107161796683835	11654.404307045874
LTGSSGFVTDGPGNYK	2	sp|O75882|ATRN_HUMAN	0.01010101	1.0	0.9355951464184107	2033394.8740767806
DGWHSWPIAHQWPQGPSAVDAAFSWEEK	5	sp|P02790|HEMO_HUMAN	0.01010101	1.0	0.7200019643878512	68675.5766305569
ITDVIPSEAINELTVLVLVNTIYFK	4	sp|P01008|ANT3_HUMAN	0.01010101	1.0	0.8814146508814521	200559.85946908532
SGAQATWTELPWPHEK	4	sp|P02790|HEMO_HUMAN	0.014755959	0.9586923939928679	0.8056579326986105	11295.599248194943
YFIDFVAR	2	sp|P01042|KNG1_HUMAN	0.012936611	0.9797881705057813	0.9784220137979895	340811.63004715653
LEDM[+15.994915]EQALSPSVFK	2	sp|P05155|IC1_HUMAN	0.01010101	1.0	0.8856333145235089	121377.42958860628
NMQDMVEDYR	2	sp|P04264|K2C1_HUMAN	0.01010101	1.0	0.8619255109370886	2857.3624725769005
LALDVEIATYR	2	sp|O95678|K2C75_HUMAN;sp|P02538|K2C6A_HUMAN;sp|P04259|K2C6B_HUMAN;sp|P12035|K2C3_HUMAN;sp|P13647|K2C5_HUMAN;sp|P35908|K22E_HUMAN;sp|P48668|K2C6C_HUMAN;sp|Q01546|K22O_HUMAN;sp|Q5XKE5|K2C79_HUMAN	0.01010101	1.0	0.9701414709075317	71775.69651219243
SYYWIGIR	2	sp|P14151|LYAM1_HUMAN	0.012936611	0.9797881705057813	0.9611940083835645	601336.5059392325
AEELSIQVSC[+57.021465]R	2	sp|Q9Y5Y7|LYVE1_HUMAN	0.01010101	1.0	0.9861316462603713	107562.311840072
EGEEFTVTC[+57.021465]TIK	3	sp|P10721|KIT_HUMAN	0.015642459	0.9212790999005022	0.8500356160790766	1607.8957872881872
YVSELHLTR	2	sp|P10721|KIT_HUMAN	0.012936611	0.9866190731264982	0.8608083506974048	13787.08788992731
RGENLFAITDEGMDVPLAMEEWHHER	5	sp|Q6UXB8|PI16_HUMAN	0.012936611	0.9933552810135716	0.8896030662866863	36098.88989458329
DTEVLLVGLEPGTR	2	sp|Q12913|PTPRJ_HUMAN	0.012936611	0.9866190731264982	0.9845690196373165	155596.13946338015
GFSGIFEDR	2	sp|P09619|PGFRB_HUMAN	0.014755959	0.9514467542496609	0.8893961858284363	1143.1147249999308
YEGSYALTSEEAER	2	sp|O95810|CAVN2_HUMAN	0.01010101	1.0	0.9475826692084821	153172.50465272312
DIAPTLTLYVGK	2	sp|P00738|HPT_HUMAN;sp|P00739|HPTR_HUMAN	0.01010101	1.0	0.9556682737133766	57077.68812537785
TVALGSNVEFMC[+57.021465]K	2	sp|P11362|FGFR1_HUMAN	0.012936611	0.9933552810135716	0.9472891187390542	14534.448478628201
NTLYLQMNSLR	2	sp|A0A0B4J1X5|HV374_HUMAN;sp|A0A0C4DH42|HV366_HUMAN;sp|P01764|HV323_HUMAN;sp|P01767|HV353_HUMAN;sp|P01768|HV330_HUMAN;sp|P01772|HV333_HUMAN;sp|P0DP02|HVC33_HUMAN;sp|P0DP03|HVC05_HUMAN	0.012936611	0.9933552810135716	0.956489201022504	21019.911347889407
SDVMYTDWKK	3	sp|P19652|A1AG2_HUMAN	0.01010101	1.0	0.9112885709508735	7123.155185257785
FSGSNSGNTATLTISR	2	sp|A0A075B6K5|LV39_HUMAN;sp|P80748|LV321_HUMAN	0.01010101	1.0	0.9495240013061704	128670.73168497399
IASFSQNC[+57.021465]DIYPGK	2	sp|P01042|KNG1_HUMAN	0.01010101	1.0	0.9462165803693048	455108.8490118439
EENFYVDETTVVK	3	sp|P08185|CBG_HUMAN	0.01010101	1.0	0.9019415531187114	125480.43233128093
M[+15.994915]TVTDQVNC[+57.021465]PK	2	sp|P05090|APOD_HUMAN	0.01010101	1.0	0.8633818389269585	1545.5141074103092
LINDYVK	2	sp|P01011|AACT_HUMAN	0.013530135	0.9728591838590949	0.9189071191406338	59915.57732058441
IHWESASLLR	3	sp|P01024|CO3_HUMAN	0.01010101	1.0	0.75024059406082	13124.064591233098
AFIQLWAFDAVK	2	sp|P02760|AMBP_HUMAN	0.01010101	1.0	0.9877429260569147	259500.85078209222
WTFEILDETNENK	2	sp|P10721|KIT_HUMAN	0.012936611	0.9866190731264982	0.9057050228468682	11772.10894621759
HRLEDMEQALSPSVFK	4	sp|P05155|IC1_HUMAN	0.01010101	1.0	0.8894576295048844	821558.3346888986
FIC[+57.021465]PLTGLWPINTLK	3	sp|P02749|APOH_HUMAN	0.01010101	1.0	0.9396662081188243	5181836.148917445
GPLQLER	2	sp|P02750|A2GL_HUMAN	0.014755959	0.9658285256870233	0.9145283092049447	10429.127438650812
NMQDM[+15.994915]VEDYR	2	sp|P04264|K2C1_HUMAN	0.01010101	1.0	0.9674683747557545	7048.127646308084
SVDIWLR	2	sp|P15151|PVR_HUMAN	0.01010101	1.0	0.9147033095671229	293044.9518396985
NIQSLEVIGK	2	sp|P02775|CXCL7_HUMAN	0.012936611	0.9866190731264982	0.9663565421010605	6682.404205003272
QVLDNLTM[+15.994915]EK	2	sp|P35527|K1C9_HUMAN	0.01010101	1.0	0.9759361074266272	41018.85628598445
YEDEINKR	2	sp|O95678|K2C75_HUMAN;sp|P02538|K2C6A_HUMAN;sp|P04259|K2C6B_HUMAN;sp|P04264|K2C1_HUMAN;sp|P05787|K2C8_HUMAN;sp|P12035|K2C3_HUMAN;sp|P13647|K2C5_HUMAN;sp|P35908|K22E_HUMAN;sp|P48668|K2C6C_HUMAN;sp|Q01546|K22O_HUMAN;sp|Q7Z794|K2C1B_HUMAN	0.013530135	0.9728591838590949	0.8808033407925484	965.245990128934
GFFADYEIPNLQK	2	sp|Q10588|BST1_HUMAN	0.01010101	1.0	0.8526785673206194	108838.6263816474
AATGEC[+57.021465]TATVGK	2	sp|P01042|KNG1_HUMAN	0.01010101	1.0	0.9558799254969806	24479.664054689016
NHNALLASLTTQK	3	sp|O75882|ATRN_HUMAN	0.01010101	1.0	0.9399592443519763	316969.3282465246
SKLPGIVAEGRDDLYVSDAFHK	4	sp|P01008|ANT3_HUMAN	0.01010101	1.0	0.902837016805164	359055.9116172993
VMTPAVYAPYDVK	2	sp|O00533|NCHL1_HUMAN	0.012936611	0.9933552810135716	0.8622202744183443	31746.56039448258
TTPPVLDSDGSFFLYSK	3	sp|P01857|IGHG1_HUMAN;sp|P0DOX5|IGG1_HUMAN	0.01010101	1.0	0.902609804474471	94576.73940042115
DLMEKVK	2	sp|P02652|APOA2_HUMAN	0.01010101	1.0	0.9748872366396136	263216.40402869333
TSESGELHGLTTEEEFVEGIYK	3	sp|P02766|TTHY_HUMAN	0.012936611	0.9866190731264982	0.9278355391009897	234433.6482732995
GFQQLLQELNQPR	2	sp|P05154|IPSP_HUMAN	0.01010101	1.0	0.8544253019267656	131544.38938033738
WYNLAIGSTC[+57.021465]PWLK	2	sp|P02760|AMBP_HUMAN	0.012936611	0.9797881705057813	0.8587273087211577	16240.856080386628
AVLDVFEEGTEASAATAVK	3	sp|P01011|AACT_HUMAN	0.014755959	0.9658285256870233	0.9453604436755173	457336.7837731368
SSSNEEVMFLTVQVK	2	sp|P01023|A2MG_HUMAN	0.012936611	0.9797881705057813	0.7809443183217443	11953.046432056903
HSWTIPEDGNSQK	3	sp|Q13201|MMRN1_HUMAN	0.012936611	0.9866190731264982	0.8261307350004964	4840.662016677271
NWGLSFYADKPETTK	3	sp|P19652|A1AG2_HUMAN	0.01010101	1.0	0.9274124369907675	122783.07834706538
ILGGHLDAK	2	sp|P00738|HPT_HUMAN;sp|P00739|HPTR_HUMAN	0.01010101	1.0	0.9908128852767287	891194.0287287037
NPNLPPETVDSLK	3	sp|P05090|APOD_HUMAN	0.03135135	0.606735609642813	0.7647544439380886	1453.226214393953
LISLIC[+57.021465]R	2	sp|O00592|PODXL_HUMAN	0.013530135	0.9728591838590949	0.924172249244686	21666.327054922465
TLNQPDSQLQLTTGNGLFLSEGLK	3	sp|P01009|A1AT_HUMAN	0.01010101	1.0	0.913828248756019	959573.5504747811
ELELQIGNALFIGK	3	sp|P05543|THBG_HUMAN	0.01010101	1.0	0.8491893991374546	40399.70084769414
ILLDEQAQWK	2	sp|P13598|ICAM2_HUMAN	0.01010101	1.0	0.9514743446478008	1256968.013762037
HIQETEWQSQEGK	2	sp|Q14515|SPRL1_HUMAN	0.01010101	1.0	0.9636484044670997	163029.00949925906
GAQTQTEEEMTR	2	sp|Q12841|FSTL1_HUMAN	0.015642459	0.9290085173289965	0.969608382654574	4392.725736499094
LLGLSLAGK	2	sp|Q9Y5Y7|LYVE1_HUMAN	0.013530135	0.9728591838590949	0.978355797938518	229040.17919449345
DLATVYVDVLK	2	sp|P02647|APOA1_HUMAN	0.012936611	0.9933552810135716	0.9466327910118336	21413.98644483259
SVNNVVVR	2	sp|O75882|ATRN_HUMAN	0.01010101	1.0	0.9625781984841073	369204.84701108356
TLMFGSYLDDEKNWGLSFYADKPETTK	4	sp|P19652|A1AG2_HUMAN	0.012936611	0.9866190731264982	0.9630271767929395	473086.6860332057
VMPIC[+57.021465]LPSK	2	sp|P00738|HPT_HUMAN;sp|P00739|HPTR_HUMAN	0.01010101	1.0	0.8858533287432243	413587.36534597666
GQC[+57.021465]IINSNK	2	sp|P43652|AFAM_HUMAN	0.012936611	0.9797881705057813	0.7256852328656347	975.2816596489666
AVLHIGEK	1	sp|P05543|THBG_HUMAN	0.013530135	0.9728591838590949	0.9383054706343963	1636.2750056801026
VAEGTQVLELPFK	3	sp|P01008|ANT3_HUMAN	0.014755959	0.9366095275687156	0.7391662581356271	1405.1058146829716
GTWTQPFDLASTR	3	sp|P08185|CBG_HUMAN	0.012936611	0.9933552810135716	0.9531445762310226	5807.038330311143
LSFQEFLK	2	sp|Q12841|FSTL1_HUMAN	0.012936611	0.9797881705057813	0.9213692986210038	19650.469108801735
VTGNPGDEEFIEPSTENEFGLTSLR	3	sp|Q9ULI3|HEG1_HUMAN	0.01010101	1.0	0.9214455879274412	2825530.4451877065
DEELSC[+57.021465]TVVELK	2	sp|P01011|AACT_HUMAN	0.01010101	1.0	0.9788591181775004	380753.9329169997
YEELQITAGR	2	sp|P04259|K2C6B_HUMAN;sp|P04264|K2C1_HUMAN	0.015642459	0.9134157281067091	0.9651380522547558	25387.633311971364
ETC[+57.021465]FAEEGKK	2	sp|P02768|ALBU_HUMAN	0.01010101	1.0	0.8460057008698778	4087.244117552916
SETEIHQGFQHLHQLFAK	3	sp|P08185|CBG_HUMAN	0.012936611	0.9933552810135716	0.943133401932779	114980.9047182234
TLGDSSAGEIALSTR	2	sp|P09619|PGFRB_HUMAN	0.012936611	0.9933552810135716	0.8354881784965246	2110.2069158838026
SPELQAEAK	2	sp|P02652|APOA2_HUMAN	0.013530135	0.9728591838590949	0.962315359837803	14997.22989114963
EGQMESVEAAMSSK	2	sp|P05543|THBG_HUMAN	0.01010101	1.0	0.9637653599015463	305983.8970744006
EQYAVVGHSAHIVTLK	4	sp|O75882|ATRN_HUMAN	0.013530135	0.9728591838590949	0.9213258789098294	25789.21302245339
ALQATVGNSYK	2	sp|P11279|LAMP1_HUMAN	0.012936611	0.9866190731264982	0.9817438136480557	35534.46938634517
ALEEANADLEVK	2	sp|P02533|K1C14_HUMAN;sp|P08779|K1C16_HUMAN;sp|P13646|K1C13_HUMAN;sp|P19012|K1C15_HUMAN	0.016703786	1.0	0.7707269082310357	2489.827337340789
ESLSSYWESAK	2	sp|P02655|APOC2_HUMAN	0.012936611	0.9933552810135716	0.8981277269676602	39930.119012520234
FLQSFAR	2	sp|Q13201|MMRN1_HUMAN	0.013530135	0.9728591838590949	0.9385554471524381	10196.608729380949
VWPQQPSGELFEIEIDTLETTC[+57.021465]HVLDPTPVAR	5	sp|P02765|FETUA_HUMAN	0.014755959	0.9586923939928679	0.7131133654926101	3521.419572847575
EAQDTSDGIIQK	2	sp|P18850|ATF6A_HUMAN	0.01010101	1.0	0.9330959491063736	980.0365510706196
TEDSSSFLIDK	2	sp|P05543|THBG_HUMAN	0.01010101	1.0	0.9499243150781079	160401.22253179498
TYM[+15.994915]LAFDVNDEK	2	sp|P02763|A1AG1_HUMAN	0.012936611	0.9933552810135716	0.953144893053854	6797733.54772111
RDPPQYPVVPVHLDR	4	sp|P10153|RNAS2_HUMAN	0.01010101	1.0	0.9223122729025919	132030.84925089293
TLLVFEVQQPFLFVLWDQQHK	4	sp|P05155|IC1_HUMAN	0.016703786	0.897262926642552	0.9519316798925379	494360.2896852534
HGVQELEIELQSQLSK	3	sp|P35527|K1C9_HUMAN	0.013530135	0.9728591838590949	0.9317255715329158	83673.21682536764
LADELSGWVQR	2	sp|Q99941|ATF6B_HUMAN	0.015642459	0.9290085173289965	0.7525731484202526	896.6482463229436
REPAVGEPAEVTTTVLVR	2	sp|P05362|ICAM1_HUMAN	0.012936611	0.9933552810135716	0.9312858259828278	26623.478141959033
NIFISPVSISMALAMLSLGTC[+57.021465]GHTR	3	sp|P08185|CBG_HUMAN	0.013530135	0.9728591838590949	0.942807605534906	2388820.274235655
AQVSPTASDMLHMR	3	sp|Q6UXB8|PI16_HUMAN	0.012936611	0.9797881705057813	0.9577947584133636	57125.76178658011
LSSVTAADTAVYYC[+57.021465]AR	2	sp|A0A075B6R2|HV404_HUMAN;sp|A0A087WSY4|HV432_HUMAN;sp|A0A0C4DH41|HV461_HUMAN;sp|P01824|HV439_HUMAN;sp|P01825|HV459_HUMAN;sp|P06331|HV434_HUMAN;sp|P0DP06|HVD34_HUMAN;sp|P0DP07|HV431_HUMAN;sp|P0DP08|HVD82_HUMAN	0.014755959	0.9514467542496609	0.7693575944328419	16136.452055684626
GSPAINVAVHVFR	2	sp|P02766|TTHY_HUMAN	0.010330578	1.0	0.9387229176848525	141123.08650500377
KGIYSFSFHVIK	2	sp|Q9NTU7|CBLN4_HUMAN	0.010330578	1.0	0.8923376179995975	67182.62282472303
EVPLNTIIFMGR	3	sp|P01008|ANT3_HUMAN	0.015642459	0.9212790999005022	0.9510236458076298	70459.83048088316
SETEIHQGFQHLHQLFAK	4	sp|P08185|CBG_HUMAN	0.012936611	0.9933552810135716	0.847945492219514	117453.63060294685
NQILNLTTDNANILLQIDNAR	3	sp|P13645|K1C10_HUMAN	0.012936611	0.9866190731264982	0.8393364734027715	35176.80070776386
YDVDTQMWTILK	2	sp|O75882|ATRN_HUMAN	0.012936611	0.9866190731264982	0.9337823029574445	341631.4439772037
ENEGFTVTAEGK	2	sp|P01024|CO3_HUMAN	0.012936611	0.9933552810135716	0.9285370943576776	12841.658319413065
GSFPWQAK	1	sp|P00738|HPT_HUMAN;sp|P00739|HPTR_HUMAN	0.010330578	1.0	0.9268379014558168	35828.679186072775
LGNFPWQAFTSIHGR	3	sp|Q9NZP8|C1RL_HUMAN	0.014755959	0.9366095275687156	0.9356895941289938	23167.251606091235
YVMLPVADQDQC[+57.021465]IR	2	sp|P00738|HPT_HUMAN	0.012936611	0.9797881705057813	0.9375438285926508	812269.5296494244
RVWELSK	2	sp|P01008|ANT3_HUMAN	0.010330578	1.0	0.9874924199611081	691936.8697582518
QPAVEEPAEVTATVLASR	3	sp|P32942|ICAM3_HUMAN	0.010330578	1.0	0.8712845027134399	292890.6264065338
AVVFLEPQWYR	2	sp|P08637|FCG3A_HUMAN	0.010330578	1.0	0.9607875069422704	2481858.186634876
HTFM[+15.994915]GVVSLGSPSGEVSHPR	3	sp|P02765|FETUA_HUMAN	0.010330578	1.0	0.927156837093235	38888.19736096249
TEGDGVYTLNDKK	2	sp|P00738|HPT_HUMAN;sp|P00739|HPTR_HUMAN	0.013530135	0.9728591838590949	0.8247351208538006	9779.291870704888
QEPSQGTTTFAVTSILR	3	sp|P01876|IGHA1_HUMAN	0.012936611	0.9933552810135716	0.9196138805431233	390124.742146291
NLDLDSIIAEVK	2	sp|O95678|K2C75_HUMAN;sp|P02538|K2C6A_HUMAN;sp|P04259|K2C6B_HUMAN;sp|P13647|K2C5_HUMAN;sp|P35908|K22E_HUMAN;sp|P48668|K2C6C_HUMAN;sp|Q5XKE5|K2C79_HUMAN	0.010330578	1.0	0.9284837044452753	25429.199326153746
DASGATFTWTPSSGK	2	sp|P01877|IGHA2_HUMAN;sp|P0DOX2|IGA2_HUMAN	0.012936611	0.9866190731264982	0.9718779817568188	49158.603240908786
LLQDEFPGIPSPLDAAVEC[+57.021465]HR	3	sp|P02790|HEMO_HUMAN	0.012936611	0.9866190731264982	0.9290113143474916	980179.4800019981
NIFISPVSISMALAMLSLGTC[+57.021465]GHTR	4	sp|P08185|CBG_HUMAN	0.013530135	0.9728591838590949	0.9182827074625896	121612.34371366387
ISVFIQTDK	2	sp|Q6YHK3|CD109_HUMAN	0.010330578	1.0	0.8808221496332912	35710.963329990045
GVTSVSQIFHSPDLAIR	4	sp|P05155|IC1_HUMAN	0.012936611	0.9933552810135716	0.7391173638373792	6239.881658271581
KYPVAHFIDQTLK	2	sp|P05155|IC1_HUMAN	0.010330578	1.0	0.9627370604785395	2476098.0668289415
DDFLIYDR	2	sp|P49908|SEPP1_HUMAN	0.012936611	0.9797881705057813	0.9746365308849411	380360.6122087507
VKSPELQAEAK	3	sp|P02652|APOA2_HUMAN	0.010330578	1.0	0.9520614507405868	74399.38722585153
LHMLQISYFR	3	sp|Q9UNN8|EPCR_HUMAN	0.010330578	1.0	0.9336491517924616	22661.228570626023
LALDLEIATYR	2	sp|P04264|K2C1_HUMAN	0.010330578	1.0	0.9530694698407339	363355.7832099395
EQLSLLDR	2	sp|P01011|AACT_HUMAN	0.03448276	0.4967407757382715	0.7241896717005804	6111.409224889015
GDEC[+57.021465]QLC[+57.021465]EVENR	2	sp|O75882|ATRN_HUMAN	0.028169014	1.0	0.9442209735618302	24764.07115143593
SLTVSLGPVSK	2	sp|Q9ULI3|HEG1_HUMAN	0.012936611	0.9866190731264982	0.9207912822070746	1279.4927765902212
FNQPFIIM[+15.994915]IFDHFTWSSLFLAR	4	sp|P08185|CBG_HUMAN	0.010330578	1.0	0.8355310143585962	542602.4908994216
KGEVLPLPEANFPSFPLPHHK	3	sp|P04196|HRG_HUMAN	0.010330578	1.0	0.8801067362723013	87636.08658885502
SPLFMGK	1	sp|P01009|A1AT_HUMAN	0.01760176	0.8804971228634604	0.7453627386615143	10849.172781851115
IADAHLDR	2	sp|P04196|HRG_HUMAN	0.010330578	1.0	0.9499425783616565	32547.591795898206
YVGGQEHFAHLLILRDTK	5	sp|P02763|A1AG1_HUMAN	0.010330578	1.0	0.8884899454486985	298925.0429533237
GPSVFPLAPSSK	2	sp|P01857|IGHG1_HUMAN;sp|P0DOX5|IGG1_HUMAN	0.010330578	1.0	0.94645708429227	777922.7375948357
AYLEEEC[+57.021465]PATLR	2	sp|P25311|ZA2G_HUMAN	0.012936611	0.9933552810135716	0.9783270819405788	34961.99224415756
LTQLNLDR	1	sp|P07359|GP1BA_HUMAN	0.018579235	0.8058999028144878	0.816974815372314	2860.85916755651
QQTHMLDVMQDHFSR	2	sp|P10909|CLUS_HUMAN	0.010330578	1.0	0.7697701618685122	84598.19377822537
SVQEIQATFFYFTPNK	2	sp|P02763|A1AG1_HUMAN;sp|P19652|A1AG2_HUMAN	0.010330578	1.0	0.7780159957522642	1163.4942613402768
YGEGDSLTLQQLK	2	sp|Q15043|S39AE_HUMAN	0.012936611	0.9933552810135716	0.8278582154716114	3039.520572545802
LLQDEFPGIPSPLDAAVEC[+57.021465]HR	4	sp|P02790|HEMO_HUMAN	0.012936611	0.9866190731264982	0.772702810071252	13790.154859216505
DYWSTVK	1	sp|P02656|APOC3_HUMAN	0.010330578	1.0	0.972960546059652	884530.868964572
DLQFVEVTDVK	2	sp|P02751|FINC_HUMAN	0.010330578	1.0	0.9191231822863758	9118.944343697594
RYTIAALLSPYSYSTTAVVTNPKE	3	sp|P02766|TTHY_HUMAN	0.014440433	0.9728591838590949	0.9772268620399941	87368.47188407034
KPDGYDYYAFSK	2	sp|Q92954|PRG4_HUMAN	0.014440433	0.9728591838590949	0.905313968406378	25616.422701664702
DYNLNDILLQLGIEEAFTSK	3	sp|P01011|AACT_HUMAN	0.010330578	1.0	0.9418331822003524	1323347.21752103
LQHLENELTHDIITK	3	sp|P01009|A1AT_HUMAN	0.010330578	1.0	0.7531833867782767	41211.11742407967
ITGKWFYIASAFR	2	sp|P02763|A1AG1_HUMAN;sp|P19652|A1AG2_HUMAN	0.010330578	1.0	0.950898761864479	1143779.2838068132
SFTIEC[+57.021465]R	2	sp|P13598|ICAM2_HUMAN	0.010330578	1.0	0.9750326163161209	518516.20440061024
GLASANVDFAFSLYK	2	sp|P08185|CBG_HUMAN	0.010330578	1.0	0.9483151063065098	16428455.466540724
NQVSLTC[+57.021465]LVK	2	sp|P01857|IGHG1_HUMAN;sp|P01859|IGHG2_HUMAN;sp|P01860|IGHG3_HUMAN;sp|P01861|IGHG4_HUMAN;sp|P0DOX5|IGG1_HUMAN	0.010330578	1.0	0.979581007166756	392613.0822147539
IKFEMEQNLR	2	sp|P35527|K1C9_HUMAN	0.014440433	0.9728591838590949	0.8698318974530798	13133.844454603899
C[+57.021465]INQLLC[+57.021465]K	2	sp|P49908|SEPP1_HUMAN	0.010330578	1.0	0.833411038160235	74576.0499600294
LESEETMVLEAHDAQGDVPVTVTVHDFPGK	4	sp|P01024|CO3_HUMAN	0.010330578	1.0	0.8929265441281906	1036594.3756928581
FDTISEK	1	sp|P01008|ANT3_HUMAN	0.014440433	0.9728591838590949	0.7429210925646783	114.89534561490335
IMGITLVSK	2	sp|Q9Y5Y7|LYVE1_HUMAN	0.014440433	0.9728591838590949	0.9856852791920259	20361.93971259728
SILFLGK	2	sp|P05543|THBG_HUMAN	0.010330578	1.0	0.9422436281753724	344717.3863261366
VLNQELR	1	sp|P05090|APOD_HUMAN	0.019629225	0.7955364837549187	0.7482884635840857	681.069144067262
NTWSILHTQGALVQGGYGHSSVYDHR	4	sp|O75882|ATRN_HUMAN	0.010330578	1.0	0.9430047152818363	6182901.823721604
SASLHLPK	1	sp|P01009|A1AT_HUMAN	0.014440433	0.9728591838590949	0.9361323101000318	3326.363671015311
MEEVEAMLLPETLK	3	sp|P01011|AACT_HUMAN	0.014755959	0.9440873193926883	0.8327593553920669	17773.5658532004
VTDPQLVVTLHEK	2	sp|P09619|PGFRB_HUMAN	0.012936611	0.9933552810135716	0.827619437643225	569.2238291826584
TLYSSSPR	2	sp|P05155|IC1_HUMAN	0.010330578	1.0	0.9259267406551409	150656.51981838848
FLNVLSPR	2	sp|P17936|IBP3_HUMAN	0.010330578	1.0	0.9738937561730445	781862.6255621598
C[+57.021465]SPHLVLSALTSDNHGATYAFSGTHYWR	6	sp|P02790|HEMO_HUMAN	0.010330578	1.0	0.7370430136895401	144196.51315766346
ATEHLSTLSEK	2	sp|P02647|APOA1_HUMAN	0.010330578	1.0	0.8994246468852944	35778.0011592356
SDVMYTDWKKDK	3	sp|P19652|A1AG2_HUMAN	0.012936611	0.9866190731264982	0.8530514903347566	8728.701984827228
KLVAASQAALGL	2	sp|P02768|ALBU_HUMAN	0.012936611	0.9866190731264982	0.9849427953451209	679977.5334533175
LSPLGEEMR	2	sp|P02647|APOA1_HUMAN	0.012936611	0.9797881705057813	0.9786107995373692	54190.987045309215
EVGTPHGIILDSVDAAFIC[+57.021465]PGSSR	4	sp|P02790|HEMO_HUMAN	0.012936611	0.9797881705057813	0.9666289318813243	273934.7454149192
TGLEAISNHK	2	sp|Q14515|SPRL1_HUMAN	0.012936611	0.9797881705057813	0.7401414581161049	5372.9706652914465
TVVQPSVGAAAGPVVPPC[+57.021465]PGR	3	sp|P02765|FETUA_HUMAN	0.010330578	1.0	0.9208739893398188	315065.3061368108
EAATNGVLLYLDK	2	sp|Q9NTU7|CBLN4_HUMAN	0.010330578	1.0	0.9294398346603694	108832.0900730023
C[+57.021465]PLFEHFLK	2	sp|Q9NPH3|IL1AP_HUMAN	0.014755959	0.9658285256870233	0.83368941673133	10853.220958753684
QEINSHVEMQTK	2	sp|P05543|THBG_HUMAN	0.010330578	1.0	0.8237617359691095	35964.22780728527
TC[+57.021465]PKPDDLPFSTVVPLK	3	sp|P02749|APOH_HUMAN	0.010330578	1.0	0.9971860046576069	57623.09397784883
YPNC[+57.021465]AYR	2	sp|P07998|RNAS1_HUMAN	0.010330578	1.0	0.9953049954560471	172895.65025666342
DTKTYMLAFDVNDEK	2	sp|P02763|A1AG1_HUMAN	0.014440433	0.9728591838590949	0.9443062226097404	181186.01640075035
IKVTTSQDMLSIMEK	2	sp|P05155|IC1_HUMAN	0.014440433	0.9728591838590949	0.9215831403388449	229786.64535197103
MTLDDFR	2	sp|P35527|K1C9_HUMAN	0.010330578	1.0	0.983254184275777	586742.004356609
WFYIASAFR	2	sp|P02763|A1AG1_HUMAN;sp|P19652|A1AG2_HUMAN	0.010330578	1.0	0.9831498811869939	3105481.643709575
SKEEAEALYHSK	3	sp|P35908|K22E_HUMAN	0.010330578	1.0	0.9428187772831026	64675.99964153973
GGGALLGDR	2	sp|P00736|C1R_HUMAN;sp|Q9NZP8|C1RL_HUMAN	0.014755959	0.9658285256870233	0.9004685280841512	3911.0384708718875
VTTVASHTSDSDVPSGVTEVVVK	3	sp|P10909|CLUS_HUMAN	0.010330578	1.0	0.8752924573066544	481884.81933193584
AKPALEDLR	2	sp|P02647|APOA1_HUMAN	0.012936611	0.9797881705057813	0.9681411833691925	4992.663646130678
LSSWVLLMK	2	sp|P01009|A1AT_HUMAN	0.012936611	0.9866190731264982	0.9628434425308032	5214.357038998082
NKEDC[+57.021465]VEIYIK	2	sp|P14151|LYAM1_HUMAN	0.010330578	1.0	0.9421308448143784	1117599.0395710235
VDALMDEINFMK	2	sp|P13647|K2C5_HUMAN	0.012936611	0.9933552810135716	0.8138790659532785	7581.665394556725
AEDTAVYYC[+57.021465]AK	2	sp|P01764|HV323_HUMAN;sp|P01768|HV330_HUMAN;sp|P0DP03|HVC05_HUMAN	0.010330578	1.0	0.8612593201942512	2505.359693399097
HYYESEVLAMNFQDWATASR	4	sp|P08185|CBG_HUMAN	0.010330578	1.0	0.832190751094743	167670.15625504468
NALALFVLPK	2	sp|P05543|THBG_HUMAN	0.012936611	0.9866190731264982	0.9824450213385489	382415.26068449486
ELISERWK	2	sp|P02790|HEMO_HUMAN	0.012936611	0.9797881705057813	0.8762707032541522	5482.863760299078
ALEESNYELEGK	2	sp|P13645|K1C10_HUMAN	0.012936611	0.9933552810135716	0.9385337546438048	102180.97026974727
ADLSGITGAR	2	sp|P01011|AACT_HUMAN	0.014440433	0.9728591838590949	0.9476869943747843	17604.537326640122
DTKTYM[+15.994915]LAFDVNDEK	2	sp|P02763|A1AG1_HUMAN	0.010330578	1.0	0.7916374277372139	224357.10203112807
TIAVLLDDILQR	2	sp|Q96EE4|CC126_HUMAN	0.010330578	1.0	0.9138904531701795	219277.07322635996
DAEAWFNEK	2	sp|P13645|K1C10_HUMAN;sp|Q7Z3Y7|K1C28_HUMAN;sp|Q7Z3Y8|K1C27_HUMAN;sp|Q7Z3Z0|K1C25_HUMAN	0.012936611	0.9866190731264982	0.9812118680192505	19646.124422204462
SDVVYTDWKK	3	sp|P02763|A1AG1_HUMAN	0.010330578	1.0	0.9187552190756736	14663.891989372612
VWFELTQGSITK	2	sp|Q9H8L6|MMRN2_HUMAN	0.010330578	1.0	0.9539504215444482	1026740.1902995069
EWFSETFQK	2	sp|P02654|APOC1_HUMAN	0.012936611	1.0	0.9559615334308187	354007.4494921777
KMTVTDQVNC[+57.021465]PK	2	sp|P05090|APOD_HUMAN	0.010330578	1.0	0.9463821069042232	25261.533036785077
GPGEDFR	1	sp|P41222|PTGDS_HUMAN	0.010330578	1.0	0.8449282875877483	16754.901921739533
LFDSDPITVTVPVEVSR	2	sp|P10909|CLUS_HUMAN	0.010330578	1.0	0.9600628157684798	45551.09696378653
DTEEEDFHVDQVTTVK	3	sp|P01009|A1AT_HUMAN	0.014755959	0.9658285256870233	0.8190928282639611	10073.038019455224
EHSSLAFWK	2	sp|P02749|APOH_HUMAN	0.012936611	0.9866190731264982	0.9568337431104476	57171.45844202435
NLMIDIQK	2	sp|Q9BY67|CADM1_HUMAN	0.014440433	0.9728591838590949	0.9740970763873089	43926.36785274209
DSGSYFC[+57.021465]R	2	sp|O75015|FCG3B_HUMAN;sp|P08637|FCG3A_HUMAN	0.010330578	1.0	0.9720694082942974	260036.49201070762
FQPTLLTLPR	3	sp|P05155|IC1_HUMAN	0.010330578	1.0	0.804485965372439	21254.194700433596
YSLTFEEAQQAC[+57.021465]LR	2	sp|P16112|PGCA_HUMAN	0.010330578	1.0	0.8218506159560804	98733.98709536096
AVLQLNEEGVDTAGSTGVTLNLTSKPIILR	4	sp|P08185|CBG_HUMAN	0.010330578	1.0	0.9152577828182278	238696.4555057828
FNQPFIIMIFDHFTWSSLFLAR	3	sp|P08185|CBG_HUMAN	0.010330578	1.0	0.9861640851719904	1643303.918084421
YEGGREHVAHLLFLR	2	sp|P19652|A1AG2_HUMAN	0.010330578	1.0	0.9406902157491286	134566.55399108125
ENFLFLTPDC[+57.021465]K	2	sp|P01042|KNG1_HUMAN	0.012936611	0.9933552810135716	0.9764385941897821	76570.48607005159
GDTFYVVSFR	2	sp|P18850|ATF6A_HUMAN	0.015642459	0.9212790999005022	0.7910461388143593	2016.2952116218219
VLAPWITETHFK	3	sp|P23467|PTPRB_HUMAN	0.012936611	0.9797881705057813	0.7855457773947885	321.9822166019295
ALGISPFHEHAEVVFTANDSGPR	3	sp|P02766|TTHY_HUMAN	0.012936611	0.9866190731264982	0.9136530132775008	56818.794425135115
TLYLADTFPTNFR	2	sp|P05154|IPSP_HUMAN	0.010330578	1.0	0.9286165908472349	105694.96437649643
ITDVIPSEAINELTVLVLVNTIYFK	3	sp|P01008|ANT3_HUMAN	0.010330578	1.0	0.9186118123473402	398438.1546903768
GKEESLDSDLYAELR	2	sp|P02775|CXCL7_HUMAN	0.012936611	0.9797881705057813	0.9170069195343655	28468.936332425288
LSITGTYDLK	2	sp|P01009|A1AT_HUMAN	0.012936611	0.9866190731264982	0.9797106325767111	219946.3402108192
SDDSVIQLLNPNR	3	sp|Q9BY67|CADM1_HUMAN	0.010330578	1.0	0.8673546434941538	7345.392948772783
DFTC[+57.021465]VHQALK	2	sp|P05155|IC1_HUMAN	0.012936611	0.9933552810135716	0.972802595484062	49410.714241282825
SFM[+15.994915]LLILER	2	sp|P05543|THBG_HUMAN	0.012936611	0.9866190731264982	0.7668439188156829	5174.065957546655
DFVQPPTK	2	sp|P01042|KNG1_HUMAN	0.010330578	1.0	0.9620581415738897	406978.7048831573
YGFIEGHVVIPR	3	sp|P16070|CD44_HUMAN	0.010330578	1.0	0.9502380061335427	1687076.2696013707
HITSLEVIK	2	sp|P02776|PLF4_HUMAN;sp|P10720|PF4V_HUMAN	0.012936611	0.9797881705057813	0.9806517142124088	339473.9106573326
DKC[+57.021465]EPLEKQHEK	3	sp|P02763|A1AG1_HUMAN;sp|P19652|A1AG2_HUMAN	0.014755959	0.9658285256870233	0.7773914373504333	245.992441247457
TAAQNLYEK	2	sp|P02655|APOC2_HUMAN	0.012936611	0.9797881705057813	0.9448071771798816	70892.70466586897
HRLEDMEQALSPSVFK	2	sp|P05155|IC1_HUMAN	0.010330578	1.0	0.728378788474259	32036.915908120223
ALGISPFHEHAEVVFTANDSGPRR	3	sp|P02766|TTHY_HUMAN	0.010330578	1.0	0.7314259674462354	93425.41035912806
