peptide	charge	proteins	q_value	score	spectral_angle	20241028_OA2_Evo08_ViAl_SA_FAIMS40_IO26_A556_MOMI_APEM_P185_E12_R01.mzML
LQQDVLQFQK	2	sp|Q8NBJ4|GOLM1_HUMAN	0.008536586	1.0	0.9749031703850103	3852.6830407255184
TEGDGVYTLNNEK	3	sp|P00738|HPT_HUMAN	0.011494253	0.9134157281067091	0.9446714841511777	5572.707705822569
VPTVEPLDSLTLFLFR	3	sp|P13598|ICAM2_HUMAN	0.008536586	0.9658285256870233	0.8482791540303168	7807.295914172699
ILGGHLDAK	1	sp|P00738|HPT_HUMAN;sp|P00739|HPTR_HUMAN	0.008536586	0.9797881705057813	0.9331188342435943	3615.1722772955573
SSNTYTLTDVR	2	sp|Q13740|CD166_HUMAN	0.008536586	1.0	0.9388386794861714	13540.502684825913
LGFTDLFSK	2	sp|P29622|KAIN_HUMAN	0.008536586	1.0	0.8916752274786328	109258.1668036383
SSIIFAGGDK	2	sp|Q7Z3B1|NEGR1_HUMAN	0.008536586	0.9866190731264982	0.7863001048740909	5462.965724788535
DTKTLMFGSYLDDEK	2	sp|P19652|A1AG2_HUMAN	0.008536586	1.0	0.8268584877527073	606012.2855981746
TSLTVVLLR	2	sp|P32942|ICAM3_HUMAN	0.008536586	1.0	0.9866231714882325	324866.9080249628
ITLLSALVETR	2	sp|P01011|AACT_HUMAN	0.008536586	1.0	0.9924224207214535	91905.28745238589
DEGTAFLVYGAPGFSK	2	sp|P06276|CHLE_HUMAN	0.008536586	1.0	0.9413943734225434	745257.0885263667
FPVFMGR	2	sp|P05155|IC1_HUMAN	0.008536586	1.0	0.8834242393414199	952878.0141107797
C[+57.021465]AGQQQDIR	2	sp|P27918|PROP_HUMAN	0.008536586	1.0	0.9614269773146087	34289.08515190871
FDPVRGEVPPR	2	sp|P02790|HEMO_HUMAN	0.008536586	0.9728591838590949	0.9592463956721408	1993289.4878664287
VQLTGEPVPMAR	3	sp|P15151|PVR_HUMAN	0.008536586	1.0	0.8050583598438881	6077.312915741568
ATVVYQGERVK	3	sp|P02749|APOH_HUMAN	0.008536586	1.0	0.8808248944352103	179649.30629184862
EISDGDVIISGNK	3	sp|P00533|EGFR_HUMAN	0.017897092	0.7390601692542802	0.9142688774332135	830.7770592281001
GFSSGSAVVSGGSR	2	sp|P35908|K22E_HUMAN	0.008536586	1.0	0.9116799188784994	1031.2525312921744
MADEAGSEADHEGTHSTK	2	sp|P02671|FIBA_HUMAN	0.011494253	0.9212790999005022	0.7360302144857532	7418.300385077047
ASDTAMYYC[+57.021465]AR	2	sp|A0A0C4DH38|HV551_HUMAN;sp|A0A0J9YXX1|HV5X1_HUMAN	0.008536586	1.0	0.886324316496874	3396.1003365724678
QIQVFEDEPAR	2	sp|Q9NPH3|IL1AP_HUMAN	0.008536586	1.0	0.9133134977933671	143147.19984565995
IGPDNLPYVQILK	3	sp|P11362|FGFR1_HUMAN	0.008536586	0.9866190731264982	0.8321848460853725	6536.14872444724
EETNEIQVVNEEPQR	2	sp|Q8NBJ4|GOLM1_HUMAN	0.008536586	1.0	0.8827706108578931	256248.62707673255
GVLHNEVK	2	sp|Q92954|PRG4_HUMAN	0.008536586	0.9797881705057813	0.9854112066930986	9180.183661189318
LDELRDEGK	2	sp|P02768|ALBU_HUMAN	0.008536586	1.0	0.9734100209483658	160151.68544255217
AADDTWEPFASGK	3	sp|P02766|TTHY_HUMAN	0.008536586	0.9933552810135716	0.9271898859839209	71762.76658678101
TFTC[+57.021465]TAAYPESK	2	sp|P01876|IGHA1_HUMAN	0.008536586	0.9933552810135716	0.9732731412619022	203905.56787038688
GEVLPLPEANFPSFPLPHHK	4	sp|P04196|HRG_HUMAN	0.008536586	1.0	0.8994272117932486	402029.11558982567
EFGNTLEDK	2	sp|P02654|APOC1_HUMAN	0.008536586	0.9866190731264982	0.9719397533547491	120921.78905859962
LEQEIATYR	2	sp|P02533|K1C14_HUMAN;sp|P08727|K1C19_HUMAN;sp|P08779|K1C16_HUMAN;sp|P13646|K1C13_HUMAN;sp|P19012|K1C15_HUMAN;sp|P35900|K1C20_HUMAN;sp|Q04695|K1C17_HUMAN;sp|Q8N1A0|KT222_HUMAN	0.008536586	0.9866190731264982	0.9187687420105508	3519.262077764777
SISTAYLQWSSLK	2	sp|A0A0C4DH38|HV551_HUMAN;sp|A0A0J9YXX1|HV5X1_HUMAN	0.008536586	0.9866190731264982	0.8571856703822848	19730.88830167411
LLVVYPWTQR	2	sp|P02042|HBD_HUMAN;sp|P02100|HBE_HUMAN;sp|P68871|HBB_HUMAN;sp|P69891|HBG1_HUMAN;sp|P69892|HBG2_HUMAN	0.008536586	1.0	0.9811721598174348	72836.12433631622
LYLVQGTQVYVFLTK	3	sp|P02790|HEMO_HUMAN	0.008536586	0.9728591838590949	0.8966733898305242	50.99867573128623
AGFAGDDAPR	1	sp|A5A3E0|POTEF_HUMAN;sp|P0CG38|POTEI_HUMAN;sp|P0CG39|POTEJ_HUMAN;sp|P60709|ACTB_HUMAN;sp|P62736|ACTA_HUMAN;sp|P63261|ACTG_HUMAN;sp|P63267|ACTH_HUMAN;sp|P68032|ACTC_HUMAN;sp|P68133|ACTS_HUMAN;sp|Q6S8J3|POTEE_HUMAN	0.021064302	0.686593192055836	0.7234339467625697	827.5165620383091
GPLDQLEK	2	sp|P05546|HEP2_HUMAN	0.008536586	0.9797881705057813	0.8019663636235027	13925.407269999429
C[+57.021465]PNPPVQENFDVNK	2	sp|P05090|APOD_HUMAN	0.008536586	1.0	0.9423393682580038	1421358.0820378887
EGDC[+57.021465]PVQSGK	2	sp|P01042|KNG1_HUMAN	0.008536586	1.0	0.9841013054585426	18950.216636280464
GEC[+57.021465]QAEGVLFFQGDR	3	sp|P02790|HEMO_HUMAN	0.008536586	0.9728591838590949	0.887084055212797	26775.194788431258
SSSQELGLK	2	sp|Q14515|SPRL1_HUMAN	0.008536586	0.9866190731264982	0.9392150507287069	4179.944979274426
AVM[+15.994915]DDFAAFVEK	2	sp|P02768|ALBU_HUMAN	0.013761468	1.0	0.8461624668524366	18146.770247139233
VGSALFLSHNLK	3	sp|P29622|KAIN_HUMAN	0.008536586	0.9728591838590949	0.8761475291319855	37779.45024920703
ISSDSPPSVQFMNR	2	sp|Q9H2A7|CXL16_HUMAN	0.008536586	0.9797881705057813	0.8326089727069613	21316.972892986196
ETSNFGFSLLR	2	sp|Q9UK55|ZPI_HUMAN	0.008536586	1.0	0.91696423230823	15542.446695820288
YYC[+57.021465]FQGNQFLR	3	sp|P02790|HEMO_HUMAN	0.021064302	0.7004675850791199	0.7144510708110593	7220.171089351645
HSAQPWADFTLLGAR	3	sp|Q8IYS5|OSCAR_HUMAN	0.008536586	1.0	0.7674333198798688	50803.97631806087
LGNQEPGGQTALK	3	sp|P08697|A2AP_HUMAN	0.008536586	0.9933552810135716	0.8864730385044759	3163.044073444421
DALSSVQESQVAQQAR	3	sp|P02656|APOC3_HUMAN	0.008536586	0.9728591838590949	0.833406601584143	27218.39507453514
GTYSTTVTGR	2	sp|P08519|APOA_HUMAN	0.008536586	0.9866190731264982	0.9688269330381907	76793.15704649311
TDTSHHDQDHPTFNK	3	sp|P01009|A1AT_HUMAN	0.008536586	1.0	0.9200504539040185	288261.8222278102
IDVHWTR	2	sp|P25311|ZA2G_HUMAN	0.008536586	0.9797881705057813	0.9129777857694348	15666.206730314703
EIGELYLPK	2	sp|P01011|AACT_HUMAN	0.008536586	1.0	0.9860398063143554	541326.7373222808
YPPTVSMVEGQGEK	2	sp|P27918|PROP_HUMAN	0.008536586	1.0	0.9667377718347605	1269543.485275666
VEIDTKSYWK	3	sp|P02766|TTHY_HUMAN	0.011494253	0.9290085173289965	0.9444958395863187	4927.5800107795785
IMQSSQSMSK	2	sp|O75882|ATRN_HUMAN	0.008536586	0.9866190731264982	0.9744906271369613	212641.72282474124
KVPQVSTPTLVEVSR	2	sp|P02768|ALBU_HUMAN	0.008536586	1.0	0.9601873690526785	990071.8892777916
DIEEGAIVNPGR	2	sp|P23471|PTPRZ_HUMAN	0.008536586	1.0	0.8871456504869545	2638.8099800459254
ASSIIDELFQDR	3	sp|P10909|CLUS_HUMAN	0.008536586	0.9933552810135716	0.8739161568946825	11294.944448322562
SYSC[+57.021465]QVTHEGSTVEK	3	sp|B9A064|IGLL5_HUMAN;sp|P0CF74|IGLC6_HUMAN;sp|P0CG04|IGLC1_HUMAN;sp|P0DOX8|IGL1_HUMAN;sp|P0DOY2|IGLC2_HUMAN;sp|P0DOY3|IGLC3_HUMAN	0.008536586	1.0	0.9474105450499934	1681672.8540826887
NWGLSFYADKPETTK	4	sp|P19652|A1AG2_HUMAN	0.008536586	0.9728591838590949	0.9473486926861148	2552.6632257317456
GTHC[+57.021465]NQVEVIATLK	3	sp|P02775|CXCL7_HUMAN	0.008536586	0.9797881705057813	0.9442251607268857	65622.20468452513
VDGALC[+57.021465]M[+15.994915]EK	2	sp|P02790|HEMO_HUMAN	0.008536586	1.0	0.9713604920597987	85860.33960682787
GFGGLTGQIVAALSTAK	3	sp|Q92954|PRG4_HUMAN	0.008536586	1.0	0.9408440109058943	1954179.454513997
GGYTLVSGYPK	2	sp|P02790|HEMO_HUMAN	0.008536586	1.0	0.9707235112583651	684058.8099222098
ASFHIPQVQVR	3	sp|Q9BQ51|PD1L2_HUMAN	0.008536586	1.0	0.8532967393109487	132393.53480291803
LLIYDASNR	2	sp|A0A0A0MRZ8|KVD11_HUMAN;sp|P04433|KV311_HUMAN	0.008536586	1.0	0.9045216327695516	145134.17219742897
WELLQQVDTSTR	2	sp|P04264|K2C1_HUMAN	0.008536586	1.0	0.9491904432263345	1520203.4999054074
QLVEIEK	1	sp|P00738|HPT_HUMAN;sp|P00739|HPTR_HUMAN	0.008536586	0.9797881705057813	0.9227023128287047	297.94062194759266
TYLPAVDEK	2	sp|P02655|APOC2_HUMAN	0.008536586	1.0	0.979446043815579	1776328.2193942727
ADGESC[+57.021465]SASMMYQEGK	2	sp|P01008|ANT3_HUMAN	0.008536586	1.0	0.9389242727732968	1192779.1810455697
VITEPIPVSDLR	2	sp|Q12913|PTPRJ_HUMAN	0.008536586	1.0	0.9978115474048743	67108.5325980684
REPAVGEPAEVTTTVLVR	4	sp|P05362|ICAM1_HUMAN	0.008536586	1.0	0.7895303122382044	3525.4109868650294
ESLLNHFLYEVAR	3	sp|P43652|AFAM_HUMAN	0.008536586	1.0	0.9003007338158361	333083.859529316
GVTSVSQIFHSPDLAIR	3	sp|P05155|IC1_HUMAN	0.008536586	0.9797881705057813	0.9331037428548107	146030.92459008668
EMEDTLNHLK	3	sp|P17936|IBP3_HUMAN	0.008536586	1.0	0.9799231980526918	212228.01708187014
AVLTIDEK	1	sp|P01009|A1AT_HUMAN	0.008536586	0.9658285256870233	0.9283261990028155	41198.9424617509
EWFWDLATGTMK	3	sp|P02790|HEMO_HUMAN	0.008536586	0.9866190731264982	0.8906141067564833	26199.002207651705
NPDAVAAPYC[+57.021465]YTR	2	sp|P08519|APOA_HUMAN	0.008536586	1.0	0.8520343771226777	19452.780011574847
C[+57.021465]TWLIEGQPNR	3	sp|O75882|ATRN_HUMAN	0.008536586	0.9933552810135716	0.7389856869561663	2501.9677988647863
VLDELTLTK	2	sp|P13645|K1C10_HUMAN	0.008536586	1.0	0.9483901344719534	643349.4710761067
ALSIGFETC[+57.021465]R	2	sp|P16070|CD44_HUMAN	0.008536586	1.0	0.9738878643224695	666132.2369453016
STSESTAALGC[+57.021465]LVK	3	sp|P01859|IGHG2_HUMAN;sp|P01861|IGHG4_HUMAN	0.008536586	0.9933552810135716	0.7366176993842145	845.362042389528
EMEVLHLR	2	sp|P11362|FGFR1_HUMAN	0.011494253	0.9134157281067091	0.8993469550179294	8930.657465623743
VPLQQNFQDNQFQGK	2	sp|P80188|NGAL_HUMAN	0.008536586	1.0	0.938534317064653	2553169.3461521477
YFHHNSDFHIPK	4	sp|O75015|FCG3B_HUMAN	0.008536586	1.0	0.9870559634181274	2095535.174856908
SKEQLTPLIK	2	sp|P02652|APOA2_HUMAN	0.008536586	1.0	0.948834257922917	81558.79554642309
MSSINADFAFNLYR	2	sp|P05543|THBG_HUMAN	0.008536586	1.0	0.9716160727630101	3418073.135368784
NLAVSQVVHK	2	sp|P01011|AACT_HUMAN	0.008536586	1.0	0.99071897573281	2422833.8851210517
IMGITLVSKK	2	sp|Q9Y5Y7|LYVE1_HUMAN	0.008536586	1.0	0.9606048335408792	94294.77665608955
SEVEEWSDMYTVTSQLMLK	3	sp|Q9BY67|CADM1_HUMAN	0.008536586	1.0	0.9473659634333095	244681.183364319
ASVGQDSPEPR	2	sp|Q6UX71|PXDC2_HUMAN	0.008536586	1.0	0.9062664169203578	12609.821953423094
GILTVDELLAIR	3	sp|P13473|LAMP2_HUMAN	0.008536586	1.0	0.7900922117642823	3507.0636593754207
QQLQALSEPQPR	2	sp|Q8NBJ4|GOLM1_HUMAN	0.008536586	0.9933552810135716	0.8843564221072666	5605.858327407601
ATLVC[+57.021465]LISDFYPGAVTVAWK	4	sp|B9A064|IGLL5_HUMAN;sp|P0CG04|IGLC1_HUMAN;sp|P0DOX8|IGL1_HUMAN;sp|P0DOY2|IGLC2_HUMAN;sp|P0DOY3|IGLC3_HUMAN	0.008536586	1.0	0.8265095839433229	48923.04271963786
LRTEGDGVYTLNDK	2	sp|P00738|HPT_HUMAN;sp|P00739|HPTR_HUMAN	0.008536586	1.0	0.9318958044304838	625142.6643553035
EGVMVQTSGK	2	sp|Q9ULI3|HEG1_HUMAN	0.008536586	1.0	0.9412858685930426	311566.7664074339
TEGDGVYTLNDK	2	sp|P00738|HPT_HUMAN;sp|P00739|HPTR_HUMAN	0.008536586	1.0	0.9819893856495169	250332.13197307778
GTQEQDFYVTSETVVR	3	sp|P05154|IPSP_HUMAN	0.008536586	0.9658285256870233	0.7720129478872779	6360.593473556759
EQLGEFYEALDC[+57.021465]LR	3	sp|P02763|A1AG1_HUMAN	0.008536586	0.9728591838590949	0.8687262557947583	6086.3358240884345
SSEPTEDVEPK	2	sp|O43493|TGON2_HUMAN	0.008536586	1.0	0.8679245328321132	5859.301970252553
WLQGSQELPR	2	sp|P01876|IGHA1_HUMAN;sp|P01877|IGHA2_HUMAN;sp|P0DOX2|IGA2_HUMAN	0.020134227	0.9933552810135716	0.9770824249986987	306389.49568971695
VYSTSVTGSR	2	sp|Q9H299|SH3L3_HUMAN	0.008536586	1.0	0.8995356516753605	91880.76977185052
ELQVYISPK	2	sp|P19320|VCAM1_HUMAN	0.008536586	1.0	0.8726169927679223	25494.854194962096
SISC[+57.021465]QEIPGQQSR	2	sp|P27918|PROP_HUMAN	0.008536586	1.0	0.9421163445294841	1395978.3172044773
TSDQIHFFFAK	3	sp|P01008|ANT3_HUMAN	0.008536586	0.9933552810135716	0.9441450718230856	497843.76592140394
DDNPNLPR	2	sp|P02768|ALBU_HUMAN	0.008536586	0.9797881705057813	0.8214833154851338	12180.923039513747
EPQVYTLPPSR	2	sp|P01857|IGHG1_HUMAN;sp|P01859|IGHG2_HUMAN;sp|P01860|IGHG3_HUMAN;sp|P0DOX5|IGG1_HUMAN	0.008536586	1.0	0.9582893284410596	5641.268834637212
SAVQGPPER	2	sp|P01876|IGHA1_HUMAN;sp|P01877|IGHA2_HUMAN	0.008536586	0.9797881705057813	0.9545612245163257	36232.698385060685
NSVIKVPMMNSK	2	sp|P05155|IC1_HUMAN	0.008536586	0.9797881705057813	0.9629258893057577	60065.112794708635
ASVSVTAEDEGTQR	2	sp|P05362|ICAM1_HUMAN	0.008536586	1.0	0.8811690485028845	107721.19674098505
YFHHNSDFHIPK	3	sp|O75015|FCG3B_HUMAN	0.008536586	1.0	0.7964571858921414	102799.41071108644
ESGTDDFNVWIGLHDPK	3	sp|P05451|REG1A_HUMAN	0.008536586	1.0	0.9486219431912195	50422.35750752597
RYTIAALLSPYSYSTTAVVTNPK	3	sp|P02766|TTHY_HUMAN	0.008536586	0.9728591838590949	0.9478001190221045	42062296.06272744
KGEVLPLPEANFPSFPLPHHK	5	sp|P04196|HRG_HUMAN	0.008536586	0.9933552810135716	0.7076046612171748	5325.55755448136
LPGIVAEGRDDLYVSDAFHK	3	sp|P01008|ANT3_HUMAN	0.008536586	0.9866190731264982	0.9291056130584578	253520.28534554128
SILFLGK	1	sp|P05543|THBG_HUMAN	0.009603841	0.9586923939928679	0.7425368958714267	1402.4207993045725
VLNQELR	2	sp|P05090|APOD_HUMAN	0.008536586	1.0	0.9368594026223573	896852.53555344
FQNALLVR	1	sp|P02768|ALBU_HUMAN	0.021064302	0.6411227749434683	0.7056409171690049	3120.833395886549
LYIEYGIQR	2	sp|Q9NPH3|IL1AP_HUMAN	0.008536586	1.0	0.9906014564822506	106662.79702530908
HTFM[+15.994915]GVVSLGSPSGEVSHPR	4	sp|P02765|FETUA_HUMAN	0.008536586	0.9933552810135716	0.9479051807778393	7245.9418992512665
VQPYLDDFQK	2	sp|P02647|APOA1_HUMAN	0.008536586	1.0	0.9641714838767542	790487.325895761
SSAEAQTPEDTPNK	2	sp|O43493|TGON2_HUMAN	0.008536586	1.0	0.9179933256565099	34879.35640210686
C[+57.021465]SPHLVLSALTSDNHGATYAFSGTHYWR	5	sp|P02790|HEMO_HUMAN	0.008536586	0.9797881705057813	0.8913894692670128	1811572.3351446819
LGMFNIQHC[+57.021465]K	3	sp|P01009|A1AT_HUMAN	0.008536586	1.0	0.8171123812719948	97131.58465545555
SGAQATWTELPWPHEK	2	sp|P02790|HEMO_HUMAN	0.008536586	1.0	0.8970812935603766	2983982.8084980184
DNPMYYC[+57.021465]NK	2	sp|O75882|ATRN_HUMAN	0.008536586	0.9933552810135716	0.9464379905061054	8968.770904368763
DVFLGMFLYEYAR	3	sp|P02768|ALBU_HUMAN	0.008536586	1.0	0.7473457111297819	32471.072489704922
LREQLGPVTQEFWDNLEK	4	sp|P02647|APOA1_HUMAN	0.023230089	0.5462099337781654	0.7075778488516086	4286.8227468788655
SGTSASLAISGLR	2	sp|P01700|LV147_HUMAN	0.008536586	1.0	0.9265246107143681	99533.81388461572
LLGNVLVC[+57.021465]VLAHHFGK	4	sp|P68871|HBB_HUMAN	0.008536586	0.9933552810135716	0.9225647772391051	20164.86028420599
WEMPFDPQDTHQSR	2	sp|P01011|AACT_HUMAN	0.008536586	0.9728591838590949	0.8803356177894832	19545.60659134117
TAFQEALDAAGDK	2	sp|P10599|THIO_HUMAN	0.008536586	1.0	0.9519574868870304	20412.972718126344
IC[+57.021465]LDLQAPLYK	2	sp|P02776|PLF4_HUMAN	0.008536586	1.0	0.9652795098444367	1303806.8756045888
HTFMGVVSLGSPSGEVSHPR	4	sp|P02765|FETUA_HUMAN	0.008536586	0.9933552810135716	0.9511257640325135	494407.0619454688
ESTLHLVLR	2	sp|P0CG47|UBB_HUMAN;sp|P0CG48|UBC_HUMAN;sp|P62979|RS27A_HUMAN;sp|P62987|RL40_HUMAN	0.008536586	1.0	0.7641909054791116	439699.8036997669
LAIPQQSDFHNNR	2	sp|P07333|CSF1R_HUMAN	0.008536586	0.9797881705057813	0.9045422522984291	26407.789445894054
LTLTPWVGLR	2	sp|O75882|ATRN_HUMAN	0.008536586	1.0	0.968569468244415	2511026.7447300265
HTLNQIDEVK	2	sp|P02765|FETUA_HUMAN	0.008536586	0.9933552810135716	0.8402283218866861	30332.099164953117
SLHTLFGDK	2	sp|P02768|ALBU_HUMAN	0.008536586	0.9866190731264982	0.887024227132539	17286.32531837534
QGHNSVFLIK	2	sp|P02790|HEMO_HUMAN	0.008536586	1.0	0.9582475813817434	430461.92874375964
SC[+57.021465]ALDQNC[+57.021465]QWEPR	2	sp|O75882|ATRN_HUMAN	0.008536586	1.0	0.9862682243332556	118071.71155266087
QVILTLQPTLVAVGK	2	sp|P13598|ICAM2_HUMAN	0.014840183	1.0	0.9362947814164071	3396766.8305660887
NVQDAIADAEQR	2	sp|P35908|K22E_HUMAN	0.008536586	1.0	0.8772852722964004	21868.255839779868
AELQEGAR	2	sp|P02647|APOA1_HUMAN	0.008536586	1.0	0.9661762077574613	46843.64298544379
FTVNNLAEPQK	3	sp|P12259|FA5_HUMAN	0.023230089	0.5678582329614409	0.8591935012249249	2003.1771545756383
EQVTNVGGAVVTGVTAVAQK	3	sp|P37840|SYUA_HUMAN	0.008536586	1.0	0.9582613983138565	104142.53063944358
FRIEDGFSLK	3	sp|P01008|ANT3_HUMAN	0.008536586	1.0	0.9194272899256654	2225861.9041830907
ATFGC[+57.021465]HDGYSLDGPEEIEC[+57.021465]TK	3	sp|P02749|APOH_HUMAN	0.008536586	1.0	0.8068912762971505	154982.2389574176
GDDITMVLILPKPEK	2	sp|P01008|ANT3_HUMAN	0.011494253	0.9212790999005022	0.8046210454930454	12502.825120562891
LDSSEFLK	2	sp|Q12841|FSTL1_HUMAN	0.008536586	0.9866190731264982	0.8650728500524394	1021.1960487698026
AGVETTTPSK	2	sp|P0DOY2|IGLC2_HUMAN;sp|P0DOY3|IGLC3_HUMAN	0.008536586	0.9866190731264982	0.9659054382283533	1600.799596481294
LLIYWASTR	2	sp|P06312|KV401_HUMAN	0.008536586	0.9933552810135716	0.9483579122056057	10544.305855468361
HYYESEVLAMNFQDWATASR	3	sp|P08185|CBG_HUMAN	0.008536586	0.9797881705057813	0.9545603112615805	1230605.508737652
FNKPFVFLMIEQNTK	3	sp|P01009|A1AT_HUMAN	0.008536586	1.0	0.9592808506071455	139414.686747345
IILEDENDAMADADR	2	sp|Q9BUN1|MENT_HUMAN	0.008536586	0.9728591838590949	0.921264540730605	98253.82820201888
ADLSGITGAR	1	sp|P01011|AACT_HUMAN	0.017006803	0.8630568252698203	0.9402554853679896	12736.482225755726
GLPNVVTSAISLPNIR	2	sp|Q92954|PRG4_HUMAN	0.008536586	1.0	0.9661844245566058	278952.9269105537
WVQDYIK	1	sp|Q16627|CCL14_HUMAN	0.008536586	0.9866190731264982	0.9082655454373864	1805.692047632725
QVVAGLNFR	2	sp|P01042|KNG1_HUMAN	0.008536586	1.0	0.886589171175868	86546.04199968734
YENEVALR	2	sp|P13645|K1C10_HUMAN	0.011494253	0.9440873193926883	0.9490408140079062	6025.701768376142
LQHLENELTHDIITK	4	sp|P01009|A1AT_HUMAN	0.008536586	0.9658285256870233	0.9132408216948072	32901.62804760283
LREQLGPVTQEFWDNLEK	3	sp|P02647|APOA1_HUMAN	0.008536586	0.9866190731264982	0.9733176565011099	331790.82387098006
VGYVSGWGR	2	sp|P00738|HPT_HUMAN	0.008536586	1.0	0.987479963435543	6518191.384855068
LVRPEVDVMC[+57.021465]TAFHDNEETFLK	3	sp|P02768|ALBU_HUMAN	0.008536586	1.0	0.9350460853109522	189670.86814942968
DASGVTFTWTPSSGK	2	sp|P01876|IGHA1_HUMAN	0.008536586	0.9866190731264982	0.9673428959982147	12595.563021759064
TMLLQPAGSLGSYSYR	2	sp|P41222|PTGDS_HUMAN	0.008536586	0.9728591838590949	0.8654493897305374	156022.95666340744
DIAPTLTLYVGK	3	sp|P00738|HPT_HUMAN;sp|P00739|HPTR_HUMAN	0.008536586	1.0	0.8871391627106374	7280.7389905793525
AVSISPTNVILTWK	2	sp|Q12913|PTPRJ_HUMAN	0.008536586	0.9866190731264982	0.9991188431171802	89435.87406771934
YVGGQEHFAHLLILR	3	sp|P02763|A1AG1_HUMAN	0.008536586	0.9728591838590949	0.9593251518249123	468745.8830834436
FSGSGSGTDFTLTISR	2	sp|A0A0C4DH25|KVD20_HUMAN;sp|P01619|KV320_HUMAN	0.008536586	1.0	0.879562249858509	587844.4067678306
SDVMYTDWK	2	sp|P19652|A1AG2_HUMAN	0.008536586	1.0	0.9793615031537528	594193.2091379038
YIC[+57.021465]ENQDSISSK	2	sp|P02768|ALBU_HUMAN	0.008536586	0.9866190731264982	0.9633968660755254	14358.627746620681
AQYEEIAQR	2	sp|P02538|K2C6A_HUMAN;sp|P04259|K2C6B_HUMAN;sp|P19013|K2C4_HUMAN;sp|P35908|K22E_HUMAN;sp|P48668|K2C6C_HUMAN;sp|Q01546|K22O_HUMAN	0.008536586	1.0	0.8994362382155482	17681.098663680594
SEAYNTFSER	2	sp|P12259|FA5_HUMAN	0.008536586	0.9933552810135716	0.9217020165976855	29456.424876989116
GGSTSYGTGSETESPR	2	sp|P02671|FIBA_HUMAN	0.008536586	0.9797881705057813	0.9225055411169267	54867.1730824514
EHVAHLLFLRDTK	2	sp|P19652|A1AG2_HUMAN	0.008536586	0.9866190731264982	0.8775681684874832	35527.917092534124
RLGMFNIQHC[+57.021465]K	3	sp|P01009|A1AT_HUMAN	0.008536586	0.9866190731264982	0.9553992852704448	12238.902658277306
EENFYVDETTVVK	2	sp|P08185|CBG_HUMAN	0.008536586	0.9797881705057813	0.7387607525716668	19925.429908945902
SAGSVESPSVSSTHR	2	sp|P17936|IBP3_HUMAN	0.008536586	0.9866190731264982	0.842932538972736	1493.4530183440538
IHWESASLLR	2	sp|P01024|CO3_HUMAN	0.008536586	0.9933552810135716	0.9702615965792472	50019.93738929427
EVGTPHGIILDSVDAAFIC[+57.021465]PGSSR	3	sp|P02790|HEMO_HUMAN	0.008536586	1.0	0.9477238239687368	8835722.618416637
VC[+57.021465]PFAGILENGAVR	2	sp|P02749|APOH_HUMAN	0.008536586	1.0	0.9212002355963343	15218953.240924947
TLLSNLEEAK	2	sp|P10909|CLUS_HUMAN	0.008536586	1.0	0.8845982724073624	72957.9870366044
WTFEILDETNENK	3	sp|P10721|KIT_HUMAN	0.021064302	0.7004675850791199	0.7304919282564261	6450.977161685667
VSALVDYER	2	sp|Q9BYE9|CDHR2_HUMAN	0.008536586	0.9866190731264982	0.9365173140037849	9847.722261103152
VDGALC[+57.021465]MEK	2	sp|P02790|HEMO_HUMAN	0.008536586	0.9866190731264982	0.9704067658235703	751424.8969141383
ESSSHHPGIAEFPSR	3	sp|P02671|FIBA_HUMAN	0.008536586	1.0	0.90512572136404	52413.89230119765
FIC[+57.021465]PLTGLWPINTLK	2	sp|P02749|APOH_HUMAN	0.008536586	0.9933552810135716	0.9478497066973314	129744.76503290521
EPQDTYHYLPFSLPHR	3	sp|P10909|CLUS_HUMAN	0.008536586	1.0	0.9294382310673012	99509.08964067033
SVLGQLGITK	2	sp|P01009|A1AT_HUMAN	0.008536586	1.0	0.9863297256110203	13666267.963486189
WKNFPSPVDAAFR	2	sp|P02790|HEMO_HUMAN	0.008536586	0.9866190731264982	0.8311923700232343	7209.567742351805
TM[+15.994915]LLQPAGSLGSYSYR	3	sp|P41222|PTGDS_HUMAN	0.009603841	0.9586923939928679	0.8805194694732446	14067.132799932477
HPDEAAFFDTASTGK	3	sp|P02671|FIBA_HUMAN	0.008536586	0.9797881705057813	0.8480562130490614	5892.442428451079
EGIVEYPR	2	sp|Q02985|FHR3_HUMAN;sp|Q92496|FHR4_HUMAN	0.008536586	1.0	0.8942751086341965	113974.01519429176
FLENEDRR	2	sp|P01009|A1AT_HUMAN	0.008536586	1.0	0.9430328283364398	929750.9142107309
NWPESVYFFK	2	sp|Q92954|PRG4_HUMAN	0.008536586	1.0	0.9358218688708122	7034.643508591632
MYATIYELK	2	sp|P80188|NGAL_HUMAN	0.008536586	0.9933552810135716	0.954398793353132	15105.292914420494
EHVAHLLFLR	3	sp|P19652|A1AG2_HUMAN	0.008536586	0.9728591838590949	0.954937286935091	258664.163386259
KLINDYVK	2	sp|P01011|AACT_HUMAN	0.008536586	0.9866190731264982	0.9713547777825977	35534.212668779655
TEDTIFLR	2	sp|P02763|A1AG1_HUMAN;sp|P19652|A1AG2_HUMAN	0.008536586	0.9866190731264982	0.9808228248140355	165324.8658872936
LC[+57.021465]TPLLPK	2	sp|P27918|PROP_HUMAN	0.008536586	0.9866190731264982	0.9789213458605668	2339.583823477507
YTDLVAIQNK	2	sp|P16109|LYAM3_HUMAN	0.008536586	0.9933552810135716	0.9523807127471775	15794.808796124435
AFSVNIFK	2	sp|P11279|LAMP1_HUMAN	0.008536586	0.9797881705057813	0.9201521162973058	33379.80011519119
TVAAC[+57.021465]NLPIVR	2	sp|P02760|AMBP_HUMAN	0.008536586	0.9933552810135716	0.9914355222067026	1048096.4431262626
IPLNDLFR	2	sp|P13473|LAMP2_HUMAN	0.008536586	0.9866190731264982	0.9908706307644891	23342.93305537937
GKEESLDSDLYAELR	4	sp|P02775|CXCL7_HUMAN	0.008536586	1.0	0.7829689311045852	49523.86874261683
DSPVLIDFFEDTER	2	sp|P04196|HRG_HUMAN	0.008536586	0.9866190731264982	0.7618020075244019	10846.542274464719
TSESGELHGLTTEEEFVEGIYK	4	sp|P02766|TTHY_HUMAN	0.008536586	1.0	0.921027670258157	5709456.295088492
ALTDMPQMR	2	sp|P02671|FIBA_HUMAN	0.008536586	1.0	0.9371422843110001	268149.99066900084
QINDYVEK	2	sp|P01009|A1AT_HUMAN	0.008536586	1.0	0.9799068693720703	531408.4341779076
ESSSHHPGIAEFPSR	4	sp|P02671|FIBA_HUMAN	0.008536586	1.0	0.9218139962112188	229537.9839830806
ELDRDTVFALVNYIFFK	3	sp|P01009|A1AT_HUMAN	0.008536586	0.9933552810135716	0.9208280034506962	26091.618449902446
LDDDLEHQGGHVLDHGHK	5	sp|P01042|KNG1_HUMAN	0.008536586	1.0	0.9271326036296708	2389570.6246481366
WYNLAIGSTC[+57.021465]PWLK	3	sp|P02760|AMBP_HUMAN	0.008536586	1.0	0.9604298041340972	154985.41967840632
RLWWLDLK	2	sp|P02790|HEMO_HUMAN	0.008536586	0.9933552810135716	0.9831112828228264	54764.1984715809
DIPMNPMC[+57.021465]IYR	3	sp|P01008|ANT3_HUMAN	0.008536586	0.9933552810135716	0.9346250542233625	2246.429591296274
HSWTIPEDGNSQK	2	sp|Q13201|MMRN1_HUMAN	0.008536586	1.0	0.9776971110855859	371190.145060976
NPNLPPETVDSLK	2	sp|P05090|APOD_HUMAN	0.008536586	0.9933552810135716	0.9358018303821394	133070.30098708448
AGFAGDDAPR	2	sp|A5A3E0|POTEF_HUMAN;sp|P0CG38|POTEI_HUMAN;sp|P0CG39|POTEJ_HUMAN;sp|P60709|ACTB_HUMAN;sp|P62736|ACTA_HUMAN;sp|P63261|ACTG_HUMAN;sp|P63267|ACTH_HUMAN;sp|P68032|ACTC_HUMAN;sp|P68133|ACTS_HUMAN;sp|Q6S8J3|POTEE_HUMAN	0.008536586	1.0	0.9748982017734632	94298.87644313727
SSSQELGLK	1	sp|Q14515|SPRL1_HUMAN	0.008536586	0.9866190731264982	0.8699935960255248	167.73573940420277
ALGISPFHEHAEVVFTANDSGPR	4	sp|P02766|TTHY_HUMAN	0.008536586	1.0	0.9319158953978222	22263852.40523397
WLQDNAENVYVWK	2	sp|P07359|GP1BA_HUMAN	0.008536586	1.0	0.9405405587831871	1313943.3701162345
YKEENDDFASFR	2	sp|P04196|HRG_HUMAN	0.008536586	1.0	0.9475543574650068	946234.7211347276
AIGLPEELIQK	2	sp|P07148|FABPL_HUMAN	0.008536586	0.9933552810135716	0.9295195549955357	52860.06765269871
ALPAPIEK	1	sp|P01857|IGHG1_HUMAN;sp|P01860|IGHG3_HUMAN;sp|P0DOX5|IGG1_HUMAN	0.014840183	0.897262926642552	0.7362792884214829	1472.422752488173
SVNNVVVR	1	sp|O75882|ATRN_HUMAN	0.011494253	0.9514467542496609	0.9011951803392904	2056.5885435645437
ALVLIAFAQYLQQC[+57.021465]PFEDHVK	4	sp|P02768|ALBU_HUMAN	0.008536586	1.0	0.8984636010115616	1019.3532657998717
VAEGTQVLELPFK	2	sp|P01008|ANT3_HUMAN	0.008536586	1.0	0.9588984606927702	4473408.930112138
GIYSFSFHVIK	3	sp|Q9NTU7|CBLN4_HUMAN	0.008536586	1.0	0.9349167768164363	562743.440895181
GTWTQPFDLASTR	2	sp|P08185|CBG_HUMAN	0.008536586	1.0	0.9521750053077611	19017709.388710633
LNDLEDALQQAK	2	sp|P04264|K2C1_HUMAN	0.008536586	1.0	0.974391159678865	56970.804815992466
ALGISPFHEHAEVVFTANDSGPRR	4	sp|P02766|TTHY_HUMAN	0.008536586	0.9866190731264982	0.7182513094053655	15604.617108130567
FNALQYLR	2	sp|P51884|LUM_HUMAN	0.011494253	0.9134157281067091	0.8569135419284805	402.49579829766236
EEDPIHLR	2	sp|O75015|FCG3B_HUMAN;sp|P08637|FCG3A_HUMAN	0.008536586	1.0	0.9544818156143478	553270.8788764174
SPELQAEAK	1	sp|P02652|APOA2_HUMAN	0.008536586	1.0	0.7240884543297696	3295.575110856186
VATTVISK	1	sp|P05155|IC1_HUMAN	0.008536586	1.0	0.7557031566079987	20072.63625292036
EALQGVGDMGR	2	sp|P35542|SAA4_HUMAN	0.008536586	0.9933552810135716	0.9657767508079498	3845.1749615670633
LVLLNAIYLSAK	2	sp|P05155|IC1_HUMAN	0.008536586	1.0	0.973537629185613	35910863.313318975
QSLEASLAETEGR	2	sp|P13645|K1C10_HUMAN	0.008536586	0.9933552810135716	0.895706235184121	29049.742558248003
MNTVIAALSR	2	sp|P08185|CBG_HUMAN	0.008536586	1.0	0.9914785574034597	1514215.8640078676
TFVLPVTPPR	2	sp|P32942|ICAM3_HUMAN	0.008536586	0.9866190731264982	0.9681913162853071	615903.096588631
VTTPDTSTTQHNK	3	sp|Q92954|PRG4_HUMAN	0.008536586	1.0	0.9470222939001675	163266.89500916956
NWGLSVYADKPETTK	2	sp|P02763|A1AG1_HUMAN	0.008536586	1.0	0.9391939202597628	3734770.2369390144
IEISELNR	2	sp|P04264|K2C1_HUMAN;sp|P35908|K22E_HUMAN	0.008536586	1.0	0.9838715892886264	117582.32637758862
GSSSSPLGISVR	2	sp|Q9NTU7|CBLN4_HUMAN	0.008536586	1.0	0.9138916825058745	122420.7663990109
VWPQQPSGELFEIEIDTLETTC[+57.021465]HVLDPTPVAR	4	sp|P02765|FETUA_HUMAN	0.008536586	1.0	0.9387435492464009	2214774.6187408464
SQYEQLAEQNRK	3	sp|P13645|K1C10_HUMAN	0.008536586	0.9866190731264982	0.906025172670311	16424.45206375727
GSPAINVAVHVFRK	3	sp|P02766|TTHY_HUMAN	0.008536586	0.9866190731264982	0.9416525087545451	140787.43127902623
LYHSEAFTVNFGDTEEAKK	4	sp|P01009|A1AT_HUMAN	0.008536586	1.0	0.9560689290453265	612071.8245167269
DYFMPC[+57.021465]PGR	3	sp|P02790|HEMO_HUMAN	0.008536586	1.0	0.8315947758316564	15251.405631465565
GSPAINVAVHVFR	3	sp|P02766|TTHY_HUMAN	0.008536586	0.9933552810135716	0.9657638334058778	2128955.638066646
ANRPFLVFIR	2	sp|P01008|ANT3_HUMAN	0.008536586	0.9728591838590949	0.9767599890583423	41213.60036429762
APWSLQSVNPGLK	2	sp|P10912|GHR_HUMAN	0.008536586	0.9933552810135716	0.8545995738965312	8895.072208318501
EAEPLVDIR	2	sp|Q9H8L6|MMRN2_HUMAN	0.017897092	0.7510559064272662	0.9380087935147643	70817.68490055966
EVPLNTIIFMGR	2	sp|P01008|ANT3_HUMAN	0.008536586	0.9866190731264982	0.9882750405818588	114979.52326455072
WSAGLTSSQVDLYIPK	2	sp|P08185|CBG_HUMAN	0.008536586	1.0	0.9515803866863861	2505333.796411925
SC[+57.021465]AVAEYGVYVK	2	sp|P00738|HPT_HUMAN;sp|P00739|HPTR_HUMAN	0.023230089	0.9933552810135716	0.9456302975429584	709747.2627875644
FKLDDDLEHQGGHVLDHGHK	5	sp|P01042|KNG1_HUMAN	0.008536586	0.9866190731264982	0.8893543149711127	44952.10024438475
IDPSHTQGYR	3	sp|P40189|IL6RB_HUMAN	0.010778443	0.9586923939928679	0.8685606351028723	3178.405737661617
GEVLPLPEANFPSFPLPHHK	3	sp|P04196|HRG_HUMAN	0.008536586	1.0	0.9136461903454852	761460.3689687776
VVSTNYNQHAMVFFK	2	sp|P80188|NGAL_HUMAN	0.008536586	0.9933552810135716	0.9791148138581116	83217.63527232938
SDVVYTDWKKDK	3	sp|P02763|A1AG1_HUMAN	0.008536586	0.9866190731264982	0.9312144438090318	21935.312266273577
GSFPWQAK	2	sp|P00738|HPT_HUMAN;sp|P00739|HPTR_HUMAN	0.008536586	0.9797881705057813	0.9917964246501179	290718.4458536992
WYVVGLAGNAILR	2	sp|P80188|NGAL_HUMAN	0.008536586	1.0	0.8321408608559696	169099.78459780331
ETLLQDFR	2	sp|P02760|AMBP_HUMAN	0.008536586	0.9866190731264982	0.9855359196367357	809174.1682867088
AVMDDFAAFVEK	2	sp|P02768|ALBU_HUMAN	0.008536586	0.9797881705057813	0.959360291774855	3379342.168618911
VGEFSGANK	2	sp|P10599|THIO_HUMAN	0.008536586	0.9797881705057813	0.8655472706886611	3607.016611422714
ALMSPAGMLR	2	sp|O75144|ICOSL_HUMAN	0.008536586	0.9866190731264982	0.9583406887828246	522086.5027275532
YVGGQEHFAHLLILRDTK	3	sp|P02763|A1AG1_HUMAN	0.008536586	0.9933552810135716	0.9239702437572476	1426297.1859515577
QISNLQQSISDAEQR	3	sp|P04264|K2C1_HUMAN	0.008536586	0.9728591838590949	0.9555158752659823	11877.848085043777
EESLDSDLYAELR	3	sp|P02775|CXCL7_HUMAN	0.008536586	0.9866190731264982	0.7250970201678364	1332.8751644767738
VFEVHVRPK	2	sp|P13598|ICAM2_HUMAN	0.008536586	1.0	0.964853921900931	191612.87005595968
GGSADAAWK	1	sp|Q9ULI3|HEG1_HUMAN	0.008536586	0.9728591838590949	0.7489175027534781	1594.6032042080558
QQTHMLDVMQDHFSR	4	sp|P10909|CLUS_HUMAN	0.008536586	1.0	0.9539799623812905	136863.76065372414
VVAGVANALAHK	2	sp|P02042|HBD_HUMAN;sp|P68871|HBB_HUMAN	0.008536586	1.0	0.976267800437946	97407.64170236542
QEPSQGTTTFAVTSILR	2	sp|P01876|IGHA1_HUMAN	0.008536586	1.0	0.910232010322141	63364.6940455217
ITQVTWQK	2	sp|Q15223|NECT1_HUMAN	0.008536586	1.0	0.9662568065673152	118023.04851880697
NFPSPVDAAFR	3	sp|P02790|HEMO_HUMAN	0.008536586	1.0	0.8618572306784306	262193.40467559936
DQYYNIDVPSR	2	sp|Q92954|PRG4_HUMAN	0.008536586	0.9933552810135716	0.9470318282088411	599723.2634114777
KYPVAHFIDQTLK	3	sp|P05155|IC1_HUMAN	0.008536586	0.9797881705057813	0.8282162244227811	2757.133848211487
ALTFELTLR	2	sp|P07333|CSF1R_HUMAN	0.008536586	1.0	0.9858247608644677	308542.42775031435
SKLPGIVAEGR	2	sp|P01008|ANT3_HUMAN	0.008536586	0.9866190731264982	0.9477450993159813	318391.24401917396
VGSPFELVVSGNK	2	sp|Q6YHK3|CD109_HUMAN	0.008536586	1.0	0.839546886180047	36961.09412392269
VKSPELQAEAK	2	sp|P02652|APOA2_HUMAN	0.008536586	0.9728591838590949	0.8920994709080691	7234.8025120772645
EYC[+57.021465]GVPGDGDEELLR	2	sp|P02760|AMBP_HUMAN	0.008536586	1.0	0.9322177779331462	3886644.6707999883
VADALTNAVAHVDDMPNALSALSDLHAHK	4	sp|P69905|HBA_HUMAN	0.008536586	0.9933552810135716	0.9913445561328244	313171.2741625244
VFSNGADLSGVTEEAPLK	2	sp|P01009|A1AT_HUMAN	0.008536586	1.0	0.9039215604726647	20601735.843538985
EQLTPLIK	2	sp|P02652|APOA2_HUMAN	0.008536586	0.9866190731264982	0.9355322489494217	3567.6972282629677
ADLFYDVEALDLESPK	2	sp|P04196|HRG_HUMAN	0.008536586	1.0	0.9377836749947491	137344.78172631797
LRTEGDGVYTLNNEK	3	sp|P00738|HPT_HUMAN	0.01590909	0.8718655118414741	0.8032704259286311	2025.3865832948584
QQTHMLDVMQDHFSR	3	sp|P10909|CLUS_HUMAN	0.008536586	1.0	0.9564669586921851	42762.819683385664
TYMLAFDVNDEK	2	sp|P02763|A1AG1_HUMAN	0.008536586	0.9866190731264982	0.9641663469507682	44649277.33473034
SVQEIQATFFYFTPNK	3	sp|P02763|A1AG1_HUMAN;sp|P19652|A1AG2_HUMAN	0.008536586	1.0	0.9198869118120107	123659.70461252904
SLTEEAENWGDGEPNNK	2	sp|P14151|LYAM1_HUMAN	0.008536586	1.0	0.8789745635107448	486579.347854176
EQLGEFYEALDC[+57.021465]LC[+57.021465]IPR	3	sp|P19652|A1AG2_HUMAN	0.008536586	0.9866190731264982	0.9346375970504475	3873465.2508357763
DMPASEDLQDLQK	2	sp|P49908|SEPP1_HUMAN	0.008536586	1.0	0.9912660031710011	2334747.200777374
LQEIYFIETK	2	sp|P16871|IL7RA_HUMAN	0.008536586	1.0	0.8820107882363505	2726.969737251463
STSGGTAALGC[+57.021465]LVK	2	sp|P01857|IGHG1_HUMAN;sp|P01860|IGHG3_HUMAN;sp|P0DOX5|IGG1_HUMAN	0.008536586	1.0	0.8917266887446228	158460.80625049752
KPDGYDYYAFSK	3	sp|Q92954|PRG4_HUMAN	0.008536586	1.0	0.9838113540470933	147516.89993538216
LYHAFSAMK	2	sp|P05155|IC1_HUMAN	0.008536586	1.0	0.9439258238350077	98195.05561287457
GWSEEELQGVLR	2	sp|Q9H4A9|DPEP2_HUMAN	0.011494253	0.9366095275687156	0.8270546170395363	20724.7910439204
KWQEEMELYR	2	sp|P02647|APOA1_HUMAN	0.008536586	0.9933552810135716	0.9530139674999412	50780.809191779634
ALQDQLVLVAAK	2	sp|P01019|ANGT_HUMAN	0.011494253	0.9290085173289965	0.8142270994991063	8692.358204056458
LEDMEQALSPSVFK	2	sp|P05155|IC1_HUMAN	0.008536586	0.9797881705057813	0.9931313739621089	52969.10795770272
NSGSELQVYYASPR	2	sp|P18850|ATF6A_HUMAN	0.017897092	0.8159995903747699	0.8597387981143242	16740.95197002864
ITPNLAEFAFSLYR	3	sp|P01009|A1AT_HUMAN	0.008536586	1.0	0.95752499668579	1226147.6633917543
VWVYPPEK	2	sp|P02790|HEMO_HUMAN	0.008536586	0.9866190731264982	0.9618187556619973	1847955.932196817
FNWYVDGVEVHNAK	4	sp|P01857|IGHG1_HUMAN;sp|P0DOX5|IGG1_HUMAN	0.008536586	1.0	0.7492373596624247	10847.22400978232
DDLYVSDAFHK	3	sp|P01008|ANT3_HUMAN	0.008536586	1.0	0.9633276046478757	103484.60021395677
NTWSILHTQGALVQGGYGHSSVYDHR	5	sp|O75882|ATRN_HUMAN	0.008536586	0.9728591838590949	0.8802491957416144	32162.525040047025
AFIQLWAFDAVKGK	3	sp|P02760|AMBP_HUMAN	0.008536586	1.0	0.8263676401848548	18678.232069956295
VAELENSEFR	2	sp|P19256|LFA3_HUMAN	0.008536586	0.9933552810135716	0.8838072322818525	10752.572929045396
YINLSSNR	1	sp|Q16288|NTRK3_HUMAN	0.021064302	0.686593192055836	0.9195993311731913	39308.58684740305
LVYHLGLPFSFLTFPYVEEAIK	3	sp|P49908|SEPP1_HUMAN	0.008536586	1.0	0.9551092102426978	15574505.352669742
VEEVKPLEGR	3	sp|O00533|NCHL1_HUMAN	0.008536586	1.0	0.9161963532869966	104698.98171127545
YPIVSPR	1	sp|P16112|PGCA_HUMAN	0.008536586	1.0	0.736710953653703	10773.637898116387
SLTEEAENWGDGEPNNKK	3	sp|P14151|LYAM1_HUMAN	0.008536586	0.9933552810135716	0.953059460160704	487983.3128141098
NTLYLQMNSLK	2	sp|A0A0B4J1V0|HV315_HUMAN	0.008536586	1.0	0.9120152031603032	50086.34575759024
QNQC[+57.021465]FYNSSYLNVQR	3	sp|P19652|A1AG2_HUMAN	0.008536586	0.9728591838590949	0.9234402922503204	124.90643437168755
VGAHAGEYGAEALER	2	sp|P69905|HBA_HUMAN	0.008536586	0.9866190731264982	0.967550435516539	29811.75761070207
ADEFLNWHALFESIK	3	sp|P60985|KTDAP_HUMAN	0.008536586	0.9933552810135716	0.9471179304303831	27131.245849266717
SLDFTELDVAAEK	2	sp|P01019|ANGT_HUMAN	0.008536586	1.0	0.8125465148072094	99264.52530521393
DTINLLDQR	2	sp|Q8NBJ4|GOLM1_HUMAN	0.008536586	1.0	0.9486142738599725	92468.18943028136
AEIEYLEK	2	sp|P14151|LYAM1_HUMAN	0.008536586	0.9866190731264982	0.9832856380133518	151388.64258773424
AEGAATEEEGTPK	2	sp|P80723|BASP1_HUMAN	0.008536586	0.9933552810135716	0.711337157715276	58.07830966404336
RPC[+57.021465]FSALEVDETYVPK	3	sp|P02768|ALBU_HUMAN	0.008536586	1.0	0.8451289737277526	25984.945916558303
DTKTYMLAFDVNDEK	3	sp|P02763|A1AG1_HUMAN	0.008536586	0.9933552810135716	0.747843040887875	19969.919040892742
RVAEGTQVLELPFK	2	sp|P01008|ANT3_HUMAN	0.008536586	1.0	0.9798434790432711	2970243.118733661
YTIAALLSPYSYSTTAVVTNPKE	3	sp|P02766|TTHY_HUMAN	0.008536586	1.0	0.9464564483179909	3143389.933657675
GGSIQQYIYK	3	sp|Q92954|PRG4_HUMAN	0.011494253	0.9212790999005022	0.9901254161250307	38399.973886755
DIPTNSPELEETLTHTITK	3	sp|P01042|KNG1_HUMAN	0.008536586	1.0	0.9540587047113206	4046898.1316674296
LGQSLDC[+57.021465]NAEVYVVPWEK	3	sp|P01042|KNG1_HUMAN	0.008536586	0.9933552810135716	0.9221473184386192	21605.200082638992
YVGGQEHFAHLLILR	4	sp|P02763|A1AG1_HUMAN	0.008536586	0.9728591838590949	0.9543463661464704	35780905.071294285
GEAEYQEIR	2	sp|Q15223|NECT1_HUMAN	0.008536586	1.0	0.9192131215837847	37711.16414285177
DKC[+57.021465]EPLEK	2	sp|P02763|A1AG1_HUMAN;sp|P19652|A1AG2_HUMAN	0.008536586	0.9866190731264982	0.9765145621708535	46500.212183074225
DGWHSWPIAHQWPQGPSAVDAAFSWEEK	4	sp|P02790|HEMO_HUMAN	0.008536586	0.9797881705057813	0.9525656326088525	36650.61346242587
GTEAAGAMFLEAIPMSIPPEVK	3	sp|P01009|A1AT_HUMAN	0.008536586	0.9866190731264982	0.9201648412358516	41033.06149607589
SPSQDEMLPTYLK	2	sp|Q8IZF2|AGRF5_HUMAN	0.008536586	0.9866190731264982	0.9555605566205603	41714.15103551925
SGAEAQTPEDSPNR	2	sp|O43493|TGON2_HUMAN	0.008536586	1.0	0.9305002293648457	70335.94919675143
GTSAVNVVLSLK	2	sp|P20061|TCO1_HUMAN	0.008536586	0.9933552810135716	0.8741526947572206	10825.623045610551
GVC[+57.021465]EETSGAYEK	2	sp|P02760|AMBP_HUMAN	0.008536586	1.0	0.9562252036308468	268386.36575022934
SDVVYTDWKK	2	sp|P02763|A1AG1_HUMAN	0.008536586	1.0	0.9806213551610663	210211.40832522413
C[+57.021465]DDWGLDTMR	2	sp|Q9NPH3|IL1AP_HUMAN	0.011494253	0.9290085173289965	0.9713437365748109	12422.8874650741
FLEDVKK	1	sp|P01009|A1AT_HUMAN	0.008536586	1.0	0.72245759702361	9398.117494685623
NILTSNNIDVK	2	sp|P05090|APOD_HUMAN	0.008536586	1.0	0.9500405192207596	9146649.357873257
LFDSDPITVTVPVEVSR	3	sp|P10909|CLUS_HUMAN	0.008536586	1.0	0.9269291814148002	262624.1160642127
EPQDTYHYLPFSLPHR	4	sp|P10909|CLUS_HUMAN	0.008536586	1.0	0.9092323878945898	106782.531632919
TVAAPSVFIFPPSDEQLK	4	sp|P01834|IGKC_HUMAN	0.017897092	0.7390601692542802	0.7480207421180238	53456.351440403494
RGENLFAITDEGMDVPLAMEEWHHER	4	sp|Q6UXB8|PI16_HUMAN	0.008536586	1.0	0.9378586327574541	156933.55884262867
ELDESLQVAER	2	sp|P10909|CLUS_HUMAN	0.008536586	1.0	0.9802395693392044	75394.03845983092
FEDGVLDPDYPR	2	sp|P04004|VTNC_HUMAN	0.008536586	0.9933552810135716	0.9313395931164673	22051.712447590773
FQPTLLTLPR	2	sp|P05155|IC1_HUMAN	0.008536586	0.9933552810135716	0.9666197750334525	3122229.914554163
SDVMYTDWKK	2	sp|P19652|A1AG2_HUMAN	0.008536586	1.0	0.9594223726028016	45378.5825230669
LTLEQIDLIR	2	sp|Q9H4A9|DPEP2_HUMAN	0.011494253	0.9290085173289965	0.8668361336316286	22182.644423828537
FNQPFIIMIFDHFTWSSLFLAR	4	sp|P08185|CBG_HUMAN	0.008536586	0.9658285256870233	0.9475635503894145	3359887.946381865
NLQEILHGAVR	2	sp|P00533|EGFR_HUMAN	0.008536586	1.0	0.8473694504397669	4959.312293876333
DYQELMNVK	2	sp|P12035|K2C3_HUMAN;sp|P35908|K22E_HUMAN;sp|Q01546|K22O_HUMAN;sp|Q5XKE5|K2C79_HUMAN	0.008536586	1.0	0.8473845167819413	29038.541781358304
GSESGIFTNTK	2	sp|P02671|FIBA_HUMAN	0.008536586	1.0	0.9002497075958031	66315.70015844257
TPVC[+57.021465]TTGQGSGSTATVFAMAELQK	3	sp|Q9H8L6|MMRN2_HUMAN	0.008536586	0.9797881705057813	0.969580804461482	116050.0430871332
LINDYVK	1	sp|P01011|AACT_HUMAN	0.008536586	1.0	0.7304842500019637	17301.60311330644
GKEESLDSDLYAELR	3	sp|P02775|CXCL7_HUMAN	0.008536586	1.0	0.9194643878857883	490595.6092605106
SDDSVIQLLNPNR	2	sp|Q9BY67|CADM1_HUMAN	0.008536586	0.9866190731264982	0.9666634362587689	87846.77914368446
YGFIEGHVVIPR	2	sp|P16070|CD44_HUMAN	0.008536586	0.9933552810135716	0.9626992128808317	1324107.125935555
VTVLGQPK	2	sp|B9A064|IGLL5_HUMAN;sp|P0DOX8|IGL1_HUMAN	0.008536586	0.9728591838590949	0.9752084844668238	46314.77616506893
DLGEENFK	1	sp|P02768|ALBU_HUMAN	0.008536586	0.9866190731264982	0.9577681458162338	2113.8035292977675
LVRPEVDVMC[+57.021465]TAFHDNEETFLK	4	sp|P02768|ALBU_HUMAN	0.008536586	1.0	0.8775844360939482	164627.07656797906
GLEEELQFSLGSK	2	sp|P0C0L4|CO4A_HUMAN;sp|P0C0L5|CO4B_HUMAN	0.008536586	1.0	0.8930922024163845	144559.78092369184
ELDRDTVFALVNYIFFK	4	sp|P01009|A1AT_HUMAN	0.017897092	0.8258516653955662	0.7532648584402628	2913.9181701730586
AGTELVNFLSYFVELGTQPATQ	3	sp|P02652|APOA2_HUMAN	0.008536586	1.0	0.924685388513742	9584012.9023796
THNLEPYFESFINNLR	3	sp|P04264|K2C1_HUMAN	0.008536586	1.0	0.8400738531567449	153803.39730315912
LENEIQTYR	2	sp|P13645|K1C10_HUMAN	0.008536586	0.9933552810135716	0.9489440144771595	11046.883203826226
TVAAPSVFIFPPSDEQLK	3	sp|P01834|IGKC_HUMAN	0.008536586	1.0	0.9549528161652865	51692.81106142712
TFLTVYWTPER	2	sp|P05362|ICAM1_HUMAN	0.008536586	0.9933552810135716	0.9877750754129817	15554.85493359257
KGPGPGGPGGAGVAR	3	sp|Q92686|NEUG_HUMAN	0.008536586	0.9728591838590949	0.9113554505355986	15880.797774248886
EFLEDTC[+57.021465]VQYVQK	2	sp|Q9UNN8|EPCR_HUMAN	0.008536586	1.0	0.9096061901515006	403093.9933762204
THLAPYSDELR	2	sp|P02647|APOA1_HUMAN	0.008536586	1.0	0.9526392945602365	2108048.3707227428
RPSEIVIGQC[+57.021465]K	3	sp|P04196|HRG_HUMAN	0.008536586	1.0	0.9691237155729174	9399.46998676637
AAC[+57.021465]LLPK	2	sp|P02768|ALBU_HUMAN	0.008536586	1.0	0.970002180553287	136348.07938921143
DTKTLMFGSYLDDEK	3	sp|P19652|A1AG2_HUMAN	0.01590909	1.0	0.8049545062890435	40759.63260212084
GHGLGHGHEQQHGLGHGHK	3	sp|P01042|KNG1_HUMAN	0.01590909	0.888960273227615	0.7112875366721338	712.8626613509286
SGAEEQGPIDGPSK	2	sp|O43493|TGON2_HUMAN	0.008536586	0.9933552810135716	0.9226616984751737	23033.49368369146
AATGEC[+57.021465]TATVGK	3	sp|P01042|KNG1_HUMAN	0.017897092	0.7390601692542802	0.8544858585798041	784.8289085784872
VQLTGEPVPMAR	2	sp|P15151|PVR_HUMAN	0.008536586	1.0	0.9434288952547272	429134.381694674
NHNALLASLTTQK	2	sp|O75882|ATRN_HUMAN	0.008536586	0.9933552810135716	0.9546537869875057	20310.292213686258
VLSYVDWIK	2	sp|Q9NZP8|C1RL_HUMAN	0.008536586	0.9933552810135716	0.9732790678179849	25832.74004074449
SQYEQLAEQNR	2	sp|P13645|K1C10_HUMAN	0.008536586	0.9933552810135716	0.9700110967891654	27254.524938515584
TTPPVLDSDGSFFLYSK	2	sp|P01857|IGHG1_HUMAN;sp|P0DOX5|IGG1_HUMAN	0.011494253	0.9290085173289965	0.9054626339444778	35126.321568058454
IGPDNLPYVQILK	2	sp|P11362|FGFR1_HUMAN	0.008536586	0.9866190731264982	0.9376138694810279	129908.36362281228
ALDLINK	1	sp|P04196|HRG_HUMAN	0.008536586	0.9728591838590949	0.942510949120207	3919.4216266795165
LDDDLEHQGGHVLDHGHK	3	sp|P01042|KNG1_HUMAN	0.008536586	1.0	0.8032895233178163	151559.40791289005
AVLDVFEEGTEASAATAVK	2	sp|P01011|AACT_HUMAN	0.008536586	1.0	0.9481283843281563	769661.0071638267
NWGLSFYADKPETTK	2	sp|P19652|A1AG2_HUMAN	0.008536586	0.9728591838590949	0.9515784191894295	37888.2312083724
SPELQAEAKSYFEK	2	sp|P02652|APOA2_HUMAN	0.008536586	0.9728591838590949	0.9505751187602802	83107.61909734996
GEC[+57.021465]QAEGVLFFQGDR	2	sp|P02790|HEMO_HUMAN	0.008536586	0.9728591838590949	0.968814661069246	138238.28808046077
STASFEELC[+57.021465]SEYR	2	sp|Q9NQ38|ISK5_HUMAN	0.008536586	1.0	0.8090111100400301	38873.66835628644
ELELQIGNALFIGK	2	sp|P05543|THBG_HUMAN	0.008536586	0.9797881705057813	0.9887210570432841	64051.17498641165
FLENEDR	2	sp|P01009|A1AT_HUMAN	0.008536586	0.9797881705057813	0.9603482830974596	288554.49662398273
AIPVTQYLK	2	sp|P43652|AFAM_HUMAN	0.008536586	1.0	0.9151427351145828	98854.52231678464
GPSVFPLAPC[+57.021465]SR	2	sp|P01859|IGHG2_HUMAN;sp|P01860|IGHG3_HUMAN;sp|P01861|IGHG4_HUMAN	0.008536586	1.0	0.9708526039752112	21250.03255608732
YYC[+57.021465]FQGNQFLR	2	sp|P02790|HEMO_HUMAN	0.008536586	1.0	0.9630502862850099	1691039.4511488264
HSAQPWADFTLLGAR	2	sp|Q8IYS5|OSCAR_HUMAN	0.008536586	1.0	0.8925045446331036	78110.10460394359
RHPYFYAPELLFFAK	3	sp|P02768|ALBU_HUMAN	0.008536586	1.0	0.7898859844202324	22586.544399305676
IEISELNR	1	sp|P04264|K2C1_HUMAN;sp|P35908|K22E_HUMAN	0.008536586	1.0	0.7242705301568163	19242.285327443245
TDASDVKPC[+57.021465]	2	sp|P02749|APOH_HUMAN	0.008536586	0.9866190731264982	0.9772428192175345	2834.9240057873426
VTTSQDMLSIMEK	2	sp|P05155|IC1_HUMAN	0.008536586	0.9866190731264982	0.950823672581371	3364464.27676651
DALSSVQESQVAQQAR	2	sp|P02656|APOC3_HUMAN	0.008536586	0.9728591838590949	0.9547988322635221	126429.32271656043
GSEAINAPGDNPAK	2	sp|Q9NZP8|C1RL_HUMAN	0.008536586	0.9933552810135716	0.833277738433561	27793.213585903974
QFTSSTSYNR	2	sp|P02671|FIBA_HUMAN	0.008536586	0.9933552810135716	0.9824062174597231	150241.33248513873
TDTSHHDQDHPTFNK	2	sp|P01009|A1AT_HUMAN	0.008536586	1.0	0.9051573445396158	522852.4305632699
AGGSWDLAVQER	2	sp|P22792|CPN2_HUMAN	0.008536586	1.0	0.9614772297002512	25460.32135000552
LALDIEIATYR	2	sp|P05787|K2C8_HUMAN;sp|P08729|K2C7_HUMAN;sp|P14136|GFAP_HUMAN;sp|P19013|K2C4_HUMAN;sp|Q6KB66|K2C80_HUMAN	0.008536586	1.0	0.9443428046061878	37988.87337682579
YPPTVSMVEGQGEK	3	sp|P27918|PROP_HUMAN	0.008536586	1.0	0.8904146402234558	114776.0813602685
DEELSC[+57.021465]TVVELK	3	sp|P01011|AACT_HUMAN	0.011494253	0.9366095275687156	0.8656427149396616	9561.823678384777
KVPQVSTPTLVEVSR	3	sp|P02768|ALBU_HUMAN	0.008536586	1.0	0.8976510266355818	351405.075869055
SLLEGEGSSGGGGR	2	sp|P13645|K1C10_HUMAN	0.008536586	1.0	0.8841543005714189	4665.202001541344
ASSIIDELFQDR	2	sp|P10909|CLUS_HUMAN	0.008536586	0.9933552810135716	0.9764014560240257	367366.0005255032
ETC[+57.021465]FAEEGKK	3	sp|P02768|ALBU_HUMAN	0.008536586	1.0	0.9785705142842477	67790.593745055
LVVQSSIDSSAFK	2	sp|P10721|KIT_HUMAN	0.008536586	1.0	0.9748119174883102	191969.56435885187
SYSC[+57.021465]QVTHEGSTVEK	2	sp|B9A064|IGLL5_HUMAN;sp|P0CF74|IGLC6_HUMAN;sp|P0CG04|IGLC1_HUMAN;sp|P0DOX8|IGL1_HUMAN;sp|P0DOY2|IGLC2_HUMAN;sp|P0DOY3|IGLC3_HUMAN	0.008536586	1.0	0.9722035236407545	445559.8280525742
AANEVSSADVK	2	sp|Q13449|LSAMP_HUMAN	0.008536586	1.0	0.9471887624762102	26290.12103173573
LILMNPEGR	2	sp|P28827|PTPRM_HUMAN	0.008536586	0.9866190731264982	0.8164389556321621	3455.0020567541997
EGQMESVEAAMSSK	3	sp|P05543|THBG_HUMAN	0.011494253	0.9440873193926883	0.9522471139569965	15580.170345385652
INHGILYDEEK	2	sp|P36980|FHR2_HUMAN;sp|Q03591|FHR1_HUMAN	0.008536586	1.0	0.9836958310271711	20914.04779339629
FTDSENVC[+57.021465]QER	2	sp|P43652|AFAM_HUMAN	0.008536586	0.9933552810135716	0.8799058440983546	21689.145544495106
GFGGLTGQIVAALSTAK	2	sp|Q92954|PRG4_HUMAN	0.008536586	1.0	0.9593809552196056	2094236.3737138913
NWGLSVYADKPETTK	4	sp|P02763|A1AG1_HUMAN	0.008536586	1.0	0.8944255116034677	740207.7215414217
SASNMAIVDVK	2	sp|P01023|A2MG_HUMAN	0.021064302	0.9933552810135716	0.9836151203049363	2933.774317350131
QLVEIEK	2	sp|P00738|HPT_HUMAN;sp|P00739|HPTR_HUMAN	0.008536586	0.9797881705057813	0.9885585615230362	11584.834070909967
WKTTFDPK	2	sp|P05155|IC1_HUMAN	0.008536586	0.9866190731264982	0.9153904597021668	24424.08345336827
YGQPLPGYTTK	2	sp|P17936|IBP3_HUMAN	0.008536586	1.0	0.9505298061067673	150961.54462270145
GPALTTPK	1	sp|Q92954|PRG4_HUMAN	0.017897092	0.7739449743159442	0.7620273098650163	7655.160791799434
EWFWDLATGTMK	2	sp|P02790|HEMO_HUMAN	0.008536586	0.9866190731264982	0.9618021846017529	9237905.906631615
REPAVGEPAEVTTTVLVR	3	sp|P05362|ICAM1_HUMAN	0.008536586	1.0	0.9246021285509715	35480.54963476628
LTPTLYVGK	2	sp|O75460|ERN1_HUMAN	0.008536586	0.9866190731264982	0.9837051367035996	39338.74180044714
EMEDTLNHLK	2	sp|P17936|IBP3_HUMAN	0.008536586	1.0	0.705835787583161	175076.2968669587
DYQELMNTK	2	sp|P04264|K2C1_HUMAN	0.008536586	1.0	0.9610023456535042	100047.7028334693
SETEIHQGFQHLHQLFAK	5	sp|P08185|CBG_HUMAN	0.008536586	0.9728591838590949	0.9431633905971113	11086973.031674542
LMVELHNLYR	2	sp|Q6UXB8|PI16_HUMAN	0.008536586	1.0	0.9712902124266066	61261.66850810688
FKLDDDLEHQGGHVLDHGHK	3	sp|P01042|KNG1_HUMAN	0.008536586	0.9866190731264982	0.9459456240639047	28201.288663730244
DLWVNIDQMEK	2	sp|Q6UX71|PXDC2_HUMAN	0.008536586	0.9933552810135716	0.9796144609113379	57621.68874963915
ITC[+57.021465]TEEGWSPTPK	2	sp|Q03591|FHR1_HUMAN;sp|Q9BXR6|FHR5_HUMAN	0.011494253	0.9440873193926883	0.8595902541967432	4697.1615492003475
YDVDTQMWTILK	3	sp|O75882|ATRN_HUMAN	0.008536586	1.0	0.8907195202658114	182164.78651555776
TGLFQDVGPQR	2	sp|Q86SQ4|AGRG6_HUMAN	0.008536586	1.0	0.9633629348760606	27326.06449533733
VTATGFQQC[+57.021465]SLIDGR	2	sp|Q8NFT8|DNER_HUMAN	0.008536586	1.0	0.9015833971928542	38894.11114007809
SPTIPFFDPQIPK	3	sp|P05814|CASB_HUMAN	0.011494253	0.9440873193926883	0.8572655565990696	7552.853372806317
SFMLLILER	2	sp|P05543|THBG_HUMAN	0.008536586	0.9933552810135716	0.9708887368745218	44331.07041208269
LLDSLPSDTR	2	sp|P05155|IC1_HUMAN	0.008536586	1.0	0.9619144897824852	7631803.595356276
TNLESILSYPK	2	sp|P05155|IC1_HUMAN	0.008536586	1.0	0.9518067636437495	396156.919503097
YVMLPVADQDQC[+57.021465]IR	3	sp|P00738|HPT_HUMAN	0.008536586	1.0	0.9900348049275691	854144.5822205811
ALYVHGGYK	2	sp|O75882|ATRN_HUMAN	0.008536586	1.0	0.9624123730302305	1117495.5403754336
RVWELSK	1	sp|P01008|ANT3_HUMAN	0.008536586	0.9797881705057813	0.7177308354811945	1819.6890950712896
QPAVEEPAEVTATVLASR	2	sp|P32942|ICAM3_HUMAN	0.008536586	0.9658285256870233	0.9199657708448263	7681.592366157229
DWHGVPGQVDAAMAGR	2	sp|P04004|VTNC_HUMAN	0.008536586	1.0	0.9021976981103128	529266.3238236606
AVVFLEPQWYR	3	sp|P08637|FCG3A_HUMAN	0.008536586	0.9933552810135716	0.9120287892813953	35935.089546015384
MSSINADFAFNLYR	3	sp|P05543|THBG_HUMAN	0.008536586	1.0	0.7877572575160265	186744.73972194735
TMIIYFDQVLVNIGNNFDSER	3	sp|P23435|CBLN1_HUMAN	0.008536586	1.0	0.9597203176301702	1062313.0652798286
VGYVSGWGQSDNFK	2	sp|P00739|HPTR_HUMAN	0.008536586	0.9866190731264982	0.7996663765286492	6478.486006243709
TEGDGVYTLNDKK	3	sp|P00738|HPT_HUMAN;sp|P00739|HPTR_HUMAN	0.008536586	1.0	0.9348514343918928	545889.8266222687
LLGIETPLPK	2	sp|P05362|ICAM1_HUMAN	0.008536586	1.0	0.804059440195567	116288.08719394097
GILTVDELLAIR	2	sp|P13473|LAMP2_HUMAN	0.008536586	1.0	0.9661759452820551	26940.078066956215
SYQDFFEAIR	2	sp|P18850|ATF6A_HUMAN	0.008536586	1.0	0.9250346803375044	23865.262418085273
AIGPSQTHTIR	2	sp|Q92954|PRG4_HUMAN	0.008536586	0.9933552810135716	0.9497818181070604	32163.763456620938
RHPDYSVVLLLR	3	sp|P02768|ALBU_HUMAN	0.008536586	1.0	0.9173754399081493	130018.10441150703
TSDQIHFFFAK	2	sp|P01008|ANT3_HUMAN	0.008536586	0.9933552810135716	0.9719816537092586	748923.1226133674
GWVTDGFSSLK	2	sp|P02656|APOC3_HUMAN	0.008536586	0.9933552810135716	0.9667502543119824	17002873.62077267
LHMLQISYFR	2	sp|Q9UNN8|EPCR_HUMAN	0.008536586	1.0	0.936842998969956	117312.21920093375
EPC[+57.021465]VESLVSQYFQTVTDYGK	3	sp|P02652|APOA2_HUMAN	0.008536586	0.9797881705057813	0.9319177359562728	7540496.704826262
YTIAALLSPYSYSTTAVVTNPK	3	sp|P02766|TTHY_HUMAN	0.008536586	0.9797881705057813	0.9090075919013045	741207.3553805549
EHAVEGDC[+57.021465]DFQLLK	2	sp|P02765|FETUA_HUMAN	0.008536586	1.0	0.9582105010667099	675647.2400233375
TLMFGSYLDDEK	2	sp|P19652|A1AG2_HUMAN	0.008536586	0.9866190731264982	0.9602380034244102	5231284.212807786
KGEVLPLPEANFPSFPLPHHK	4	sp|P04196|HRG_HUMAN	0.008536586	0.9933552810135716	0.9557335527642663	377044.62876831845
RYTIAALLSPYSYSTTAVVTNPK	4	sp|P02766|TTHY_HUMAN	0.008536586	0.9728591838590949	0.9551438095785608	5971931.7905419255
SPLFMGK	2	sp|P01009|A1AT_HUMAN	0.008536586	0.9728591838590949	0.7453827948649627	15322.57243255715
FNWYVDGVEVHNAK	3	sp|P01857|IGHG1_HUMAN;sp|P0DOX5|IGG1_HUMAN	0.008536586	1.0	0.907929755673471	1594100.298622442
YVGGQEHFAHLLILRDTK	4	sp|P02763|A1AG1_HUMAN	0.008536586	0.9933552810135716	0.74087935219829	5866.095162747506
FQNALLVR	2	sp|P02768|ALBU_HUMAN	0.008536586	1.0	0.8470702736706421	83870.43316775816
GDSVVYGLR	2	sp|P10451|OSTP_HUMAN	0.008536586	1.0	0.9843251239813743	165750.2985649055
YPIVSPR	2	sp|P16112|PGCA_HUMAN	0.008536586	1.0	0.9068911430084587	113561.36817429299
GDTFSC[+57.021465]MVGHEALPLAFTQK	4	sp|P01876|IGHA1_HUMAN	0.008536586	1.0	0.8590888509426678	46454.263396385366
DYWSTVK	2	sp|P02656|APOC3_HUMAN	0.008536586	0.9658285256870233	0.9900063099511781	128672.49192515615
KAADDTWEPFASGK	2	sp|P02766|TTHY_HUMAN	0.008536586	1.0	0.9108259337186831	1091225.776473059
VTSIQDWVQK	2	sp|P00738|HPT_HUMAN	0.008536586	0.9933552810135716	0.9466597086642409	112389.64582471116
LQHLENELTHDIITK	2	sp|P01009|A1AT_HUMAN	0.008536586	0.9658285256870233	0.9080855295639549	36740.97040884403
GLASANVDFAFSLYK	3	sp|P08185|CBG_HUMAN	0.011494253	0.9514467542496609	0.8845648755696154	76002.57646573841
MSLSSFSVNRPFLFFIFEDTTGLPLFVGSVRNPNPSAPR	5	sp|P08697|A2AP_HUMAN	0.008536586	0.9728591838590949	0.9030462609171286	40227.77094089906
QNC[+57.021465]ELFEQLGEYK	2	sp|P02768|ALBU_HUMAN	0.008536586	1.0	0.9738289226646039	2411379.6688107196
YTIAALLSPYSYSTTAVVTNPK	4	sp|P02766|TTHY_HUMAN	0.008536586	0.9797881705057813	0.8629673302618462	9898.1646587683
IC[+57.021465]LDLQAPLYK	3	sp|P02776|PLF4_HUMAN	0.008536586	1.0	0.9633567267275173	69186.41256730576
TPSSTGPSPVFDIK	2	sp|Q12913|PTPRJ_HUMAN	0.008536586	1.0	0.9561573564579495	744488.2295397482
FDTISEK	2	sp|P01008|ANT3_HUMAN	0.008536586	0.9728591838590949	0.986425786265227	108567.9478098871
YSLTYIYTGLSK	2	sp|P25311|ZA2G_HUMAN	0.008536586	0.9866190731264982	0.9613108655493815	190839.71459572142
EIPVLVTQISSTNHPVK	3	sp|Q6UX71|PXDC2_HUMAN	0.008536586	1.0	0.992609308556616	2941.182370546114
QGHNSVFLIK	3	sp|P02790|HEMO_HUMAN	0.008536586	1.0	0.8303645618648932	24922.18957332638
NTWSILHTQGALVQGGYGHSSVYDHR	3	sp|O75882|ATRN_HUMAN	0.008536586	0.9728591838590949	0.9047222803267896	8653.874515324573
IVDLFSGLDSPAILVLVNYIFFK	3	sp|P08185|CBG_HUMAN	0.008536586	1.0	0.9391095320986043	561000.7457324516
SASLHLPK	2	sp|P01009|A1AT_HUMAN	0.008536586	1.0	0.8955999393467623	51038.900072387005
FTVNNLAEPQK	2	sp|P12259|FA5_HUMAN	0.008536586	1.0	0.8882930530110658	9681.887544126263
MEEVEAMLLPETLK	2	sp|P01011|AACT_HUMAN	0.008536586	1.0	0.9542632641872133	531343.6340054928
FRIEDGFSLK	2	sp|P01008|ANT3_HUMAN	0.008536586	1.0	0.9162512317689897	260540.65925184192
EQLGEFYEALDC[+57.021465]LC[+57.021465]IPR	4	sp|P19652|A1AG2_HUMAN	0.008536586	0.9866190731264982	0.9094476053727446	130413.45392591968
GDDITMVLILPKPEK	3	sp|P01008|ANT3_HUMAN	0.008536586	1.0	0.9466329998728699	360477.00437822856
GDTFSC[+57.021465]MVGHEALPLAFTQK	3	sp|P01876|IGHA1_HUMAN	0.008536586	1.0	0.8553308860385042	1439114.468076324
EHVAHLLFLRDTK	4	sp|P19652|A1AG2_HUMAN	0.008536586	0.9866190731264982	0.9433393087214509	225060.29298464395
AQWANPFDPSK	2	sp|P05543|THBG_HUMAN	0.008536586	1.0	0.9898203500523042	162536.48059882812
FNKPFVFLMIEQNTK	2	sp|P01009|A1AT_HUMAN	0.011494253	0.9290085173289965	0.8654880403187524	52776.638863778164
SDVVYTDWK	2	sp|P02763|A1AG1_HUMAN	0.008536586	1.0	0.9758173285831472	1112889.0516725427
GLPNVVTSAISLPNIR	3	sp|Q92954|PRG4_HUMAN	0.008536586	1.0	0.9554437718123595	2314409.070115461
WVQDYIK	2	sp|Q16627|CCL14_HUMAN	0.008536586	0.9866190731264982	0.9740895354957139	125231.44546303125
GWVDLFVPK	2	sp|P05543|THBG_HUMAN	0.008536586	1.0	0.957643551816291	294255.2651965736
FLEDVKK	2	sp|P01009|A1AT_HUMAN	0.008536586	1.0	0.9671974451327302	538961.1277115563
YAASSYLSLTPEQWK	2	sp|A0M8Q6|IGLC7_HUMAN;sp|B9A064|IGLL5_HUMAN;sp|P0CF74|IGLC6_HUMAN;sp|P0CG04|IGLC1_HUMAN;sp|P0DOX8|IGL1_HUMAN;sp|P0DOY2|IGLC2_HUMAN;sp|P0DOY3|IGLC3_HUMAN	0.008536586	0.9728591838590949	0.944064629999233	124223.44144260055
LSSWVLLM[+15.994915]K	2	sp|P01009|A1AT_HUMAN	0.008536586	1.0	0.9059831629137935	108862.96534444219
SGAGTELSVR	2	sp|O00241|SIRB1_HUMAN;sp|P78324|SHPS1_HUMAN;sp|Q5TFQ8|SIRBL_HUMAN	0.008536586	1.0	0.9168530752757266	41660.45338350573
SSEDPNEDIVER	2	sp|P01591|IGJ_HUMAN	0.008536586	0.9933552810135716	0.9200763217110548	5562.884628622466
ELTPEVLQEWLDELEEMMLVVHMPR	4	sp|P01008|ANT3_HUMAN	0.008536586	0.9866190731264982	0.8392066206200284	3218.0680652962837
TMLLQPAGSLGSYSYR	3	sp|P41222|PTGDS_HUMAN	0.008536586	0.9728591838590949	0.9739525824937256	97830.26201988701
VILPQTSDAYQVSVAK	2	sp|Q86SQ4|AGRG6_HUMAN	0.008536586	0.9728591838590949	0.8503355561328043	56472.9596903264
LVNEVTEFAK	2	sp|P02768|ALBU_HUMAN	0.008536586	1.0	0.9657085703779615	178850.33419344385
LWLQGIDVR	2	sp|P28827|PTPRM_HUMAN	0.008536586	1.0	0.8226701146634116	45157.63609351851
LLDNWDSVTSTFSK	2	sp|P02647|APOA1_HUMAN	0.008536586	0.9797881705057813	0.9338801018205038	31149.51773817363
AVSISPTNVILTWK	3	sp|Q12913|PTPRJ_HUMAN	0.008536586	0.9866190731264982	0.7818239231069131	4881.406019091977
ANQQLNFTEAK	2	sp|Q9Y5Y7|LYVE1_HUMAN	0.008536586	1.0	0.9518327531351672	62651.84940421819
YVGGQEHFAHLLILR	2	sp|P02763|A1AG1_HUMAN	0.008536586	0.9728591838590949	0.9268152436891051	329596.6857068449
LPGIVAEGR	1	sp|P01008|ANT3_HUMAN	0.008536586	0.9797881705057813	0.9077338795287258	5874.889892075296
TFYEPGEEITYSC[+57.021465]KPGYVSR	3	sp|P02749|APOH_HUMAN	0.008536586	1.0	0.9085248999049026	1120276.4757317053
NKEDC[+57.021465]VEIYIK	3	sp|P14151|LYAM1_HUMAN	0.008536586	0.9866190731264982	0.999447401139055	113496.77253969721
EHVAHLLFLRDTK	3	sp|P19652|A1AG2_HUMAN	0.008536586	0.9866190731264982	0.8674758628288954	100774.21902515381
RLGMFNIQHC[+57.021465]K	2	sp|P01009|A1AT_HUMAN	0.008536586	0.9866190731264982	0.9588354028482425	2176.705167956849
SAGSVESPSVSSTHR	3	sp|P17936|IBP3_HUMAN	0.008536586	0.9866190731264982	0.9484982938454771	10104.112810571642
NSLYLQMNSLR	2	sp|A0A0B4J1V1|HV321_HUMAN;sp|A0A0B4J1X8|HV343_HUMAN;sp|A0A0C4DH32|HV320_HUMAN;sp|P01762|HV311_HUMAN;sp|P01763|HV348_HUMAN;sp|P01766|HV313_HUMAN;sp|P01780|HV307_HUMAN;sp|P01782|HV309_HUMAN;sp|P0DP04|HV43D_HUMAN	0.008536586	0.9933552810135716	0.9723162425733352	33067.61244348761
IPKSDVVYTDWK	2	sp|P02763|A1AG1_HUMAN	0.008536586	1.0	0.9207117757630064	529567.7955097272
KATVVYQGER	2	sp|P02749|APOH_HUMAN	0.008536586	1.0	0.97483561738918	252960.3656443568
QGLLPVLESFK	2	sp|P02647|APOA1_HUMAN	0.008536586	1.0	0.9710561236862042	411070.8463673773
AREDIFMETLK	3	sp|P25311|ZA2G_HUMAN	0.008536586	0.9797881705057813	0.9924975289253385	31113.478605862463
TYFPHFDLSHGSAQVK	4	sp|P69905|HBA_HUMAN	0.008536586	0.9797881705057813	0.9492156323533189	33657.270097060864
GGEGTGYFVDFSVR	2	sp|P04196|HRG_HUMAN	0.008536586	1.0	0.9414940462031309	1447275.6139087975
AGALQLLLVGDK	2	sp|P55058|PLTP_HUMAN	0.008536586	0.9933552810135716	0.9280310353272418	34143.34668394371
ESSSHHPGIAEFPSR	2	sp|P02671|FIBA_HUMAN	0.008536586	1.0	0.8882843492329806	78078.28257907386
DTEEEDFHVDQVTTVK	2	sp|P01009|A1AT_HUMAN	0.008536586	1.0	0.9393243036539035	1559714.56917621
WKNFPSPVDAAFR	3	sp|P02790|HEMO_HUMAN	0.017897092	0.7626747761196712	0.8317193849671889	17494.33161138635
ATVVYQGER	2	sp|P02749|APOH_HUMAN	0.008536586	0.9866190731264982	0.9657288089536675	164498.7268532511
YNSQNQSNNQFVLYR	2	sp|P01042|KNG1_HUMAN	0.008536586	0.9658285256870233	0.7251831471481673	84035.64414857113
IDSLLENDR	2	sp|P10909|CLUS_HUMAN	0.008536586	1.0	0.9004923476759193	541288.3497301663
DYVSQFEGSALGK	2	sp|P02647|APOA1_HUMAN	0.008536586	0.9933552810135716	0.965092013543896	157668.13026088584
NWPESVYFFK	3	sp|Q92954|PRG4_HUMAN	0.021064302	0.5879493283318651	0.7773803865936146	2045.752734611366
TM[+15.994915]LLQPAGSLGSYSYR	2	sp|P41222|PTGDS_HUMAN	0.008536586	0.9728591838590949	0.8335859149222888	24020.424948439533
HPDEAAFFDTASTGK	2	sp|P02671|FIBA_HUMAN	0.008536586	0.9797881705057813	0.8895832989865321	11128.6112188191
EHVAHLLFLR	2	sp|P19652|A1AG2_HUMAN	0.008536586	0.9728591838590949	0.9310288158916363	146289.20032471145
IAQWQSFQLEGGLK	2	sp|P01023|A2MG_HUMAN	0.011494253	0.9514467542496609	0.8336294074476641	12034.223768000302
GTEAAGAMFLEAIPMSIPPEVK	4	sp|P01009|A1AT_HUMAN	0.024309393	0.5226635955578876	0.9023106328805096	5412.405261166258
TVAAC[+57.021465]NLPIVR	3	sp|P02760|AMBP_HUMAN	0.008536586	0.9933552810135716	0.968765149414184	110642.66880844034
ETYGEMADC[+57.021465]C[+57.021465]AK	2	sp|P02768|ALBU_HUMAN	0.008536586	1.0	0.824055945590404	7510.873427306267
AEAESLYQSK	2	sp|P04264|K2C1_HUMAN	0.008536586	0.9866190731264982	0.9608255372780873	56390.561543969816
LLIYDNNK	2	sp|P01701|LV151_HUMAN	0.008536586	0.9866190731264982	0.9655860053255614	35376.44439404914
DFVQPPTK	1	sp|P01042|KNG1_HUMAN	0.008536586	0.9797881705057813	0.7117509703309473	3133.7405128554815
DESANQEEPEAR	2	sp|P50552|VASP_HUMAN	0.011494253	0.9290085173289965	0.8546886673975578	1281.4375544473069
SGTASEMGTER	2	sp|Q9ULI3|HEG1_HUMAN	0.008536586	0.9866190731264982	0.9474251688879982	14245.803035439498
FIVLSNNYLQIR	2	sp|P13591|NCAM1_HUMAN	0.008536586	1.0	0.9166718818496082	245151.1808208401
NEC[+57.021465]FLQHK	2	sp|P02768|ALBU_HUMAN	0.008536586	1.0	0.9287116595111742	24567.04213123421
STAAMSTYTGIFTDQVLSVLK	3	sp|P02655|APOC2_HUMAN	0.008536586	1.0	0.9564503341079931	2500513.1641427297
LWWLDLK	2	sp|P02790|HEMO_HUMAN	0.008536586	1.0	0.9701736897315637	1210375.34993207
ALDLINK	2	sp|P04196|HRG_HUMAN	0.008536586	0.9728591838590949	0.978255515461288	172600.9270825035
DIPMNPMC[+57.021465]IYR	2	sp|P01008|ANT3_HUMAN	0.008536586	0.9933552810135716	0.8128871433711845	70308.30833137431
TEGDGVYTLNNEK	2	sp|P00738|HPT_HUMAN	0.008536586	1.0	0.9495086398447957	382999.53902483574
VPTVEPLDSLTLFLFR	2	sp|P13598|ICAM2_HUMAN	0.009603841	0.9658285256870233	0.9751579823684264	33655.325006015075
SVDIWLR	1	sp|P15151|PVR_HUMAN	0.017897092	0.8058999028144878	0.7242169936627996	7943.064202850087
LVAASQAALGL	2	sp|P02768|ALBU_HUMAN	0.008536586	1.0	0.938856731810218	916992.4181518313
SGGLC[+57.021465]QPC[+57.021465]R	2	sp|P27918|PROP_HUMAN	0.01901566	1.0	0.9611340494630836	26847.93296818225
FLENEDR	1	sp|P01009|A1AT_HUMAN	0.008536586	0.9797881705057813	0.978409387538733	11025.087197316045
VNSDGGLVALR	2	sp|P55290|CAD13_HUMAN	0.008536586	1.0	0.7054587419029408	17143.728964520982
ALGISPFHEHAEVVFTANDSGPR	5	sp|P02766|TTHY_HUMAN	0.008536586	1.0	0.864077781897455	212782.24902434967
ALPAPIEK	2	sp|P01857|IGHG1_HUMAN;sp|P01860|IGHG3_HUMAN;sp|P0DOX5|IGG1_HUMAN	0.008536586	1.0	0.9815661084232834	180954.30145523744
FDPVRGEVPPR	3	sp|P02790|HEMO_HUMAN	0.008536586	0.9728591838590949	0.9448294100145264	679515.7609897834
ATVVYQGERVK	2	sp|P02749|APOH_HUMAN	0.008536586	1.0	0.8666581731526077	98589.71514145074
EISDGDVIISGNK	2	sp|P00533|EGFR_HUMAN	0.008536586	0.9933552810135716	0.9529413116971357	14650.495024289086
MADEAGSEADHEGTHSTK	3	sp|P02671|FIBA_HUMAN	0.008536586	1.0	0.9342916237598919	13737.859686060878
TLLVFEVQQPFLFVLWDQQHK	3	sp|P05155|IC1_HUMAN	0.010778443	0.9586923939928679	0.981910370181301	169686.20245251455
FLSTLTIDGVTR	2	sp|P35968|VGFR2_HUMAN	0.011494253	0.9212790999005022	0.888554127529907	34034.033322351424
ALGISPFHEHAEVVFTANDSGPRR	5	sp|P02766|TTHY_HUMAN	0.008536586	0.9866190731264982	0.8379996704608417	54384.217374665925
SLNNQFASFIDK	2	sp|P04264|K2C1_HUMAN	0.008536586	1.0	0.7371211686058395	55273.14533591405
AADDTWEPFASGK	2	sp|P02766|TTHY_HUMAN	0.008536586	0.9933552810135716	0.9582638283934914	28518201.391042575
FSSSSGYGGGSSR	2	sp|P35527|K1C9_HUMAN	0.008536586	1.0	0.9156388927879219	3251.629861817347
LVLLNAIYLSAK	3	sp|P05155|IC1_HUMAN	0.008536586	1.0	0.9750212125114569	536157.2269034104
LYLVQGTQVYVFLTK	2	sp|P02790|HEMO_HUMAN	0.008536586	0.9728591838590949	0.9436512797924954	665.6724191501063
EQYAVVGHSAHIVTLK	2	sp|O75882|ATRN_HUMAN	0.008536586	1.0	0.9677905510195445	164729.32873588585
EQLTPLIKK	2	sp|P02652|APOA2_HUMAN	0.008536586	1.0	0.9688248590262106	373020.75982741325
VNVDEVGGEALGR	2	sp|P68871|HBB_HUMAN	0.008536586	1.0	0.9348589898390328	12084.258620699742
VTTPDTSTTQHNK	2	sp|Q92954|PRG4_HUMAN	0.008536586	1.0	0.8825063549036828	10714.873954410894
NWGLSVYADKPETTK	3	sp|P02763|A1AG1_HUMAN	0.008536586	1.0	0.960903697958907	775761.0446800081
GDPLGTEGGLDASNTER	2	sp|Q12913|PTPRJ_HUMAN	0.008536586	0.9728591838590949	0.9302904987717604	257448.72869896458
LLGLSLAGK	1	sp|Q9Y5Y7|LYVE1_HUMAN	0.022172948	1.0	0.736455531980616	56048.399421752874
LGNQEPGGQTALK	2	sp|P08697|A2AP_HUMAN	0.008536586	0.9933552810135716	0.9530271888233879	102543.0990971279
GLYDVVSVLR	2	sp|O75144|ICOSL_HUMAN	0.008536586	0.9933552810135716	0.9558176212197163	85158.88570514917
GSPAINVAVHVFRK	2	sp|P02766|TTHY_HUMAN	0.017897092	0.8258516653955662	0.9326991869035646	1400.0075410624345
ETPAATEAPSSTPK	2	sp|P80723|BASP1_HUMAN	0.008536586	0.9933552810135716	0.9746387170416885	12131.054184010105
AVLHIGEK	2	sp|P05543|THBG_HUMAN	0.008536586	1.0	0.978422301293069	2050498.6643247735
DNENVVNEYSSELEK	2	sp|P02675|FIBB_HUMAN	0.008536586	0.9728591838590949	0.8009301633493054	7335.932346364379
MADEAGSEADHEGTHSTK	4	sp|P02671|FIBA_HUMAN	0.008536586	1.0	0.7701381374731483	242.19304470402753
TDTSHHDQDHPTFNK	4	sp|P01009|A1AT_HUMAN	0.008536586	1.0	0.9384735447485426	46841702.984852
LYHSEAFTVNFGDTEEAKK	3	sp|P01009|A1AT_HUMAN	0.008536586	1.0	0.9448841388189612	444915.2063558912
GPALTTPK	2	sp|Q92954|PRG4_HUMAN	0.008536586	0.9728591838590949	0.9967757643657047	45100.039085862314
VTMQNLNDR	2	sp|P02533|K1C14_HUMAN;sp|P08779|K1C16_HUMAN;sp|P13645|K1C10_HUMAN;sp|Q7Z3Y7|K1C28_HUMAN;sp|Q7Z3Y8|K1C27_HUMAN;sp|Q7Z3Y9|K1C26_HUMAN;sp|Q7Z3Z0|K1C25_HUMAN	0.008536586	1.0	0.9475306700426672	214146.11295185384
DYFMPC[+57.021465]PGR	2	sp|P02790|HEMO_HUMAN	0.008536586	1.0	0.9409772081551087	56291733.45076935
VEIDTKSYWK	2	sp|P02766|TTHY_HUMAN	0.008536586	1.0	0.9458846890418435	315646.0598878615
GPMFELLPGESNK	2	sp|P10124|SRGN_HUMAN	0.008536586	0.9866190731264982	0.8602217856134574	109848.83721623902
ANRPFLVFIR	3	sp|P01008|ANT3_HUMAN	0.008536586	0.9728591838590949	0.9963232560531736	472806.4935011622
WSAGLTSSQVDLYIPK	3	sp|P08185|CBG_HUMAN	0.008536586	1.0	0.8165482468431982	40137.79960306283
FLASVSTVLTSK	2	sp|P69905|HBA_HUMAN	0.008536586	1.0	0.9305870029600288	54083.887502259415
GLGELQELYLK	2	sp|P07359|GP1BA_HUMAN	0.008536586	1.0	0.9585516857443526	145912.36876472324
FKLDDDLEHQGGHVLDHGHK	6	sp|P01042|KNG1_HUMAN	0.008536586	0.9866190731264982	0.9499445886830172	22393.974652685592
LPTDSELAPR	2	sp|P49908|SEPP1_HUMAN	0.008536586	1.0	0.9515120058443763	82236.19740407368
GTHC[+57.021465]NQVEVIATLK	2	sp|P02775|CXCL7_HUMAN	0.008536586	0.9797881705057813	0.9909042799861405	146083.08231638288
SDVVYTDWKKDK	2	sp|P02763|A1AG1_HUMAN	0.008536586	0.9866190731264982	0.9862145522956304	13090.153659040347
GLGEISAASEFK	2	sp|P13591|NCAM1_HUMAN	0.008536586	0.9933552810135716	0.8696309644488229	12973.322006022874
VVSTNYNQHAMVFFK	3	sp|P80188|NGAL_HUMAN	0.008536586	0.9933552810135716	0.9431604389859906	238189.85331143052
VFSNGADLSGVTEEAPLK	4	sp|P01009|A1AT_HUMAN	0.01590909	0.888960273227615	0.7728689057531795	6944.069396175726
AVMDDFAAFVEK	3	sp|P02768|ALBU_HUMAN	0.008536586	0.9797881705057813	0.9759872122965894	127060.77708244097
EESLDSDLYAELR	2	sp|P02775|CXCL7_HUMAN	0.008536586	0.9866190731264982	0.976526769310902	67194.0279674462
QISNLQQSISDAEQR	2	sp|P04264|K2C1_HUMAN	0.008536586	0.9728591838590949	0.9447433467220885	57258.54597015366
VIVVSMNYR	2	sp|P06276|CHLE_HUMAN	0.008536586	1.0	0.9626690435343754	176336.13069456798
MTVTDQVNC[+57.021465]PK	2	sp|P05090|APOD_HUMAN	0.008536586	1.0	0.927323862799245	12603.286848014108
VVAGVANALAHK	3	sp|P02042|HBD_HUMAN;sp|P68871|HBB_HUMAN	0.008536586	1.0	0.9520670931350242	144308.74102097418
IYPTVNC[+57.021465]QPLGMISLMK	3	sp|P01042|KNG1_HUMAN	0.008536586	1.0	0.8628096504036292	206497.92454075583
DGYLFQLLR	2	sp|P04196|HRG_HUMAN	0.008536586	0.9933552810135716	0.9484890499321919	25019.635158352383
NFPSPVDAAFR	2	sp|P02790|HEMO_HUMAN	0.008536586	1.0	0.9588586100689482	19792693.701764435
GVTSVSQIFHSPDLAIR	2	sp|P05155|IC1_HUMAN	0.008536586	0.9797881705057813	0.9714794683204737	48965.11795447748
AVLTIDEK	2	sp|P01009|A1AT_HUMAN	0.009603841	0.9658285256870233	0.9623710570995943	5019336.89648227
RYTIAALLSPYSYSTTAVVTNPKE	4	sp|P02766|TTHY_HUMAN	0.008536586	1.0	0.9501142536050998	13051591.558855008
TWQDC[+57.021465]EYK	2	sp|P01042|KNG1_HUMAN	0.008536586	0.9933552810135716	0.9434746906737543	2470.234997370094
DQYYNIDVPSR	3	sp|Q92954|PRG4_HUMAN	0.008536586	0.9933552810135716	0.9527045048302143	25330.128295834926
GFMQTYYDDHLR	3	sp|P55056|APOC4_HUMAN	0.008536586	1.0	0.98572756875344	131537.25324728654
C[+57.021465]TWLIEGQPNR	2	sp|O75882|ATRN_HUMAN	0.008536586	0.9933552810135716	0.9224971683887822	138839.51896867878
LSENTDFLAPGVSSFTDSNQQESITK	3	sp|Q14515|SPRL1_HUMAN	0.009603841	0.9658285256870233	0.829109823391122	56059.255422759816
FSGSGSGTDFTLK	2	sp|A0A075B6P5|KV228_HUMAN;sp|A0A075B6S2|KVD29_HUMAN;sp|A0A075B6S6|KVD30_HUMAN;sp|A0A087WW87|KV240_HUMAN;sp|A0A0A0MRZ7|KVD26_HUMAN;sp|A2NJV5|KV229_HUMAN;sp|P01614|KVD40_HUMAN;sp|P01615|KVD28_HUMAN;sp|P06310|KV230_HUMAN	0.008536586	1.0	0.8325576392405174	12682.033848703362
STSESTAALGC[+57.021465]LVK	2	sp|P01859|IGHG2_HUMAN;sp|P01861|IGHG4_HUMAN	0.008536586	0.9933552810135716	0.9331187970175578	14806.876082142498
VADALTNAVAHVDDMPNALSALSDLHAHK	5	sp|P69905|HBA_HUMAN	0.008536586	0.9933552810135716	0.9425673285640355	659874.1275978375
VFSNGADLSGVTEEAPLK	3	sp|P01009|A1AT_HUMAN	0.008536586	1.0	0.8952092926262228	1598453.0693693953
EQLTPLIK	1	sp|P02652|APOA2_HUMAN	0.011494253	0.9440873193926883	0.7118122137495795	4291.085205419492
ADLFYDVEALDLESPK	3	sp|P04196|HRG_HUMAN	0.008536586	1.0	0.958133930928783	901735.5965986851
QPAVEEPAEVTATVLASR	4	sp|P32942|ICAM3_HUMAN	0.009603841	0.9658285256870233	0.843125263273766	17762.81506185388
SKEQLTPLIK	3	sp|P02652|APOA2_HUMAN	0.008536586	1.0	0.8507650604206725	58454.72926943416
GDSVVYGLR	1	sp|P10451|OSTP_HUMAN	0.021064302	0.686593192055836	0.8455130156590628	2812.1293656516555
LRTEGDGVYTLNNEK	2	sp|P00738|HPT_HUMAN	0.008536586	1.0	0.919489537347987	924233.0499199714
GPPFSSSQSIPVVPR	2	sp|Q8IZP9|AGRG2_HUMAN	0.008536586	0.9797881705057813	0.8103553049917726	24605.39026407728
TYMLAFDVNDEK	3	sp|P02763|A1AG1_HUMAN	0.008536586	0.9866190731264982	0.9546265825351431	70257.37158170356
SEAAC[+57.021465]LAAGPGIR	2	sp|O75882|ATRN_HUMAN	0.008536586	1.0	0.9702662900951281	138479.16267715444
TVESITDIR	2	sp|P11279|LAMP1_HUMAN	0.008536586	1.0	0.9393961665627373	6536254.660900037
ATLVC[+57.021465]LISDFYPGAVTVAWK	3	sp|B9A064|IGLL5_HUMAN;sp|P0CG04|IGLC1_HUMAN;sp|P0DOX8|IGL1_HUMAN;sp|P0DOY2|IGLC2_HUMAN;sp|P0DOY3|IGLC3_HUMAN	0.008536586	1.0	0.9164150059648198	411447.8984582558
QQDVLGFLEANK	2	sp|O75368|SH3L1_HUMAN	0.008536586	0.9933552810135716	0.8448431405383549	19373.914104547686
LYGSEAFATDFQDSAAAK	2	sp|P01011|AACT_HUMAN	0.008536586	1.0	0.8673284861861422	804902.4813633383
GTQEQDFYVTSETVVR	2	sp|P05154|IPSP_HUMAN	0.009603841	0.9658285256870233	0.8718951911726115	18568.554128722306
STSGGTAALGC[+57.021465]LVK	3	sp|P01857|IGHG1_HUMAN;sp|P01860|IGHG3_HUMAN;sp|P0DOX5|IGG1_HUMAN	0.021064302	0.5879493283318651	0.7609479673465356	1247.0989118109298
EQLGEFYEALDC[+57.021465]LR	2	sp|P02763|A1AG1_HUMAN	0.008536586	0.9728591838590949	0.9421018179779971	1583942.90560704
KWQEEMELYR	3	sp|P02647|APOA1_HUMAN	0.011494253	0.9366095275687156	0.9866190805580333	20121.249485264874
LEDMEQALSPSVFK	3	sp|P05155|IC1_HUMAN	0.008536586	0.9797881705057813	0.9774099455440042	3792.2966191252162
YLDFVFAVK	2	sp|P13473|LAMP2_HUMAN	0.012629162	0.9134157281067091	0.8706176331832737	81536.49403847729
EDC[+57.021465]VEIYIK	2	sp|P14151|LYAM1_HUMAN	0.008536586	1.0	0.9703434422531722	51992.14279424978
VLDAVRGSPAINVAVHVFR	3	sp|P02766|TTHY_HUMAN	0.008536586	0.9933552810135716	0.941266769366777	325972.77065489173
YAATSQVLLPSK	2	sp|P01871|IGHM_HUMAN;sp|P0DOX6|IGM_HUMAN	0.008536586	1.0	0.7828853627296184	10889.683475248548
EPQVYTLPPSR	3	sp|P01857|IGHG1_HUMAN;sp|P01859|IGHG2_HUMAN;sp|P01860|IGHG3_HUMAN;sp|P0DOX5|IGG1_HUMAN	0.011494253	0.9290085173289965	0.7977958101635029	835.8983673190864
ITPNLAEFAFSLYR	2	sp|P01009|A1AT_HUMAN	0.008536586	1.0	0.9397002872072295	2465831.4277349547
ALDLINKR	2	sp|P04196|HRG_HUMAN	0.008536586	0.9797881705057813	0.9721954531726129	135615.4401771192
NSVIKVPMMNSK	3	sp|P05155|IC1_HUMAN	0.008536586	0.9797881705057813	0.9467394283471741	47523.009545447916
EILSVDC[+57.021465]STNNPSQAK	2	sp|P10909|CLUS_HUMAN	0.008536586	1.0	0.890523473320978	408740.24167986104
KGDTFSC[+57.021465]MVGHEALPLAFTQK	3	sp|P01876|IGHA1_HUMAN	0.008536586	1.0	0.9438889625641796	55874.08146761122
YFHHNSDFHIPK	2	sp|O75015|FCG3B_HUMAN	0.01590909	0.8804971228634604	0.8428998256077987	7558.248647014272
ESEPQAAAEPAEAK	2	sp|P80723|BASP1_HUMAN	0.008536586	1.0	0.8638961340744815	6530.6500184644065
DDLYVSDAFHK	2	sp|P01008|ANT3_HUMAN	0.008536586	1.0	0.9001399641325679	88285.07626246879
LTQLNLDR	2	sp|P07359|GP1BA_HUMAN	0.008536586	1.0	0.9583386045025346	316151.14429901564
DYFM[+15.994915]PC[+57.021465]PGR	2	sp|P02790|HEMO_HUMAN	0.008536586	1.0	0.9775788321219339	140377.13089562795
DVSSSVYSTWK	2	sp|P10721|KIT_HUMAN	0.008536586	1.0	0.9407088723493742	70739.13291962745
VQPYLDDFQK	3	sp|P02647|APOA1_HUMAN	0.008536586	1.0	0.8086642515814002	3236.630157361207
C[+57.021465]SPHLVLSALTSDNHGATYAFSGTHYWR	4	sp|P02790|HEMO_HUMAN	0.008536586	0.9797881705057813	0.9062131917085234	2163393.557478235
AQGPAASAEEPKPVEAPAANSDQTVTVK	4	sp|P80723|BASP1_HUMAN	0.009603841	0.9658285256870233	0.8448973737853467	1439.5510358356498
LVVEWQLQDDK	2	sp|P61916|NPC2_HUMAN	0.008536586	0.9933552810135716	0.8619358145168678	7617.433104112944
SGAQATWTELPWPHEK	3	sp|P02790|HEMO_HUMAN	0.008536586	1.0	0.9418604250397566	7584781.43119031
YWNDC[+57.021465]EPPDSR	2	sp|P04196|HRG_HUMAN	0.008536586	1.0	0.9306407016303945	72164.36127088261
GNLMGGWK	2	sp|P23435|CBLN1_HUMAN;sp|Q8IUK8|CBLN2_HUMAN	0.008536586	0.9728591838590949	0.901846572547144	68266.31670714026
QNQC[+57.021465]FYNSSYLNVQR	2	sp|P19652|A1AG2_HUMAN	0.008536586	0.9728591838590949	0.7480753170532259	96.79348026642404
ASVDSGSSEEQGGSSR	2	sp|P01833|PIGR_HUMAN	0.008536586	0.9797881705057813	0.9539283172934938	29572.458717774025
ADEFLNWHALFESIK	2	sp|P60985|KTDAP_HUMAN	0.008536586	0.9933552810135716	0.711510627807512	118561.86029210419
VLDAVRGSPAINVAVHVFR	4	sp|P02766|TTHY_HUMAN	0.008536586	0.9933552810135716	0.9747889376108796	452761.9589175496
TLM[+15.994915]FGSYLDDEK	2	sp|P19652|A1AG2_HUMAN	0.008536586	1.0	0.8304020490624582	24961.545189879245
FLEQQNQVLQTK	2	sp|P04264|K2C1_HUMAN;sp|P35908|K22E_HUMAN;sp|Q7Z794|K2C1B_HUMAN	0.008536586	1.0	0.9725167420377892	46706.636996507805
RVAEGTQVLELPFK	3	sp|P01008|ANT3_HUMAN	0.008536586	1.0	0.9247379086757113	419837.69092258904
YTIAALLSPYSYSTTAVVTNPKE	4	sp|P02766|TTHY_HUMAN	0.008536586	1.0	0.8805653556382677	155149.51503911786
GGSIQQYIYK	2	sp|Q92954|PRG4_HUMAN	0.008536586	1.0	0.9649307969907959	512313.6285965622
ALFLETEQLK	2	sp|Q13740|CD166_HUMAN	0.008536586	0.9933552810135716	0.9567499275064294	37318.38209002878
GEFVWKSHK	2	sp|P02790|HEMO_HUMAN	0.008536586	1.0	0.9592839625631145	11146.692208593253
SGFPQVSMFFTHTFPK	3	sp|P04196|HRG_HUMAN	0.008536586	1.0	0.9861361484076405	172919.82436119206
HTLNQIDEVK	3	sp|P02765|FETUA_HUMAN	0.008536586	0.9933552810135716	0.9731922622443491	43629.96708605766
HTFMGVVSLGSPSGEVSHPR	3	sp|P02765|FETUA_HUMAN	0.008536586	0.9933552810135716	0.9643448778250198	327412.30465206364
TFYEPGEEITYSC[+57.021465]KPGYVSR	4	sp|P02749|APOH_HUMAN	0.008536586	1.0	0.7295884695496118	44844.5085190745
LPGIVAEGR	2	sp|P01008|ANT3_HUMAN	0.008536586	0.9797881705057813	0.9824051585472133	43143.99195473789
QVILTLQPTLVAVGK	3	sp|P13598|ICAM2_HUMAN	0.008536586	1.0	0.9008176036078918	203322.92593581358
TVPLAVLQLR	2	sp|P23467|PTPRB_HUMAN	0.008536586	1.0	0.8135690128235663	48615.47598336718
TVGSDTFYSFK	2	sp|P01042|KNG1_HUMAN	0.008536586	1.0	0.7004500319909011	34613.08222645733
LTGSSGFVTDGPGNYK	2	sp|O75882|ATRN_HUMAN	0.008536586	0.9797881705057813	0.9432627875702068	74155.38192966486
GLDTSLGAVQSDTGR	2	sp|Q13477|MADCA_HUMAN	0.008536586	1.0	0.8812000658322495	38343.168028535096
DGWHSWPIAHQWPQGPSAVDAAFSWEEK	5	sp|P02790|HEMO_HUMAN	0.008536586	0.9797881705057813	0.9821409394711391	875.970314639273
ITDVIPSEAINELTVLVLVNTIYFK	4	sp|P01008|ANT3_HUMAN	0.008536586	0.9933552810135716	0.9147763226478864	66758.6121247622
SGAQATWTELPWPHEK	4	sp|P02790|HEMO_HUMAN	0.008536586	1.0	0.7196119449529738	495957.4118530845
YFIDFVAR	2	sp|P01042|KNG1_HUMAN	0.008536586	1.0	0.996616453927028	2257919.5678558582
NMQDMVEDYR	2	sp|P04264|K2C1_HUMAN	0.008536586	1.0	0.9738116496264287	19068.693585073554
SYYWIGIR	2	sp|P14151|LYAM1_HUMAN	0.008536586	1.0	0.9762390671489186	8149082.225266895
AEELSIQVSC[+57.021465]R	2	sp|Q9Y5Y7|LYVE1_HUMAN	0.008536586	1.0	0.9441628053343429	221480.01354101067
RGENLFAITDEGMDVPLAMEEWHHER	5	sp|Q6UXB8|PI16_HUMAN	0.008536586	1.0	0.8323660099680561	60734.912736951956
GFSGIFEDR	2	sp|P09619|PGFRB_HUMAN	0.008536586	1.0	0.9248353801137508	64387.40853328316
YEGSYALTSEEAER	2	sp|O95810|CAVN2_HUMAN	0.008536586	0.9797881705057813	0.9053168826456545	9381.48597661354
TPEGLYQVTSVLR	2	sp|Q9BQ51|PD1L2_HUMAN	0.008536586	1.0	0.9032633959812603	136966.61741763938
DIAPTLTLYVGK	2	sp|P00738|HPT_HUMAN;sp|P00739|HPTR_HUMAN	0.008536586	1.0	0.9674695963397574	702383.278090574
VDNALQSGNSQESVTEQDSK	3	sp|P01834|IGKC_HUMAN;sp|P0DOX7|IGK_HUMAN	0.008536586	1.0	0.9221905049975413	126027.41609642992
NTLYLQMNSLR	2	sp|A0A0B4J1X5|HV374_HUMAN;sp|A0A0C4DH42|HV366_HUMAN;sp|P01764|HV323_HUMAN;sp|P01767|HV353_HUMAN;sp|P01768|HV330_HUMAN;sp|P01772|HV333_HUMAN;sp|P0DP02|HVC33_HUMAN;sp|P0DP03|HVC05_HUMAN	0.008536586	1.0	0.8852188543387226	85942.64161869371
SDVMYTDWKK	3	sp|P19652|A1AG2_HUMAN	0.008536586	1.0	0.7790985212839165	2658.8117132087395
FSGSNSGNTATLTISR	2	sp|A0A075B6K5|LV39_HUMAN;sp|P80748|LV321_HUMAN	0.008536586	0.9797881705057813	0.7684349507770688	209.20518880606326
GHGLGHGHEQQHGLGHGHK	5	sp|P01042|KNG1_HUMAN	0.008536586	1.0	0.9769860562912411	485557.04107916704
WQEEMELYR	2	sp|P02647|APOA1_HUMAN	0.008536586	1.0	0.9740616469703359	57904.88113002955
IASFSQNC[+57.021465]DIYPGK	2	sp|P01042|KNG1_HUMAN	0.008536586	0.9797881705057813	0.9355705540605662	141391.90611625943
LINDYVK	2	sp|P01011|AACT_HUMAN	0.008536586	1.0	0.9826368846301732	1887704.3916957506
IHWESASLLR	3	sp|P01024|CO3_HUMAN	0.008536586	0.9933552810135716	0.9807292165239392	132686.6943160999
GPGGVWAAK	2	sp|P35542|SAA4_HUMAN	0.008536586	0.9728591838590949	0.9009932634717172	81966.57414162035
AFIQLWAFDAVK	2	sp|P02760|AMBP_HUMAN	0.008536586	0.9866190731264982	0.8425951136068833	5561.073426490818
AFQVQQAVDLR	2	sp|P13497|BMP1_HUMAN	0.008536586	1.0	0.803369319080854	3737.447952440136
WTFEILDETNENK	2	sp|P10721|KIT_HUMAN	0.008536586	1.0	0.9687974306588598	1176788.861928593
FIC[+57.021465]PLTGLWPINTLK	3	sp|P02749|APOH_HUMAN	0.008536586	0.9933552810135716	0.9404553786583517	654237.7398479969
THLAPYSDELR	3	sp|P02647|APOA1_HUMAN	0.008536586	1.0	0.9833474551555619	1640373.342182204
RPSEIVIGQC[+57.021465]K	2	sp|P04196|HRG_HUMAN	0.008536586	1.0	0.9571996634284127	16911.755886295097
SVDIWLR	2	sp|P15151|PVR_HUMAN	0.008536586	0.9797881705057813	0.9750938712811439	49160.72051798417
NIQSLEVIGK	2	sp|P02775|CXCL7_HUMAN	0.008536586	1.0	0.9643141808192199	1571276.551010694
AATGEC[+57.021465]TATVGK	2	sp|P01042|KNG1_HUMAN	0.008536586	0.9933552810135716	0.9373245870813052	30865.33956498987
NHNALLASLTTQK	3	sp|O75882|ATRN_HUMAN	0.008536586	0.9933552810135716	0.9240344504311732	15842.52556747459
TTPPVLDSDGSFFLYSK	3	sp|P01857|IGHG1_HUMAN;sp|P0DOX5|IGG1_HUMAN	0.008536586	1.0	0.9461965144820431	32603.252760715273
DLMEKVK	2	sp|P02652|APOA2_HUMAN	0.008536586	0.9728591838590949	0.9716127749686957	21451.186634605143
TSESGELHGLTTEEEFVEGIYK	3	sp|P02766|TTHY_HUMAN	0.008536586	1.0	0.9421409142387325	122720753.43973199
LDDDLEHQGGHVLDHGHK	4	sp|P01042|KNG1_HUMAN	0.008536586	1.0	0.8518107278569973	97038.59935255873
WYNLAIGSTC[+57.021465]PWLK	2	sp|P02760|AMBP_HUMAN	0.008536586	1.0	0.7916402075993381	115435.63624859232
AGSPTAPVHDESLVGPVDPSSGQQSR	3	sp|Q12913|PTPRJ_HUMAN	0.008536586	0.9728591838590949	0.9692463548186068	85031.57511230456
AVLDVFEEGTEASAATAVK	3	sp|P01011|AACT_HUMAN	0.008536586	1.0	0.974996873316933	2367908.101971402
HSWTIPEDGNSQK	3	sp|Q13201|MMRN1_HUMAN	0.008536586	1.0	0.8710737778338588	43671.91649514991
NWGLSFYADKPETTK	3	sp|P19652|A1AG2_HUMAN	0.008536586	0.9728591838590949	0.7260489846859671	4025.3394248472982
ILGGHLDAK	2	sp|P00738|HPT_HUMAN;sp|P00739|HPTR_HUMAN	0.008536586	0.9797881705057813	0.9775037928753618	109225.46715757002
DLGGFDEDAEPR	2	sp|Q9BRK5|CAB45_HUMAN	0.011494253	0.9212790999005022	0.8270435356378548	8107.033627081948
SPELQAEAKSYFEK	3	sp|P02652|APOA2_HUMAN	0.008536586	0.9728591838590949	0.9271225673242175	58629.219273393704
LISLIC[+57.021465]R	2	sp|O00592|PODXL_HUMAN	0.008536586	1.0	0.9021471911246539	175346.04616905254
NPNLPPETVDSLK	3	sp|P05090|APOD_HUMAN	0.008536586	0.9933552810135716	0.8467473797662401	3582.5629011965116
ELELQIGNALFIGK	3	sp|P05543|THBG_HUMAN	0.008536586	0.9797881705057813	0.9047622768239739	16842.183209861076
ILLDEQAQWK	2	sp|P13598|ICAM2_HUMAN	0.008536586	1.0	0.9618556010396324	26502.623191184684
HIQETEWQSQEGK	2	sp|Q14515|SPRL1_HUMAN	0.008536586	0.9797881705057813	0.794011971371432	1203.8346146634585
GAQTQTEEEMTR	2	sp|Q12841|FSTL1_HUMAN	0.008536586	1.0	0.9506566226670253	9044.708020244423
LLGLSLAGK	2	sp|Q9Y5Y7|LYVE1_HUMAN	0.008536586	1.0	0.9832665100366405	10488974.524920205
DLATVYVDVLK	2	sp|P02647|APOA1_HUMAN	0.008536586	1.0	0.9484358481556434	279251.45774285344
SVNNVVVR	2	sp|O75882|ATRN_HUMAN	0.008536586	0.9797881705057813	0.9700863492639129	2189.3956355560777
VTTSQDMLSIMEK	3	sp|P05155|IC1_HUMAN	0.008536586	0.9866190731264982	0.8908628888609058	15209.395976512973
VMPIC[+57.021465]LPSK	2	sp|P00738|HPT_HUMAN;sp|P00739|HPTR_HUMAN	0.008536586	0.9866190731264982	0.9244766013931411	174933.91584764863
AVLHIGEK	1	sp|P05543|THBG_HUMAN	0.008536586	1.0	0.8988051257501981	44751.97991939437
QFTSSTSYNR	3	sp|P02671|FIBA_HUMAN	0.008536586	0.9933552810135716	0.9127549726721882	1013.8313296709159
VAEGTQVLELPFK	3	sp|P01008|ANT3_HUMAN	0.008536586	1.0	0.9257202693385435	179826.02256628897
GTWTQPFDLASTR	3	sp|P08185|CBG_HUMAN	0.008536586	1.0	0.9854129046208261	1524276.258615121
LSFQEFLK	2	sp|Q12841|FSTL1_HUMAN	0.008536586	1.0	0.9582808821125711	340595.0903079011
FSEWGNNAFFYYFEHR	3	sp|P06276|CHLE_HUMAN	0.008536586	0.9933552810135716	0.9186645169530973	4954.596322758982
VC[+57.021465]TAELSC[+57.021465]K	2	sp|Q92954|PRG4_HUMAN	0.008536586	1.0	0.7987878863219852	31997.783480779428
DEELSC[+57.021465]TVVELK	2	sp|P01011|AACT_HUMAN	0.008536586	0.9933552810135716	0.9712686474560325	224.90197638877783
YEELQITAGR	2	sp|P04259|K2C6B_HUMAN;sp|P04264|K2C1_HUMAN	0.008536586	0.9933552810135716	0.9273097530611348	14348.273926862306
ETC[+57.021465]FAEEGKK	2	sp|P02768|ALBU_HUMAN	0.008536586	1.0	0.8530949535529204	46673.258336073945
SETEIHQGFQHLHQLFAK	3	sp|P08185|CBG_HUMAN	0.008536586	0.9728591838590949	0.9647309158456122	1636431.2289445824
SPELQAEAK	2	sp|P02652|APOA2_HUMAN	0.008536586	1.0	0.9976737284461431	385223.54115312983
EGQMESVEAAMSSK	2	sp|P05543|THBG_HUMAN	0.008536586	0.9866190731264982	0.8077641336103009	34332.487732849506
EQYAVVGHSAHIVTLK	4	sp|O75882|ATRN_HUMAN	0.008536586	1.0	0.9425034320833713	2330763.589804465
ALQATVGNSYK	2	sp|P11279|LAMP1_HUMAN	0.008536586	1.0	0.9662484101036679	211363.42438874315
DLDMFINASK	2	sp|O75882|ATRN_HUMAN	0.008536586	1.0	0.8959381185315807	123941.3523002266
ESLSSYWESAK	2	sp|P02655|APOC2_HUMAN	0.008536586	1.0	0.9601293398768274	405381.92131227226
VWPQQPSGELFEIEIDTLETTC[+57.021465]HVLDPTPVAR	5	sp|P02765|FETUA_HUMAN	0.008536586	1.0	0.9932922996535087	152168.400844455
TEDSSSFLIDK	2	sp|P05543|THBG_HUMAN	0.008536586	1.0	0.9549910997403164	75502.47120338204
EVDSDAYYVYR	2	sp|P09619|PGFRB_HUMAN	0.008536586	1.0	0.8132626093762669	31506.098313123195
TYM[+15.994915]LAFDVNDEK	2	sp|P02763|A1AG1_HUMAN	0.008536586	1.0	0.7691262818221488	48438.05067309606
TLLVFEVQQPFLFVLWDQQHK	4	sp|P05155|IC1_HUMAN	0.011494253	0.9586923939928679	0.9465850634737781	200157.26085110585
EPAPTTPK	2	sp|Q92954|PRG4_HUMAN	0.008536586	0.9728591838590949	0.8574531097662151	797.7553063602184
LYHSEAFTVNFGDTEEAKK	5	sp|P01009|A1AT_HUMAN	0.017006803	0.8540617215638593	0.7582867679730916	479.547678762263
LADELSGWVQR	2	sp|Q99941|ATF6B_HUMAN	0.011494253	0.9290085173289965	0.8763457483400936	18958.275980753453
NIFISPVSISMALAMLSLGTC[+57.021465]GHTR	3	sp|P08185|CBG_HUMAN	0.008536586	1.0	0.8925605905024439	499652.6112704625
AQVSPTASDMLHMR	3	sp|Q6UXB8|PI16_HUMAN	0.008536586	1.0	0.9657090804790366	1091902.312541536
GSPAINVAVHVFR	2	sp|P02766|TTHY_HUMAN	0.008536586	0.9933552810135716	0.8854361424878014	102284.52787436942
SC[+57.021465]AVAEYGVYVK	3	sp|P00738|HPT_HUMAN;sp|P00739|HPTR_HUMAN	0.008536586	0.9933552810135716	0.8087517128820222	17832.0724225025
EVPLNTIIFMGR	3	sp|P01008|ANT3_HUMAN	0.008536586	0.9866190731264982	0.9535619061149256	1788.1981249489709
SETEIHQGFQHLHQLFAK	4	sp|P08185|CBG_HUMAN	0.008536586	0.9728591838590949	0.8935388466592813	1309803.9311900614
SPTIPFFDPQIPK	2	sp|P05814|CASB_HUMAN	0.008536586	0.9866190731264982	0.9568768236991875	84314.8630228834
YDVDTQMWTILK	2	sp|O75882|ATRN_HUMAN	0.008536586	1.0	0.963289456626576	5490950.378219811
ENEGFTVTAEGK	2	sp|P01024|CO3_HUMAN	0.008536586	1.0	0.9522935638978939	2659.1459516659493
GSFPWQAK	1	sp|P00738|HPT_HUMAN;sp|P00739|HPTR_HUMAN	0.011494253	0.9440873193926883	0.9225345781567901	5993.768273390164
LGNFPWQAFTSIHGR	3	sp|Q9NZP8|C1RL_HUMAN	0.008536586	1.0	0.9272516328443766	149831.0070897443
YVMLPVADQDQC[+57.021465]IR	2	sp|P00738|HPT_HUMAN	0.008536586	1.0	0.9262922955547264	13495579.779766759
ESNEELTESC[+57.021465]ETK	2	sp|P01042|KNG1_HUMAN	0.008536586	0.9797881705057813	0.9867001423501739	5431.480487889485
RVWELSK	2	sp|P01008|ANT3_HUMAN	0.008536586	0.9797881705057813	0.9887352675833629	449103.9110654448
AATVGSLAGQPLQER	2	sp|P02649|APOE_HUMAN	0.008536586	1.0	0.76244785570714	28198.536183932953
QPAVEEPAEVTATVLASR	3	sp|P32942|ICAM3_HUMAN	0.009603841	0.9658285256870233	0.8050085681267563	2016.9082371022823
AVVFLEPQWYR	2	sp|P08637|FCG3A_HUMAN	0.008536586	0.9933552810135716	0.950461181199978	785282.5061541143
GGSADAAWK	2	sp|Q9ULI3|HEG1_HUMAN	0.008536586	0.9728591838590949	0.7160367590988501	8696.738387180418
HTFM[+15.994915]GVVSLGSPSGEVSHPR	3	sp|P02765|FETUA_HUMAN	0.008536586	0.9933552810135716	0.9941628743914166	14349.3512175143
TEGDGVYTLNDKK	2	sp|P00738|HPT_HUMAN;sp|P00739|HPTR_HUMAN	0.008536586	1.0	0.9545174063172971	51461.90155597251
QEPSQGTTTFAVTSILR	3	sp|P01876|IGHA1_HUMAN	0.008536586	1.0	0.951673250064368	632181.8615825464
DASGATFTWTPSSGK	2	sp|P01877|IGHA2_HUMAN;sp|P0DOX2|IGA2_HUMAN	0.008536586	1.0	0.9576322999991413	452997.6956558047
LLQDEFPGIPSPLDAAVEC[+57.021465]HR	3	sp|P02790|HEMO_HUMAN	0.008536586	1.0	0.9231029304688911	19618038.953047685
RHPDYSVVLLLR	2	sp|P02768|ALBU_HUMAN	0.008536586	1.0	0.7557855500988198	69730.1339637086
ISVFIQTDK	2	sp|Q6YHK3|CD109_HUMAN	0.008536586	0.9866190731264982	0.9213403827351483	13132.94983574964
GVTSVSQIFHSPDLAIR	4	sp|P05155|IC1_HUMAN	0.008536586	0.9797881705057813	0.9186998343388669	89485.16510491181
KYPVAHFIDQTLK	2	sp|P05155|IC1_HUMAN	0.008536586	0.9797881705057813	0.9674165303836796	298182.76922520663
VKSPELQAEAK	3	sp|P02652|APOA2_HUMAN	0.008536586	0.9728591838590949	0.9702190209399356	16386.83558449005
LHMLQISYFR	3	sp|Q9UNN8|EPCR_HUMAN	0.008536586	1.0	0.9547075814797822	97354.23228816647
LALDLEIATYR	2	sp|P04264|K2C1_HUMAN	0.008536586	1.0	0.9172516442529126	17788.063604834286
LLGNVLVC[+57.021465]VLAHHFGK	3	sp|P68871|HBB_HUMAN	0.008536586	0.9933552810135716	0.893104711921881	43870.575490090945
GDEC[+57.021465]QLC[+57.021465]EVENR	2	sp|O75882|ATRN_HUMAN	0.011494253	0.9866190731264982	0.9447547055730771	8761.195387207676
TLMFGSYLDDEK	3	sp|P19652|A1AG2_HUMAN	0.017897092	0.7626747761196712	0.8283069847244183	376.67003147680475
KGEVLPLPEANFPSFPLPHHK	3	sp|P04196|HRG_HUMAN	0.008536586	0.9933552810135716	0.9342922807011782	74380.25547392893
RYTIAALLSPYSYSTTAVVTNPK	5	sp|P02766|TTHY_HUMAN	0.008536586	0.9728591838590949	0.8502703086262855	50064.96298977144
YVGGQEHFAHLLILRDTK	5	sp|P02763|A1AG1_HUMAN	0.008536586	0.9933552810135716	0.9307967566411244	149062.8490468271
GPSVFPLAPSSK	2	sp|P01857|IGHG1_HUMAN;sp|P0DOX5|IGG1_HUMAN	0.008536586	0.9933552810135716	0.988368272408667	169378.7491782601
AYLEEEC[+57.021465]PATLR	2	sp|P25311|ZA2G_HUMAN	0.008536586	1.0	0.919057985186749	181728.5339128413
QQTHMLDVMQDHFSR	2	sp|P10909|CLUS_HUMAN	0.008536586	1.0	0.7829253445552457	2127.004945454164
ATFGC[+57.021465]HDGYSLDGPEEIEC[+57.021465]TK	4	sp|P02749|APOH_HUMAN	0.014840183	0.9054124614333342	0.7427265104392872	15398.351217756212
YGEGDSLTLQQLK	2	sp|Q15043|S39AE_HUMAN	0.008536586	1.0	0.8826092728231895	27715.157184391228
LLQDEFPGIPSPLDAAVEC[+57.021465]HR	4	sp|P02790|HEMO_HUMAN	0.008536586	1.0	0.8674972573266768	453614.74943963275
DYWSTVK	1	sp|P02656|APOC3_HUMAN	0.009603841	0.9658285256870233	0.9720838723189225	40796.13176586636
DLQFVEVTDVK	2	sp|P02751|FINC_HUMAN	0.008536586	1.0	0.8904445318432183	4751.716396168935
KAADDTWEPFASGK	3	sp|P02766|TTHY_HUMAN	0.013761468	0.9134157281067091	0.8222722270742134	2415.7584232684085
AQGPAASAEEPKPVEAPAANSDQTVTVK	3	sp|P80723|BASP1_HUMAN	0.009603841	0.9658285256870233	0.9330989985119282	4091.1143969662826
FNKPFVFLMIEQNTK	4	sp|P01009|A1AT_HUMAN	0.011494253	0.9290085173289965	0.9287171061535912	11179.090610792147
RYTIAALLSPYSYSTTAVVTNPKE	3	sp|P02766|TTHY_HUMAN	0.008536586	1.0	0.9412810155300837	65543367.89154831
KPDGYDYYAFSK	2	sp|Q92954|PRG4_HUMAN	0.008536586	1.0	0.9506404306055503	220092.3558589889
LQHLENELTHDIITK	3	sp|P01009|A1AT_HUMAN	0.009603841	0.9658285256870233	0.8835602683911026	24116.850238099192
GLASANVDFAFSLYK	2	sp|P08185|CBG_HUMAN	0.008536586	0.9797881705057813	0.9286395493815749	61800.17090603542
SAVQGPPER	1	sp|P01876|IGHA1_HUMAN;sp|P01877|IGHA2_HUMAN	0.011494253	0.9440873193926883	0.7354020621228027	533.9554112049435
NQVSLTC[+57.021465]LVK	2	sp|P01857|IGHG1_HUMAN;sp|P01859|IGHG2_HUMAN;sp|P01860|IGHG3_HUMAN;sp|P01861|IGHG4_HUMAN;sp|P0DOX5|IGG1_HUMAN	0.008536586	0.9933552810135716	0.9895459770835291	46310.42193577838
VAAEDWK	1	sp|P01876|IGHA1_HUMAN;sp|P01877|IGHA2_HUMAN;sp|P0DOX2|IGA2_HUMAN	0.008536586	1.0	0.9799498090565005	63917.09413234298
TPSSTGPSPVFDIK	3	sp|Q12913|PTPRJ_HUMAN	0.008536586	1.0	0.8693620890801002	20874.933027377007
FDTISEK	1	sp|P01008|ANT3_HUMAN	0.008536586	0.9728591838590949	0.8239461034152709	2315.601846630334
IMGITLVSK	2	sp|Q9Y5Y7|LYVE1_HUMAN	0.008536586	1.0	0.9649740033719681	1337732.5578499148
SILFLGK	2	sp|P05543|THBG_HUMAN	0.008536586	0.9728591838590949	0.9650393294273417	37966.22960468883
VLNQELR	1	sp|P05090|APOD_HUMAN	0.008536586	1.0	0.7493430975471758	17006.252635181056
NTWSILHTQGALVQGGYGHSSVYDHR	4	sp|O75882|ATRN_HUMAN	0.008536586	0.9728591838590949	0.9261264831053463	38005.318837084844
IVDLFSGLDSPAILVLVNYIFFK	4	sp|P08185|CBG_HUMAN	0.008536586	1.0	0.8747669498231703	24332.436215339978
YINLSSNR	2	sp|Q16288|NTRK3_HUMAN	0.008536586	1.0	0.9492210482510568	75858.38509924483
SASLHLPK	1	sp|P01009|A1AT_HUMAN	0.008536586	1.0	0.8842109298186699	65596.85072766338
LPGIVAEGRDDLYVSDAFHK	4	sp|P01008|ANT3_HUMAN	0.008536586	0.9866190731264982	0.8403295459124122	16082.597044505927
MEEVEAMLLPETLK	3	sp|P01011|AACT_HUMAN	0.014840183	0.9054124614333342	0.9103510988102745	303624.66881256667
TLYSSSPR	2	sp|P05155|IC1_HUMAN	0.008536586	0.9797881705057813	0.9430556067399487	11575.879017214824
FLNVLSPR	2	sp|P17936|IBP3_HUMAN	0.008536586	0.9866190731264982	0.9708658056347707	103803.12486480743
C[+57.021465]SPHLVLSALTSDNHGATYAFSGTHYWR	6	sp|P02790|HEMO_HUMAN	0.008536586	0.9797881705057813	0.9565199240985893	65362.890544006645
ATEHLSTLSEK	2	sp|P02647|APOA1_HUMAN	0.008536586	0.9933552810135716	0.9786982992972537	59102.08500294001
LSPLGEEMR	2	sp|P02647|APOA1_HUMAN	0.008536586	1.0	0.981872188182051	4337124.390786987
KLVAASQAALGL	2	sp|P02768|ALBU_HUMAN	0.008536586	1.0	0.9637097972160118	1336918.549921509
EVGTPHGIILDSVDAAFIC[+57.021465]PGSSR	4	sp|P02790|HEMO_HUMAN	0.008536586	1.0	0.9471304352912473	707816.7438963645
TVVQPSVGAAAGPVVPPC[+57.021465]PGR	3	sp|P02765|FETUA_HUMAN	0.008536586	0.9933552810135716	0.9117802879626675	44950.39392450074
DGTFPLPIGESVTVTR	2	sp|P05362|ICAM1_HUMAN	0.008536586	0.9728591838590949	0.9442385654783557	104035.3596473574
EAATNGVLLYLDK	2	sp|Q9NTU7|CBLN4_HUMAN	0.008536586	0.9933552810135716	0.9442752061244924	15469.722758964881
QEINSHVEMQTK	2	sp|P05543|THBG_HUMAN	0.008536586	0.9866190731264982	0.9758072380303822	155817.7575704514
TC[+57.021465]PKPDDLPFSTVVPLK	3	sp|P02749|APOH_HUMAN	0.008536586	1.0	0.8853579032394142	269070.0754318846
SGAGTELSVR	1	sp|O00241|SIRB1_HUMAN;sp|P78324|SHPS1_HUMAN;sp|Q5TFQ8|SIRBL_HUMAN	0.014840183	0.9054124614333342	0.7359189246323037	855.3120023775055
VILPQTSDAYQVSVAK	3	sp|Q86SQ4|AGRG6_HUMAN	0.008536586	0.9728591838590949	0.9348297782034494	12842.634221147768
DTKTYMLAFDVNDEK	2	sp|P02763|A1AG1_HUMAN	0.011494253	0.9366095275687156	0.7699920591519626	4041.6882622753
KGDTFSC[+57.021465]MVGHEALPLAFTQK	4	sp|P01876|IGHA1_HUMAN	0.008536586	1.0	0.9311039385634341	966292.2015431749
RPC[+57.021465]FSALEVDETYVPK	2	sp|P02768|ALBU_HUMAN	0.008536586	1.0	0.8834041380775376	31552.587142876426
YPNC[+57.021465]AYR	2	sp|P07998|RNAS1_HUMAN	0.008536586	0.9797881705057813	0.9811539181627068	30872.242823067456
WFYIASAFR	2	sp|P02763|A1AG1_HUMAN;sp|P19652|A1AG2_HUMAN	0.008536586	0.9933552810135716	0.9777457551203478	88031.64680540728
GGGALLGDR	2	sp|P00736|C1R_HUMAN;sp|Q9NZP8|C1RL_HUMAN	0.008536586	1.0	0.9881470672946406	122072.5148322782
LSSWVLLMK	2	sp|P01009|A1AT_HUMAN	0.008536586	1.0	0.9480608925573696	694373.4215757536
NKEDC[+57.021465]VEIYIK	2	sp|P14151|LYAM1_HUMAN	0.008536586	0.9866190731264982	0.9706172915157794	610686.766645792
AEDTAVYYC[+57.021465]AK	2	sp|P01764|HV323_HUMAN;sp|P01768|HV330_HUMAN;sp|P0DP03|HVC05_HUMAN	0.008536586	1.0	0.9412786904710869	13565.247940977171
HYYESEVLAMNFQDWATASR	4	sp|P08185|CBG_HUMAN	0.008536586	0.9797881705057813	0.9763351054094854	8378.208338042836
NALALFVLPK	2	sp|P05543|THBG_HUMAN	0.008536586	1.0	0.9684725648843785	343465.89987308555
ELISERWK	2	sp|P02790|HEMO_HUMAN	0.008536586	1.0	0.8996553488720527	58030.21718774555
ALEESNYELEGK	2	sp|P13645|K1C10_HUMAN	0.008536586	1.0	0.9455486915602346	198968.92253147892
ADLSGITGAR	2	sp|P01011|AACT_HUMAN	0.008536586	1.0	0.9912258499224318	231180.74700950852
GPGGVWAAK	1	sp|P35542|SAA4_HUMAN	0.008536586	0.9728591838590949	0.7363508408956843	1718.4638404802595
KATVVYQGER	3	sp|P02749|APOH_HUMAN	0.008536586	1.0	0.8046986423021304	4052.5012132648826
DAEAWFNEK	2	sp|P13645|K1C10_HUMAN;sp|Q7Z3Y7|K1C28_HUMAN;sp|Q7Z3Y8|K1C27_HUMAN;sp|Q7Z3Z0|K1C25_HUMAN	0.008536586	1.0	0.881935280908403	46813.35352217021
SDVVYTDWKK	3	sp|P02763|A1AG1_HUMAN	0.008536586	1.0	0.821646335595227	2827.9592733437717
AREDIFMETLK	2	sp|P25311|ZA2G_HUMAN	0.008536586	0.9797881705057813	0.8842868182841441	37827.187912860485
VWFELTQGSITK	2	sp|Q9H8L6|MMRN2_HUMAN	0.008536586	0.9866190731264982	0.9679255611165214	947734.6827416916
EWFSETFQK	2	sp|P02654|APOC1_HUMAN	0.008536586	0.9933552810135716	0.9639891898463462	2268065.998299725
KMTVTDQVNC[+57.021465]PK	2	sp|P05090|APOD_HUMAN	0.008536586	0.9866190731264982	0.940365845071001	79508.14959633717
EHSSLAFWK	2	sp|P02749|APOH_HUMAN	0.008536586	1.0	0.9817238547693379	184254.4871536779
NLMIDIQK	2	sp|Q9BY67|CADM1_HUMAN	0.008536586	1.0	0.9801087283622986	1005575.9383187282
DSGSYFC[+57.021465]R	2	sp|O75015|FCG3B_HUMAN;sp|P08637|FCG3A_HUMAN	0.008536586	0.9866190731264982	0.9415151016062343	27362.28887116419
FQPTLLTLPR	3	sp|P05155|IC1_HUMAN	0.008536586	0.9933552810135716	0.8949801888303713	9007.115920492939
FNQPFIIMIFDHFTWSSLFLAR	3	sp|P08185|CBG_HUMAN	0.009603841	0.9658285256870233	0.9621911221976117	31210575.29705738
ENFLFLTPDC[+57.021465]K	2	sp|P01042|KNG1_HUMAN	0.008536586	1.0	0.9546336716715431	592740.7667843272
ALGISPFHEHAEVVFTANDSGPR	3	sp|P02766|TTHY_HUMAN	0.008536586	1.0	0.9492781733783473	9792543.488242714
ITDVIPSEAINELTVLVLVNTIYFK	3	sp|P01008|ANT3_HUMAN	0.008536586	0.9933552810135716	0.9444372978729224	33972.10446976094
TTVILPLAPFVR	2	sp|O00533|NCHL1_HUMAN	0.008536586	1.0	0.9036507501430184	73318.59949094622
ASSLESGVPSR	2	sp|P01602|KV105_HUMAN;sp|P0DOX7|IGK_HUMAN	0.008536586	1.0	0.9523570802856633	16325.771643228674
GKEESLDSDLYAELR	2	sp|P02775|CXCL7_HUMAN	0.008536586	1.0	0.9284311655690842	10374470.357198227
LSITGTYDLK	2	sp|P01009|A1AT_HUMAN	0.008536586	1.0	0.9629750983718691	137235.90354554335
ALVLIAFAQYLQQC[+57.021465]PFEDHVK	3	sp|P02768|ALBU_HUMAN	0.017897092	0.8354707271418766	0.9120582445602303	2877.9978369018545
SDDSVIQLLNPNR	3	sp|Q9BY67|CADM1_HUMAN	0.008536586	0.9866190731264982	0.7848622379238716	2968.747653726191
DFTC[+57.021465]VHQALK	2	sp|P05155|IC1_HUMAN	0.008536586	1.0	0.9627844783651512	166458.93882709285
DFVQPPTK	2	sp|P01042|KNG1_HUMAN	0.008536586	0.9797881705057813	0.971428789230508	104680.75098312207
DLMEKVK	1	sp|P02652|APOA2_HUMAN	0.011494253	0.9514467542496609	0.9210940875964391	1119.1020355816493
YGFIEGHVVIPR	3	sp|P16070|CD44_HUMAN	0.008536586	0.9933552810135716	0.945164509804417	8377373.492088659
VTVLGQPK	1	sp|B9A064|IGLL5_HUMAN;sp|P0DOX8|IGL1_HUMAN	0.024309393	0.9514467542496609	0.7420120104311579	703.760240268238
MYLGYEYVTAIR	2	sp|P02787|TRFE_HUMAN	0.008536586	1.0	0.8290995496965162	101208.06795147859
HITSLEVIK	2	sp|P02776|PLF4_HUMAN;sp|P10720|PF4V_HUMAN	0.008536586	1.0	0.9855717800532992	1729045.1621280357
YLTLNTESTR	2	sp|P06276|CHLE_HUMAN	0.008536586	0.9933552810135716	0.9649577938899954	27287.895098656038
DLGEENFK	2	sp|P02768|ALBU_HUMAN	0.008536586	0.9866190731264982	0.9630619827247037	14794.19310870535
TAAQNLYEK	2	sp|P02655|APOC2_HUMAN	0.008536586	1.0	0.9530589423005392	112858.515952178
ETSLTVNK	2	sp|Q92954|PRG4_HUMAN	0.008536586	0.9797881705057813	0.7513228562669017	378.87554217548336
ALGISPFHEHAEVVFTANDSGPRR	3	sp|P02766|TTHY_HUMAN	0.008536586	0.9866190731264982	0.7959955025776699	22714.576226846475
