peptide	charge	proteins	q_value	score	spectral_angle	20241028_OA2_Evo08_ViAl_SA_FAIMS40_IO26_A556_MOMI_APEM_P181_H12_R01.mzML
ALGISPFHEHAEVVFTANDSGPRR	3	sp|P02766|TTHY_HUMAN	0.009333333	0.9866190731264982	0.7678404090359278	10660.022950019165
MTVSTLVLGEGATEAEISMTSTR	3	sp|P02760|AMBP_HUMAN	0.007518797	1.0	0.7824283177253257	617577.7257207145
GWVTDGFSSLK	2	sp|P02656|APOC3_HUMAN	0.01743462	0.9933552810135716	0.9523918071609747	2466940.092910991
LQQDVLQFQK	2	sp|Q8NBJ4|GOLM1_HUMAN	0.007518797	1.0	0.9446610988427412	17745.90959237023
EPC[+57.021465]VESLVSQYFQTVTDYGK	3	sp|P02652|APOA2_HUMAN	0.01863354	0.8159995903747699	0.9447364140316798	14809210.325752135
TEGDGVYTLNNEK	3	sp|P00738|HPT_HUMAN	0.007518797	1.0	0.8340378833137345	6267.514454836015
YTIAALLSPYSYSTTAVVTNPK	3	sp|P02766|TTHY_HUMAN	0.009333333	0.9797881705057813	0.9263821189183618	1078718.4211345818
EHAVEGDC[+57.021465]DFQLLK	2	sp|P02765|FETUA_HUMAN	0.007518797	1.0	0.9575987666855286	716006.3799387157
TLMFGSYLDDEK	2	sp|P19652|A1AG2_HUMAN	0.009333333	0.9866190731264982	0.9554408471586695	7890472.685384634
VPTVEPLDSLTLFLFR	3	sp|P13598|ICAM2_HUMAN	0.009333333	0.9658285256870233	0.9616964239753925	99420.81772562128
RYTIAALLSPYSYSTTAVVTNPK	4	sp|P02766|TTHY_HUMAN	0.009333333	0.9797881705057813	0.9399904992367091	222959.62433779764
FNQPFIIM[+15.994915]IFDHFTWSSLFLAR	3	sp|P08185|CBG_HUMAN	0.009333333	0.9658285256870233	0.9195554948107779	185702.20583722356
SPLFMGK	2	sp|P01009|A1AT_HUMAN	0.009333333	0.9728591838590949	0.8286169607932414	13966.212592897304
ILGGHLDAK	1	sp|P00738|HPT_HUMAN;sp|P00739|HPTR_HUMAN	0.009333333	0.9797881705057813	0.7239014631656612	1779.9111392074083
YVGGQEHFAHLLILRDTK	4	sp|P02763|A1AG1_HUMAN	0.011627907	0.9366095275687156	0.7075172250718932	6311.133772358411
LFDSDPITVTVPVEVSRK	3	sp|P10909|CLUS_HUMAN	0.007518797	1.0	0.9536374879400296	136065.4425670016
AYLEEEC[+57.021465]PATLR	3	sp|P25311|ZA2G_HUMAN	0.007518797	1.0	0.849600542258477	7409.088079976281
LGFTDLFSK	2	sp|P29622|KAIN_HUMAN	0.007518797	1.0	0.9359659057698622	68063.25697726702
SSNTYTLTDVR	2	sp|Q13740|CD166_HUMAN	0.007518797	1.0	0.9030827893910873	12219.834271695287
MPVAPYWTSPEK	2	sp|P11362|FGFR1_HUMAN	0.011627907	0.9366095275687156	0.7954758245120606	52822.62139533048
FQNALLVR	2	sp|P02768|ALBU_HUMAN	0.007518797	1.0	0.8482752203528376	138427.6230951879
FNWYVDGVEVHNAK	3	sp|P01857|IGHG1_HUMAN;sp|P0DOX5|IGG1_HUMAN	0.007518797	1.0	0.8710944864462196	192886.5287328239
TSLTVVLLR	2	sp|P32942|ICAM3_HUMAN	0.007518797	1.0	0.9043068773786365	354557.7282853789
ITLLSALVETR	2	sp|P01011|AACT_HUMAN	0.007518797	1.0	0.9842494021229559	1039517.7951174303
VDLLNQEIEFLK	2	sp|P35908|K22E_HUMAN	0.007518797	1.0	0.9145432110838974	129483.80126373463
KGEVLPLPEANFPSFPLPHHK	4	sp|P04196|HRG_HUMAN	0.009333333	0.9933552810135716	0.9537551328323566	646780.616907828
FPVFMGR	2	sp|P05155|IC1_HUMAN	0.007518797	1.0	0.9141053636813121	488609.2028604482
C[+57.021465]AGQQQDIR	2	sp|P27918|PROP_HUMAN	0.007518797	1.0	0.9667341819085077	53257.63341162532
FDPVRGEVPPR	2	sp|P02790|HEMO_HUMAN	0.009333333	0.9728591838590949	0.9611014309920927	1005955.1664441713
VQLTGEPVPMAR	3	sp|P15151|PVR_HUMAN	0.016209476	0.8448700454299841	0.8399847908347503	1714.3580129229588
DYWSTVK	2	sp|P02656|APOC3_HUMAN	0.009333333	0.9658285256870233	0.9861475336256391	645281.3762144239
GDTFSC[+57.021465]MVGHEALPLAFTQK	4	sp|P01876|IGHA1_HUMAN	0.007518797	1.0	0.7236274922238596	35928.524944434306
KNIFISPVSISMALAMLSLGTC[+57.021465]GHTR	4	sp|P08185|CBG_HUMAN	0.011627907	0.9366095275687156	0.8088599999642602	3250.907958473672
GFSSGSAVVSGGSR	2	sp|P35908|K22E_HUMAN	0.007518797	1.0	0.8255983505051995	2729.1842996438686
KAADDTWEPFASGK	2	sp|P02766|TTHY_HUMAN	0.007518797	1.0	0.9565423420641902	164565.36007434057
MADEAGSEADHEGTHSTK	2	sp|P02671|FIBA_HUMAN	0.007518797	1.0	0.8108373876589082	1021.1049044092193
ASDTAMYYC[+57.021465]AR	2	sp|A0A0C4DH38|HV551_HUMAN;sp|A0A0J9YXX1|HV5X1_HUMAN	0.007518797	1.0	0.8818805753426145	5365.9492966264415
QIQVFEDEPAR	2	sp|Q9NPH3|IL1AP_HUMAN	0.007518797	1.0	0.9623732686519828	55533.29574557699
IGPDNLPYVQILK	3	sp|P11362|FGFR1_HUMAN	0.009333333	0.9866190731264982	0.8523918281817966	7613.921577845804
EETNEIQVVNEEPQR	2	sp|Q8NBJ4|GOLM1_HUMAN	0.007518797	1.0	0.8265808096543538	163975.82859540096
VTSIQDWVQK	2	sp|P00738|HPT_HUMAN	0.009333333	0.9933552810135716	0.96800918228642	133764.27651424534
LQHLENELTHDIITK	2	sp|P01009|A1AT_HUMAN	0.009333333	0.9797881705057813	0.9703464092838511	121451.21988116758
GVLHNEVK	2	sp|Q92954|PRG4_HUMAN	0.009333333	0.9797881705057813	0.9442109157416095	1543.5487415888417
TFTC[+57.021465]TAAYPESK	2	sp|P01876|IGHA1_HUMAN	0.009333333	0.9933552810135716	0.9789718150871611	161270.44684267588
AADDTWEPFASGK	3	sp|P02766|TTHY_HUMAN	0.011627907	0.9366095275687156	0.8199953528616285	7400.312420805152
GLASANVDFAFSLYK	3	sp|P08185|CBG_HUMAN	0.009333333	0.9797881705057813	0.905066788857864	11264.939940374366
EFGNTLEDK	2	sp|P02654|APOC1_HUMAN	0.009333333	0.9866190731264982	0.9650973058483521	147611.3027371508
QNC[+57.021465]ELFEQLGEYK	2	sp|P02768|ALBU_HUMAN	0.007518797	1.0	0.9339840341422476	1468018.0701949988
YTIAALLSPYSYSTTAVVTNPK	4	sp|P02766|TTHY_HUMAN	0.009333333	0.9797881705057813	0.8902354833511356	23674.59800287547
IC[+57.021465]LDLQAPLYK	3	sp|P02776|PLF4_HUMAN	0.012594459	0.9212790999005022	0.9086442844277535	51520.55292350327
HTFMGVVSLGSPSGEVSHPR	5	sp|P02765|FETUA_HUMAN	0.028186275	0.5462099337781654	0.7624166364634191	1058.8987405751188
TPSSTGPSPVFDIK	2	sp|Q12913|PTPRJ_HUMAN	0.007518797	1.0	0.945776598719995	697788.1093225789
C[+57.021465]PNPPVQENFDVNK	2	sp|P05090|APOD_HUMAN	0.007518797	1.0	0.9356477320278124	2459773.5674737827
FDTISEK	2	sp|P01008|ANT3_HUMAN	0.009333333	0.9728591838590949	0.9829830349041256	238130.08884338004
GPLDQLEK	2	sp|P05546|HEP2_HUMAN	0.009333333	0.9797881705057813	0.8538040444680938	18983.069371247682
YSLTYIYTGLSK	2	sp|P25311|ZA2G_HUMAN	0.009333333	0.9933552810135716	0.9932717965750653	10688.435843246727
GEC[+57.021465]QAEGVLFFQGDR	3	sp|P02790|HEMO_HUMAN	0.009333333	0.9728591838590949	0.8635822887106921	15575.544922928588
QGHNSVFLIK	3	sp|P02790|HEMO_HUMAN	0.007518797	1.0	0.9879050218549623	40945.93671707758
NTWSILHTQGALVQGGYGHSSVYDHR	3	sp|O75882|ATRN_HUMAN	0.009333333	0.9728591838590949	0.8848776132794817	27156.810611326346
VGSALFLSHNLK	3	sp|P29622|KAIN_HUMAN	0.009333333	0.9728591838590949	0.8787849918036008	37856.48728176096
SISTAYLQWSSLK	2	sp|A0A0C4DH38|HV551_HUMAN;sp|A0A0J9YXX1|HV5X1_HUMAN	0.009333333	0.9866190731264982	0.9079866556621539	68656.41570728579
SASLHLPK	2	sp|P01009|A1AT_HUMAN	0.007518797	1.0	0.9628029251183386	300599.7630648148
SSSQELGLK	2	sp|Q14515|SPRL1_HUMAN	0.009333333	0.9866190731264982	0.9678328111495144	2130.303483885087
LYLVQGTQVYVFLTK	3	sp|P02790|HEMO_HUMAN	0.009333333	0.9658285256870233	0.9453781350104177	36731.85057678836
MEEVEAMLLPETLK	2	sp|P01011|AACT_HUMAN	0.007518797	1.0	0.9441226232966179	1408922.230516856
FTVNNLAEPQK	2	sp|P12259|FA5_HUMAN	0.007518797	1.0	0.8802460152679762	8441.572783635871
DTVFALVNYIFFK	3	sp|P01009|A1AT_HUMAN	0.009333333	0.9866190731264982	0.8679779563223864	12278.697035300473
FRIEDGFSLK	2	sp|P01008|ANT3_HUMAN	0.007518797	1.0	0.9690775429471431	1369662.8811109723
HSAQPWADFTLLGAR	3	sp|Q8IYS5|OSCAR_HUMAN	0.007518797	1.0	0.8866623813999391	177958.32033363587
GDDITMVLILPKPEK	3	sp|P01008|ANT3_HUMAN	0.007518797	1.0	0.9751962817947066	2606022.6868017176
GDTFSC[+57.021465]MVGHEALPLAFTQK	3	sp|P01876|IGHA1_HUMAN	0.007518797	1.0	0.8918518398441291	1201339.1145795034
EQLGEFYEALDC[+57.021465]LC[+57.021465]IPR	4	sp|P19652|A1AG2_HUMAN	0.007518797	1.0	0.8899861596707056	581934.7743208064
LGNQEPGGQTALK	3	sp|P08697|A2AP_HUMAN	0.007518797	1.0	0.8830825014768255	57.69885208570289
IVDLFSGLDSPAILVLVNYIFFK	3	sp|P08185|CBG_HUMAN	0.007518797	1.0	0.947991056860056	4370621.899580912
EHVAHLLFLRDTK	4	sp|P19652|A1AG2_HUMAN	0.009333333	0.9866190731264982	0.9468369730468897	112756.54377011894
AQWANPFDPSK	2	sp|P05543|THBG_HUMAN	0.007518797	1.0	0.9482769278947593	261091.58887153823
DALSSVQESQVAQQAR	3	sp|P02656|APOC3_HUMAN	0.009333333	0.9728591838590949	0.9457566789530184	518282.2880815379
FNKPFVFLMIEQNTK	2	sp|P01009|A1AT_HUMAN	0.007518797	1.0	0.9083199897233241	27077.27599166939
GTYSTTVTGR	2	sp|P08519|APOA_HUMAN	0.009333333	0.9866190731264982	0.9783943183330284	15208.910395780349
GLPNVVTSAISLPNIR	3	sp|Q92954|PRG4_HUMAN	0.007518797	1.0	0.9697900860604521	2217910.532366236
TDTSHHDQDHPTFNK	3	sp|P01009|A1AT_HUMAN	0.009333333	0.9797881705057813	0.8233427553549867	112.26275750988762
SDVVYTDWK	2	sp|P02763|A1AG1_HUMAN	0.007518797	1.0	0.961003696539398	837598.0114142512
WVQDYIK	2	sp|Q16627|CCL14_HUMAN	0.009333333	0.9866190731264982	0.9565365337425631	25448.84085703522
EIGELYLPK	2	sp|P01011|AACT_HUMAN	0.007518797	1.0	0.9561785904869705	797451.170639145
AGEQDATIHLK	3	sp|P13591|NCAM1_HUMAN	0.009333333	0.9728591838590949	0.9029254399659782	2074.509089054015
GWVDLFVPK	2	sp|P05543|THBG_HUMAN	0.007518797	1.0	0.9790317085118958	1251694.2979509379
YPPTVSMVEGQGEK	2	sp|P27918|PROP_HUMAN	0.007518797	1.0	0.9865566119432472	521817.46353426017
IMQSSQSMSK	2	sp|O75882|ATRN_HUMAN	0.009333333	0.9866190731264982	0.9728354833363141	296868.0272541818
KVPQVSTPTLVEVSR	2	sp|P02768|ALBU_HUMAN	0.007518797	1.0	0.9442691243214306	312012.6579310067
FLEDVKK	2	sp|P01009|A1AT_HUMAN	0.007518797	1.0	0.9789024564231702	513204.72991795256
WVMVPMMSLHHLTIPYFR	4	sp|P01011|AACT_HUMAN	0.009333333	0.9933552810135716	0.9512429165241296	97781.88181399248
C[+57.021465]PLFEHFLK	3	sp|Q9NPH3|IL1AP_HUMAN	0.007518797	1.0	0.8543620376887959	74612.30556760938
YAASSYLSLTPEQWK	2	sp|A0M8Q6|IGLC7_HUMAN;sp|B9A064|IGLL5_HUMAN;sp|P0CF74|IGLC6_HUMAN;sp|P0CG04|IGLC1_HUMAN;sp|P0DOX8|IGL1_HUMAN;sp|P0DOY2|IGLC2_HUMAN;sp|P0DOY3|IGLC3_HUMAN	0.009333333	0.9728591838590949	0.9421732303585714	60664.17942035925
SYSC[+57.021465]QVTHEGSTVEK	3	sp|B9A064|IGLL5_HUMAN;sp|P0CF74|IGLC6_HUMAN;sp|P0CG04|IGLC1_HUMAN;sp|P0DOX8|IGL1_HUMAN;sp|P0DOY2|IGLC2_HUMAN;sp|P0DOY3|IGLC3_HUMAN	0.007518797	1.0	0.9346955098684899	1461749.0915916085
LSSWVLLM[+15.994915]K	2	sp|P01009|A1AT_HUMAN	0.007518797	1.0	0.9212858068584694	232792.31878080082
LTSLPLGALR	2	sp|P07359|GP1BA_HUMAN	0.009333333	0.9866190731264982	0.9643026455407875	114705.42396410137
SGAGTELSVR	2	sp|O00241|SIRB1_HUMAN;sp|P78324|SHPS1_HUMAN;sp|Q5TFQ8|SIRBL_HUMAN	0.007518797	1.0	0.9317215192733432	107135.90188113219
NWGLSFYADKPETTK	4	sp|P19652|A1AG2_HUMAN	0.009333333	0.9728591838590949	0.8273785778058025	844.4011291570531
TMLLQPAGSLGSYSYR	3	sp|P41222|PTGDS_HUMAN	0.009333333	0.9728591838590949	0.9858515660290329	299953.71470406966
ELTPEVLQEWLDELEEMMLVVHMPR	4	sp|P01008|ANT3_HUMAN	0.009333333	0.9866190731264982	0.9636469016558545	148828.60726139488
SSEDPNEDIVER	2	sp|P01591|IGJ_HUMAN	0.009333333	0.9933552810135716	0.9606211258842142	7008.267754569759
SEDAGGAEGETPHMLLRPHVFMPEVTPDMDYLPR	4	sp|Q92954|PRG4_HUMAN	0.009333333	0.9728591838590949	0.8951256832197142	210195.04358167766
LRTEGDGVYTLNDKK	4	sp|P00738|HPT_HUMAN;sp|P00739|HPTR_HUMAN	0.007518797	1.0	0.9063747086805072	487499.39229587495
LVNEVTEFAK	2	sp|P02768|ALBU_HUMAN	0.007518797	1.0	0.854547363633387	37392.6431128197
GTHC[+57.021465]NQVEVIATLK	3	sp|P02775|CXCL7_HUMAN	0.009333333	0.9797881705057813	0.7534187207338079	41550.29507414134
LWLQGIDVR	2	sp|P28827|PTPRM_HUMAN	0.007518797	1.0	0.9124668307187547	32986.97542318059
AVSISPTNVILTWK	3	sp|Q12913|PTPRJ_HUMAN	0.009333333	0.9866190731264982	0.8492982563816848	2712.3622038709864
YVGGQEHFAHLLILR	2	sp|P02763|A1AG1_HUMAN	0.009333333	0.9728591838590949	0.9474072954808472	494754.9893900616
LPGIVAEGR	1	sp|P01008|ANT3_HUMAN	0.009333333	0.9797881705057813	0.7139096879929075	2499.0395957978644
FSISATYDLGATLLK	3	sp|P05543|THBG_HUMAN	0.007518797	1.0	0.7799644276022478	99811.35522628737
VDGALC[+57.021465]M[+15.994915]EK	2	sp|P02790|HEMO_HUMAN	0.007518797	1.0	0.9896031902065009	97751.23619548786
ANQQLNFTEAK	2	sp|Q9Y5Y7|LYVE1_HUMAN	0.007518797	1.0	0.9718212881268627	11295.386026838252
GGYTLVSGYPK	2	sp|P02790|HEMO_HUMAN	0.007518797	1.0	0.9824033593815225	509844.4764463234
GFGGLTGQIVAALSTAK	3	sp|Q92954|PRG4_HUMAN	0.007518797	1.0	0.9439203351726455	1204195.8936753583
TFYEPGEEITYSC[+57.021465]KPGYVSR	3	sp|P02749|APOH_HUMAN	0.007518797	1.0	0.9303011934139679	1088821.064130618
WELLQQVDTSTR	2	sp|P04264|K2C1_HUMAN	0.007518797	1.0	0.9406593370643995	592801.2892513288
NKEDC[+57.021465]VEIYIK	3	sp|P14151|LYAM1_HUMAN	0.009333333	0.9933552810135716	0.9609335228892649	2227.404327766361
LRTEGDGVYTLNNEK	4	sp|P00738|HPT_HUMAN	0.007518797	1.0	0.7863043666065541	172471.71673366585
EHVAHLLFLRDTK	3	sp|P19652|A1AG2_HUMAN	0.009333333	0.9866190731264982	0.9316477688912882	96810.99041528403
QLVEIEK	1	sp|P00738|HPT_HUMAN;sp|P00739|HPTR_HUMAN	0.009333333	0.9797881705057813	0.9091412831535849	1925.6210081103127
RLGMFNIQHC[+57.021465]K	2	sp|P01009|A1AT_HUMAN	0.009333333	0.9866190731264982	0.9734985500249125	2642.8274827039095
TYLPAVDEK	2	sp|P02655|APOC2_HUMAN	0.007518797	1.0	0.9721751071047683	2302184.4785520737
EFTPPVQAAYQK	3	sp|P68871|HBB_HUMAN	0.007518797	1.0	0.8253639240741122	7347.871715446157
SAGSVESPSVSSTHR	3	sp|P17936|IBP3_HUMAN	0.009333333	0.9866190731264982	0.9664876916362568	16508.499795660362
ADGESC[+57.021465]SASMMYQEGK	2	sp|P01008|ANT3_HUMAN	0.007518797	1.0	0.9182525096995532	866971.0243365059
IPKSDVVYTDWK	2	sp|P02763|A1AG1_HUMAN	0.007518797	1.0	0.9649928312342586	830971.2195600185
VITEPIPVSDLR	2	sp|Q12913|PTPRJ_HUMAN	0.007518797	1.0	0.9556547117020013	103554.34573379846
REPAVGEPAEVTTTVLVR	4	sp|P05362|ICAM1_HUMAN	0.007518797	1.0	0.80655463937338	2408.8770194844874
SKPAVQYQWDR	2	sp|Q96AP7|ESAM_HUMAN	0.007518797	1.0	0.9475524868414495	13332.727158888441
ESLLNHFLYEVAR	3	sp|P43652|AFAM_HUMAN	0.007518797	1.0	0.8970152771410691	196525.80409947407
MREWFSETFQK	2	sp|P02654|APOC1_HUMAN	0.007518797	1.0	0.9678731029970219	6583786.664647898
AREDIFMETLK	3	sp|P25311|ZA2G_HUMAN	0.007518797	1.0	0.9377562219286454	150462.46048525945
EMEDTLNHLK	3	sp|P17936|IBP3_HUMAN	0.007518797	1.0	0.9443533337856874	42332.997358838045
AVLTIDEK	1	sp|P01009|A1AT_HUMAN	0.009333333	0.9797881705057813	0.736314781172605	1584.9950213512648
GGEGTGYFVDFSVR	2	sp|P04196|HRG_HUMAN	0.007518797	1.0	0.9555486234112102	1104171.014096498
QGLLPVLESFK	2	sp|P02647|APOA1_HUMAN	0.007518797	1.0	0.9645174264732373	420614.74462438613
GVTSVSQIFHSPDLAIR	3	sp|P05155|IC1_HUMAN	0.009333333	0.9797881705057813	0.9685202733861559	50037.40580386422
TYFPHFDLSHGSAQVK	4	sp|P69905|HBA_HUMAN	0.009333333	0.9797881705057813	0.97834777560617	476072.9867414712
IHLMAGR	2	sp|Q5T013|HYI_HUMAN	0.007518797	1.0	0.8692144432775482	72102.46854484148
ESSSHHPGIAEFPSR	2	sp|P02671|FIBA_HUMAN	0.007518797	1.0	0.9939105985138407	150787.70625436795
VLDELTLTK	2	sp|P13645|K1C10_HUMAN	0.007518797	1.0	0.9746424252906785	566222.893371376
AKWEMPFDPQDTHQSR	4	sp|P01011|AACT_HUMAN	0.009333333	0.9866190731264982	0.707820779750759	2309.546891957326
DTEEEDFHVDQVTTVK	2	sp|P01009|A1AT_HUMAN	0.007518797	1.0	0.8064671769678933	425736.22480616276
KATVVYQGER	2	sp|P02749|APOH_HUMAN	0.007518797	1.0	0.9541086408220208	1160245.3100361696
EWFWDLATGTMK	3	sp|P02790|HEMO_HUMAN	0.009333333	0.9866190731264982	0.9017956265671702	15187.220658285922
ALSIGFETC[+57.021465]R	2	sp|P16070|CD44_HUMAN	0.007518797	1.0	0.977898889220431	138759.15773713432
AGALQLLLVGDK	2	sp|P55058|PLTP_HUMAN	0.012594459	0.9366095275687156	0.805953513945538	14061.404032378152
WKNFPSPVDAAFR	3	sp|P02790|HEMO_HUMAN	0.009333333	0.9866190731264982	0.8398803283819805	6809.207957938543
EMEVLHLR	2	sp|P11362|FGFR1_HUMAN	0.007518797	1.0	0.8834211379810343	160548.496187651
ATVVYQGER	2	sp|P02749|APOH_HUMAN	0.009333333	0.9866190731264982	0.9777622513433516	110323.88245357573
YNSQNQSNNQFVLYR	2	sp|P01042|KNG1_HUMAN	0.009333333	0.9658285256870233	0.8064017584796769	247.9409777883443
IDSLLENDR	2	sp|P10909|CLUS_HUMAN	0.007518797	1.0	0.970220630670501	593893.8733015553
DYVSQFEGSALGK	2	sp|P02647|APOA1_HUMAN	0.009333333	0.9933552810135716	0.902845462832549	77014.24523330848
VDLVLEK	2	sp|P17900|SAP3_HUMAN	0.007518797	1.0	0.9276286316562845	281664.4759181792
VPLQQNFQDNQFQGK	2	sp|P80188|NGAL_HUMAN	0.007518797	1.0	0.9444946537855874	2362039.0051096827
HPDEAAFFDTASTGK	2	sp|P02671|FIBA_HUMAN	0.009333333	0.9797881705057813	0.9346888515437389	42743.06352284359
YFHHNSDFHIPK	4	sp|O75015|FCG3B_HUMAN	0.007518797	1.0	0.8859425875156699	1553009.3090209728
EHVAHLLFLR	2	sp|P19652|A1AG2_HUMAN	0.009333333	0.9728591838590949	0.8730737040433291	45041.39955921378
GKMNTVIAALSR	2	sp|P08185|CBG_HUMAN	0.007518797	1.0	0.7831173620992575	10498.672936221052
SKEQLTPLIK	2	sp|P02652|APOA2_HUMAN	0.007518797	1.0	0.9173940329741462	76071.87540857932
MSSINADFAFNLYR	2	sp|P05543|THBG_HUMAN	0.007518797	1.0	0.9852775932907699	3178350.308792812
NLAVSQVVHK	2	sp|P01011|AACT_HUMAN	0.007518797	1.0	0.9510057737856401	1515127.9175014633
NPLPSKETIEQEK	2	sp|P62328|TYB4_HUMAN	0.007518797	1.0	0.9487682807290744	98156.38587919043
GTEAAGAMFLEAIPMSIPPEVK	4	sp|P01009|A1AT_HUMAN	0.011627907	0.9440873193926883	0.7264936188963358	3750.3923326877075
TVAAC[+57.021465]NLPIVR	3	sp|P02760|AMBP_HUMAN	0.009333333	0.9933552810135716	0.8480043304448437	30601.43176028412
ASVGQDSPEPR	2	sp|Q6UX71|PXDC2_HUMAN	0.007518797	1.0	0.8764862016944172	13234.326351521091
GILTVDELLAIR	3	sp|P13473|LAMP2_HUMAN	0.007518797	1.0	0.7610671633741631	276.0522836067316
ATLVC[+57.021465]LISDFYPGAVTVAWK	4	sp|B9A064|IGLL5_HUMAN;sp|P0CG04|IGLC1_HUMAN;sp|P0DOX8|IGL1_HUMAN;sp|P0DOY2|IGLC2_HUMAN;sp|P0DOY3|IGLC3_HUMAN	0.007518797	1.0	0.9371763592405479	82943.76282337507
FATTFYQHLADSK	3	sp|P01008|ANT3_HUMAN	0.01980198	0.7510559064272662	0.7639339069140537	9988.278745673366
AIGPSQTHTIR	3	sp|Q92954|PRG4_HUMAN	0.01980198	0.7390601692542802	0.9066200011094195	7988.050173234053
AEAESLYQSK	2	sp|P04264|K2C1_HUMAN	0.009333333	0.9866190731264982	0.9868044196452329	44078.11825614657
TEGDGVYTLNDK	2	sp|P00738|HPT_HUMAN;sp|P00739|HPTR_HUMAN	0.007518797	1.0	0.944756124322696	160063.79047350388
LLIYGASTR	2	sp|A0A075B6H7|KV37_HUMAN;sp|A0A0C4DH55|KVD07_HUMAN;sp|P01624|KV315_HUMAN	0.009333333	0.9866190731264982	0.8950742139581039	20082.108444789537
ALAQC[+57.021465]APPPAVC[+57.021465]AELVR	3	sp|P17936|IBP3_HUMAN	0.012594459	0.9290085173289965	0.802660465277459	26216.880316015206
NEC[+57.021465]FLQHK	2	sp|P02768|ALBU_HUMAN	0.007518797	1.0	0.9666739361384715	59505.8578318305
AADDTWEPFASGKTSESGELHGLTTEEEFVEGIYK	4	sp|P02766|TTHY_HUMAN	0.007518797	1.0	0.9464899647948117	2837745.513100436
DFVQPPTK	1	sp|P01042|KNG1_HUMAN	0.009333333	0.9797881705057813	0.711678364878983	2374.394199028765
EQLGEFYEALDC[+57.021465]LR	3	sp|P02763|A1AG1_HUMAN	0.009333333	0.9728591838590949	0.961033068267603	1536305.372817068
WLQGSQELPR	2	sp|P01876|IGHA1_HUMAN;sp|P01877|IGHA2_HUMAN;sp|P0DOX2|IGA2_HUMAN	0.009333333	0.9933552810135716	0.948606478800105	1338194.1966692323
LWWLDLK	2	sp|P02790|HEMO_HUMAN	0.007518797	1.0	0.9740816563562626	5074576.435968209
VYSTSVTGSR	2	sp|Q9H299|SH3L3_HUMAN	0.007518797	1.0	0.9380358037292384	119318.8401066035
DKC[+57.021465]EPLEKQHEK	2	sp|P02763|A1AG1_HUMAN;sp|P19652|A1AG2_HUMAN	0.007518797	1.0	0.906533794683237	19208.45113800507
SISC[+57.021465]QEIPGQQSR	2	sp|P27918|PROP_HUMAN	0.007518797	1.0	0.9350574194450626	661925.035814808
ALDLINK	2	sp|P04196|HRG_HUMAN	0.009333333	0.9728591838590949	0.9920376796536332	81174.95174594094
TSDQIHFFFAK	3	sp|P01008|ANT3_HUMAN	0.009333333	0.9933552810135716	0.9624266248432345	248344.92676374767
DDNPNLPR	2	sp|P02768|ALBU_HUMAN	0.009333333	0.9797881705057813	0.9441578696745604	14558.416509118915
SGTASEMGTER	2	sp|Q9ULI3|HEG1_HUMAN	0.009333333	0.9866190731264982	0.9588177836473415	26500.33474586934
EPQVYTLPPSR	2	sp|P01857|IGHG1_HUMAN;sp|P01859|IGHG2_HUMAN;sp|P01860|IGHG3_HUMAN;sp|P0DOX5|IGG1_HUMAN	0.007518797	1.0	0.8307804610869169	8088.2094195959835
DIPMNPMC[+57.021465]IYR	2	sp|P01008|ANT3_HUMAN	0.009333333	0.9933552810135716	0.9438735095538506	134491.51231918455
SAVQGPPER	2	sp|P01876|IGHA1_HUMAN;sp|P01877|IGHA2_HUMAN	0.009333333	0.9797881705057813	0.9460606398268758	46106.22845640148
TEGDGVYTLNNEK	2	sp|P00738|HPT_HUMAN	0.007518797	1.0	0.9565709272810836	816052.1464019386
NSVIKVPMMNSK	2	sp|P05155|IC1_HUMAN	0.009333333	0.9797881705057813	0.9827466078316991	17532.08890877514
GPLQLER	1	sp|P02750|A2GL_HUMAN	0.007518797	1.0	0.9541812079884647	46144.01360798844
ELQVYISPK	2	sp|P19320|VCAM1_HUMAN	0.007518797	1.0	0.8346815565426472	20871.307309040403
ASVSVTAEDEGTQR	2	sp|P05362|ICAM1_HUMAN	0.007518797	1.0	0.9076495308624115	79352.3683771846
VPTVEPLDSLTLFLFR	2	sp|P13598|ICAM2_HUMAN	0.010512483	0.9658285256870233	0.9811797628779406	365798.3497518613
RYTIAALLSPYSYSTTAVVTNPK	3	sp|P02766|TTHY_HUMAN	0.009333333	0.9797881705057813	0.9401264353086326	2378509.690264247
KGEVLPLPEANFPSFPLPHHK	5	sp|P04196|HRG_HUMAN	0.009333333	0.9933552810135716	0.7642778736787832	21038.210980088446
LVAASQAALGL	2	sp|P02768|ALBU_HUMAN	0.007518797	1.0	0.9494233936949709	1224608.8816406652
LPGIVAEGRDDLYVSDAFHK	3	sp|P01008|ANT3_HUMAN	0.009333333	0.9866190731264982	0.8652017490644935	151170.89490344963
VLNQELR	2	sp|P05090|APOD_HUMAN	0.007518797	1.0	0.9904957686591661	4859408.4976626625
SGGLC[+57.021465]QPC[+57.021465]R	2	sp|P27918|PROP_HUMAN	0.007518797	1.0	0.8761182911224912	33195.033717729704
FQNALLVR	1	sp|P02768|ALBU_HUMAN	0.027127003	0.6411227749434683	0.7051576051890895	993.9937584835761
ITLLSALVETR	3	sp|P01011|AACT_HUMAN	0.007518797	1.0	0.8421040995286625	10135.108321455562
DLDSQTMMVLVNYIFFK	3	sp|P01011|AACT_HUMAN	0.007518797	1.0	0.950227245979629	494337.61351595813
FLENEDR	1	sp|P01009|A1AT_HUMAN	0.009333333	0.9797881705057813	0.9520268167574152	12353.586944582223
LYIEYGIQR	2	sp|Q9NPH3|IL1AP_HUMAN	0.007518797	1.0	0.907207228878608	92804.21518601192
ALGISPFHEHAEVVFTANDSGPR	5	sp|P02766|TTHY_HUMAN	0.007518797	1.0	0.7814659730491771	208550.1140262483
QQLQALSEPQPR	2	sp|Q8NBJ4|GOLM1_HUMAN	0.009333333	0.9933552810135716	0.8768097784492382	5883.518970432738
FDPVRGEVPPR	3	sp|P02790|HEMO_HUMAN	0.009333333	0.9728591838590949	0.9582253998919337	431903.8247506129
VQPYLDDFQK	2	sp|P02647|APOA1_HUMAN	0.007518797	1.0	0.957916259183468	170391.92049243452
SSAEAQTPEDTPNK	2	sp|O43493|TGON2_HUMAN	0.007518797	1.0	0.971067893895372	46632.87989830024
C[+57.021465]SPHLVLSALTSDNHGATYAFSGTHYWR	5	sp|P02790|HEMO_HUMAN	0.009333333	0.9797881705057813	0.9343177945933093	4041408.0522443242
LGMFNIQHC[+57.021465]K	3	sp|P01009|A1AT_HUMAN	0.007518797	1.0	0.9679784445330074	1637441.7484845773
MADEAGSEADHEGTHSTK	3	sp|P02671|FIBA_HUMAN	0.007518797	1.0	0.9385834211782503	89453.1003945113
TLLVFEVQQPFLFVLWDQQHK	3	sp|P05155|IC1_HUMAN	0.007518797	1.0	0.9329605499257897	1906119.6899669762
SGAQATWTELPWPHEK	2	sp|P02790|HEMO_HUMAN	0.007518797	1.0	0.9445905655854079	2727005.977023063
DYQELM[+15.994915]NTK	2	sp|P04264|K2C1_HUMAN	0.007518797	1.0	0.8280587768784945	5367.905681566545
YLYEIAR	2	sp|P02768|ALBU_HUMAN	0.009333333	0.9797881705057813	0.9837940422262945	105868.37037771869
DNPMYYC[+57.021465]NK	2	sp|O75882|ATRN_HUMAN	0.012594459	0.9290085173289965	0.8460417507751665	1500.119218292152
ALGISPFHEHAEVVFTANDSGPRR	5	sp|P02766|TTHY_HUMAN	0.009333333	0.9866190731264982	0.7422917501592082	32064.958338207933
AADDTWEPFASGK	2	sp|P02766|TTHY_HUMAN	0.009333333	0.9933552810135716	0.9498244691115972	373288.901222691
TAFQEALDAAGDK	2	sp|P10599|THIO_HUMAN	0.007518797	1.0	0.790809221821224	9383.796809722176
WEMPFDPQDTHQSR	2	sp|P01011|AACT_HUMAN	0.009333333	0.9728591838590949	0.9007011373793798	19528.268264201633
DSTYSLSSTLTLSK	2	sp|P01834|IGKC_HUMAN;sp|P0DOX7|IGK_HUMAN	0.007518797	1.0	0.9639038476333341	407809.91115184
IC[+57.021465]LDLQAPLYK	2	sp|P02776|PLF4_HUMAN	0.007518797	1.0	0.9238736904644449	454900.3060244049
HTFMGVVSLGSPSGEVSHPR	4	sp|P02765|FETUA_HUMAN	0.009333333	0.9933552810135716	0.9509678679819629	408698.432973789
LVLLNAIYLSAK	3	sp|P05155|IC1_HUMAN	0.009333333	0.9933552810135716	0.7264983250322129	32970.77659291574
LTLTPWVGLR	2	sp|O75882|ATRN_HUMAN	0.007518797	1.0	0.919983367770934	92708.98678182939
HTLNQIDEVK	2	sp|P02765|FETUA_HUMAN	0.009333333	0.9933552810135716	0.9569657233563694	583553.2834636568
ESTLHLVLR	2	sp|P0CG47|UBB_HUMAN;sp|P0CG48|UBC_HUMAN;sp|P62979|RS27A_HUMAN;sp|P62987|RL40_HUMAN	0.007518797	1.0	0.9132286195440563	2286517.3540525716
SLHTLFGDK	2	sp|P02768|ALBU_HUMAN	0.009333333	0.9866190731264982	0.865603867915899	6413.699246481305
QGHNSVFLIK	2	sp|P02790|HEMO_HUMAN	0.007518797	1.0	0.985887104010634	394837.25902723015
LYLVQGTQVYVFLTK	2	sp|P02790|HEMO_HUMAN	0.01980198	0.9658285256870233	0.9356888785185251	225528.32039217488
SC[+57.021465]ALDQNC[+57.021465]QWEPR	2	sp|O75882|ATRN_HUMAN	0.025925925	1.0	0.9411698660232564	201471.18889371087
EQYAVVGHSAHIVTLK	2	sp|O75882|ATRN_HUMAN	0.007518797	1.0	0.9376934123614344	114383.78101247741
QVILTLQPTLVAVGK	2	sp|P13598|ICAM2_HUMAN	0.009333333	1.0	0.9598614331804006	6781838.32792805
LVYHLGLPFSFLTFPYVEEAIK	4	sp|P49908|SEPP1_HUMAN	0.007518797	1.0	0.7481040749216304	46295.66398042918
NVQDAIADAEQR	2	sp|P35908|K22E_HUMAN	0.007518797	1.0	0.8639062989640418	28451.04589765724
FTVNNLAEPQK	3	sp|P12259|FA5_HUMAN	0.007518797	1.0	0.9177131105615162	6040.204139948139
GDPLGTEGGLDASNTER	2	sp|Q12913|PTPRJ_HUMAN	0.009333333	0.9728591838590949	0.9789993124745566	174728.29901817057
FRIEDGFSLK	3	sp|P01008|ANT3_HUMAN	0.007518797	1.0	0.9593405124278509	4319219.260677416
VTTVASHTSDSDVPSGVTEVVVK	4	sp|P10909|CLUS_HUMAN	0.009333333	0.9866190731264982	0.9041322667780191	32432.446036822028
GDDITMVLILPKPEK	2	sp|P01008|ANT3_HUMAN	0.007518797	1.0	0.7269007041210281	57650.766359988535
LGNQEPGGQTALK	2	sp|P08697|A2AP_HUMAN	0.007518797	1.0	0.966363435655187	3821.5414494007105
GLYDVVSVLR	2	sp|O75144|ICOSL_HUMAN	0.009333333	0.9933552810135716	0.9145062320826423	15897.489536470253
GSPAINVAVHVFRK	2	sp|P02766|TTHY_HUMAN	0.009333333	0.9866190731264982	0.855494469550783	4804.8049108938285
ETPAATEAPSSTPK	2	sp|P80723|BASP1_HUMAN	0.009333333	0.9933552810135716	0.9470904954289038	4683.18364951227
AGVETTTPSK	2	sp|P0DOY2|IGLC2_HUMAN;sp|P0DOY3|IGLC3_HUMAN	0.009333333	0.9866190731264982	0.9540925502350117	11421.290744197184
LLIYWASTR	2	sp|P06312|KV401_HUMAN	0.009333333	0.9933552810135716	0.9822786701951031	108366.84359825085
DGNPFYFTDHR	3	sp|O00533|NCHL1_HUMAN	0.009333333	0.9797881705057813	0.7947577085461219	8948.321459209335
MADEAGSEADHEGTHSTK	4	sp|P02671|FIBA_HUMAN	0.009333333	1.0	0.807770274633053	2126.797533090804
IILEDENDAMADADR	2	sp|Q9BUN1|MENT_HUMAN	0.009333333	0.9728591838590949	0.8259014189016133	36992.54116165719
TDTSHHDQDHPTFNK	4	sp|P01009|A1AT_HUMAN	0.009333333	0.9797881705057813	0.9511660136995359	12680.684798302756
LYHSEAFTVNFGDTEEAKK	3	sp|P01009|A1AT_HUMAN	0.009333333	1.0	0.9370532911336209	1284470.5720271906
ADLSGITGAR	1	sp|P01011|AACT_HUMAN	0.009333333	1.0	0.9227555164392051	31800.682059543295
DGWHSWPIAHQWPQGPSAVDAAFSWEEK	6	sp|P02790|HEMO_HUMAN	0.009333333	0.9797881705057813	0.7524593668846662	2409.412714379332
FNKPFVFLMIEQNTK	3	sp|P01009|A1AT_HUMAN	0.009333333	1.0	0.9505362841964816	1512788.0828760616
TLTLLSVTR	2	sp|P06731|CEAM5_HUMAN;sp|P13688|CEAM1_HUMAN;sp|P31997|CEAM8_HUMAN	0.009333333	1.0	0.9971496883241433	283484.4292652718
LQHLENELTHDIITK	4	sp|P01009|A1AT_HUMAN	0.009333333	0.9797881705057813	0.8890597005602159	172488.02473214478
VTMQNLNDR	2	sp|P02533|K1C14_HUMAN;sp|P08779|K1C16_HUMAN;sp|P13645|K1C10_HUMAN;sp|Q7Z3Y7|K1C28_HUMAN;sp|Q7Z3Y8|K1C27_HUMAN;sp|Q7Z3Y9|K1C26_HUMAN;sp|Q7Z3Z0|K1C25_HUMAN	0.009333333	1.0	0.9731389752833446	236597.60315829288
MFLSFPTTK	2	sp|P69905|HBA_HUMAN	0.009333333	1.0	0.9797040006799146	745477.5520925465
GLPNVVTSAISLPNIR	2	sp|Q92954|PRG4_HUMAN	0.009333333	1.0	0.936010080831227	239380.00830462924
EDMSEPQEK	2	sp|Q14515|SPRL1_HUMAN	0.009333333	1.0	0.9576898528032788	13801.52075471483
HYYESEVLAMNFQDWATASR	3	sp|P08185|CBG_HUMAN	0.009333333	0.9797881705057813	0.9434277704355488	1071467.696011481
ANRPFLVFIR	3	sp|P01008|ANT3_HUMAN	0.009333333	0.9728591838590949	0.9805836114863079	484075.29449323926
DYFMPC[+57.021465]PGR	2	sp|P02790|HEMO_HUMAN	0.009333333	1.0	0.8699899841318117	723358.5326881201
WSAGLTSSQVDLYIPK	3	sp|P08185|CBG_HUMAN	0.009333333	1.0	0.7700375860581098	100694.99671805964
FAGVFHVEK	2	sp|P16070|CD44_HUMAN	0.009333333	1.0	0.9846111387145485	520489.23870227183
SYSC[+57.021465]QVTHEGSTVEK	4	sp|B9A064|IGLL5_HUMAN;sp|P0CF74|IGLC6_HUMAN;sp|P0CG04|IGLC1_HUMAN;sp|P0DOX8|IGL1_HUMAN;sp|P0DOY2|IGLC2_HUMAN;sp|P0DOY3|IGLC3_HUMAN	0.009333333	1.0	0.8373246397158012	4792.58593137206
FLASVSTVLTSK	2	sp|P69905|HBA_HUMAN	0.009333333	1.0	0.9415368466719651	49833.95307274743
GPMFELLPGESNK	2	sp|P10124|SRGN_HUMAN	0.009333333	0.9933552810135716	0.8329906640064149	3197.4679059358314
FKLDDDLEHQGGHVLDHGHK	6	sp|P01042|KNG1_HUMAN	0.009333333	0.9866190731264982	0.7687719246975043	7044.544128002556
QVVAGLNFR	2	sp|P01042|KNG1_HUMAN	0.009333333	1.0	0.948745202036198	590013.7854130468
TMLLQPAGSLGSYSYR	2	sp|P41222|PTGDS_HUMAN	0.009333333	0.9728591838590949	0.9788532968432734	476466.710526122
LPTDSELAPR	2	sp|P49908|SEPP1_HUMAN	0.009333333	1.0	0.9398966237046323	206469.1512054616
GTHC[+57.021465]NQVEVIATLK	2	sp|P02775|CXCL7_HUMAN	0.009333333	0.9797881705057813	0.9660213235026204	127060.14009791144
SDVVYTDWKKDK	2	sp|P02763|A1AG1_HUMAN	0.009333333	0.9866190731264982	0.8636286248284275	13965.89194000204
VEIDTKSYWK	2	sp|P02766|TTHY_HUMAN	0.009333333	1.0	0.9796059724646305	232455.05214243662
LVRPEVDVMC[+57.021465]TAFHDNEETFLK	3	sp|P02768|ALBU_HUMAN	0.009333333	1.0	0.8976645802640209	255694.82769571198
VVSTNYNQHAMVFFK	3	sp|P80188|NGAL_HUMAN	0.009333333	0.9933552810135716	0.9007541275813179	66863.50132957911
DIAPTLTLYVGK	3	sp|P00738|HPT_HUMAN;sp|P00739|HPTR_HUMAN	0.009333333	1.0	0.9357621916296827	25177.976920256475
AVSISPTNVILTWK	2	sp|Q12913|PTPRJ_HUMAN	0.009333333	0.9866190731264982	0.9710774148678482	75717.62170252611
GPALTTPK	2	sp|Q92954|PRG4_HUMAN	0.009333333	0.9728591838590949	0.9837757582710748	24341.143386463576
YVGGQEHFAHLLILR	3	sp|P02763|A1AG1_HUMAN	0.009333333	0.9728591838590949	0.9419564779153364	353781.92113614467
DASGVTFTWTPSSGK	2	sp|P01876|IGHA1_HUMAN	0.03052503	0.9866190731264982	0.9493636786365627	258821.6545251174
GLGELQELYLK	2	sp|P07359|GP1BA_HUMAN	0.009333333	1.0	0.9648692926409298	201272.33280814637
AVMDDFAAFVEK	3	sp|P02768|ALBU_HUMAN	0.009333333	0.9797881705057813	0.951774765170805	29126.035297661987
SDVMYTDWK	2	sp|P19652|A1AG2_HUMAN	0.009333333	1.0	0.9925771536711933	825572.4097989254
EESLDSDLYAELR	2	sp|P02775|CXCL7_HUMAN	0.009333333	0.9866190731264982	0.9579575387971537	129427.86460203
SDVM[+15.994915]YTDWK	2	sp|P19652|A1AG2_HUMAN	0.009333333	0.9933552810135716	0.919983239600033	2079.321458002153
QISNLQQSISDAEQR	2	sp|P04264|K2C1_HUMAN	0.009333333	0.9728591838590949	0.7830480246788059	20935.213926421085
AQYEEIAQR	2	sp|P02538|K2C6A_HUMAN;sp|P04259|K2C6B_HUMAN;sp|P19013|K2C4_HUMAN;sp|P35908|K22E_HUMAN;sp|P48668|K2C6C_HUMAN;sp|Q01546|K22O_HUMAN	0.009333333	1.0	0.9224231652366978	43884.615466072675
YIC[+57.021465]ENQDSISSK	2	sp|P02768|ALBU_HUMAN	0.009333333	0.9866190731264982	0.9645269303406032	83453.81842918707
GGSTSYGTGSETESPR	2	sp|P02671|FIBA_HUMAN	0.009333333	0.9797881705057813	0.9274860115319793	30645.173041368165
VIVVSMNYR	2	sp|P06276|CHLE_HUMAN	0.009333333	1.0	0.9668486986738323	152407.78115129203
SEAYNTFSER	2	sp|P12259|FA5_HUMAN	0.009333333	0.9933552810135716	0.781044209554427	8688.32457540169
MTVTDQVNC[+57.021465]PK	2	sp|P05090|APOD_HUMAN	0.009333333	1.0	0.9759223465975855	303948.02700475557
EHVAHLLFLRDTK	2	sp|P19652|A1AG2_HUMAN	0.009333333	0.9866190731264982	0.8499284904727209	24285.554795302844
AVLHIGEK	2	sp|P05543|THBG_HUMAN	0.009333333	1.0	0.9678694897580243	897767.9822329015
RLGMFNIQHC[+57.021465]K	3	sp|P01009|A1AT_HUMAN	0.009333333	0.9866190731264982	0.9399603136625538	15503.816186433194
VVAGVANALAHK	3	sp|P02042|HBD_HUMAN;sp|P68871|HBB_HUMAN	0.009333333	1.0	0.9737982105813258	729240.4854117262
EFTPPVQAAYQK	2	sp|P68871|HBB_HUMAN	0.009333333	1.0	0.9576413413510343	109723.09179761456
EENFYVDETTVVK	2	sp|P08185|CBG_HUMAN	0.009333333	0.9797881705057813	0.9491338125820228	452002.7328690431
FMETVAEK	2	sp|P10909|CLUS_HUMAN	0.009333333	1.0	0.7212725121234393	30893.56924410471
SAGSVESPSVSSTHR	2	sp|P17936|IBP3_HUMAN	0.009333333	0.9866190731264982	0.979328352618573	2696.193263134813
EVGTPHGIILDSVDAAFIC[+57.021465]PGSSR	3	sp|P02790|HEMO_HUMAN	0.009333333	1.0	0.9244604025748041	59878111.05978122
NFPSPVDAAFR	2	sp|P02790|HEMO_HUMAN	0.009333333	1.0	0.9571737148938279	16881556.942506745
AEDTAVYYC[+57.021465]AR	2	sp|A0A0B4J1V1|HV321_HUMAN;sp|A0A0B4J1X5|HV374_HUMAN;sp|A0A0C4DH42|HV366_HUMAN;sp|A0A0J9YVY3|HV741_HUMAN;sp|P01762|HV311_HUMAN;sp|P01763|HV348_HUMAN;sp|P01767|HV353_HUMAN;sp|P01772|HV333_HUMAN;sp|P01780|HV307_HUMAN;sp|P0DOX2|IGA2_HUMAN;sp|P0DP02|HVC33_HUMAN	0.009333333	1.0	0.9692582269719743	10845.39357031458
AFIQLWAFDAVK	3	sp|P02760|AMBP_HUMAN	0.009333333	0.9866190731264982	0.8930196164997616	17.419494070603307
AVLTIDEK	2	sp|P01009|A1AT_HUMAN	0.009333333	0.9797881705057813	0.9864141801206947	90899.66479592008
RYTIAALLSPYSYSTTAVVTNPKE	4	sp|P02766|TTHY_HUMAN	0.009333333	1.0	0.9922811888809857	3993581.833387956
TWQDC[+57.021465]EYK	2	sp|P01042|KNG1_HUMAN	0.009333333	0.9933552810135716	0.8962139744875172	6980.350743499559
GVTSVSQIFHSPDLAIR	2	sp|P05155|IC1_HUMAN	0.009333333	0.9797881705057813	0.7903547077596162	16779.65184708761
TLLSNLEEAK	2	sp|P10909|CLUS_HUMAN	0.009333333	1.0	0.954482260382853	110650.69386985856
DQYYNIDVPSR	3	sp|Q92954|PRG4_HUMAN	0.009333333	0.9933552810135716	0.9346676792830301	30550.512413018914
GFMQTYYDDHLR	3	sp|P55056|APOC4_HUMAN	0.009333333	1.0	0.9676530290185656	121912.36266577861
KYPVAHFIDQTLK	4	sp|P05155|IC1_HUMAN	0.029339854	0.5226635955578876	0.828653956695426	290.1320747808572
ESSSHHPGIAEFPSR	3	sp|P02671|FIBA_HUMAN	0.009333333	1.0	0.9311789802365148	74126.39299581414
C[+57.021465]TWLIEGQPNR	2	sp|O75882|ATRN_HUMAN	0.009333333	0.9933552810135716	0.9593606705015512	31596.401509559484
FIC[+57.021465]PLTGLWPINTLK	2	sp|P02749|APOH_HUMAN	0.009333333	0.9933552810135716	0.8978978453903784	73384.48860863235
GYWSDWSEEASGITYEDRPSK	3	sp|P40189|IL6RB_HUMAN	0.009333333	1.0	0.8613758549783496	429032.32214232814
IHLMAGR	1	sp|Q5T013|HYI_HUMAN	0.009333333	1.0	0.979187821462677	1416556.3289975435
VDGALC[+57.021465]MEK	2	sp|P02790|HEMO_HUMAN	0.009333333	0.9866190731264982	0.951794664793428	343474.63481502037
VYIASSSGSTAIK	2	sp|O75368|SH3L1_HUMAN	0.009333333	1.0	0.9608675481559349	16163.904247001485
SVLGQLGITK	2	sp|P01009|A1AT_HUMAN	0.009333333	1.0	0.93293306524988	343439.708521767
HPDEAAFFDTASTGK	3	sp|P02671|FIBA_HUMAN	0.009333333	0.9797881705057813	0.9339690416023199	26449.13315690011
VADALTNAVAHVDDMPNALSALSDLHAHK	5	sp|P69905|HBA_HUMAN	0.009333333	0.9933552810135716	0.9072759013351561	413295.3329854014
VFSNGADLSGVTEEAPLK	3	sp|P01009|A1AT_HUMAN	0.013801756	0.897262926642552	0.7394556547952235	227.06505581726512
FLENEDRR	2	sp|P01009|A1AT_HUMAN	0.009333333	1.0	0.9675689204756076	2624173.309423566
WKNFPSPVDAAFR	2	sp|P02790|HEMO_HUMAN	0.009333333	0.9866190731264982	0.9181670410564818	49074.48438911504
FIQSQDYQC[+57.021465]SALMGGR	2	sp|P07333|CSF1R_HUMAN	0.010512483	0.9658285256870233	0.7840791259549081	3930.780400218935
STSESTAALGC[+57.021465]LVK	2	sp|P01859|IGHG2_HUMAN;sp|P01861|IGHG4_HUMAN	0.009333333	0.9933552810135716	0.9326831819457575	13288.617454614643
ADLFYDVEALDLESPK	3	sp|P04196|HRG_HUMAN	0.009333333	1.0	0.943136131498561	263978.6461548443
EHVAHLLFLR	3	sp|P19652|A1AG2_HUMAN	0.009333333	0.9728591838590949	0.985506101802436	82480.71281185998
MYATIYELK	2	sp|P80188|NGAL_HUMAN	0.009333333	0.9933552810135716	0.9448375105831454	46390.05159315673
QPAVEEPAEVTATVLASR	4	sp|P32942|ICAM3_HUMAN	0.010512483	0.9658285256870233	0.9244350901401466	8252.64963266337
YEGGREHVAHLLFLR	4	sp|P19652|A1AG2_HUMAN	0.009333333	0.9797881705057813	0.9587871070215949	34765.005165969356
TEDTIFLR	2	sp|P02763|A1AG1_HUMAN;sp|P19652|A1AG2_HUMAN	0.009333333	0.9866190731264982	0.975721203147207	23714.04206832701
SKEQLTPLIK	3	sp|P02652|APOA2_HUMAN	0.009333333	1.0	0.9737990755474153	78542.81479072984
EQLTPLIK	1	sp|P02652|APOA2_HUMAN	0.009333333	0.9866190731264982	0.9611129160971336	12753.790026591134
LLGLSLAGK	1	sp|Q9Y5Y7|LYVE1_HUMAN	0.009333333	1.0	0.7305039736004937	32471.155155954028
LRTEGDGVYTLNNEK	2	sp|P00738|HPT_HUMAN	0.009333333	1.0	0.9483287604650786	941871.5813719335
LC[+57.021465]TPLLPK	2	sp|P27918|PROP_HUMAN	0.009333333	0.9866190731264982	0.9133049882237847	7072.267139494941
TYMLAFDVNDEK	3	sp|P02763|A1AG1_HUMAN	0.009333333	0.9866190731264982	0.9188392641458913	28376.924768832003
SEAAC[+57.021465]LAAGPGIR	2	sp|O75882|ATRN_HUMAN	0.009333333	1.0	0.95346243552766	36091.91355833092
TVESITDIR	2	sp|P11279|LAMP1_HUMAN	0.009333333	1.0	0.9624928679237178	1132813.0487674933
YTDLVAIQNK	2	sp|P16109|LYAM3_HUMAN	0.009333333	0.9933552810135716	0.8856691513686862	4573.0550074308285
AFSVNIFK	2	sp|P11279|LAMP1_HUMAN	0.009333333	0.9797881705057813	0.9526272869500135	180148.36759190875
TVAAC[+57.021465]NLPIVR	2	sp|P02760|AMBP_HUMAN	0.009333333	0.9933552810135716	0.97230991870922	331794.23563208757
ATLVC[+57.021465]LISDFYPGAVTVAWK	3	sp|B9A064|IGLL5_HUMAN;sp|P0CG04|IGLC1_HUMAN;sp|P0DOX8|IGL1_HUMAN;sp|P0DOY2|IGLC2_HUMAN;sp|P0DOY3|IGLC3_HUMAN	0.009333333	1.0	0.9661493272066393	983566.2602903845
SKLPGIVAEGRDDLYVSDAFHK	3	sp|P01008|ANT3_HUMAN	0.009333333	1.0	0.8737407164523271	25654.491163477684
IPLNDLFR	2	sp|P13473|LAMP2_HUMAN	0.009333333	0.9866190731264982	0.9913002448861441	37875.08919490166
LAADDFR	1	sp|O76013|KRT36_HUMAN;sp|O76014|KRT37_HUMAN;sp|O76015|KRT38_HUMAN;sp|P02533|K1C14_HUMAN;sp|P05783|K1C18_HUMAN;sp|P08727|K1C19_HUMAN;sp|P08779|K1C16_HUMAN;sp|P13645|K1C10_HUMAN;sp|P13646|K1C13_HUMAN;sp|P19012|K1C15_HUMAN;sp|Q04695|K1C17_HUMAN;sp|Q14525|KT33B_HUMAN;sp|Q14532|K1H2_HUMAN;sp|Q15323|K1H1_HUMAN;sp|Q2M2I5|K1C24_HUMAN;sp|Q7Z3Y7|K1C28_HUMAN;sp|Q92764|KRT35_HUMAN	0.009333333	0.9728591838590949	0.7613596672340747	992.4044284976288
GKEESLDSDLYAELR	4	sp|P02775|CXCL7_HUMAN	0.012594459	0.9054124614333342	0.9611322192183728	4421.8781531077275
LYGSEAFATDFQDSAAAK	2	sp|P01011|AACT_HUMAN	0.009333333	1.0	0.9577669223724177	1097565.3280683279
FATTFYQHLADSK	2	sp|P01008|ANT3_HUMAN	0.009333333	0.9866190731264982	0.8540857740885213	9068.293722258626
EQLGEFYEALDC[+57.021465]LR	2	sp|P02763|A1AG1_HUMAN	0.009333333	0.9728591838590949	0.9274877698888714	6678815.462159353
C[+57.021465]EDLETQTQSEK	2	sp|O00592|PODXL_HUMAN	0.009333333	0.9866190731264982	0.9129958613675239	12205.847254399914
TSESGELHGLTTEEEFVEGIYK	4	sp|P02766|TTHY_HUMAN	0.009333333	1.0	0.909791532825314	860896.9750267992
ALTDMPQMR	2	sp|P02671|FIBA_HUMAN	0.009333333	1.0	0.9488655871798434	269629.16519081907
KWQEEMELYR	3	sp|P02647|APOA1_HUMAN	0.009333333	0.9933552810135716	0.9290848595132983	1847.079643387122
LEDMEQALSPSVFK	3	sp|P05155|IC1_HUMAN	0.009333333	0.9797881705057813	0.9319854307427895	10685.832479271927
QINDYVEK	2	sp|P01009|A1AT_HUMAN	0.009333333	1.0	0.9679514351640415	2860955.4033749886
ESSSHHPGIAEFPSR	4	sp|P02671|FIBA_HUMAN	0.009333333	1.0	0.9528634260184036	392089.0018778026
ELDRDTVFALVNYIFFK	3	sp|P01009|A1AT_HUMAN	0.009333333	0.9933552810135716	0.8477660764597893	2941.3671506938276
AGTELVNFLSYFVELGTQPATQ	4	sp|P02652|APOA2_HUMAN	0.016209476	0.8630568252698203	0.7219287958020555	371.8389453580703
EDC[+57.021465]VEIYIK	2	sp|P14151|LYAM1_HUMAN	0.009333333	1.0	0.9970606776490233	27069.946879012507
GFQQLLQELNQPR	3	sp|P05154|IPSP_HUMAN	0.009333333	0.9933552810135716	0.9099621541466476	208.4991488360086
VLDAVRGSPAINVAVHVFR	3	sp|P02766|TTHY_HUMAN	0.009333333	0.9933552810135716	0.9047185442996272	485050.67250613717
WYNLAIGSTC[+57.021465]PWLK	3	sp|P02760|AMBP_HUMAN	0.009333333	1.0	0.9485799602004771	596629.7888315436
EPQVYTLPPSR	3	sp|P01857|IGHG1_HUMAN;sp|P01859|IGHG2_HUMAN;sp|P01860|IGHG3_HUMAN;sp|P0DOX5|IGG1_HUMAN	0.028186275	0.5678582329614409	0.8616541549807419	623.4327045715976
RLWWLDLK	2	sp|P02790|HEMO_HUMAN	0.009333333	0.9933552810135716	0.9705404040677684	23807.690679414496
ITPNLAEFAFSLYR	2	sp|P01009|A1AT_HUMAN	0.009333333	1.0	0.9529609568217989	6534773.144698745
ALDLINKR	2	sp|P04196|HRG_HUMAN	0.009333333	0.9866190731264982	0.9340339135990879	141.05824277750088
NSVIKVPMMNSK	3	sp|P05155|IC1_HUMAN	0.009333333	0.9797881705057813	0.9427295211482035	11980.71851070372
EILSVDC[+57.021465]STNNPSQAK	2	sp|P10909|CLUS_HUMAN	0.009333333	1.0	0.8425268735017769	251490.40423189208
HSWTIPEDGNSQK	2	sp|Q13201|MMRN1_HUMAN	0.009333333	1.0	0.9617530357597485	111931.4847757855
YFHHNSDFHIPK	2	sp|O75015|FCG3B_HUMAN	0.023485785	0.6569951299919323	0.8144604698454091	1027.3927807819903
YLDFVFAVK	2	sp|P13473|LAMP2_HUMAN	0.009333333	1.0	0.8105816305209381	91019.40159647737
DIPMNPMC[+57.021465]IYR	3	sp|P01008|ANT3_HUMAN	0.028186275	0.5678582329614409	0.8160687688187253	1947.6806934758479
ESEPQAAAEPAEAK	2	sp|P80723|BASP1_HUMAN	0.009333333	1.0	0.9376703367280051	17298.410592730015
NPNLPPETVDSLK	2	sp|P05090|APOD_HUMAN	0.009333333	0.9933552810135716	0.9395712702785165	106471.0139377393
DDLYVSDAFHK	2	sp|P01008|ANT3_HUMAN	0.009333333	1.0	0.9666535870190162	1909408.5764295477
SSSQELGLK	1	sp|Q14515|SPRL1_HUMAN	0.009333333	0.9866190731264982	0.7282330845425703	85.21083333642586
LTQLNLDR	2	sp|P07359|GP1BA_HUMAN	0.009333333	1.0	0.9535865099381399	378824.9848551378
DYFM[+15.994915]PC[+57.021465]PGR	2	sp|P02790|HEMO_HUMAN	0.009333333	1.0	0.971867996201361	173699.23103805628
DVSSSVYSTWK	2	sp|P10721|KIT_HUMAN	0.009333333	1.0	0.8827244428229125	25389.72991779332
EQVTNVGGAVVTGVTAVAQK	3	sp|P37840|SYUA_HUMAN	0.009333333	1.0	0.9057133433374904	44767.7525256632
DGYLFQLLR	2	sp|P04196|HRG_HUMAN	0.009333333	0.9933552810135716	0.967283363733805	703902.107565834
ALGISPFHEHAEVVFTANDSGPR	4	sp|P02766|TTHY_HUMAN	0.009333333	1.0	0.9374421962357206	66375970.41415368
VC[+57.021465]PFAGILENGAVR	2	sp|P02749|APOH_HUMAN	0.012594459	0.9134157281067091	0.8327486645511326	1024827.3437606889
YKEENDDFASFR	2	sp|P04196|HRG_HUMAN	0.009333333	1.0	0.9496222952117581	523545.49644286267
DSVGQLQLYR	2	sp|Q99941|ATF6B_HUMAN	0.009333333	0.9933552810135716	0.9356657577082429	27461.27678839121
SVNNVVVR	1	sp|O75882|ATRN_HUMAN	0.009333333	0.9797881705057813	0.7406767368647287	85.03337850480273
C[+57.021465]SPHLVLSALTSDNHGATYAFSGTHYWR	4	sp|P02790|HEMO_HUMAN	0.009333333	0.9797881705057813	0.918379470957005	4092612.265536572
LGMFNIQHC[+57.021465]K	2	sp|P01009|A1AT_HUMAN	0.009333333	1.0	0.8346689375471382	72077.75531839156
VAEGTQVLELPFK	2	sp|P01008|ANT3_HUMAN	0.009333333	1.0	0.9515738970943625	934250.6484767614
SGAQATWTELPWPHEK	3	sp|P02790|HEMO_HUMAN	0.009333333	1.0	0.9177061509107939	7367075.572396286
YWNDC[+57.021465]EPPDSR	2	sp|P04196|HRG_HUMAN	0.009333333	1.0	0.8636607498044486	56312.62060876819
GTWTQPFDLASTR	2	sp|P08185|CBG_HUMAN	0.009333333	1.0	0.9528730871251803	6943547.972328114
DKC[+57.021465]EPLEKQHEK	4	sp|P02763|A1AG1_HUMAN;sp|P19652|A1AG2_HUMAN	0.009333333	1.0	0.878870677187852	423294.4246835608
GIYSFSFHVIK	3	sp|Q9NTU7|CBLN4_HUMAN	0.009333333	1.0	0.8945743967371973	878959.1825822335
GNLMGGWK	2	sp|P23435|CBLN1_HUMAN;sp|Q8IUK8|CBLN2_HUMAN	0.009333333	0.9797881705057813	0.9694852608176306	5193.478374186258
QNQC[+57.021465]FYNSSYLNVQR	2	sp|P19652|A1AG2_HUMAN	0.011627907	0.9586923939928679	0.8500546057603923	8136.628802816691
LNDLEDALQQAK	2	sp|P04264|K2C1_HUMAN	0.009333333	1.0	0.8504576911310626	23965.74001352842
VGYVSGWGR	2	sp|P00738|HPT_HUMAN	0.009333333	1.0	0.9870899641824603	124220.2888033414
ASVDSGSSEEQGGSSR	2	sp|P01833|PIGR_HUMAN	0.009333333	0.9797881705057813	0.9143199531598967	20514.54496024312
ALGISPFHEHAEVVFTANDSGPRR	4	sp|P02766|TTHY_HUMAN	0.009333333	0.9866190731264982	0.8156120289049233	20970.991705862623
VLDAVRGSPAINVAVHVFR	4	sp|P02766|TTHY_HUMAN	0.009333333	0.9933552810135716	0.9464522234578184	778668.5979457186
YENEVALR	2	sp|P13645|K1C10_HUMAN	0.011627907	0.9440873193926883	0.9720340359488893	5571.23008141924
TLM[+15.994915]FGSYLDDEK	2	sp|P19652|A1AG2_HUMAN	0.009333333	1.0	0.8482306056986221	79440.8833849836
FNALQYLR	2	sp|P51884|LUM_HUMAN	0.009333333	1.0	0.8339377039069862	17899.148145189738
MEPFHFK	2	sp|P05155|IC1_HUMAN	0.009333333	0.9866190731264982	0.9625735319791083	33757.86369023606
FLEQQNQVLQTK	2	sp|P04264|K2C1_HUMAN;sp|P35908|K22E_HUMAN;sp|Q7Z794|K2C1B_HUMAN	0.009333333	1.0	0.8830625288827318	113230.5448575948
SPELQAEAK	1	sp|P02652|APOA2_HUMAN	0.009333333	1.0	0.9731745067331173	275771.171968301
HTFMGVVSLGSPSGEVSHPR	3	sp|P02765|FETUA_HUMAN	0.009333333	0.9933552810135716	0.9515763429771823	177350.9626188306
YTIAALLSPYSYSTTAVVTNPKE	4	sp|P02766|TTHY_HUMAN	0.016209476	0.8804971228634604	0.9215115217426721	11353.206049009474
GGSIQQYIYK	2	sp|Q92954|PRG4_HUMAN	0.009333333	1.0	0.9676443812784673	419398.615263949
VATTVISK	1	sp|P05155|IC1_HUMAN	0.009333333	1.0	0.7556472447608571	8076.5823035048725
GEFVWKSHK	2	sp|P02790|HEMO_HUMAN	0.009333333	1.0	0.9917295519228168	24330.639529586064
MNTVIAALSR	2	sp|P08185|CBG_HUMAN	0.009333333	1.0	0.950528050917364	1874934.2319677316
HTLNQIDEVK	3	sp|P02765|FETUA_HUMAN	0.009333333	0.9933552810135716	0.9768824218763225	87636.24098473585
LVLLNAIYLSAK	2	sp|P05155|IC1_HUMAN	0.009333333	0.9933552810135716	0.9755958661671136	4055931.413335393
GLEWVGFIR	2	sp|A0A0A0MS15|HV349_HUMAN	0.009333333	1.0	0.7628154947126257	37394.70436893513
EQYAVVGHSAHIVTLK	3	sp|O75882|ATRN_HUMAN	0.009333333	1.0	0.7359714578572627	33786.02900876425
QSLEASLAETEGR	2	sp|P13645|K1C10_HUMAN	0.009333333	0.9933552810135716	0.8390542386392125	41914.97546159632
TFVLPVTPPR	2	sp|P32942|ICAM3_HUMAN	0.009333333	0.9933552810135716	0.9537074995663266	50548.836000593845
LPGIVAEGR	2	sp|P01008|ANT3_HUMAN	0.009333333	0.9797881705057813	0.9563110982728095	21112.43639487813
KQINDYVEK	2	sp|P01009|A1AT_HUMAN	0.009333333	1.0	0.9326382522780254	104600.91797237097
QVILTLQPTLVAVGK	3	sp|P13598|ICAM2_HUMAN	0.009333333	1.0	0.9017235311868927	652832.1093441278
TVPLAVLQLR	2	sp|P23467|PTPRB_HUMAN	0.009333333	1.0	0.9545135432181644	58057.937638171476
EEDPIHLR	2	sp|O75015|FCG3B_HUMAN;sp|P08637|FCG3A_HUMAN	0.009333333	1.0	0.9889131607811616	786057.5855194274
NWGLSVYADKPETTK	2	sp|P02763|A1AG1_HUMAN	0.009333333	1.0	0.8981731388387544	3298170.756873571
TVGSDTFYSFK	2	sp|P01042|KNG1_HUMAN	0.009333333	1.0	0.7382768864079451	26283.248445017285
GSSSSPLGISVR	2	sp|Q9NTU7|CBLN4_HUMAN	0.009333333	1.0	0.9387226727642798	132706.9308572152
LTGSSGFVTDGPGNYK	2	sp|O75882|ATRN_HUMAN	0.009333333	0.9797881705057813	0.9440984091294737	141676.17954579106
TFYEPGEEITYSC[+57.021465]KPGYVSR	4	sp|P02749|APOH_HUMAN	0.012594459	0.9054124614333342	0.9421794486088237	38290.00836764095
SQYEQLAEQNRK	3	sp|P13645|K1C10_HUMAN	0.009333333	0.9866190731264982	0.7999052525450494	4890.013572628918
EQLGEFYEALDC[+57.021465]LRIPK	3	sp|P02763|A1AG1_HUMAN	0.009333333	0.9933552810135716	0.9378891294675393	88784.99201465193
GSPAINVAVHVFRK	3	sp|P02766|TTHY_HUMAN	0.009333333	0.9866190731264982	0.9839908667975932	159111.01681640407
DGWHSWPIAHQWPQGPSAVDAAFSWEEK	5	sp|P02790|HEMO_HUMAN	0.009333333	0.9797881705057813	0.9039788475744718	58267.42252259368
DGNPFYFTDHR	2	sp|O00533|NCHL1_HUMAN	0.009333333	0.9797881705057813	0.9029537764762525	13355.457208122127
FWTSFFPK	2	sp|P06276|CHLE_HUMAN	0.009333333	1.0	0.8803257991609945	113691.86398553757
TYM[+15.994915]LAFDVNDEK	3	sp|P02763|A1AG1_HUMAN	0.012594459	0.9134157281067091	0.7044361908316438	33336.87733017991
SGAQATWTELPWPHEK	4	sp|P02790|HEMO_HUMAN	0.009333333	1.0	0.9283948571586524	546433.9116591528
ITDVIPSEAINELTVLVLVNTIYFK	4	sp|P01008|ANT3_HUMAN	0.010512483	0.9658285256870233	0.9464409789688579	13280.622868080845
LYHSEAFTVNFGDTEEAKK	4	sp|P01009|A1AT_HUMAN	0.009333333	1.0	0.9379274096301858	1820491.118823137
YFIDFVAR	2	sp|P01042|KNG1_HUMAN	0.009333333	1.0	0.9843433872763515	2936855.657219019
SYYWIGIR	2	sp|P14151|LYAM1_HUMAN	0.009333333	1.0	0.981712658610564	3155179.4507321296
GSPAINVAVHVFR	3	sp|P02766|TTHY_HUMAN	0.009333333	0.9933552810135716	0.9604974755174426	1321428.3696378588
ANRPFLVFIR	2	sp|P01008|ANT3_HUMAN	0.009333333	0.9728591838590949	0.9226153634479586	47185.18669272193
SSGQWQTPGATR	2	sp|P06681|CO2_HUMAN	0.009333333	1.0	0.9337643386799883	9721.551079970597
EAEPLVDIR	2	sp|Q9H8L6|MMRN2_HUMAN	0.009333333	0.9866190731264982	0.8367620096582092	63421.81391012509
EVPLNTIIFMGR	2	sp|P01008|ANT3_HUMAN	0.009333333	0.9866190731264982	0.9538725520963819	321014.58594175905
VVEQMC[+57.021465]ITQYER	2	sp|P04156|PRIO_HUMAN	0.009333333	0.9797881705057813	0.8161118087825618	13350.556896554826
AEELSIQVSC[+57.021465]R	2	sp|Q9Y5Y7|LYVE1_HUMAN	0.009333333	1.0	0.981760256609737	214010.61921542024
WSAGLTSSQVDLYIPK	2	sp|P08185|CBG_HUMAN	0.009333333	1.0	0.9298850926420523	1618017.9215140378
FKLDDDLEHQGGHVLDHGHK	5	sp|P01042|KNG1_HUMAN	0.009333333	0.9866190731264982	0.8877400127722895	34902.50315070588
IDPSHTQGYR	3	sp|P40189|IL6RB_HUMAN	0.011627907	0.9586923939928679	0.9443726615949118	6894.2461937174385
SC[+57.021465]AVAEYGVYVK	2	sp|P00738|HPT_HUMAN;sp|P00739|HPTR_HUMAN	0.012594459	0.9933552810135716	0.9469657854242771	538148.3613059116
SEDAGGAEGETPHMLLRPHVFMPEVTPDMDYLPR	6	sp|Q92954|PRG4_HUMAN	0.009333333	0.9728591838590949	0.7464134188141132	16836.760624128776
VVSTNYNQHAMVFFK	2	sp|P80188|NGAL_HUMAN	0.012594459	0.9366095275687156	0.9613139640002072	17729.91333619813
SDVVYTDWKKDK	3	sp|P02763|A1AG1_HUMAN	0.009333333	0.9866190731264982	0.8682599072093103	18290.121029137943
GFSGIFEDR	2	sp|P09619|PGFRB_HUMAN	0.009333333	1.0	0.9166543963561818	62398.53286362341
YEGSYALTSEEAER	2	sp|O95810|CAVN2_HUMAN	0.011627907	0.9514467542496609	0.8516367271116767	14800.51882935408
DIAPTLTLYVGK	2	sp|P00738|HPT_HUMAN;sp|P00739|HPTR_HUMAN	0.009333333	1.0	0.9564272362768207	4823681.798380275
GSFPWQAK	2	sp|P00738|HPT_HUMAN;sp|P00739|HPTR_HUMAN	0.009333333	0.9797881705057813	0.960543129162835	437696.77923684404
VDNALQSGNSQESVTEQDSK	3	sp|P01834|IGKC_HUMAN;sp|P0DOX7|IGK_HUMAN	0.009333333	1.0	0.7940802888783955	33626.84456968039
ETLLQDFR	2	sp|P02760|AMBP_HUMAN	0.009333333	0.9866190731264982	0.9859702523203209	512308.337119418
SDVMYTDWKK	3	sp|P19652|A1AG2_HUMAN	0.009333333	1.0	0.7782441310280194	4405.599617680347
AVMDDFAAFVEK	2	sp|P02768|ALBU_HUMAN	0.009333333	0.9797881705057813	0.9666454510058557	1324816.732877472
VFEVHVRPK	2	sp|P13598|ICAM2_HUMAN	0.009333333	1.0	0.9730775558586805	169493.16980290256
ALMSPAGMLR	2	sp|O75144|ICOSL_HUMAN	0.009333333	0.9866190731264982	0.9288540126648078	98902.21836041629
YVGGQEHFAHLLILRDTK	3	sp|P02763|A1AG1_HUMAN	0.009333333	0.9933552810135716	0.9362107523593785	221967.4118137549
QISNLQQSISDAEQR	3	sp|P04264|K2C1_HUMAN	0.009333333	0.9728591838590949	0.7503860520917242	8845.858419886046
EESLDSDLYAELR	3	sp|P02775|CXCL7_HUMAN	0.009333333	0.9866190731264982	0.8343405556853882	2521.546046342304
FSGSNSGNTATLTISR	2	sp|A0A075B6K5|LV39_HUMAN;sp|P80748|LV321_HUMAN	0.009333333	0.9797881705057813	0.9101214420543503	1851.6582372353723
SNSSMHITDC[+57.021465]R	2	sp|P07998|RNAS1_HUMAN	0.009333333	1.0	0.9547076860456142	4985.393753467008
GGSADAAWK	1	sp|Q9ULI3|HEG1_HUMAN	0.009333333	0.9728591838590949	0.749066167459616	2333.5911729144345
QQTHMLDVMQDHFSR	4	sp|P10909|CLUS_HUMAN	0.009333333	0.9866190731264982	0.9546915012059536	27253.33965911486
WQEEMELYR	2	sp|P02647|APOA1_HUMAN	0.009333333	1.0	0.7829060470315277	11903.3282333238
IASFSQNC[+57.021465]DIYPGK	2	sp|P01042|KNG1_HUMAN	0.009333333	0.9797881705057813	0.9413160070588542	1267527.8034190857
VVAGVANALAHK	2	sp|P02042|HBD_HUMAN;sp|P68871|HBB_HUMAN	0.009333333	1.0	0.9373336909840674	334271.9144742307
EENFYVDETTVVK	3	sp|P08185|CBG_HUMAN	0.01863354	0.8159995903747699	0.9601588944527398	8385.553373230156
M[+15.994915]TVTDQVNC[+57.021465]PK	2	sp|P05090|APOD_HUMAN	0.009333333	1.0	0.984092089612726	4957.750713740386
LINDYVK	2	sp|P01011|AACT_HUMAN	0.009333333	1.0	0.982890035048438	1701582.0626521874
ITQVTWQK	2	sp|Q15223|NECT1_HUMAN	0.009333333	1.0	0.9639588698229783	94477.2010220866
M[+15.994915]ADEAGSEADHEGTHSTK	3	sp|P02671|FIBA_HUMAN	0.009333333	1.0	0.8749629628721032	2224.073772091696
NFPSPVDAAFR	3	sp|P02790|HEMO_HUMAN	0.009333333	1.0	0.8933582279709648	236463.82224884199
AFIQLWAFDAVK	2	sp|P02760|AMBP_HUMAN	0.009333333	0.9866190731264982	0.9804306898343266	84.30753257944941
DSYETSQLDDQSAETHSHK	3	sp|P10451|OSTP_HUMAN	0.012594459	0.9134157281067091	0.7404042787077151	7150.162551401557
DQYYNIDVPSR	2	sp|Q92954|PRG4_HUMAN	0.009333333	0.9933552810135716	0.9421033333118831	579350.4668235757
KYPVAHFIDQTLK	3	sp|P05155|IC1_HUMAN	0.029339854	0.5226635955578876	0.8306883941681145	1436.8062571455016
HRLEDMEQALSPSVFK	4	sp|P05155|IC1_HUMAN	0.009333333	0.9866190731264982	0.906631390735737	7361.40518769072
ALTFELTLR	2	sp|P07333|CSF1R_HUMAN	0.009333333	1.0	0.8510052070180718	47105.43310479984
LVEPVTDFLLDMPYHIR	3	sp|P09619|PGFRB_HUMAN	0.009333333	0.9933552810135716	0.916835378253822	24303.779813519806
SKLPGIVAEGR	2	sp|P01008|ANT3_HUMAN	0.009333333	0.9933552810135716	0.9627896623007707	32767.22301714529
FIC[+57.021465]PLTGLWPINTLK	3	sp|P02749|APOH_HUMAN	0.009333333	0.9933552810135716	0.9718701565514839	340250.2644401945
AVGEEVWHSK	2	sp|P13591|NCAM1_HUMAN	0.009333333	1.0	0.8832874290879854	25208.802760147686
VKSPELQAEAK	2	sp|P02652|APOA2_HUMAN	0.009333333	0.9728591838590949	0.9722400247861499	17294.291564523795
EYC[+57.021465]GVPGDGDEELLR	2	sp|P02760|AMBP_HUMAN	0.009333333	1.0	0.9132356482165521	3484514.055615841
GPLQLER	2	sp|P02750|A2GL_HUMAN	0.009333333	1.0	0.9839411556941995	943976.3050101375
VFSNGADLSGVTEEAPLK	2	sp|P01009|A1AT_HUMAN	0.009333333	1.0	0.9261670521745202	1868837.3209486157
VADALTNAVAHVDDMPNALSALSDLHAHK	4	sp|P69905|HBA_HUMAN	0.009333333	0.9933552810135716	0.8689443112038746	204848.1542401663
NMQDM[+15.994915]VEDYR	2	sp|P04264|K2C1_HUMAN	0.009333333	1.0	0.8586439373040099	1168.4891229264886
EQLTPLIK	2	sp|P02652|APOA2_HUMAN	0.009333333	0.9866190731264982	0.9449630191282009	6147.336257329589
VDAETGDVFAIER	2	sp|P33151|CADH5_HUMAN	0.009333333	0.9933552810135716	0.8809059360596556	634.3242683503108
SVDIWLR	2	sp|P15151|PVR_HUMAN	0.009333333	0.9797881705057813	0.724096157892334	3415.3579416218677
NIQSLEVIGK	2	sp|P02775|CXCL7_HUMAN	0.009333333	1.0	0.9673545172428331	965694.7357883228
LRTEGDGVYTLNNEK	3	sp|P00738|HPT_HUMAN	0.009333333	1.0	0.8411872440132766	227890.7033768317
QQTHMLDVMQDHFSR	3	sp|P10909|CLUS_HUMAN	0.009333333	0.9866190731264982	0.9538397744016553	9115.243495024752
TYMLAFDVNDEK	2	sp|P02763|A1AG1_HUMAN	0.009333333	0.9866190731264982	0.9521341976039288	14070275.704065235
SLTEEAENWGDGEPNNK	2	sp|P14151|LYAM1_HUMAN	0.009333333	1.0	0.9350131561065623	232045.44695921734
EQLGEFYEALDC[+57.021465]LC[+57.021465]IPR	3	sp|P19652|A1AG2_HUMAN	0.009333333	1.0	0.9256393103349617	27664298.413523022
AATGEC[+57.021465]TATVGK	2	sp|P01042|KNG1_HUMAN	0.009333333	0.9933552810135716	0.9799022773391334	3984.4513103528884
NHNALLASLTTQK	3	sp|O75882|ATRN_HUMAN	0.009333333	0.9933552810135716	0.9698606368095758	156456.77039387997
SKLPGIVAEGRDDLYVSDAFHK	4	sp|P01008|ANT3_HUMAN	0.009333333	1.0	0.8961790348014069	62941.132525036315
DMPASEDLQDLQK	2	sp|P49908|SEPP1_HUMAN	0.028186275	1.0	0.9849287187097496	3279575.2553087054
LAADDFR	2	sp|O76013|KRT36_HUMAN;sp|O76014|KRT37_HUMAN;sp|O76015|KRT38_HUMAN;sp|P02533|K1C14_HUMAN;sp|P05783|K1C18_HUMAN;sp|P08727|K1C19_HUMAN;sp|P08779|K1C16_HUMAN;sp|P13645|K1C10_HUMAN;sp|P13646|K1C13_HUMAN;sp|P19012|K1C15_HUMAN;sp|Q04695|K1C17_HUMAN;sp|Q14525|KT33B_HUMAN;sp|Q14532|K1H2_HUMAN;sp|Q15323|K1H1_HUMAN;sp|Q2M2I5|K1C24_HUMAN;sp|Q7Z3Y7|K1C28_HUMAN;sp|Q92764|KRT35_HUMAN	0.009333333	0.9728591838590949	0.9253636107298043	27772.13038487528
DLMEKVK	2	sp|P02652|APOA2_HUMAN	0.009333333	0.9728591838590949	0.9232110784829283	22014.90048908619
STSGGTAALGC[+57.021465]LVK	2	sp|P01857|IGHG1_HUMAN;sp|P01860|IGHG3_HUMAN;sp|P0DOX5|IGG1_HUMAN	0.009333333	1.0	0.9655493318450377	173429.43071801844
LYHAFSAMK	2	sp|P05155|IC1_HUMAN	0.009333333	1.0	0.9578077013384464	240090.03653272503
TSESGELHGLTTEEEFVEGIYK	3	sp|P02766|TTHY_HUMAN	0.027127003	1.0	0.9403520324802538	31718684.484827437
KPDGYDYYAFSK	3	sp|Q92954|PRG4_HUMAN	0.009333333	1.0	0.937095823470909	71119.22692407001
KWQEEMELYR	2	sp|P02647|APOA1_HUMAN	0.009333333	0.9933552810135716	0.9308476758435614	54254.28709292636
LEDMEQALSPSVFK	2	sp|P05155|IC1_HUMAN	0.009333333	0.9797881705057813	0.9902335846078559	157333.52798728578
ALQDQLVLVAAK	2	sp|P01019|ANGT_HUMAN	0.009333333	1.0	0.7890286821019113	9136.114575989612
VTM[+15.994915]QNLNDR	2	sp|P02533|K1C14_HUMAN;sp|P08779|K1C16_HUMAN;sp|P13645|K1C10_HUMAN;sp|Q7Z3Y7|K1C28_HUMAN;sp|Q7Z3Y8|K1C27_HUMAN;sp|Q7Z3Y9|K1C26_HUMAN;sp|Q7Z3Z0|K1C25_HUMAN	0.009333333	1.0	0.8221533154913092	6396.797713695136
HTVGHIILSEHK	3	sp|Q12866|MERTK_HUMAN	0.009333333	0.9797881705057813	0.759168704314143	4162.067449799466
WYNLAIGSTC[+57.021465]PWLK	2	sp|P02760|AMBP_HUMAN	0.009333333	1.0	0.9367638415040357	372250.80061222124
NSGSELQVYYASPR	2	sp|P18850|ATF6A_HUMAN	0.01980198	0.7739449743159442	0.7573844201205991	858.2763279791551
ITPNLAEFAFSLYR	3	sp|P01009|A1AT_HUMAN	0.009333333	1.0	0.9634613557468353	2618583.580955012
AGSPTAPVHDESLVGPVDPSSGQQSR	3	sp|Q12913|PTPRJ_HUMAN	0.009333333	0.9728591838590949	0.8038391181044662	72945.79451167947
HSWTIPEDGNSQK	3	sp|Q13201|MMRN1_HUMAN	0.009333333	1.0	0.8726313546233304	21252.531992507134
NWGLSFYADKPETTK	3	sp|P19652|A1AG2_HUMAN	0.009333333	0.9728591838590949	0.8708005292585117	3916.625660202184
ILGGHLDAK	2	sp|P00738|HPT_HUMAN;sp|P00739|HPTR_HUMAN	0.009333333	0.9797881705057813	0.9868649589882265	59355.00400827261
LRTEGDGVYTLNDKK	3	sp|P00738|HPT_HUMAN;sp|P00739|HPTR_HUMAN	0.009333333	1.0	0.8640515097228336	40066.15122225103
NPNLPPETVDSLK	3	sp|P05090|APOD_HUMAN	0.009333333	0.9933552810135716	0.815564649726794	3034.0794288743127
SPELQAEAKSYFEK	3	sp|P02652|APOA2_HUMAN	0.03052503	0.4677351412871981	0.8851420507167125	17076.156679213527
DDLYVSDAFHK	3	sp|P01008|ANT3_HUMAN	0.009333333	1.0	0.9826166711851542	2035165.1700679972
NTWSILHTQGALVQGGYGHSSVYDHR	5	sp|O75882|ATRN_HUMAN	0.009333333	0.9728591838590949	0.9554734136355119	110456.59064549937
VWVYPPEK	2	sp|P02790|HEMO_HUMAN	0.009333333	0.9866190731264982	0.9855925621635041	1187766.005921795
AFIQLWAFDAVKGK	3	sp|P02760|AMBP_HUMAN	0.009333333	1.0	0.8280363762815014	87463.16845109768
ELELQIGNALFIGK	3	sp|P05543|THBG_HUMAN	0.009333333	1.0	0.7571375232384367	51722.69132391793
VAELENSEFR	2	sp|P19256|LFA3_HUMAN	0.009333333	0.9933552810135716	0.9270355361915097	8084.654989780976
ILLDEQAQWK	2	sp|P13598|ICAM2_HUMAN	0.009333333	1.0	0.9575124413511413	341019.06750493974
LVYHLGLPFSFLTFPYVEEAIK	3	sp|P49908|SEPP1_HUMAN	0.009333333	1.0	0.9595270792115255	20446333.823818814
VEEVKPLEGR	3	sp|O00533|NCHL1_HUMAN	0.009333333	1.0	0.9296489707577181	189857.41148430298
GAQTQTEEEMTR	2	sp|Q12841|FSTL1_HUMAN	0.009333333	1.0	0.9658179966346219	23288.895007488514
LLGLSLAGK	2	sp|Q9Y5Y7|LYVE1_HUMAN	0.009333333	1.0	0.9839878346331186	8399015.890961954
TPLTATLSK	2	sp|P01876|IGHA1_HUMAN	0.009333333	0.9797881705057813	0.9303315476551537	12543.06427644219
DLATVYVDVLK	2	sp|P02647|APOA1_HUMAN	0.009333333	1.0	0.9790927166743915	441579.85009254527
SVNNVVVR	2	sp|O75882|ATRN_HUMAN	0.009333333	0.9797881705057813	0.9940726659611063	4106.874893370085
TLMFGSYLDDEKNWGLSFYADKPETTK	4	sp|P19652|A1AG2_HUMAN	0.009333333	1.0	0.8071732503169375	1552461.4371428434
VTTSQDMLSIMEK	3	sp|P05155|IC1_HUMAN	0.009333333	0.9866190731264982	0.9298576828821269	15657.805368834102
VMPIC[+57.021465]LPSK	2	sp|P00738|HPT_HUMAN;sp|P00739|HPTR_HUMAN	0.009333333	0.9866190731264982	0.9483439011965336	300731.92683816236
AVLHIGEK	1	sp|P05543|THBG_HUMAN	0.009333333	1.0	0.9111779624371725	29126.585885512617
SLTEEAENWGDGEPNNKK	3	sp|P14151|LYAM1_HUMAN	0.009333333	0.9933552810135716	0.941630515056779	164502.4595441057
VAEGTQVLELPFK	3	sp|P01008|ANT3_HUMAN	0.009333333	1.0	0.8416984205544008	21687.598726063676
GTWTQPFDLASTR	3	sp|P08185|CBG_HUMAN	0.009333333	1.0	0.9749133085711225	580084.8872550478
LSFQEFLK	2	sp|Q12841|FSTL1_HUMAN	0.009333333	1.0	0.7896507839107942	62423.832276314155
SDVMYTDWKKDK	2	sp|P19652|A1AG2_HUMAN	0.009333333	1.0	0.9715291931122786	133649.57786889205
QNQC[+57.021465]FYNSSYLNVQR	3	sp|P19652|A1AG2_HUMAN	0.009333333	0.9728591838590949	0.7969597329648643	532.3885197824204
VGAHAGEYGAEALER	2	sp|P69905|HBA_HUMAN	0.009333333	0.9866190731264982	0.9044088132571274	17639.48673251973
DEELSC[+57.021465]TVVELK	2	sp|P01011|AACT_HUMAN	0.009333333	0.9933552810135716	0.9758024233088025	7347.352245911431
SLDFTELDVAAEK	2	sp|P01019|ANGT_HUMAN	0.009333333	1.0	0.9485076009838546	115722.1175000885
YEELQITAGR	2	sp|P04259|K2C6B_HUMAN;sp|P04264|K2C1_HUMAN	0.009333333	0.9933552810135716	0.8415639340464541	12446.982205767581
WERPFEVK	2	sp|P01009|A1AT_HUMAN	0.009333333	1.0	0.9728465730574136	464333.0529663142
DTINLLDQR	2	sp|Q8NBJ4|GOLM1_HUMAN	0.009333333	1.0	0.8527207153664689	60934.25587752903
AEIEYLEK	2	sp|P14151|LYAM1_HUMAN	0.009333333	0.9866190731264982	0.9745501673271166	539630.5105281854
SETEIHQGFQHLHQLFAK	3	sp|P08185|CBG_HUMAN	0.009333333	1.0	0.9398334182161302	971345.1256507011
DTKTYMLAFDVNDEK	3	sp|P02763|A1AG1_HUMAN	0.009333333	1.0	0.9485012001106329	852674.1172261379
SPELQAEAK	2	sp|P02652|APOA2_HUMAN	0.009333333	1.0	0.9666699094425658	364593.4686603199
YTIAALLSPYSYSTTAVVTNPKE	3	sp|P02766|TTHY_HUMAN	0.009333333	1.0	0.9268590218392727	3528694.4963186663
GGSIQQYIYK	3	sp|Q92954|PRG4_HUMAN	0.012594459	0.9212790999005022	0.95488815849688	38072.86126194051
EGQMESVEAAMSSK	2	sp|P05543|THBG_HUMAN	0.009333333	0.9866190731264982	0.9138104260102885	774542.2910351988
DLDMFINASK	2	sp|O75882|ATRN_HUMAN	0.009333333	1.0	0.9534787833006177	232016.65891256757
ALQATVGNSYK	2	sp|P11279|LAMP1_HUMAN	0.009333333	1.0	0.9754154542031251	152257.66608939387
ESLSSYWESAK	2	sp|P02655|APOC2_HUMAN	0.009333333	1.0	0.9248863847546112	204919.0625350671
DIPTNSPELEETLTHTITK	3	sp|P01042|KNG1_HUMAN	0.009333333	1.0	0.9549638442066594	13267199.003163338
EQYAVVGHSAHIVTLK	4	sp|O75882|ATRN_HUMAN	0.009333333	1.0	0.9586258976150482	2483046.8757881317
ATFNPAQDK	2	sp|O00592|PODXL_HUMAN	0.009333333	0.9866190731264982	0.88500706386171	5809.209405776144
TAVTANLDIR	2	sp|O00533|NCHL1_HUMAN	0.009333333	1.0	0.951881961945423	141963.54299510454
YVGGQEHFAHLLILR	4	sp|P02763|A1AG1_HUMAN	0.009333333	0.9728591838590949	0.9546418332530382	26913363.272501152
TFYEPGEEITYSC[+57.021465]KPGYVSR	5	sp|P02749|APOH_HUMAN	0.028186275	0.606735609642813	0.7913199417689165	5164.883061897034
GGGALLGDR	1	sp|P00736|C1R_HUMAN;sp|Q9NZP8|C1RL_HUMAN	0.009333333	1.0	0.7749132176943919	9612.875546411567
VSFLSALEEYTK	2	sp|P02647|APOA1_HUMAN	0.009333333	0.9933552810135716	0.9714809707289911	104910.19320392668
DKC[+57.021465]EPLEK	2	sp|P02763|A1AG1_HUMAN;sp|P19652|A1AG2_HUMAN	0.009333333	0.9866190731264982	0.9445880028310989	78472.58777316031
TEDSSSFLIDK	2	sp|P05543|THBG_HUMAN	0.009333333	1.0	0.9620246255026524	73406.47159783258
DGWHSWPIAHQWPQGPSAVDAAFSWEEK	4	sp|P02790|HEMO_HUMAN	0.009333333	0.9797881705057813	0.9422543578842253	5063808.146864744
EVDSDAYYVYR	2	sp|P09619|PGFRB_HUMAN	0.009333333	1.0	0.8190663294302655	21938.768668085162
GTEAAGAMFLEAIPMSIPPEVK	3	sp|P01009|A1AT_HUMAN	0.009333333	0.9866190731264982	0.9310457588664284	40368.63202209118
TLLVFEVQQPFLFVLWDQQHK	4	sp|P05155|IC1_HUMAN	0.009333333	1.0	0.956159808705272	2346295.7382023437
ALEESNYELEGK	3	sp|P13645|K1C10_HUMAN	0.009333333	1.0	0.8854161206992662	4061.1128297060222
TYM[+15.994915]LAFDVNDEK	2	sp|P02763|A1AG1_HUMAN	0.009333333	1.0	0.9487669953546424	6951342.318211443
ISC[+57.021465]PEGTNAYR	2	sp|P05451|REG1A_HUMAN;sp|P48304|REG1B_HUMAN	0.009333333	1.0	0.9753786043017704	10252.326893348869
SGAEAQTPEDSPNR	2	sp|O43493|TGON2_HUMAN	0.009333333	1.0	0.8857851221142982	47690.872238152275
GVC[+57.021465]EETSGAYEK	2	sp|P02760|AMBP_HUMAN	0.009333333	1.0	0.9597781695105917	97183.0920461334
LADELSGWVQR	2	sp|Q99941|ATF6B_HUMAN	0.009333333	1.0	0.8384984561347153	11633.937643481793
SDVVYTDWKK	2	sp|P02763|A1AG1_HUMAN	0.009333333	0.9933552810135716	0.9851315972738833	144710.69933449134
NIFISPVSISMALAMLSLGTC[+57.021465]GHTR	3	sp|P08185|CBG_HUMAN	0.009333333	1.0	0.9255173617369059	6509965.796971553
AQVSPTASDMLHMR	3	sp|Q6UXB8|PI16_HUMAN	0.009333333	1.0	0.9726408952233521	1276222.2789769166
GTSAVNVVLSLK	2	sp|P20061|TCO1_HUMAN	0.028186275	0.5678582329614409	0.8076106939646802	5025.314687094032
GSPAINVAVHVFR	2	sp|P02766|TTHY_HUMAN	0.009333333	0.9933552810135716	0.9330783115941038	78581.66481464816
VQALEEANNDLENK	2	sp|P35527|K1C9_HUMAN	0.009333333	1.0	0.8366458409298713	53956.44367012216
C[+57.021465]DDWGLDTMR	2	sp|Q9NPH3|IL1AP_HUMAN	0.009333333	1.0	0.8542349093828964	3987.8821881028043
FLEDVKK	1	sp|P01009|A1AT_HUMAN	0.009333333	1.0	0.9223119668621637	31108.03921380822
EVPLNTIIFMGR	3	sp|P01008|ANT3_HUMAN	0.009333333	0.9866190731264982	0.9709217149148945	5637.4907435233
SETEIHQGFQHLHQLFAK	4	sp|P08185|CBG_HUMAN	0.009333333	1.0	0.9452761939479427	828809.3885102032
NILTSNNIDVK	2	sp|P05090|APOD_HUMAN	0.009333333	1.0	0.9563604767757026	3490421.4868505485
LFDSDPITVTVPVEVSR	3	sp|P10909|CLUS_HUMAN	0.009333333	1.0	0.8767201218713412	144484.5234479657
SC[+57.021465]AVAEYGVYVK	3	sp|P00738|HPT_HUMAN;sp|P00739|HPTR_HUMAN	0.009333333	0.9933552810135716	0.8638673833495883	20921.956839091414
YDVDTQMWTILK	2	sp|O75882|ATRN_HUMAN	0.009333333	1.0	0.9811198357902868	948872.0675116497
ELDESLQVAER	2	sp|P10909|CLUS_HUMAN	0.009333333	1.0	0.9741753859090778	255547.8777551225
ENEGFTVTAEGK	2	sp|P01024|CO3_HUMAN	0.009333333	1.0	0.9360030461409186	3826.8671288203545
YPVAHFIDQTLK	2	sp|P05155|IC1_HUMAN	0.009333333	1.0	0.965494432257506	465901.8220830754
TGDTIEFMC[+57.021465]K	2	sp|Q02985|FHR3_HUMAN;sp|Q92496|FHR4_HUMAN	0.009333333	0.9933552810135716	0.9625477583820711	217039.044722642
FEDGVLDPDYPR	2	sp|P04004|VTNC_HUMAN	0.009333333	0.9866190731264982	0.9275500193167765	140341.33464885355
GSFPWQAK	1	sp|P00738|HPT_HUMAN;sp|P00739|HPTR_HUMAN	0.011627907	0.9440873193926883	0.9756164550817493	17870.134577658508
FQPTLLTLPR	2	sp|P05155|IC1_HUMAN	0.009333333	0.9933552810135716	0.9610220024418067	2678004.122111089
YVMLPVADQDQC[+57.021465]IR	2	sp|P00738|HPT_HUMAN	0.009333333	1.0	0.935395005920353	10990590.428798946
LGNFPWQAFTSIHGR	3	sp|Q9NZP8|C1RL_HUMAN	0.009333333	1.0	0.9845247898255366	70240.75279795313
SSSPELSEMLEYDR	2	sp|P12259|FA5_HUMAN	0.009333333	1.0	0.9188802926012455	260157.85369485445
LTLEQIDLIR	2	sp|Q9H4A9|DPEP2_HUMAN	0.009333333	0.9933552810135716	0.8941351674567857	40971.745457510624
FNQPFIIMIFDHFTWSSLFLAR	4	sp|P08185|CBG_HUMAN	0.010512483	0.9658285256870233	0.945171069780656	19264.066408104227
QPAVEEPAEVTATVLASR	3	sp|P32942|ICAM3_HUMAN	0.010512483	0.9658285256870233	0.9141000917862325	8471.623462937383
IKQSELSAK	2	sp|P02654|APOC1_HUMAN	0.009333333	1.0	0.9565261633909977	119961.57831178991
NLQEILHGAVR	2	sp|P00533|EGFR_HUMAN	0.009333333	1.0	0.9678831094246907	11261.502985138493
FSGSNSGNTATLTISR	3	sp|A0A075B6K5|LV39_HUMAN;sp|P80748|LV321_HUMAN	0.009333333	0.9797881705057813	0.8609655534837924	170.80823263135156
GSESGIFTNTK	2	sp|P02671|FIBA_HUMAN	0.009333333	1.0	0.9809033151332335	122619.53665097572
SDVMYTDWKK	2	sp|P19652|A1AG2_HUMAN	0.009333333	1.0	0.934956226314172	51223.53294357877
AVVFLEPQWYR	2	sp|P08637|FCG3A_HUMAN	0.009333333	0.9866190731264982	0.9677169521243105	435196.4654742128
RVWELSK	2	sp|P01008|ANT3_HUMAN	0.009333333	0.9797881705057813	0.9870186003468465	448226.44574641465
GGSADAAWK	2	sp|Q9ULI3|HEG1_HUMAN	0.009333333	0.9728591838590949	0.8509540471576427	6803.320097357475
TPVC[+57.021465]TTGQGSGSTATVFAMAELQK	3	sp|Q9H8L6|MMRN2_HUMAN	0.009333333	0.9797881705057813	0.9762277249234828	44977.03651288409
DASGATFTWTPSSGK	2	sp|P01877|IGHA2_HUMAN;sp|P0DOX2|IGA2_HUMAN	0.009333333	1.0	0.9313907378780494	133124.78950193303
M[+15.994915]TVTDQVNC[+57.021465]PK	3	sp|P05090|APOD_HUMAN	0.01743462	0.8448700454299841	0.8524060844321731	642.905392553069
LINDYVK	1	sp|P01011|AACT_HUMAN	0.009333333	1.0	0.7966849100322712	23789.890336177054
LLQDEFPGIPSPLDAAVEC[+57.021465]HR	3	sp|P02790|HEMO_HUMAN	0.009333333	1.0	0.9479692043679248	3838572.4525588406
GKEESLDSDLYAELR	3	sp|P02775|CXCL7_HUMAN	0.012594459	0.9054124614333342	0.8776629048410235	31240.466034609653
RHPDYSVVLLLR	2	sp|P02768|ALBU_HUMAN	0.009333333	1.0	0.8628353068347305	44173.274713538325
NIFISPVSISMALAMLSLGTC[+57.021465]GHTR	4	sp|P08185|CBG_HUMAN	0.009333333	1.0	0.9399226938032443	1371742.214940847
GVTSVSQIFHSPDLAIR	4	sp|P05155|IC1_HUMAN	0.009333333	0.9797881705057813	0.8441027479155998	19137.458247106453
YGFIEGHVVIPR	2	sp|P16070|CD44_HUMAN	0.009333333	0.9933552810135716	0.8953254191672694	17477.197618056965
VTVLGQPK	2	sp|B9A064|IGLL5_HUMAN;sp|P0DOX8|IGL1_HUMAN	0.009333333	0.9728591838590949	0.9702570765823925	36490.30584011686
DLGEENFK	1	sp|P02768|ALBU_HUMAN	0.009333333	0.9866190731264982	0.9513943758129098	2927.9135888367614
LVRPEVDVMC[+57.021465]TAFHDNEETFLK	4	sp|P02768|ALBU_HUMAN	0.009333333	1.0	0.8989187774360448	267741.2372169241
KYPVAHFIDQTLK	2	sp|P05155|IC1_HUMAN	0.009333333	0.9797881705057813	0.9675764223163337	243994.26857317286
GLEEELQFSLGSK	2	sp|P0C0L4|CO4A_HUMAN;sp|P0C0L5|CO4B_HUMAN	0.009333333	1.0	0.8452917856937291	80845.47828882464
AGTELVNFLSYFVELGTQPATQ	3	sp|P02652|APOA2_HUMAN	0.009333333	1.0	0.9431488532983379	4471939.702123002
HRLEDMEQALSPSVFK	3	sp|P05155|IC1_HUMAN	0.009333333	0.9866190731264982	0.7094354119403823	3177.950725733143
LENEIQTYR	2	sp|P13645|K1C10_HUMAN	0.009333333	0.9933552810135716	0.9749313753138458	21758.660864795325
AVGEEVWHSK	3	sp|P13591|NCAM1_HUMAN	0.009333333	1.0	0.9432541977391473	24190.209440432125
KGPGPGGPGGAGVAR	3	sp|Q92686|NEUG_HUMAN	0.009333333	0.9728591838590949	0.7956495473120454	6498.302792896217
LALDLEIATYR	2	sp|P04264|K2C1_HUMAN	0.009333333	1.0	0.9640527784687739	36233.459095745726
VKSPELQAEAK	3	sp|P02652|APOA2_HUMAN	0.009333333	0.9728591838590949	0.9581603450921516	34787.31537280945
EFLEDTC[+57.021465]VQYVQK	2	sp|Q9UNN8|EPCR_HUMAN	0.016209476	1.0	0.896925311957881	221714.12463127446
GDEC[+57.021465]QLC[+57.021465]EVENR	2	sp|O75882|ATRN_HUMAN	0.011627907	0.9866190731264982	0.8018905213099784	7624.694211556226
FNQPFIIM[+15.994915]IFDHFTWSSLFLAR	4	sp|P08185|CBG_HUMAN	0.010512483	0.9658285256870233	0.7941399492566888	7447.092805414913
RYTIAALLSPYSYSTTAVVTNPK	5	sp|P02766|TTHY_HUMAN	0.009333333	0.9728591838590949	0.7000545174162829	21552.263796391202
KGEVLPLPEANFPSFPLPHHK	3	sp|P04196|HRG_HUMAN	0.009333333	0.9933552810135716	0.9081992403681473	154879.9645736089
YVGGQEHFAHLLILRDTK	5	sp|P02763|A1AG1_HUMAN	0.009333333	0.9933552810135716	0.8516553966662396	13328.28146844342
GPSVFPLAPSSK	2	sp|P01857|IGHG1_HUMAN;sp|P0DOX5|IGG1_HUMAN	0.009333333	0.9933552810135716	0.9460903705529228	490141.07580954774
AYLEEEC[+57.021465]PATLR	2	sp|P25311|ZA2G_HUMAN	0.009333333	1.0	0.9554439041927274	340475.87641234574
WMQLWQEQGEAK	2	sp|Q16288|NTRK3_HUMAN	0.009333333	0.9866190731264982	0.7310748632518511	8980.887596643772
SGAEEQGPIDGPSK	2	sp|O43493|TGON2_HUMAN	0.009333333	0.9933552810135716	0.9774204932818791	21629.5711334762
AATGEC[+57.021465]TATVGK	3	sp|P01042|KNG1_HUMAN	0.012594459	0.9366095275687156	0.7371392799987514	180.31955433024436
VQLTGEPVPMAR	2	sp|P15151|PVR_HUMAN	0.009333333	1.0	0.9631551222580657	153392.1308662898
DYWSTVK	1	sp|P02656|APOC3_HUMAN	0.010512483	0.9658285256870233	0.9632541598453179	188057.00028907685
SKLPGIVAEGRDDLYVSDAFHK	5	sp|P01008|ANT3_HUMAN	0.009333333	1.0	0.9830108911545943	40960.40922656865
SQYEQLAEQNR	2	sp|P13645|K1C10_HUMAN	0.009333333	0.9933552810135716	0.8986539384245197	25693.078665371002
YGEGDSLTLQQLK	2	sp|Q15043|S39AE_HUMAN	0.012594459	0.9134157281067091	0.7745441335170825	13616.592764798912
NHNALLASLTTQK	2	sp|O75882|ATRN_HUMAN	0.009333333	0.9933552810135716	0.927173692875167	177931.60342630337
VLSYVDWIK	2	sp|Q9NZP8|C1RL_HUMAN	0.009333333	0.9933552810135716	0.9443069882525527	21093.710415624086
RYTIAALLSPYSYSTTAVVTNPKE	3	sp|P02766|TTHY_HUMAN	0.009333333	1.0	0.9390731945477242	27109835.334814012
KPDGYDYYAFSK	2	sp|Q92954|PRG4_HUMAN	0.013801756	1.0	0.9384158136220088	113553.97082875001
DYNLNDILLQLGIEEAFTSK	3	sp|P01011|AACT_HUMAN	0.009333333	0.9866190731264982	0.9219666100406553	69418.02478117698
IGPDNLPYVQILK	2	sp|P11362|FGFR1_HUMAN	0.009333333	0.9866190731264982	0.9904934744479308	93358.56841814613
LLQDEFPGIPSPLDAAVEC[+57.021465]HR	4	sp|P02790|HEMO_HUMAN	0.009333333	1.0	0.9221073362307106	109027.97019899919
LQHLENELTHDIITK	3	sp|P01009|A1AT_HUMAN	0.009333333	0.9797881705057813	0.9340461338091628	98367.69585380578
ALDLINK	1	sp|P04196|HRG_HUMAN	0.009333333	0.9728591838590949	0.7617478885055653	2010.0712335670019
ITGKWFYIASAFR	2	sp|P02763|A1AG1_HUMAN;sp|P19652|A1AG2_HUMAN	0.009333333	0.9797881705057813	0.9755997925947778	125520.71334155266
IEDGFSLK	2	sp|P01008|ANT3_HUMAN	0.009333333	0.9797881705057813	0.9410618224163573	16336.875786437213
IPTTFENGR	2	sp|P05090|APOD_HUMAN	0.009333333	1.0	0.7054942368163489	27374.582284526652
SAVTALWGK	2	sp|P68871|HBB_HUMAN	0.011627907	0.9440873193926883	0.7113341521789528	1104.6535627601056
GLASANVDFAFSLYK	2	sp|P08185|CBG_HUMAN	0.009333333	0.9797881705057813	0.9500885896498159	491519.5771920779
NQVSLTC[+57.021465]LVK	2	sp|P01857|IGHG1_HUMAN;sp|P01859|IGHG2_HUMAN;sp|P01860|IGHG3_HUMAN;sp|P01861|IGHG4_HUMAN;sp|P0DOX5|IGG1_HUMAN	0.009333333	0.9933552810135716	0.9834856906543569	52050.323551285226
VAAEDWK	1	sp|P01876|IGHA1_HUMAN;sp|P01877|IGHA2_HUMAN;sp|P0DOX2|IGA2_HUMAN	0.009333333	1.0	0.9495441434094583	49344.30776022008
NWGLSFYADKPETTK	2	sp|P19652|A1AG2_HUMAN	0.009333333	0.9728591838590949	0.9689777798884852	23683.126883982266
VATTVISK	2	sp|P05155|IC1_HUMAN	0.012594459	0.9054124614333342	0.7550507337384551	1094.1633695415048
TPSSTGPSPVFDIK	3	sp|Q12913|PTPRJ_HUMAN	0.012594459	0.9212790999005022	0.859901905901288	4998.223133347928
FDTISEK	1	sp|P01008|ANT3_HUMAN	0.009333333	0.9728591838590949	0.9657972861143138	8289.224377163831
SPELQAEAKSYFEK	2	sp|P02652|APOA2_HUMAN	0.009333333	0.9728591838590949	0.9395607696577609	243185.66116650176
SILFLGK	2	sp|P05543|THBG_HUMAN	0.009333333	0.9728591838590949	0.9445780517017371	23740.794727134118
GEC[+57.021465]QAEGVLFFQGDR	2	sp|P02790|HEMO_HUMAN	0.009333333	0.9728591838590949	0.9067149299889351	140143.92743685463
IMGITLVSK	2	sp|Q9Y5Y7|LYVE1_HUMAN	0.009333333	1.0	0.9582926622355656	2564447.049036614
STASFEELC[+57.021465]SEYR	2	sp|Q9NQ38|ISK5_HUMAN	0.009333333	1.0	0.8443256251807093	39371.2192362862
ELELQIGNALFIGK	2	sp|P05543|THBG_HUMAN	0.009333333	1.0	0.9424663527590973	531622.3018187508
SASLHLPK	1	sp|P01009|A1AT_HUMAN	0.009333333	1.0	0.9577717856037183	195323.00060037847
AIPVTQYLK	2	sp|P43652|AFAM_HUMAN	0.009333333	1.0	0.9409152140752515	229694.7294686256
GPSVFPLAPC[+57.021465]SR	2	sp|P01859|IGHG2_HUMAN;sp|P01860|IGHG3_HUMAN;sp|P01861|IGHG4_HUMAN	0.009333333	1.0	0.9685106824568314	34841.88687105824
MEEVEAMLLPETLK	3	sp|P01011|AACT_HUMAN	0.009333333	1.0	0.9370990289261458	219394.25658811763
VLNQELR	1	sp|P05090|APOD_HUMAN	0.009333333	1.0	0.9454875793935159	37780.60001658546
YYC[+57.021465]FQGNQFLR	2	sp|P02790|HEMO_HUMAN	0.009333333	1.0	0.9485720487556212	1368361.7178415377
DTVFALVNYIFFK	2	sp|P01009|A1AT_HUMAN	0.009333333	0.9866190731264982	0.9432047801127904	7044.07189615259
HSAQPWADFTLLGAR	2	sp|Q8IYS5|OSCAR_HUMAN	0.009333333	1.0	0.9891921900818309	197675.35029297162
NTWSILHTQGALVQGGYGHSSVYDHR	4	sp|O75882|ATRN_HUMAN	0.009333333	0.9728591838590949	0.9725348796787996	148649.0395353136
TDASDVKPC[+57.021465]	2	sp|P02749|APOH_HUMAN	0.009333333	0.9866190731264982	0.9150403154095217	1825.741569001934
TLYSSSPR	2	sp|P05155|IC1_HUMAN	0.009333333	0.9797881705057813	0.8944773566605819	10264.883557337562
FLENEDR	2	sp|P01009|A1AT_HUMAN	0.009333333	0.9797881705057813	0.9881103724508372	304284.1816458334
VTTSQDMLSIMEK	2	sp|P05155|IC1_HUMAN	0.009333333	0.9866190731264982	0.9501803668974983	2726713.155450438
DALSSVQESQVAQQAR	2	sp|P02656|APOC3_HUMAN	0.009333333	0.9728591838590949	0.934935093439759	1170750.6080435787
C[+57.021465]SPHLVLSALTSDNHGATYAFSGTHYWR	6	sp|P02790|HEMO_HUMAN	0.009333333	0.9797881705057813	0.9089848526610179	104269.69374885641
FLNVLSPR	2	sp|P17936|IBP3_HUMAN	0.009333333	0.9866190731264982	0.9429105672636215	30808.539446650164
QFTSSTSYNR	2	sp|P02671|FIBA_HUMAN	0.009333333	0.9933552810135716	0.9377518124651407	78263.04028952713
IVDLFSGLDSPAILVLVNYIFFK	4	sp|P08185|CBG_HUMAN	0.009333333	1.0	0.9122267164994043	425118.80719835684
LPGIVAEGRDDLYVSDAFHK	4	sp|P01008|ANT3_HUMAN	0.009333333	0.9866190731264982	0.8888898342601782	14125.844833878822
TDTSHHDQDHPTFNK	2	sp|P01009|A1AT_HUMAN	0.009333333	0.9797881705057813	0.7666357940028627	214.6407126565818
AGGSWDLAVQER	2	sp|P22792|CPN2_HUMAN	0.009333333	1.0	0.8424644516593865	16517.838740855652
ATEHLSTLSEK	2	sp|P02647|APOA1_HUMAN	0.009333333	0.9933552810135716	0.9348512824234619	106872.73713329456
SDVMYTDWKKDK	3	sp|P19652|A1AG2_HUMAN	0.009333333	1.0	0.9195628811714286	102059.77865668449
LALDIEIATYR	2	sp|P05787|K2C8_HUMAN;sp|P08729|K2C7_HUMAN;sp|P14136|GFAP_HUMAN;sp|P19013|K2C4_HUMAN;sp|Q6KB66|K2C80_HUMAN	0.009333333	1.0	0.891471790828561	58524.406660360335
LSPLGEEMR	2	sp|P02647|APOA1_HUMAN	0.009333333	1.0	0.9431644211585656	238036.74515396226
EVGTPHGIILDSVDAAFIC[+57.021465]PGSSR	4	sp|P02790|HEMO_HUMAN	0.009333333	1.0	0.9117712401497231	3527966.013675396
TVVQPSVGAAAGPVVPPC[+57.021465]PGR	3	sp|P02765|FETUA_HUMAN	0.009333333	0.9933552810135716	0.9417745839626888	545786.9376314181
TGLEAISNHK	2	sp|Q14515|SPRL1_HUMAN	0.009333333	1.0	0.7770285292983277	76012.20493855608
DEELSC[+57.021465]TVVELK	3	sp|P01011|AACT_HUMAN	0.012594459	0.9366095275687156	0.7648628371573705	4969.911942742514
KVPQVSTPTLVEVSR	3	sp|P02768|ALBU_HUMAN	0.009333333	1.0	0.8418199795081388	111595.28951103342
SLLEGEGSSGGGGR	2	sp|P13645|K1C10_HUMAN	0.009333333	1.0	0.8437203712388637	4502.9051401570105
YPPTVSMVEGQGEK	3	sp|P27918|PROP_HUMAN	0.016209476	0.8630568252698203	0.8429620199008329	1670.497776415056
C[+57.021465]PLFEHFLK	2	sp|Q9NPH3|IL1AP_HUMAN	0.013801756	0.897262926642552	0.7308483415772045	3330.213573597368
QEINSHVEMQTK	2	sp|P05543|THBG_HUMAN	0.009333333	0.9866190731264982	0.8987535482378954	43442.887857047084
TC[+57.021465]PKPDDLPFSTVVPLK	3	sp|P02749|APOH_HUMAN	0.009333333	1.0	0.9487473559201052	572661.8994826644
SGAGTELSVR	1	sp|O00241|SIRB1_HUMAN;sp|P78324|SHPS1_HUMAN;sp|Q5TFQ8|SIRBL_HUMAN	0.012594459	0.9054124614333342	0.9421100978923375	1817.9858446022554
SYSC[+57.021465]QVTHEGSTVEK	2	sp|B9A064|IGLL5_HUMAN;sp|P0CF74|IGLC6_HUMAN;sp|P0CG04|IGLC1_HUMAN;sp|P0DOX8|IGL1_HUMAN;sp|P0DOY2|IGLC2_HUMAN;sp|P0DOY3|IGLC3_HUMAN	0.009333333	1.0	0.9339962781271293	286589.69359549216
DTKTYMLAFDVNDEK	2	sp|P02763|A1AG1_HUMAN	0.013801756	0.897262926642552	0.7932787111787912	5918.188233114101
ELTPEVLQEWLDELEEMMLVVHMPR	5	sp|P01008|ANT3_HUMAN	0.009333333	0.9866190731264982	0.8279635925499235	14693.624984996562
KGDTFSC[+57.021465]MVGHEALPLAFTQK	4	sp|P01876|IGHA1_HUMAN	0.009333333	1.0	0.9328712295553416	492122.66847632057
SEDAGGAEGETPHMLLRPHVFMPEVTPDMDYLPR	5	sp|Q92954|PRG4_HUMAN	0.009333333	0.9728591838590949	0.9386680984139638	359178.15171253594
EGQMESVEAAMSSK	3	sp|P05543|THBG_HUMAN	0.009333333	0.9866190731264982	0.8258587925717022	27014.802380801746
LVVQSSIDSSAFK	2	sp|P10721|KIT_HUMAN	0.009333333	1.0	0.8925068360086598	22068.577349361436
FMPLSDVLYGR	2	sp|Q10588|BST1_HUMAN	0.009333333	1.0	0.8589653522767468	5218.74847327689
FTDSENVC[+57.021465]QER	2	sp|P43652|AFAM_HUMAN	0.009333333	0.9933552810135716	0.8729456756865022	7149.238177911319
WFYIASAFR	2	sp|P02763|A1AG1_HUMAN;sp|P19652|A1AG2_HUMAN	0.009333333	0.9933552810135716	0.985829523982912	76019.16758186535
FSISATYDLGATLLK	2	sp|P05543|THBG_HUMAN	0.009333333	1.0	0.79528187341101	86227.44649370089
GFGGLTGQIVAALSTAK	2	sp|Q92954|PRG4_HUMAN	0.009333333	1.0	0.9622492139495982	1504762.4189594076
GGGALLGDR	2	sp|P00736|C1R_HUMAN;sp|Q9NZP8|C1RL_HUMAN	0.009333333	1.0	0.9955547362599745	116435.9750510286
VTTVASHTSDSDVPSGVTEVVVK	3	sp|P10909|CLUS_HUMAN	0.009333333	0.9866190731264982	0.9858254592529982	72555.96505280852
LSSWVLLMK	2	sp|P01009|A1AT_HUMAN	0.009333333	1.0	0.9612544419030331	622597.4556754674
EQQC[+57.021465]VIMAENR	2	sp|P00747|PLMN_HUMAN;sp|Q02325|PLGB_HUMAN	0.009333333	1.0	0.858926941863643	20843.38361001803
NKEDC[+57.021465]VEIYIK	2	sp|P14151|LYAM1_HUMAN	0.009333333	0.9933552810135716	0.9527025267027227	12319.087106810099
SASNMAIVDVK	2	sp|P01023|A2MG_HUMAN	0.021039603	0.9366095275687156	0.8981763200393067	5310.761636424177
AEDTAVYYC[+57.021465]AK	2	sp|P01764|HV323_HUMAN;sp|P01768|HV330_HUMAN;sp|P0DP03|HVC05_HUMAN	0.009333333	1.0	0.873465445516118	5090.761004365391
QLVEIEK	2	sp|P00738|HPT_HUMAN;sp|P00739|HPTR_HUMAN	0.01863354	0.9797881705057813	0.9824225141567285	69026.72035082783
HYYESEVLAMNFQDWATASR	4	sp|P08185|CBG_HUMAN	0.009333333	0.9797881705057813	0.7438641208502805	7952.595027994423
NALALFVLPK	2	sp|P05543|THBG_HUMAN	0.009333333	1.0	0.8872703040108133	194940.48151378203
ELISERWK	2	sp|P02790|HEMO_HUMAN	0.009333333	1.0	0.979408874321645	122311.7525967464
ALEESNYELEGK	2	sp|P13645|K1C10_HUMAN	0.009333333	1.0	0.9762519528619593	96707.17609019352
YGQPLPGYTTK	2	sp|P17936|IBP3_HUMAN	0.009333333	1.0	0.9279680625381347	88302.42642852798
ADLSGITGAR	2	sp|P01011|AACT_HUMAN	0.009333333	1.0	0.9640535646390817	1485194.833302734
REPAVGEPAEVTTTVLVR	3	sp|P05362|ICAM1_HUMAN	0.009333333	1.0	0.9481945093074791	20709.38776003663
LTPTLYVGK	2	sp|O75460|ERN1_HUMAN	0.009333333	0.9866190731264982	0.8325213959970138	10428.647106727833
SDVVYTDWKK	3	sp|P02763|A1AG1_HUMAN	0.009333333	0.9933552810135716	0.9661798828662129	41286.328675978766
AREDIFMETLK	2	sp|P25311|ZA2G_HUMAN	0.009333333	1.0	0.986473596727797	260730.78936880536
EMEDTLNHLK	2	sp|P17936|IBP3_HUMAN	0.012594459	0.9212790999005022	0.8568118588990613	122587.41977337393
KATVVYQGER	3	sp|P02749|APOH_HUMAN	0.009333333	1.0	0.8921936877533716	37689.72578391704
DAEAWFNEK	2	sp|P13645|K1C10_HUMAN;sp|Q7Z3Y7|K1C28_HUMAN;sp|Q7Z3Y8|K1C27_HUMAN;sp|Q7Z3Z0|K1C25_HUMAN	0.009333333	1.0	0.9484186485071897	73631.75278038059
EWFWDLATGTMK	2	sp|P02790|HEMO_HUMAN	0.009333333	0.9866190731264982	0.9588974025415475	5117032.067419749
VWFELTQGSITK	2	sp|Q9H8L6|MMRN2_HUMAN	0.009333333	0.9933552810135716	0.8651287063391616	12989.483583598334
SGINC[+57.021465]PIQK	2	sp|P61916|NPC2_HUMAN	0.009333333	0.9866190731264982	0.9159190986737499	7212.947713335853
DYQELMNTK	2	sp|P04264|K2C1_HUMAN	0.009333333	1.0	0.9238729864167148	25895.05843796973
EWFSETFQK	2	sp|P02654|APOC1_HUMAN	0.023485785	0.9933552810135716	0.9689969651562488	1462998.3128636086
KMTVTDQVNC[+57.021465]PK	2	sp|P05090|APOD_HUMAN	0.009333333	0.9866190731264982	0.8578699412559979	42266.037503919026
SETEIHQGFQHLHQLFAK	5	sp|P08185|CBG_HUMAN	0.009333333	1.0	0.9506946854147527	4611452.370974817
FKLDDDLEHQGGHVLDHGHK	3	sp|P01042|KNG1_HUMAN	0.009333333	0.9866190731264982	0.9146356229788453	22554.59466770112
DLWVNIDQMEK	2	sp|Q6UX71|PXDC2_HUMAN	0.009333333	0.9933552810135716	0.9481093038191792	67415.97510019605
TGLFQDVGPQR	2	sp|Q86SQ4|AGRG6_HUMAN	0.009333333	1.0	0.886917510041477	16605.658765254815
YDVDTQMWTILK	3	sp|O75882|ATRN_HUMAN	0.009333333	1.0	0.8134034446647059	21400.62193738019
DTEEEDFHVDQVTTVK	3	sp|P01009|A1AT_HUMAN	0.025925925	0.6569951299919323	0.8164004030072635	29454.88221929447
EHSSLAFWK	2	sp|P02749|APOH_HUMAN	0.009333333	1.0	0.9278916368148711	68557.0126330714
SFMLLILER	2	sp|P05543|THBG_HUMAN	0.009333333	0.9933552810135716	0.9246546543030565	3939.1735498226467
LLDSLPSDTR	2	sp|P05155|IC1_HUMAN	0.009333333	1.0	0.9547300486225085	20704993.18822928
TNLESILSYPK	2	sp|P05155|IC1_HUMAN	0.009333333	1.0	0.9746149833881426	258141.15396886837
NLMIDIQK	2	sp|Q9BY67|CADM1_HUMAN	0.009333333	1.0	0.9502918053413956	669749.6802092798
YVMLPVADQDQC[+57.021465]IR	3	sp|P00738|HPT_HUMAN	0.009333333	1.0	0.9789081797672619	559880.0209993407
ALYVHGGYK	2	sp|O75882|ATRN_HUMAN	0.009333333	1.0	0.9613824112871997	870916.0565930603
DSGSYFC[+57.021465]R	2	sp|O75015|FCG3B_HUMAN;sp|P08637|FCG3A_HUMAN	0.009333333	0.9866190731264982	0.8687178371703832	3127.7260050838795
RVWELSK	1	sp|P01008|ANT3_HUMAN	0.009333333	0.9797881705057813	0.7177505693542723	1915.5794079818274
FNQPFIIMIFDHFTWSSLFLAR	3	sp|P08185|CBG_HUMAN	0.010512483	0.9658285256870233	0.9620254033530873	326804.83200214384
QPAVEEPAEVTATVLASR	2	sp|P32942|ICAM3_HUMAN	0.010512483	0.9658285256870233	0.9094649139235408	26485.849840381525
ENFLFLTPDC[+57.021465]K	2	sp|P01042|KNG1_HUMAN	0.009333333	0.9933552810135716	0.9747479123589389	274286.06205532834
DWHGVPGQVDAAMAGR	2	sp|P04004|VTNC_HUMAN	0.009333333	1.0	0.9155120035866847	887870.7359771265
AVVFLEPQWYR	3	sp|P08637|FCG3A_HUMAN	0.009333333	0.9866190731264982	0.967963986898761	16891.38449489797
MSSINADFAFNLYR	3	sp|P05543|THBG_HUMAN	0.009333333	1.0	0.9123160956294469	172857.26603299833
AGPHC[+57.021465]PTAQLIATLK	2	sp|P02776|PLF4_HUMAN;sp|P10720|PF4V_HUMAN	0.009333333	1.0	0.9809513909831074	749109.8042821877
VGYVSGWGQSDNFK	2	sp|P00739|HPTR_HUMAN	0.011627907	0.9440873193926883	0.8430626436646192	11164.79309716748
ALGISPFHEHAEVVFTANDSGPR	3	sp|P02766|TTHY_HUMAN	0.009333333	1.0	0.9442511872755331	25912081.494873933
LLGIETPLPK	2	sp|P05362|ICAM1_HUMAN	0.009333333	1.0	0.907671828008941	127875.30004008883
GKEESLDSDLYAELR	2	sp|P02775|CXCL7_HUMAN	0.009333333	1.0	0.9351730869435808	3283340.8998399647
GILTVDELLAIR	2	sp|P13473|LAMP2_HUMAN	0.009333333	1.0	0.9791684229929666	1976.1000036106745
LSITGTYDLK	2	sp|P01009|A1AT_HUMAN	0.009333333	1.0	0.9360778678247069	315901.9179478566
AIGPSQTHTIR	2	sp|Q92954|PRG4_HUMAN	0.009333333	0.9933552810135716	0.9201570895016773	27197.69877821771
RHPDYSVVLLLR	3	sp|P02768|ALBU_HUMAN	0.009333333	1.0	0.8512187417945237	102708.43591622947
DFTC[+57.021465]VHQALK	2	sp|P05155|IC1_HUMAN	0.009333333	1.0	0.9797732236815541	144504.55031012403
NIFISPVSISMALAMLSLGTC[+57.021465]GHTR	5	sp|P08185|CBG_HUMAN	0.009333333	1.0	0.844208793820234	92574.19025789137
DLMEKVK	1	sp|P02652|APOA2_HUMAN	0.011627907	0.9514467542496609	0.738675001795184	1904.075970027766
YGFIEGHVVIPR	3	sp|P16070|CD44_HUMAN	0.009333333	0.9933552810135716	0.9665644232497325	132871.44187190704
AADDTWEPFASGKTSESGELHGLTTEEEFVEGIYK	5	sp|P02766|TTHY_HUMAN	0.009333333	1.0	0.746887316149353	115999.66640339853
DFVQPPTK	2	sp|P01042|KNG1_HUMAN	0.009333333	0.9797881705057813	0.9723976098291351	114417.88232161473
MYLGYEYVTAIR	2	sp|P02787|TRFE_HUMAN	0.009333333	1.0	0.8260476167412827	101788.23188836404
DKC[+57.021465]EPLEKQHEK	3	sp|P02763|A1AG1_HUMAN;sp|P19652|A1AG2_HUMAN	0.016209476	0.888960273227615	0.7827569187121454	1193.3544795292823
TTVILPLAPFVR	2	sp|O00533|NCHL1_HUMAN	0.009333333	1.0	0.9084133803546749	89878.09646827517
TAAQNLYEK	2	sp|P02655|APOC2_HUMAN	0.009333333	1.0	0.9636999755540627	2597214.4971564864
SYQDFFEAIR	2	sp|P18850|ATF6A_HUMAN	0.009333333	1.0	0.8903962412880905	54504.95477660105
HITSLEVIK	2	sp|P02776|PLF4_HUMAN;sp|P10720|PF4V_HUMAN	0.009333333	1.0	0.9811176937073137	3110608.1004621806
YLTLNTESTR	2	sp|P06276|CHLE_HUMAN	0.009333333	0.9933552810135716	0.8697078507960888	19355.45432363085
DLGEENFK	2	sp|P02768|ALBU_HUMAN	0.009333333	0.9866190731264982	0.9548885725718947	18416.514418890834
TSDQIHFFFAK	2	sp|P01008|ANT3_HUMAN	0.009333333	0.9933552810135716	0.9591393999222452	460230.0799551409
