peptide	charge	proteins	q_value	score	spectral_angle	20241104_OA2_Evo08_ViAl_SA_FAIMS40_IO28_A556_MOMI_APEM_P193_G12_R01.mzML
MTVSTLVLGEGATEAEISMTSTR	3	sp|P02760|AMBP_HUMAN	0.0035419127	1.0	0.9602855912595286	691810.7578650919
LQQDVLQFQK	2	sp|Q8NBJ4|GOLM1_HUMAN	0.0035419127	1.0	0.9539158456102457	3820.158208372121
WYVDGVEVHNAK	3	sp|P01860|IGHG3_HUMAN	0.0035419127	0.9866190731264982	0.8777700499419891	5436.481387243106
VPTVEPLDSLTLFLFR	3	sp|P13598|ICAM2_HUMAN	0.0035419127	0.9658285256870233	0.9603744512307668	169221.66597208203
ILGGHLDAK	1	sp|P00738|HPT_HUMAN;sp|P00739|HPTR_HUMAN	0.0035419127	0.9797881705057813	0.9354219070887956	2074.864833608595
SSNTYTLTDVR	2	sp|Q13740|CD166_HUMAN	0.0035419127	1.0	0.9606170701494814	7179.751537594181
LGFTDLFSK	2	sp|P29622|KAIN_HUMAN	0.0035419127	1.0	0.8190772903477468	41766.02199316627
TSLTVVLLR	2	sp|P32942|ICAM3_HUMAN	0.0035419127	1.0	0.9553756945961452	185382.41808647636
DTKTLMFGSYLDDEK	2	sp|P19652|A1AG2_HUMAN	0.0035419127	1.0	0.9939068504303262	476109.0185066797
ITLLSALVETR	2	sp|P01011|AACT_HUMAN	0.0035419127	1.0	0.9706907945844006	91841.72506529471
FPVFMGR	2	sp|P05155|IC1_HUMAN	0.0035419127	1.0	0.7139261852579605	58010.51286306072
C[+57.021465]AGQQQDIR	2	sp|P27918|PROP_HUMAN	0.0035419127	1.0	0.9626886844491147	23022.644241590315
FDPVRGEVPPR	2	sp|P02790|HEMO_HUMAN	0.0035419127	1.0	0.9505801201070122	186592.7009205288
VQLTGEPVPMAR	3	sp|P15151|PVR_HUMAN	0.0035419127	1.0	0.966716227501805	3147.21789387004
MADEAGSEADHEGTHSTK	2	sp|P02671|FIBA_HUMAN	0.0035419127	1.0	0.9167997267322716	488.8678582578473
ASDTAMYYC[+57.021465]AR	2	sp|A0A0C4DH38|HV551_HUMAN;sp|A0A0J9YXX1|HV5X1_HUMAN	0.0035419127	1.0	0.8514233858097195	2192.7884076043874
QIQVFEDEPAR	2	sp|Q9NPH3|IL1AP_HUMAN	0.0035419127	1.0	0.9630015059506739	29414.06878487454
IGPDNLPYVQILK	3	sp|P11362|FGFR1_HUMAN	0.0045871558	0.9440873193926883	0.9403177273375514	7530.768095668792
QVGSGVTTDQVQAEAK	2	sp|P01871|IGHM_HUMAN;sp|P0DOX6|IGM_HUMAN	0.0035419127	1.0	0.9163906433057933	75981.08995208165
EETNEIQVVNEEPQR	2	sp|Q8NBJ4|GOLM1_HUMAN	0.0035419127	1.0	0.8667490367776974	261237.09786607168
GVLHNEVK	2	sp|Q92954|PRG4_HUMAN	0.0035419127	0.9797881705057813	0.8751739750423273	2098.2140612447
LDELRDEGK	2	sp|P02768|ALBU_HUMAN	0.0035419127	1.0	0.9883270327465659	162910.18848309002
AADDTWEPFASGK	3	sp|P02766|TTHY_HUMAN	0.0035419127	0.9933552810135716	0.8452257210011219	9609.088419917933
TFTC[+57.021465]TAAYPESK	2	sp|P01876|IGHA1_HUMAN	0.0035419127	0.9933552810135716	0.9782545170900105	145544.28284712436
GEVLPLPEANFPSFPLPHHK	4	sp|P04196|HRG_HUMAN	0.0035419127	1.0	0.820896027758848	246357.02719373413
EFGNTLEDK	2	sp|P02654|APOC1_HUMAN	0.0035419127	0.9866190731264982	0.9787388176144699	190781.21030028953
SISTAYLQWSSLK	2	sp|A0A0C4DH38|HV551_HUMAN;sp|A0A0J9YXX1|HV5X1_HUMAN	0.0035419127	0.9866190731264982	0.8921892153532897	44990.648253491294
LYLVQGTQVYVFLTK	3	sp|P02790|HEMO_HUMAN	0.0035419127	0.9728591838590949	0.936426091097912	1014451.5883742726
C[+57.021465]PNPPVQENFDVNK	2	sp|P05090|APOD_HUMAN	0.0035419127	1.0	0.9166137757821291	868832.3031851263
GPLDQLEK	2	sp|P05546|HEP2_HUMAN	0.0035419127	0.9797881705057813	0.9357762031466453	18358.17225367511
GEC[+57.021465]QAEGVLFFQGDR	3	sp|P02790|HEMO_HUMAN	0.0035419127	0.9728591838590949	0.9514013496084343	19698.51097750251
SSSQELGLK	2	sp|Q14515|SPRL1_HUMAN	0.0035419127	0.9866190731264982	0.9738328134105795	3658.365026645167
AVM[+15.994915]DDFAAFVEK	2	sp|P02768|ALBU_HUMAN	0.00792752	0.9212790999005022	0.8658829967583278	20147.615587481607
VGSALFLSHNLK	3	sp|P29622|KAIN_HUMAN	0.0035419127	0.9728591838590949	0.9729459942238264	131589.12907611325
DTVFALVNYIFFK	3	sp|P01009|A1AT_HUMAN	0.0035419127	1.0	0.9181873121985238	687729.7672240075
HSAQPWADFTLLGAR	3	sp|Q8IYS5|OSCAR_HUMAN	0.0035419127	1.0	0.9332209042197365	99078.31446450776
ASYLDC[+57.021465]IR	2	sp|P02787|TRFE_HUMAN	0.0045871558	0.9440873193926883	0.8077567153712053	7257.1827586104155
LGNQEPGGQTALK	3	sp|P08697|A2AP_HUMAN	0.0110741975	0.8354707271418766	0.7429401668352149	992.7167344487543
DALSSVQESQVAQQAR	3	sp|P02656|APOC3_HUMAN	0.0035419127	0.9728591838590949	0.9157265408052232	16042.901449304141
GTYSTTVTGR	2	sp|P08519|APOA_HUMAN	0.0035419127	0.9866190731264982	0.9668564947507999	58279.20508245214
TDTSHHDQDHPTFNK	3	sp|P01009|A1AT_HUMAN	0.0035419127	0.9797881705057813	0.9656710436200422	518.3077622672531
IDVHWTR	2	sp|P25311|ZA2G_HUMAN	0.0035419127	0.9797881705057813	0.934905233082651	15055.501607236078
EIGELYLPK	2	sp|P01011|AACT_HUMAN	0.0035419127	1.0	0.9895378642251447	760174.1421156831
AGEQDATIHLK	3	sp|P13591|NCAM1_HUMAN	0.0035419127	0.9728591838590949	0.9314779632661276	2389.7141253284653
YPPTVSMVEGQGEK	2	sp|P27918|PROP_HUMAN	0.0035419127	1.0	0.9593130376776859	446880.9135775297
VEIDTKSYWK	3	sp|P02766|TTHY_HUMAN	0.0045871558	0.9290085173289965	0.7296745941074455	899.3689283499227
KLSSWVLLMK	2	sp|P01009|A1AT_HUMAN	0.0035419127	0.9728591838590949	0.8417007064688131	5229.416978826519
KVPQVSTPTLVEVSR	2	sp|P02768|ALBU_HUMAN	0.0035419127	1.0	0.9593161079192764	1377138.2117065443
LIC[+57.021465]QATGFSPR	2	sp|P01871|IGHM_HUMAN;sp|P0DOX6|IGM_HUMAN	0.0035419127	1.0	0.8942008045893468	1359.6215783994276
GGVGPFSDPVK	2	sp|Q12866|MERTK_HUMAN	0.0035419127	1.0	0.8718763705728225	35304.438947504896
IMQSSQSMSK	2	sp|O75882|ATRN_HUMAN	0.0035419127	0.9866190731264982	0.9717231463484867	76711.3179226339
DIEEGAIVNPGR	2	sp|P23471|PTPRZ_HUMAN	0.0035419127	1.0	0.8644002248094471	1997.277988082258
SYSC[+57.021465]QVTHEGSTVEK	3	sp|B9A064|IGLL5_HUMAN;sp|P0CF74|IGLC6_HUMAN;sp|P0CG04|IGLC1_HUMAN;sp|P0DOX8|IGL1_HUMAN;sp|P0DOY2|IGLC2_HUMAN;sp|P0DOY3|IGLC3_HUMAN	0.0035419127	1.0	0.9215434524012611	4019385.61935479
FLASVSTVLTSK	3	sp|P69905|HBA_HUMAN	0.0045871558	0.9290085173289965	0.8740835759905097	1424.5817667689478
NWGLSFYADKPETTK	4	sp|P19652|A1AG2_HUMAN	0.0035419127	0.9586923939928679	0.913237369303942	259603.25932402542
GTHC[+57.021465]NQVEVIATLK	3	sp|P02775|CXCL7_HUMAN	0.0035419127	0.9797881705057813	0.969778291828731	70662.69566395793
VLSALQAVQGLLVAQGR	3	sp|P01019|ANGT_HUMAN	0.0035419127	1.0	0.8298239714728394	11564.885343990307
VDGALC[+57.021465]M[+15.994915]EK	2	sp|P02790|HEMO_HUMAN	0.0035419127	1.0	0.8862214861327199	77031.20304108881
FSISATYDLGATLLK	3	sp|P05543|THBG_HUMAN	0.0035419127	1.0	0.8025627923075709	116581.03989899268
GFGGLTGQIVAALSTAK	3	sp|Q92954|PRG4_HUMAN	0.0035419127	1.0	0.9414683275246997	1294513.4924610595
GGYTLVSGYPK	2	sp|P02790|HEMO_HUMAN	0.0035419127	1.0	0.9783782589351816	851035.6290700301
ASFHIPQVQVR	3	sp|Q9BQ51|PD1L2_HUMAN	0.0035419127	1.0	0.9542885090919965	209072.14176282295
LLIYDASNR	2	sp|A0A0A0MRZ8|KVD11_HUMAN;sp|P04433|KV311_HUMAN	0.0035419127	1.0	0.8822543622668666	91772.96339879006
WELLQQVDTSTR	2	sp|P04264|K2C1_HUMAN	0.0035419127	1.0	0.9268638100447367	198903.6647308523
LRTEGDGVYTLNNEK	4	sp|P00738|HPT_HUMAN	0.0110741975	0.8718655118414741	0.7458308927240659	6547.136203790726
ATWSGAVLAGR	2	sp|P04217|A1BG_HUMAN	0.006795017	0.9134157281067091	0.8254803580611761	7802.2358349054775
QLVEIEK	1	sp|P00738|HPT_HUMAN;sp|P00739|HPTR_HUMAN	0.0035419127	0.9728591838590949	0.8781639372842988	11461.221823722164
TYLPAVDEK	2	sp|P02655|APOC2_HUMAN	0.0035419127	1.0	0.9702845852291653	1205121.50459836
ADGESC[+57.021465]SASMMYQEGK	2	sp|P01008|ANT3_HUMAN	0.0035419127	1.0	0.9371886372222573	560557.2011689522
DSGPYSC[+57.021465]SVNVQDK	2	sp|Q96AP7|ESAM_HUMAN	0.0035419127	0.9797881705057813	0.8237118267636574	3930.6972755636943
VITEPIPVSDLR	2	sp|Q12913|PTPRJ_HUMAN	0.0035419127	1.0	0.9480011118047499	61109.071240962556
REPAVGEPAEVTTTVLVR	4	sp|P05362|ICAM1_HUMAN	0.0035419127	1.0	0.9194420379975996	3272.5285561519554
ESLLNHFLYEVAR	3	sp|P43652|AFAM_HUMAN	0.0035419127	1.0	0.8998397997063687	200588.24438749134
GVTSVSQIFHSPDLAIR	3	sp|P05155|IC1_HUMAN	0.0035419127	0.9797881705057813	0.9456712630373605	42947.87664111888
EMEDTLNHLK	3	sp|P17936|IBP3_HUMAN	0.0035419127	1.0	0.9316361564107407	27951.92614340045
AVLTIDEK	1	sp|P01009|A1AT_HUMAN	0.0035419127	0.9658285256870233	0.9634405084838605	35799.07884220524
NPDAVAAPYC[+57.021465]YTR	2	sp|P08519|APOA_HUMAN	0.0035419127	1.0	0.9040200654682456	32319.219556127628
GFMQTYYDDHLR	2	sp|P55056|APOC4_HUMAN	0.009049774	0.9054124614333342	0.7779114761165501	4378.030171278646
IHLMAGR	2	sp|Q5T013|HYI_HUMAN	0.0035419127	0.9797881705057813	0.9205418623893821	2269.430575404707
GQYC[+57.021465]YELDEK	2	sp|P04004|VTNC_HUMAN	0.0035419127	1.0	0.8781587235132243	10409.42095522835
ALSIGFETC[+57.021465]R	2	sp|P16070|CD44_HUMAN	0.0035419127	1.0	0.9555331224803204	342123.09562772466
STSESTAALGC[+57.021465]LVK	3	sp|P01859|IGHG2_HUMAN;sp|P01861|IGHG4_HUMAN	0.0035419127	0.9933552810135716	0.7515916178094412	546.1007410047051
EMEVLHLR	2	sp|P11362|FGFR1_HUMAN	0.0035419127	1.0	0.9055291272454603	135849.80322449008
VDLVLEK	2	sp|P17900|SAP3_HUMAN	0.0035419127	1.0	0.7797214156721103	62353.1465002996
VPLQQNFQDNQFQGK	2	sp|P80188|NGAL_HUMAN	0.0035419127	1.0	0.9015524064723682	629832.0767754342
YFHHNSDFHIPK	4	sp|O75015|FCG3B_HUMAN	0.0035419127	1.0	0.9169034887707046	1463092.1450522102
SKEQLTPLIK	2	sp|P02652|APOA2_HUMAN	0.0035419127	1.0	0.9421801334340097	32192.934273472743
MSSINADFAFNLYR	2	sp|P05543|THBG_HUMAN	0.0035419127	1.0	0.9434261563392264	672184.2880089573
NLAVSQVVHK	2	sp|P01011|AACT_HUMAN	0.0035419127	1.0	0.9612552028957878	1370935.0663419368
SEVEEWSDMYTVTSQLMLK	3	sp|Q9BY67|CADM1_HUMAN	0.0035419127	1.0	0.8951221366103262	38464.096316161864
GILTVDELLAIR	3	sp|P13473|LAMP2_HUMAN	0.0035419127	1.0	0.9637270978008716	2056.4048971871753
QQLQALSEPQPR	2	sp|Q8NBJ4|GOLM1_HUMAN	0.0035419127	0.9933552810135716	0.8853769443176394	3017.3145198633424
TEGDGVYTLNDK	2	sp|P00738|HPT_HUMAN;sp|P00739|HPTR_HUMAN	0.0035419127	1.0	0.9499539981608578	144436.99099565804
EQLGEFYEALDC[+57.021465]LR	3	sp|P02763|A1AG1_HUMAN	0.0035419127	0.9728591838590949	0.9479105448806547	4366575.977073355
WLQGSQELPR	2	sp|P01876|IGHA1_HUMAN;sp|P01877|IGHA2_HUMAN;sp|P0DOX2|IGA2_HUMAN	0.0035419127	0.9933552810135716	0.9731392166145748	340351.2722417114
VYSTSVTGSR	2	sp|Q9H299|SH3L3_HUMAN	0.0035419127	1.0	0.9591678606616136	40650.747511281195
SISC[+57.021465]QEIPGQQSR	2	sp|P27918|PROP_HUMAN	0.0035419127	1.0	0.9442912648272825	306491.0967529676
TSDQIHFFFAK	3	sp|P01008|ANT3_HUMAN	0.0035419127	0.9933552810135716	0.9912480748260755	252769.864980313
DDNPNLPR	2	sp|P02768|ALBU_HUMAN	0.0035419127	0.9797881705057813	0.9532443115216312	27162.659132728095
EPQVYTLPPSR	2	sp|P01857|IGHG1_HUMAN;sp|P01859|IGHG2_HUMAN;sp|P01860|IGHG3_HUMAN;sp|P0DOX5|IGG1_HUMAN	0.0035419127	1.0	0.9130612579542987	3929.7026017710746
SAVQGPPER	2	sp|P01876|IGHA1_HUMAN;sp|P01877|IGHA2_HUMAN	0.0035419127	0.9797881705057813	0.9451069574225667	43932.388153038475
NSVIKVPMMNSK	2	sp|P05155|IC1_HUMAN	0.0035419127	0.9797881705057813	0.9655143033072474	77389.15798550702
ASVSVTAEDEGTQR	2	sp|P05362|ICAM1_HUMAN	0.0035419127	1.0	0.9647390353171812	106906.6402577045
ESGTDDFNVWIGLHDPK	3	sp|P05451|REG1A_HUMAN	0.0035419127	1.0	0.937943170904067	50334.51884103113
RYTIAALLSPYSYSTTAVVTNPK	3	sp|P02766|TTHY_HUMAN	0.0035419127	0.9728591838590949	0.970236583639707	350105.6452978806
FNWYVDGVEVHNAK	2	sp|P01857|IGHG1_HUMAN;sp|P0DOX5|IGG1_HUMAN	0.0035419127	1.0	0.9012500491275852	43214.68389457929
KGEVLPLPEANFPSFPLPHHK	5	sp|P04196|HRG_HUMAN	0.0045871558	0.9366095275687156	0.9978681600719814	3428.4701572608337
LPGIVAEGRDDLYVSDAFHK	3	sp|P01008|ANT3_HUMAN	0.0035419127	0.9866190731264982	0.9477006311971736	154903.6360188001
VLNQELR	2	sp|P05090|APOD_HUMAN	0.0035419127	1.0	0.9803109675895082	4723247.1689708615
LYIEYGIQR	2	sp|Q9NPH3|IL1AP_HUMAN	0.0035419127	1.0	0.933452705747069	103352.51512202356
HTFM[+15.994915]GVVSLGSPSGEVSHPR	4	sp|P02765|FETUA_HUMAN	0.0035419127	0.9933552810135716	0.8956370164956096	5596.663230229349
TLLEGEESR	2	sp|P04264|K2C1_HUMAN	0.0035419127	1.0	0.8924439575929233	47943.20966115411
VQPYLDDFQK	2	sp|P02647|APOA1_HUMAN	0.0035419127	1.0	0.962617240137395	133212.84825774605
SSAEAQTPEDTPNK	2	sp|O43493|TGON2_HUMAN	0.0035419127	1.0	0.9359258064876599	26070.217064671906
C[+57.021465]SPHLVLSALTSDNHGATYAFSGTHYWR	5	sp|P02790|HEMO_HUMAN	0.0035419127	0.9797881705057813	0.9353387495990515	1107894.231434167
LGMFNIQHC[+57.021465]K	3	sp|P01009|A1AT_HUMAN	0.0035419127	1.0	0.9365743115034849	2476797.5157481087
SGAQATWTELPWPHEK	2	sp|P02790|HEMO_HUMAN	0.0035419127	1.0	0.944525198392221	1613019.0285439044
DNPMYYC[+57.021465]NK	2	sp|O75882|ATRN_HUMAN	0.0035419127	0.9933552810135716	0.9334490150518474	6157.890068299428
DVFLGMFLYEYAR	3	sp|P02768|ALBU_HUMAN	0.0035419127	1.0	0.973119694027587	478747.438553279
ADGNQLTLEER	2	sp|Q6YHK3|CD109_HUMAN	0.0035419127	0.9933552810135716	0.91073470909376	7081.701840737671
SGTSASLAISGLR	2	sp|P01700|LV147_HUMAN	0.0035419127	1.0	0.9235564018864015	42837.85147230635
TAFQEALDAAGDK	2	sp|P10599|THIO_HUMAN	0.0035419127	0.9933552810135716	0.7759168883220896	74705.52506600317
WEMPFDPQDTHQSR	2	sp|P01011|AACT_HUMAN	0.0035419127	0.9728591838590949	0.9386552835844318	14385.646881924491
DSTYSLSSTLTLSK	2	sp|P01834|IGKC_HUMAN;sp|P0DOX7|IGK_HUMAN	0.0035419127	1.0	0.9253869381652565	301835.8005556774
IC[+57.021465]LDLQAPLYK	2	sp|P02776|PLF4_HUMAN	0.0035419127	1.0	0.9819798573062969	827541.8757581767
HTFMGVVSLGSPSGEVSHPR	4	sp|P02765|FETUA_HUMAN	0.0035419127	0.9933552810135716	0.912280891223645	277438.38334617956
ESTLHLVLR	2	sp|P0CG47|UBB_HUMAN;sp|P0CG48|UBC_HUMAN;sp|P62979|RS27A_HUMAN;sp|P62987|RL40_HUMAN	0.0035419127	1.0	0.8382408716069158	514212.23118357384
LTLTPWVGLR	2	sp|O75882|ATRN_HUMAN	0.0035419127	1.0	0.9884299668649734	1800337.6205878481
HTLNQIDEVK	2	sp|P02765|FETUA_HUMAN	0.0035419127	0.9933552810135716	0.9727672635060743	120202.40348037935
SLHTLFGDK	2	sp|P02768|ALBU_HUMAN	0.0045871558	0.9440873193926883	0.8586360142847621	4362.238045507417
QGHNSVFLIK	2	sp|P02790|HEMO_HUMAN	0.0035419127	1.0	0.991695328479212	86281.28822933818
SC[+57.021465]ALDQNC[+57.021465]QWEPR	2	sp|O75882|ATRN_HUMAN	0.0035419127	1.0	0.9291356195323529	144536.3293548762
IAPQLSTEELVSLGEK	3	sp|P43652|AFAM_HUMAN	0.0035419127	0.9728591838590949	0.7490875525498587	8251.091651170831
QVILTLQPTLVAVGK	2	sp|P13598|ICAM2_HUMAN	0.009049774	1.0	0.9320593685398578	3966233.9317101627
LVYHLGLPFSFLTFPYVEEAIK	4	sp|P49908|SEPP1_HUMAN	0.010089686	0.897262926642552	0.8790795789565792	6255.156372944211
FTVNNLAEPQK	3	sp|P12259|FA5_HUMAN	0.0035419127	1.0	0.8603102278420103	1325.5250387461542
VTTVASHTSDSDVPSGVTEVVVK	4	sp|P10909|CLUS_HUMAN	0.0035419127	0.9866190731264982	0.9758027066414705	6405.974613436838
FRIEDGFSLK	3	sp|P01008|ANT3_HUMAN	0.0035419127	1.0	0.9635386105895403	1857024.2212405258
EQVTNVGGAVVTGVTAVAQK	3	sp|P37840|SYUA_HUMAN	0.0035419127	1.0	0.8978911729650739	20656.48070064258
GDDITMVLILPKPEK	2	sp|P01008|ANT3_HUMAN	0.005701254	0.9212790999005022	0.9066078111884891	9299.995991519516
LDSSEFLK	2	sp|Q12841|FSTL1_HUMAN	0.0035419127	0.9866190731264982	0.9504638258457134	764.0611104017171
GLDTSLGAVQSDTGR	3	sp|Q13477|MADCA_HUMAN	0.025164114	0.5879493283318651	0.8883440657007879	2823.726481078847
AGVETTTPSK	2	sp|P0DOY2|IGLC2_HUMAN;sp|P0DOY3|IGLC3_HUMAN	0.0035419127	0.9866190731264982	0.9753525644548104	3533.6675555800944
LLIYWASTR	2	sp|P06312|KV401_HUMAN	0.0035419127	0.9933552810135716	0.8845057275387944	3602.0593055411423
DGWHSWPIAHQWPQGPSAVDAAFSWEEK	6	sp|P02790|HEMO_HUMAN	0.0121546965	0.8159995903747699	0.7983566538789144	4064.605511448498
FNKPFVFLMIEQNTK	3	sp|P01009|A1AT_HUMAN	0.0035419127	1.0	0.7485838124779423	30948.13085531292
HYYESEVLAMNFQDWATASR	3	sp|P08185|CBG_HUMAN	0.0035419127	0.9797881705057813	0.944190665974474	2701490.408865715
IILEDENDAMADADR	2	sp|Q9BUN1|MENT_HUMAN	0.0035419127	0.9728591838590949	0.933685128569554	26439.158785696363
ADLSGITGAR	1	sp|P01011|AACT_HUMAN	0.0035419127	1.0	0.827962945996249	59361.751076547174
MFLSFPTTK	2	sp|P69905|HBA_HUMAN	0.0035419127	1.0	0.9778555366761673	735381.9271420761
GLPNVVTSAISLPNIR	2	sp|Q92954|PRG4_HUMAN	0.0035419127	1.0	0.8146350160074154	41351.33465010871
QVVAGLNFR	2	sp|P01042|KNG1_HUMAN	0.0035419127	1.0	0.969552061909387	184761.40761727758
TLTLLSVTR	2	sp|P06731|CEAM5_HUMAN;sp|P13688|CEAM1_HUMAN;sp|P31997|CEAM8_HUMAN	0.0035419127	1.0	0.9329574883520991	161850.44204763084
LQHLENELTHDIITK	4	sp|P01009|A1AT_HUMAN	0.0035419127	0.9586923939928679	0.9404405300959529	181640.02507538575
LREQLGPVTQEFWDNLEK	3	sp|P02647|APOA1_HUMAN	0.0035419127	0.9866190731264982	0.9093553335351089	158832.9943298335
VGYVSGWGR	2	sp|P00738|HPT_HUMAN	0.0035419127	1.0	0.9656536793913482	1401714.1061740287
LVRPEVDVMC[+57.021465]TAFHDNEETFLK	3	sp|P02768|ALBU_HUMAN	0.0035419127	1.0	0.9741568264847295	448489.5165077433
DASGVTFTWTPSSGK	2	sp|P01876|IGHA1_HUMAN	0.0035419127	0.9866190731264982	0.9832451988104889	17295.24908260687
EGEEFTVTC[+57.021465]TIK	2	sp|P10721|KIT_HUMAN	0.0035419127	0.9933552810135716	0.8157848137543237	6657.418466249409
TMLLQPAGSLGSYSYR	2	sp|P41222|PTGDS_HUMAN	0.0035419127	0.9728591838590949	0.9765808832672189	111481.92979517984
LLDNWDSVTSTFSK	3	sp|P02647|APOA1_HUMAN	0.0035419127	0.9797881705057813	0.7695402331154824	4202.080322311631
DVWGIEGPIDAAFTR	2	sp|P04004|VTNC_HUMAN	0.0035419127	1.0	0.9311497188124097	659900.5772230866
GGNIFHK	2	sp|P13598|ICAM2_HUMAN	0.0035419127	1.0	0.9039951874597912	69666.88673358172
DIAPTLTLYVGK	3	sp|P00738|HPT_HUMAN;sp|P00739|HPTR_HUMAN	0.0035419127	0.9797881705057813	0.9654809737530491	737.0871496574099
AVSISPTNVILTWK	2	sp|Q12913|PTPRJ_HUMAN	0.0035419127	0.9866190731264982	0.931378425362608	67574.22297385358
YVGGQEHFAHLLILR	3	sp|P02763|A1AG1_HUMAN	0.0035419127	1.0	0.9771890874716854	2740822.9049307066
SDVM[+15.994915]YTDWK	2	sp|P19652|A1AG2_HUMAN	0.0035419127	0.9933552810135716	0.8484888201750338	1059.530437225836
FSGSGSGTDFTLTISR	2	sp|A0A0C4DH25|KVD20_HUMAN;sp|P01619|KV320_HUMAN	0.0035419127	1.0	0.959632505986494	207067.09294992874
SDVMYTDWK	2	sp|P19652|A1AG2_HUMAN	0.0035419127	1.0	0.9962680322660433	480581.81732490956
YIC[+57.021465]ENQDSISSK	2	sp|P02768|ALBU_HUMAN	0.0035419127	0.9866190731264982	0.9437392804711143	174420.16646799326
AQYEEIAQR	2	sp|P02538|K2C6A_HUMAN;sp|P04259|K2C6B_HUMAN;sp|P19013|K2C4_HUMAN;sp|P35908|K22E_HUMAN;sp|P48668|K2C6C_HUMAN;sp|Q01546|K22O_HUMAN	0.0035419127	1.0	0.9242682366672963	10009.398876988505
GGSTSYGTGSETESPR	2	sp|P02671|FIBA_HUMAN	0.0035419127	0.9797881705057813	0.9376145373278716	8548.301623026131
SYPGLTSYLVR	2	sp|P80188|NGAL_HUMAN	0.0035419127	1.0	0.8736933635242472	13741.4041386163
EHVAHLLFLRDTK	2	sp|P19652|A1AG2_HUMAN	0.0035419127	1.0	0.8969876708026464	306824.2255644197
RLGMFNIQHC[+57.021465]K	3	sp|P01009|A1AT_HUMAN	0.0035419127	0.9797881705057813	0.9579510828010621	517506.76634567033
EFTPPVQAAYQK	2	sp|P68871|HBB_HUMAN	0.0035419127	1.0	0.9293013660495784	70302.65124688615
EENFYVDETTVVK	2	sp|P08185|CBG_HUMAN	0.0035419127	0.9797881705057813	0.981108577196619	180271.69961930206
SAGSVESPSVSSTHR	2	sp|P17936|IBP3_HUMAN	0.0035419127	0.9866190731264982	0.8872824158776036	870.015863016014
IHWESASLLR	2	sp|P01024|CO3_HUMAN	0.0035419127	1.0	0.8995121746164885	264396.79859935504
EVGTPHGIILDSVDAAFIC[+57.021465]PGSSR	3	sp|P02790|HEMO_HUMAN	0.0035419127	1.0	0.9431450948532466	37213280.57939082
VC[+57.021465]PFAGILENGAVR	2	sp|P02749|APOH_HUMAN	0.0110741975	0.8630568252698203	0.9640256764813343	515843.9897090465
AFIQLWAFDAVK	3	sp|P02760|AMBP_HUMAN	0.0035419127	0.9866190731264982	0.8507527851571722	441.55732108857535
TLLSNLEEAK	2	sp|P10909|CLUS_HUMAN	0.0035419127	1.0	0.9657026377198613	1945091.405863034
WTFEILDETNENK	3	sp|P10721|KIT_HUMAN	0.0110741975	0.8718655118414741	0.7282725224422819	340.4331399508915
VDGALC[+57.021465]MEK	2	sp|P02790|HEMO_HUMAN	0.0035419127	0.9866190731264982	0.9495955542291719	212840.95674676826
ESSSHHPGIAEFPSR	3	sp|P02671|FIBA_HUMAN	0.0035419127	1.0	0.930826028260576	55102.08039350146
FIC[+57.021465]PLTGLWPINTLK	2	sp|P02749|APOH_HUMAN	0.0035419127	0.9933552810135716	0.9625281383475277	210480.50659936952
EPQDTYHYLPFSLPHR	3	sp|P10909|CLUS_HUMAN	0.0035419127	1.0	0.9476776562061122	69940.06360913193
SVLGQLGITK	2	sp|P01009|A1AT_HUMAN	0.0035419127	1.0	0.9763330337730152	17437765.275942408
TM[+15.994915]LLQPAGSLGSYSYR	3	sp|P41222|PTGDS_HUMAN	0.0035419127	0.9728591838590949	0.803826469900738	13677.1956135345
FLENEDRR	2	sp|P01009|A1AT_HUMAN	0.0035419127	1.0	0.9518753782887962	1681686.4447097199
NWPESVYFFK	2	sp|Q92954|PRG4_HUMAN	0.0035419127	1.0	0.8180398007596915	3872.02677911399
FIQSQDYQC[+57.021465]SALMGGR	2	sp|P07333|CSF1R_HUMAN	0.0035419127	0.9658285256870233	0.8281020386834403	5095.831663313012
MYATIYELK	2	sp|P80188|NGAL_HUMAN	0.0035419127	0.9933552810135716	0.9877087249898344	17754.911064994754
EHVAHLLFLR	3	sp|P19652|A1AG2_HUMAN	0.0035419127	0.9728591838590949	0.9676940065077302	353465.38019883906
KLINDYVK	2	sp|P01011|AACT_HUMAN	0.0035419127	0.9866190731264982	0.9971419943892103	41388.13845388056
YEGGREHVAHLLFLR	4	sp|P19652|A1AG2_HUMAN	0.0035419127	0.9797881705057813	0.9652252396916603	72896.47083916247
TEDTIFLR	2	sp|P02763|A1AG1_HUMAN;sp|P19652|A1AG2_HUMAN	0.015384615	0.9866190731264982	0.9815154067291247	138802.64376906666
DFLQSLK	2	sp|P08697|A2AP_HUMAN	0.0035419127	1.0	0.9316737674733698	412184.34321777534
LSPYVHYTFR	3	sp|P32004|L1CAM_HUMAN	0.0035419127	1.0	0.8791217214937972	38491.16267768661
LC[+57.021465]TPLLPK	2	sp|P27918|PROP_HUMAN	0.0035419127	0.9866190731264982	0.9601547048937749	6765.674707900126
TVAAC[+57.021465]NLPIVR	2	sp|P02760|AMBP_HUMAN	0.0035419127	0.9933552810135716	0.9731752588138612	413083.36336398794
AFSVNIFK	2	sp|P11279|LAMP1_HUMAN	0.0035419127	0.9797881705057813	0.9696656041145805	56904.221568979825
GKEESLDSDLYAELR	4	sp|P02775|CXCL7_HUMAN	0.0035419127	1.0	0.8901222722753872	105536.25639007989
IPLNDLFR	2	sp|P13473|LAMP2_HUMAN	0.0035419127	0.9866190731264982	0.858692675615574	7025.259894566924
SKLPGIVAEGRDDLYVSDAFHK	3	sp|P01008|ANT3_HUMAN	0.0035419127	0.9933552810135716	0.8843193859489142	132740.8550193425
TSESGELHGLTTEEEFVEGIYK	4	sp|P02766|TTHY_HUMAN	0.0035419127	1.0	0.9569840130852011	724225.6080969477
ALTDMPQMR	2	sp|P02671|FIBA_HUMAN	0.0035419127	1.0	0.943571865461736	274176.60532512615
QINDYVEK	2	sp|P01009|A1AT_HUMAN	0.0035419127	1.0	0.9511934201939105	76836.54385865142
ESSSHHPGIAEFPSR	4	sp|P02671|FIBA_HUMAN	0.0035419127	1.0	0.8793095350370456	158016.30747261157
ELDRDTVFALVNYIFFK	3	sp|P01009|A1AT_HUMAN	0.0035419127	0.9933552810135716	0.954797377124394	4342690.697003504
WYNLAIGSTC[+57.021465]PWLK	3	sp|P02760|AMBP_HUMAN	0.0035419127	1.0	0.7840768642746054	50055.59932427597
RLWWLDLK	2	sp|P02790|HEMO_HUMAN	0.0035419127	0.9933552810135716	0.9440136176291396	46635.07500502355
DIPMNPMC[+57.021465]IYR	3	sp|P01008|ANT3_HUMAN	0.014285714	0.7510559064272662	0.7588702563904209	6417.219833929694
HSWTIPEDGNSQK	2	sp|Q13201|MMRN1_HUMAN	0.0035419127	1.0	0.8737687684039064	30677.247458757283
NPNLPPETVDSLK	2	sp|P05090|APOD_HUMAN	0.0035419127	0.9933552810135716	0.9473937227913907	71282.6527965469
ALGISPFHEHAEVVFTANDSGPR	4	sp|P02766|TTHY_HUMAN	0.0035419127	1.0	0.9360998436124881	90650602.19450471
WLQDNAENVYVWK	2	sp|P07359|GP1BA_HUMAN	0.0035419127	1.0	0.899036226254935	537812.9470026063
YKEENDDFASFR	2	sp|P04196|HRG_HUMAN	0.0035419127	1.0	0.9485543793439389	242195.0717967684
DSVGQLQLYR	2	sp|Q99941|ATF6B_HUMAN	0.0035419127	0.9933552810135716	0.8759348128976949	19980.2286547966
SVNNVVVR	1	sp|O75882|ATRN_HUMAN	0.0035419127	0.9728591838590949	0.9015957982903655	2224.061458533906
TLMFGSYLDDEKNWGLSFYADKPETTK	5	sp|P19652|A1AG2_HUMAN	0.0035419127	1.0	0.8788038749832608	82603.2684897471
VAEGTQVLELPFK	2	sp|P01008|ANT3_HUMAN	0.0035419127	1.0	0.9388838014791129	504661.34029730875
GIYSFSFHVIK	3	sp|Q9NTU7|CBLN4_HUMAN	0.0035419127	1.0	0.9017782595801641	284000.9329433099
GTWTQPFDLASTR	2	sp|P08185|CBG_HUMAN	0.0035419127	0.9866190731264982	0.9530262816535333	3375053.2621368333
DKC[+57.021465]EPLEKQHEK	4	sp|P02763|A1AG1_HUMAN;sp|P19652|A1AG2_HUMAN	0.0035419127	1.0	0.8561560607477936	75192.1304306476
LNDLEDALQQAK	2	sp|P04264|K2C1_HUMAN	0.0035419127	1.0	0.8528062594733167	13210.939758802406
ALGISPFHEHAEVVFTANDSGPRR	4	sp|P02766|TTHY_HUMAN	0.0035419127	0.9866190731264982	0.9078814299142048	18819.141981124645
LLIYGASSR	2	sp|P01619|KV320_HUMAN	0.0035419127	1.0	0.9794737623867117	342169.6641934705
FNALQYLR	2	sp|P51884|LUM_HUMAN	0.0035419127	1.0	0.9085162430667492	33734.22918048518
EPNAQEILQR	2	sp|Q02747|GUC2A_HUMAN	0.0035419127	0.9933552810135716	0.9111883847445621	9605.067349035418
EEDPIHLR	2	sp|O75015|FCG3B_HUMAN;sp|P08637|FCG3A_HUMAN	0.0035419127	1.0	0.9859698544361787	785133.456716015
SPELQAEAK	1	sp|P02652|APOA2_HUMAN	0.0035419127	1.0	0.9798906821422065	276055.0690592285
LVLLNAIYLSAK	2	sp|P05155|IC1_HUMAN	0.0035419127	1.0	0.9749708155377885	26832692.461230166
EQYAVVGHSAHIVTLK	3	sp|O75882|ATRN_HUMAN	0.0035419127	1.0	0.7952451555386102	13795.631299192413
QSLEASLAETEGR	2	sp|P13645|K1C10_HUMAN	0.0045871558	0.9366095275687156	0.7448146259578003	3232.093346247276
MNTVIAALSR	2	sp|P08185|CBG_HUMAN	0.0035419127	1.0	0.91538402561321	350125.5864626053
SDGDPVQPAVLQVHQTS	2	sp|O95810|CAVN2_HUMAN	0.0035419127	1.0	0.975734530728882	585781.0304919538
TFVLPVTPPR	2	sp|P32942|ICAM3_HUMAN	0.0035419127	0.9933552810135716	0.9556832433758886	3645.498495366628
VTTPDTSTTQHNK	3	sp|Q92954|PRG4_HUMAN	0.0035419127	1.0	0.9235665454878161	42339.54638034594
KQINDYVEK	2	sp|P01009|A1AT_HUMAN	0.0035419127	1.0	0.9544632531369429	89649.224166904
NWGLSVYADKPETTK	2	sp|P02763|A1AG1_HUMAN	0.0035419127	1.0	0.9666799556677942	1829855.0837431217
GSSSSPLGISVR	2	sp|Q9NTU7|CBLN4_HUMAN	0.0035419127	1.0	0.9078160433339866	147001.5868699405
GLIDEVNQDFTNR	2	sp|P02671|FIBA_HUMAN	0.0035419127	1.0	0.9239233594513542	310676.74967239023
GSPAINVAVHVFRK	3	sp|P02766|TTHY_HUMAN	0.0035419127	0.9866190731264982	0.9094963466185881	41645.961679944885
VWPQQPSGELFEIEIDTLETTC[+57.021465]HVLDPTPVAR	4	sp|P02765|FETUA_HUMAN	0.0035419127	1.0	0.9302844713939289	6515324.735221239
DGNPFYFTDHR	2	sp|O00533|NCHL1_HUMAN	0.0035419127	0.9797881705057813	0.8615699094478894	8878.646817793851
TYM[+15.994915]LAFDVNDEK	3	sp|P02763|A1AG1_HUMAN	0.023051592	0.8540617215638593	0.8024445474399706	4756.878036383144
LYHSEAFTVNFGDTEEAKK	4	sp|P01009|A1AT_HUMAN	0.0035419127	1.0	0.9446146675022362	1208599.570356953
DYFMPC[+57.021465]PGR	3	sp|P02790|HEMO_HUMAN	0.0035419127	1.0	0.9379313235602217	19374.276088089697
GSPAINVAVHVFR	3	sp|P02766|TTHY_HUMAN	0.0035419127	0.9933552810135716	0.9535039726782991	2888374.9763199636
ANRPFLVFIR	2	sp|P01008|ANT3_HUMAN	0.0035419127	0.9728591838590949	0.8307066593422788	10525.359803490739
SSGQWQTPGATR	2	sp|P06681|CO2_HUMAN	0.0035419127	1.0	0.9192439133256834	7187.769413052452
EAEPLVDIR	2	sp|Q9H8L6|MMRN2_HUMAN	0.0035419127	0.9866190731264982	0.816947924034713	8417.227877566196
EVPLNTIIFMGR	2	sp|P01008|ANT3_HUMAN	0.0035419127	0.9933552810135716	0.9605927313909003	2723102.2975349375
WSAGLTSSQVDLYIPK	2	sp|P08185|CBG_HUMAN	0.0035419127	1.0	0.9094038855160439	1346805.7603448147
SC[+57.021465]AVAEYGVYVK	2	sp|P00738|HPT_HUMAN;sp|P00739|HPTR_HUMAN	0.0121546965	0.9933552810135716	0.9543629207833574	582915.8119303443
GEVLPLPEANFPSFPLPHHK	3	sp|P04196|HRG_HUMAN	0.0035419127	1.0	0.9527796795925558	390498.1604668717
FKLDDDLEHQGGHVLDHGHK	5	sp|P01042|KNG1_HUMAN	0.0035419127	0.9866190731264982	0.9348885285957653	33251.85265179216
IDPSHTQGYR	3	sp|P40189|IL6RB_HUMAN	0.0035419127	0.9586923939928679	0.8488454798939831	2541.103939107488
VVSTNYNQHAMVFFK	2	sp|P80188|NGAL_HUMAN	0.0035419127	0.9933552810135716	0.7918464373016388	29608.62703688028
SDVVYTDWKKDK	3	sp|P02763|A1AG1_HUMAN	0.0035419127	0.9866190731264982	0.8505727862639659	25549.710714904086
DGEQIEQEEDDEK	2	sp|P13591|NCAM1_HUMAN	0.0035419127	0.9797881705057813	0.8616618845917078	1109.0324846150977
GSFPWQAK	2	sp|P00738|HPT_HUMAN;sp|P00739|HPTR_HUMAN	0.0035419127	0.9797881705057813	0.9846755382460203	748153.068673988
ETLLQDFR	2	sp|P02760|AMBP_HUMAN	0.0035419127	0.9866190731264982	0.9576845735309437	473910.2180186283
AVMDDFAAFVEK	2	sp|P02768|ALBU_HUMAN	0.0035419127	0.9797881705057813	0.9638342143873042	943078.9439698552
VFEVHVRPK	2	sp|P13598|ICAM2_HUMAN	0.0035419127	1.0	0.9680002129087164	147537.93154816492
ALMSPAGMLR	2	sp|O75144|ICOSL_HUMAN	0.0035419127	0.9866190731264982	0.9850499442003969	378876.87050948374
YVGGQEHFAHLLILRDTK	3	sp|P02763|A1AG1_HUMAN	0.0035419127	0.9933552810135716	0.9597395991471492	271766.3005486218
QISNLQQSISDAEQR	3	sp|P04264|K2C1_HUMAN	0.0035419127	0.9728591838590949	0.7036052839733052	7088.302815534659
EESLDSDLYAELR	3	sp|P02775|CXCL7_HUMAN	0.0035419127	0.9866190731264982	0.9065626199924187	2946.494095750987
QQTHMLDVMQDHFSR	4	sp|P10909|CLUS_HUMAN	0.0035419127	1.0	0.9454316200304799	20235.29904207929
NIDVFNVEDQK	2	sp|Q8NBJ4|GOLM1_HUMAN	0.0035419127	1.0	0.7091274237871492	17203.613537859062
VVAGVANALAHK	2	sp|P02042|HBD_HUMAN;sp|P68871|HBB_HUMAN	0.0035419127	1.0	0.9661637490924336	279211.1457709614
QEPSQGTTTFAVTSILR	2	sp|P01876|IGHA1_HUMAN	0.0035419127	1.0	0.9259496264241399	186707.7603700549
ITQVTWQK	2	sp|Q15223|NECT1_HUMAN	0.0035419127	1.0	0.9329409559957635	98573.41794804977
NFPSPVDAAFR	3	sp|P02790|HEMO_HUMAN	0.0035419127	1.0	0.8456239647940591	178050.09097717147
RYTIAALLSPYSYSTTAVVTNPKE	5	sp|P02766|TTHY_HUMAN	0.010089686	0.897262926642552	0.8423297574379699	6934.992346532524
GYQINWWK	2	sp|O00533|NCHL1_HUMAN	0.0110741975	0.8540617215638593	0.9502775585731222	9396.631157118387
DQYYNIDVPSR	2	sp|Q92954|PRG4_HUMAN	0.0035419127	0.9933552810135716	0.9398504445047796	908755.7811972131
KYPVAHFIDQTLK	3	sp|P05155|IC1_HUMAN	0.0035419127	0.9797881705057813	0.7220117298974845	2409.440220247068
NTVYLQMNSLR	2	sp|P0DOX2|IGA2_HUMAN	0.0035419127	1.0	0.8680776188821615	1950.7856766074829
ALTFELTLR	2	sp|P07333|CSF1R_HUMAN	0.0035419127	1.0	0.9321492293104412	274385.58659541345
SKLPGIVAEGR	2	sp|P01008|ANT3_HUMAN	0.0035419127	0.9866190731264982	0.9547889333375509	99121.63243978638
VGSPFELVVSGNK	2	sp|Q6YHK3|CD109_HUMAN	0.0035419127	1.0	0.8773697592752275	12431.570195672486
VKSPELQAEAK	2	sp|P02652|APOA2_HUMAN	0.0035419127	0.9728591838590949	0.971069879242084	7176.468607281666
EYC[+57.021465]GVPGDGDEELLR	2	sp|P02760|AMBP_HUMAN	0.0035419127	1.0	0.934802643711057	2182879.5048403637
FGQTPVQER	2	sp|O95497|VNN1_HUMAN	0.0035419127	1.0	0.8490144713359884	18639.47511108539
VFSNGADLSGVTEEAPLK	2	sp|P01009|A1AT_HUMAN	0.0035419127	1.0	0.8373268237010866	805610.9156634631
VADALTNAVAHVDDMPNALSALSDLHAHK	4	sp|P69905|HBA_HUMAN	0.0035419127	0.9933552810135716	0.9029104901328874	173206.01051398396
EQLTPLIK	2	sp|P02652|APOA2_HUMAN	0.0035419127	1.0	0.9773216645170039	858763.9505516134
ASFETC[+57.021465]SYGWVGDGFVVISR	3	sp|Q9Y5Y7|LYVE1_HUMAN	0.0035419127	1.0	0.8610521654099278	217797.07854184485
YLQEIYNSNNQK	2	sp|P02679|FIBG_HUMAN	0.0035419127	1.0	0.8487225366080545	85382.74869353273
LRTEGDGVYTLNNEK	3	sp|P00738|HPT_HUMAN	0.0110741975	0.8718655118414741	0.7678847100332553	8104.391938523667
QQTHMLDVMQDHFSR	3	sp|P10909|CLUS_HUMAN	0.0035419127	1.0	0.9253458513911518	5726.797837649616
TYMLAFDVNDEK	2	sp|P02763|A1AG1_HUMAN	0.0035419127	0.9866190731264982	0.9634778316962057	101420361.77240065
SVQEIQATFFYFTPNK	3	sp|P02763|A1AG1_HUMAN;sp|P19652|A1AG2_HUMAN	0.0035419127	1.0	0.896311236447444	47255.35784204677
SLTEEAENWGDGEPNNK	2	sp|P14151|LYAM1_HUMAN	0.0035419127	1.0	0.9576723381896569	205166.12029448897
EQLGEFYEALDC[+57.021465]LC[+57.021465]IPR	3	sp|P19652|A1AG2_HUMAN	0.0035419127	0.9866190731264982	0.8607227194669314	87916.67009855618
DMPASEDLQDLQK	2	sp|P49908|SEPP1_HUMAN	0.0035419127	1.0	0.8907990975102068	245042.5031584723
STSGGTAALGC[+57.021465]LVK	2	sp|P01857|IGHG1_HUMAN;sp|P01860|IGHG3_HUMAN;sp|P0DOX5|IGG1_HUMAN	0.0035419127	1.0	0.9036244099620679	122986.55844823424
KPDGYDYYAFSK	3	sp|Q92954|PRG4_HUMAN	0.0035419127	1.0	0.9304164302069565	177681.28671637992
GWSEEELQGVLR	2	sp|Q9H4A9|DPEP2_HUMAN	0.0035419127	0.9933552810135716	0.777225656097701	7284.935722758417
KWQEEMELYR	2	sp|P02647|APOA1_HUMAN	0.0035419127	0.9933552810135716	0.9632073426742754	9320.054058960377
ALQDQLVLVAAK	2	sp|P01019|ANGT_HUMAN	0.0045871558	0.9290085173289965	0.8137860152195477	4806.994237043013
LEDMEQALSPSVFK	2	sp|P05155|IC1_HUMAN	0.0035419127	0.9797881705057813	0.960926065771445	1011020.923646453
SFTIEC[+57.021465]R	1	sp|P13598|ICAM2_HUMAN	0.0045871558	0.9440873193926883	0.8897075515545051	7490.778430169666
NSGSELQVYYASPR	2	sp|P18850|ATF6A_HUMAN	0.0035419127	0.9797881705057813	0.839925241965803	11624.19172120258
ITPNLAEFAFSLYR	3	sp|P01009|A1AT_HUMAN	0.0035419127	1.0	0.9594211414041006	1490806.059428037
VWVYPPEK	2	sp|P02790|HEMO_HUMAN	0.0035419127	0.9866190731264982	0.9730982079693764	1474440.2141366338
RVC[+57.021465]TAELSC[+57.021465]K	2	sp|Q92954|PRG4_HUMAN	0.0035419127	0.9728591838590949	0.9333877213080068	3675.783704735606
DDLYVSDAFHK	3	sp|P01008|ANT3_HUMAN	0.0035419127	1.0	0.9878041694864728	157494.46965714084
NTWSILHTQGALVQGGYGHSSVYDHR	5	sp|O75882|ATRN_HUMAN	0.0035419127	0.9866190731264982	0.9137884419415158	1391303.9824283721
LVYHLGLPFSFLTFPYVEEAIK	3	sp|P49908|SEPP1_HUMAN	0.0035419127	1.0	0.9553411042191056	3076272.6816106695
VEEVKPLEGR	3	sp|O00533|NCHL1_HUMAN	0.0035419127	1.0	0.8369243562312083	124795.79554026616
SLTEEAENWGDGEPNNKK	3	sp|P14151|LYAM1_HUMAN	0.0035419127	0.9933552810135716	0.9346991238557552	276732.7305383296
SDVMYTDWKKDK	2	sp|P19652|A1AG2_HUMAN	0.0035419127	1.0	0.8370475310413279	28657.708116407728
QNQC[+57.021465]FYNSSYLNVQR	3	sp|P19652|A1AG2_HUMAN	0.0035419127	0.9658285256870233	0.9071248489189943	18395.850066647898
VGAHAGEYGAEALER	2	sp|P69905|HBA_HUMAN	0.0035419127	0.9866190731264982	0.8845631810786554	21625.496958712836
TVVQPSVGAAAGPVVPPC[+57.021465]PGR	4	sp|P02765|FETUA_HUMAN	0.0045871558	0.9290085173289965	0.794741936787916	3390.611451865178
DTINLLDQR	2	sp|Q8NBJ4|GOLM1_HUMAN	0.0035419127	1.0	0.9440205171624394	121109.01359373143
AEIEYLEK	2	sp|P14151|LYAM1_HUMAN	0.0035419127	0.9866190731264982	0.9787266922501014	220714.54905891645
AEGAATEEEGTPK	2	sp|P80723|BASP1_HUMAN	0.0035419127	1.0	0.9722370701913962	2837.6871751827603
QEINSHVEMQTK	3	sp|P05543|THBG_HUMAN	0.0035419127	0.9866190731264982	0.7537977424542209	2704.002225990677
RPC[+57.021465]FSALEVDETYVPK	3	sp|P02768|ALBU_HUMAN	0.0035419127	1.0	0.8964125109643982	32510.84945185507
DTKTYMLAFDVNDEK	3	sp|P02763|A1AG1_HUMAN	0.0035419127	1.0	0.8856870184858897	490352.3513721315
YTIAALLSPYSYSTTAVVTNPKE	3	sp|P02766|TTHY_HUMAN	0.0035419127	1.0	0.941987828277326	39085450.08190539
DIPTNSPELEETLTHTITK	3	sp|P01042|KNG1_HUMAN	0.0035419127	1.0	0.9460723958003175	2581760.621240411
LGQSLDC[+57.021465]NAEVYVVPWEK	3	sp|P01042|KNG1_HUMAN	0.0035419127	0.9933552810135716	0.9544382968070559	13862.486572011649
YVGGQEHFAHLLILR	4	sp|P02763|A1AG1_HUMAN	0.0035419127	1.0	0.9549536665853089	40706683.74098795
GEAEYQEIR	2	sp|Q15223|NECT1_HUMAN	0.006795017	0.9134157281067091	0.9401179665585755	6009.0311485731845
DKC[+57.021465]EPLEK	2	sp|P02763|A1AG1_HUMAN;sp|P19652|A1AG2_HUMAN	0.0035419127	0.9866190731264982	0.994640016142241	66892.85390340272
DGWHSWPIAHQWPQGPSAVDAAFSWEEK	4	sp|P02790|HEMO_HUMAN	0.0035419127	0.9797881705057813	0.9420523662104087	3744822.692964723
GTEAAGAMFLEAIPMSIPPEVK	3	sp|P01009|A1AT_HUMAN	0.0035419127	0.9866190731264982	0.9550006189795287	28704.761220934102
SPSQDEMLPTYLK	2	sp|Q8IZF2|AGRF5_HUMAN	0.0035419127	0.9866190731264982	0.9541225836694517	19111.758715308806
SGAEAQTPEDSPNR	2	sp|O43493|TGON2_HUMAN	0.0035419127	1.0	0.9567979179967817	43365.335252404846
GTSAVNVVLSLK	2	sp|P20061|TCO1_HUMAN	0.0035419127	0.9933552810135716	0.9000033533025202	12476.462291714084
GVC[+57.021465]EETSGAYEK	2	sp|P02760|AMBP_HUMAN	0.0035419127	1.0	0.9797685655298539	167350.44905295555
TIAVLLDDILQR	3	sp|Q96EE4|CC126_HUMAN	0.0035419127	0.9797881705057813	0.9375019022010241	6666.64765260006
SDVVYTDWKK	2	sp|P02763|A1AG1_HUMAN	0.0035419127	1.0	0.9686499387555405	54035.37757510004
RHSLEYSLR	3	sp|Q13449|LSAMP_HUMAN	0.0035419127	1.0	0.9810653881464768	269078.48154402245
VQALEEANNDLENK	2	sp|P35527|K1C9_HUMAN	0.0035419127	1.0	0.8614823207495234	49205.06843403756
FLEDVKK	1	sp|P01009|A1AT_HUMAN	0.0035419127	1.0	0.9397716319656829	21480.860369727372
NILTSNNIDVK	2	sp|P05090|APOD_HUMAN	0.0035419127	1.0	0.9640638530351823	3516771.1171093467
GPGEDFR	2	sp|P41222|PTGDS_HUMAN	0.0035419127	0.9728591838590949	0.9806672361773617	20458.826289407094
LFDSDPITVTVPVEVSR	3	sp|P10909|CLUS_HUMAN	0.0035419127	1.0	0.937103295203106	176952.2916726597
EPQDTYHYLPFSLPHR	4	sp|P10909|CLUS_HUMAN	0.0035419127	1.0	0.9229858697344276	68566.1765891824
NEDSLVFVQTDK	2	sp|P01023|A2MG_HUMAN	0.0035419127	0.9933552810135716	0.8684442850978726	2501.3984600239583
RGENLFAITDEGMDVPLAMEEWHHER	4	sp|Q6UXB8|PI16_HUMAN	0.0035419127	0.9797881705057813	0.8602039942764181	141933.69542263748
ELDESLQVAER	2	sp|P10909|CLUS_HUMAN	0.0035419127	1.0	0.9628065067327914	176468.5864113667
TLLVFEVQQPFLFVLWDQQHKFPVFMGR	4	sp|P05155|IC1_HUMAN	0.0035419127	1.0	0.9675096565394101	270010.0100422345
YPVAHFIDQTLK	2	sp|P05155|IC1_HUMAN	0.0035419127	1.0	0.9615005566886438	328991.0969595368
FEDGVLDPDYPR	2	sp|P04004|VTNC_HUMAN	0.0035419127	0.9866190731264982	0.948298107671553	124058.18424079694
FQPTLLTLPR	2	sp|P05155|IC1_HUMAN	0.0035419127	0.9933552810135716	0.9683009671413116	328492.94854760915
SDVMYTDWKK	2	sp|P19652|A1AG2_HUMAN	0.0035419127	1.0	0.9238893082651919	20342.679079359004
SLPTEDC[+57.021465]ENEK	2	sp|Q13790|APOF_HUMAN	0.0035419127	1.0	0.9025231535004281	5671.464047068875
FNQPFIIMIFDHFTWSSLFLAR	4	sp|P08185|CBG_HUMAN	0.0035419127	0.9658285256870233	0.8963024264278057	15013.87782939496
ETEYGPC[+57.021465]R	2	sp|P17936|IBP3_HUMAN	0.010089686	0.9054124614333342	0.8339897485681541	1260.0554863790333
GSESGIFTNTK	2	sp|P02671|FIBA_HUMAN	0.0035419127	1.0	0.9561572229637921	89231.94442120219
LINDYVK	1	sp|P01011|AACT_HUMAN	0.0035419127	1.0	0.9435798628733402	30544.19431614719
GKEESLDSDLYAELR	3	sp|P02775|CXCL7_HUMAN	0.0035419127	1.0	0.9416568050688862	195237.65803315607
SDDSVIQLLNPNR	2	sp|Q9BY67|CADM1_HUMAN	0.0035419127	0.9866190731264982	0.8662360145952299	63426.77211104955
MYLGYEYVTAIR	3	sp|P02787|TRFE_HUMAN	0.0035419127	1.0	0.8251944745020375	17886.962591525065
YGFIEGHVVIPR	2	sp|P16070|CD44_HUMAN	0.0035419127	0.9933552810135716	0.8838983805296299	41095.288321616354
VTVLGQPK	2	sp|B9A064|IGLL5_HUMAN;sp|P0DOX8|IGL1_HUMAN	0.0035419127	0.9728591838590949	0.988404552879868	22617.826126275104
DLGEENFK	1	sp|P02768|ALBU_HUMAN	0.0035419127	0.9866190731264982	0.9036764879087155	499.063881077647
LVRPEVDVMC[+57.021465]TAFHDNEETFLK	4	sp|P02768|ALBU_HUMAN	0.0035419127	1.0	0.9274055087406482	250530.69934216753
GLEEELQFSLGSK	2	sp|P0C0L4|CO4A_HUMAN;sp|P0C0L5|CO4B_HUMAN	0.0035419127	1.0	0.8469635735039418	26064.088668860488
HRLEDMEQALSPSVFK	3	sp|P05155|IC1_HUMAN	0.0035419127	0.9728591838590949	0.9380974294100353	33941.95986696797
ELDRDTVFALVNYIFFK	4	sp|P01009|A1AT_HUMAN	0.0035419127	0.9933552810135716	0.9736651526482727	91031.68087977104
AGTELVNFLSYFVELGTQPATQ	3	sp|P02652|APOA2_HUMAN	0.0035419127	1.0	0.9405112540524272	2290510.7380697485
YYWGGQYTWDMAK	2	sp|P02675|FIBB_HUMAN	0.0035419127	1.0	0.9797885179484564	528539.4644470097
TVAAPSVFIFPPSDEQLK	3	sp|P01834|IGKC_HUMAN	0.0035419127	1.0	0.9222543501047658	15765.266581755443
TFLTVYWTPER	2	sp|P05362|ICAM1_HUMAN	0.0035419127	0.9933552810135716	0.9088920498099271	6438.9438010488075
KGPGPGGPGGAGVAR	3	sp|Q92686|NEUG_HUMAN	0.0035419127	0.9728591838590949	0.8748578683700098	5639.811672349196
EFLEDTC[+57.021465]VQYVQK	2	sp|Q9UNN8|EPCR_HUMAN	0.0035419127	1.0	0.9211174653677427	242970.28236230375
WYVDGVEVHNAK	2	sp|P01860|IGHG3_HUMAN	0.0035419127	0.9866190731264982	0.9529360825131648	2224.776403736559
AAC[+57.021465]LLPK	2	sp|P02768|ALBU_HUMAN	0.0035419127	1.0	0.9737862760766549	251206.09421261935
SGAEEQGPIDGPSK	2	sp|O43493|TGON2_HUMAN	0.0035419127	0.9933552810135716	0.9920429396707815	22733.347096938
IENVSYQDK	2	sp|O00533|NCHL1_HUMAN	0.0035419127	1.0	0.924623376137826	36755.437410273254
VQLTGEPVPMAR	2	sp|P15151|PVR_HUMAN	0.0035419127	1.0	0.9788090903561306	201833.49700036
SKLPGIVAEGRDDLYVSDAFHK	5	sp|P01008|ANT3_HUMAN	0.0035419127	0.9933552810135716	0.9040493465504797	239304.19208763418
NHNALLASLTTQK	2	sp|O75882|ATRN_HUMAN	0.0035419127	0.9933552810135716	0.981176353112653	8166.795919719529
SQYEQLAEQNR	2	sp|P13645|K1C10_HUMAN	0.0035419127	0.9933552810135716	0.8976242112327114	6285.317373264261
VLSYVDWIK	2	sp|Q9NZP8|C1RL_HUMAN	0.0035419127	0.9933552810135716	0.8946362213931828	9391.762284845725
IGPDNLPYVQILK	2	sp|P11362|FGFR1_HUMAN	0.0035419127	0.9866190731264982	0.9935529099828463	77432.94629008007
AVLDVFEEGTEASAATAVK	2	sp|P01011|AACT_HUMAN	0.0035419127	1.0	0.9515796711688355	156395.99421921195
NWGLSFYADKPETTK	2	sp|P19652|A1AG2_HUMAN	0.0035419127	0.9728591838590949	0.9195199488169707	12716.125946958768
TC[+57.021465]VADESAENC[+57.021465]DK	2	sp|P02768|ALBU_HUMAN	0.0035419127	1.0	0.9535887953770772	25137.335569104514
SPELQAEAKSYFEK	2	sp|P02652|APOA2_HUMAN	0.0035419127	0.9728591838590949	0.9077003452501168	37359.59358037635
GEC[+57.021465]QAEGVLFFQGDR	2	sp|P02790|HEMO_HUMAN	0.0035419127	0.9728591838590949	0.9395588373762735	154177.98392994606
STASFEELC[+57.021465]SEYR	2	sp|Q9NQ38|ISK5_HUMAN	0.0035419127	1.0	0.7765393015575457	35582.5053218093
ELELQIGNALFIGK	2	sp|P05543|THBG_HUMAN	0.0035419127	0.9797881705057813	0.9893432122816862	177746.68462989034
FLENEDR	2	sp|P01009|A1AT_HUMAN	0.0035419127	0.9797881705057813	0.9688130323281662	24066.24243617709
GPSVFPLAPC[+57.021465]SR	2	sp|P01859|IGHG2_HUMAN;sp|P01860|IGHG3_HUMAN;sp|P01861|IGHG4_HUMAN	0.0035419127	1.0	0.8940650909560229	26957.281855715253
YYC[+57.021465]FQGNQFLR	2	sp|P02790|HEMO_HUMAN	0.0035419127	1.0	0.9800284826282274	2246399.7225139183
DTVFALVNYIFFK	2	sp|P01009|A1AT_HUMAN	0.0035419127	1.0	0.9748572407103216	338393.24574391724
HSAQPWADFTLLGAR	2	sp|Q8IYS5|OSCAR_HUMAN	0.0035419127	1.0	0.8288398324815539	88717.94994254805
TDASDVKPC[+57.021465]	2	sp|P02749|APOH_HUMAN	0.0035419127	0.9866190731264982	0.8958939471670192	633.3836720390997
VTTSQDMLSIMEK	2	sp|P05155|IC1_HUMAN	0.0035419127	0.9866190731264982	0.9630508856366498	1919090.0260199627
DALSSVQESQVAQQAR	2	sp|P02656|APOC3_HUMAN	0.0035419127	0.9728591838590949	0.9476684321312833	65589.43794140579
QFTSSTSYNR	2	sp|P02671|FIBA_HUMAN	0.0035419127	0.9933552810135716	0.9859620854126647	27676.911246718177
ITQDAQLK	2	sp|P08185|CBG_HUMAN	0.0035419127	0.9797881705057813	0.9529775610761193	6454.022052073039
TDTSHHDQDHPTFNK	2	sp|P01009|A1AT_HUMAN	0.0035419127	0.9797881705057813	0.8473126359177912	1065.545043223633
AGGSWDLAVQER	2	sp|P22792|CPN2_HUMAN	0.0035419127	1.0	0.8657901755325041	9672.36360831482
LALDIEIATYR	2	sp|P05787|K2C8_HUMAN;sp|P08729|K2C7_HUMAN;sp|P14136|GFAP_HUMAN;sp|P19013|K2C4_HUMAN;sp|Q6KB66|K2C80_HUMAN	0.0035419127	1.0	0.888389868000843	24430.27747433685
YPPTVSMVEGQGEK	3	sp|P27918|PROP_HUMAN	0.006795017	0.9134157281067091	0.8297500291545761	3063.398667859941
ATLLEEQLPLGK	2	sp|Q9BQ51|PD1L2_HUMAN	0.0035419127	1.0	0.832238740470121	38912.19427037377
KVPQVSTPTLVEVSR	3	sp|P02768|ALBU_HUMAN	0.0035419127	1.0	0.9002251825380441	374926.34938000847
ASSIIDELFQDR	2	sp|P10909|CLUS_HUMAN	0.0035419127	0.9933552810135716	0.8885004756058169	50494.81776098733
LVVQSSIDSSAFK	2	sp|P10721|KIT_HUMAN	0.0035419127	1.0	0.937097524689476	90672.8854653777
SYSC[+57.021465]QVTHEGSTVEK	2	sp|B9A064|IGLL5_HUMAN;sp|P0CF74|IGLC6_HUMAN;sp|P0CG04|IGLC1_HUMAN;sp|P0DOX8|IGL1_HUMAN;sp|P0DOY2|IGLC2_HUMAN;sp|P0DOY3|IGLC3_HUMAN	0.0035419127	1.0	0.8947370587045007	780523.013406009
MLEEIMK	2	sp|P02679|FIBG_HUMAN	0.0035419127	0.9797881705057813	0.8915021124145889	9729.941568167298
FMPLSDVLYGR	2	sp|Q10588|BST1_HUMAN	0.0035419127	1.0	0.8166388648607055	2710.275715711243
FTDSENVC[+57.021465]QER	2	sp|P43652|AFAM_HUMAN	0.0035419127	0.9933552810135716	0.9017140967563558	7771.948088665685
FSISATYDLGATLLK	2	sp|P05543|THBG_HUMAN	0.0035419127	1.0	0.9493827851380408	87937.40252479452
GFGGLTGQIVAALSTAK	2	sp|Q92954|PRG4_HUMAN	0.0035419127	1.0	0.9745478791372825	1266813.8555116283
NWGLSVYADKPETTK	4	sp|P02763|A1AG1_HUMAN	0.0035419127	1.0	0.8891110843470617	581074.0464823546
TVLENLR	2	sp|A6NMB1|SIG16_HUMAN	0.0035419127	0.9728591838590949	0.9340204077701412	33912.64541985282
SASNMAIVDVK	2	sp|P01023|A2MG_HUMAN	0.016483517	0.9933552810135716	0.9328196997274635	5003.900872254805
QLVEIEK	2	sp|P00738|HPT_HUMAN;sp|P00739|HPTR_HUMAN	0.026229508	0.9728591838590949	0.9887365722405186	216862.38972172298
WKTTFDPK	2	sp|P05155|IC1_HUMAN	0.0035419127	0.9866190731264982	0.9855381164128174	6381.769778610617
GPALTTPK	1	sp|Q92954|PRG4_HUMAN	0.0035419127	0.9728591838590949	0.7613926371050513	1037.0130591630295
REPAVGEPAEVTTTVLVR	3	sp|P05362|ICAM1_HUMAN	0.0035419127	1.0	0.993914698061904	26227.379673240426
LTPTLYVGK	2	sp|O75460|ERN1_HUMAN	0.0035419127	0.9866190731264982	0.9702894167311928	20975.148824870786
EMEDTLNHLK	2	sp|P17936|IBP3_HUMAN	0.005701254	0.9212790999005022	0.7762352056099598	121763.39334057833
DAVEDLESVGK	3	sp|P81605|DCD_HUMAN	0.0035419127	0.9933552810135716	0.9138588831321935	788.9488458453297
DYQELMNTK	2	sp|P04264|K2C1_HUMAN	0.0035419127	1.0	0.7783745304913303	14162.926963052978
KGIYSFSFHVIK	3	sp|Q9NTU7|CBLN4_HUMAN	0.0035419127	0.9866190731264982	0.7712203222607455	1772.0342283622406
SETEIHQGFQHLHQLFAK	5	sp|P08185|CBG_HUMAN	0.0035419127	1.0	0.9502401989173059	23711656.178860717
LMVELHNLYR	2	sp|Q6UXB8|PI16_HUMAN	0.0035419127	1.0	0.8711664318294557	22882.822874291047
FKLDDDLEHQGGHVLDHGHK	3	sp|P01042|KNG1_HUMAN	0.0035419127	0.9866190731264982	0.9370995244316068	14904.84996552473
DLWVNIDQMEK	2	sp|Q6UX71|PXDC2_HUMAN	0.0035419127	0.9933552810135716	0.9704538714440123	53346.99129625028
ITC[+57.021465]TEEGWSPTPK	2	sp|Q03591|FHR1_HUMAN;sp|Q9BXR6|FHR5_HUMAN	0.0035419127	0.9866190731264982	0.9546518488460508	2135.8683786785205
YDVDTQMWTILK	3	sp|O75882|ATRN_HUMAN	0.006795017	0.9134157281067091	0.8726284333599608	15266.076688659126
TGLFQDVGPQR	2	sp|Q86SQ4|AGRG6_HUMAN	0.0035419127	1.0	0.9672131469133642	14875.888758193856
VTATGFQQC[+57.021465]SLIDGR	2	sp|Q8NFT8|DNER_HUMAN	0.0035419127	1.0	0.8114891967917817	28424.83850884928
SFMLLILER	2	sp|P05543|THBG_HUMAN	0.0035419127	0.9866190731264982	0.9138451822527787	21169.021440061333
LLDSLPSDTR	2	sp|P05155|IC1_HUMAN	0.0035419127	1.0	0.9612822847162104	7606192.343082071
TNLESILSYPK	2	sp|P05155|IC1_HUMAN	0.0035419127	1.0	0.9465149861055678	283261.3358476091
YVMLPVADQDQC[+57.021465]IR	3	sp|P00738|HPT_HUMAN	0.0035419127	1.0	0.8869358587465955	631490.8187727076
ALYVHGGYK	2	sp|O75882|ATRN_HUMAN	0.0035419127	1.0	0.9335373488314668	666498.4962402636
RVWELSK	1	sp|P01008|ANT3_HUMAN	0.0045871558	0.9440873193926883	0.922481607008957	3767.6345266801713
QPAVEEPAEVTATVLASR	2	sp|P32942|ICAM3_HUMAN	0.0035419127	0.9658285256870233	0.8908905707160021	7661.793185796065
DWHGVPGQVDAAMAGR	2	sp|P04004|VTNC_HUMAN	0.0035419127	1.0	0.969266684952802	280024.72770441184
AVVFLEPQWYR	3	sp|P08637|FCG3A_HUMAN	0.0045871558	0.9366095275687156	0.9040234888981338	31460.98813468996
MSSINADFAFNLYR	3	sp|P05543|THBG_HUMAN	0.0035419127	1.0	0.7925165899515182	42128.317588256105
SGTASVVC[+57.021465]LLNNFYPR	3	sp|P01834|IGKC_HUMAN;sp|P0DOX7|IGK_HUMAN	0.0035419127	0.9933552810135716	0.8947954525677075	42524.6293238266
AIFYMNNPSR	2	sp|Q9UGM5|FETUB_HUMAN	0.0035419127	0.9933552810135716	0.8546583819227741	8632.485630689545
VLAKPTPK	1	sp|Q92954|PRG4_HUMAN	0.0035419127	1.0	0.930070997146092	29751.41598525532
LLGIETPLPK	2	sp|P05362|ICAM1_HUMAN	0.0035419127	1.0	0.9154602589345874	88741.57298842014
GILTVDELLAIR	2	sp|P13473|LAMP2_HUMAN	0.0035419127	1.0	0.952549317690318	8838.226814905638
SYQDFFEAIR	2	sp|P18850|ATF6A_HUMAN	0.0035419127	1.0	0.8920948311630408	31789.550793407932
AIGPSQTHTIR	2	sp|Q92954|PRG4_HUMAN	0.0035419127	0.9933552810135716	0.9319280766025229	32504.626972036735
RHPDYSVVLLLR	3	sp|P02768|ALBU_HUMAN	0.0035419127	1.0	0.9600162760123594	196121.64731696033
NIFISPVSISMALAMLSLGTC[+57.021465]GHTR	5	sp|P08185|CBG_HUMAN	0.0035419127	0.9933552810135716	0.9501509076470089	5958.872306799805
TSDQIHFFFAK	2	sp|P01008|ANT3_HUMAN	0.0035419127	0.9933552810135716	0.9334619043154675	256936.43883384793
GWVTDGFSSLK	2	sp|P02656|APOC3_HUMAN	0.0035419127	0.9933552810135716	0.9693209782502774	610400.8131485919
LHMLQISYFR	2	sp|Q9UNN8|EPCR_HUMAN	0.0035419127	1.0	0.8047600175657379	18380.302228595945
EPC[+57.021465]VESLVSQYFQTVTDYGK	3	sp|P02652|APOA2_HUMAN	0.0035419127	0.9797881705057813	0.9503099658705583	5345610.686987376
YTIAALLSPYSYSTTAVVTNPK	3	sp|P02766|TTHY_HUMAN	0.0035419127	0.9797881705057813	0.926546647888334	1644100.651100192
EHAVEGDC[+57.021465]DFQLLK	2	sp|P02765|FETUA_HUMAN	0.0035419127	1.0	0.9559660305143428	303313.1148022328
TLMFGSYLDDEK	2	sp|P19652|A1AG2_HUMAN	0.0035419127	0.9866190731264982	0.9573646712631397	11245197.148768215
FNQPFIIM[+15.994915]IFDHFTWSSLFLAR	3	sp|P08185|CBG_HUMAN	0.0035419127	0.9658285256870233	0.9867763666654106	36595.75322887181
RYTIAALLSPYSYSTTAVVTNPK	4	sp|P02766|TTHY_HUMAN	0.0035419127	0.9728591838590949	0.9187066701070314	95388.34608464722
SPLFMGK	2	sp|P01009|A1AT_HUMAN	0.0035419127	0.9728591838590949	0.944254976487636	155131.9693926705
FNWYVDGVEVHNAK	3	sp|P01857|IGHG1_HUMAN;sp|P0DOX5|IGG1_HUMAN	0.0035419127	1.0	0.9453770597040664	795146.3020890021
KGEVLPLPEANFPSFPLPHHK	4	sp|P04196|HRG_HUMAN	0.0035419127	0.9933552810135716	0.9382500260219941	338456.36252214265
YVGGQEHFAHLLILRDTK	4	sp|P02763|A1AG1_HUMAN	0.0045871558	0.9366095275687156	0.8599939738421416	21037.03837943511
FQNALLVR	2	sp|P02768|ALBU_HUMAN	0.0035419127	1.0	0.8290301793984876	259972.99309676947
GDSVVYGLR	2	sp|P10451|OSTP_HUMAN	0.0035419127	1.0	0.9267635791465784	107756.99346440576
LGADMEDVC[+57.021465]GR	2	sp|P02649|APOE_HUMAN	0.013245033	1.0	0.8767318862292679	6942.920912164314
YPIVSPR	2	sp|P16112|PGCA_HUMAN	0.0035419127	1.0	0.8902117843269555	123139.41657252931
DYWSTVK	2	sp|P02656|APOC3_HUMAN	0.014285714	0.9658285256870233	0.9975850134398909	318941.39815411705
KAADDTWEPFASGK	2	sp|P02766|TTHY_HUMAN	0.0035419127	1.0	0.9496359892697505	394325.2079712928
VTSIQDWVQK	2	sp|P00738|HPT_HUMAN	0.0035419127	0.9933552810135716	0.9706557308383342	892720.9770253111
LQHLENELTHDIITK	2	sp|P01009|A1AT_HUMAN	0.0035419127	0.9658285256870233	0.9192694113957787	20378.512366482253
IEDGFSLK	1	sp|P01008|ANT3_HUMAN	0.0035419127	0.9797881705057813	0.7241382019461784	4260.445007657623
LILVDYILFK	2	sp|Q9UK55|ZPI_HUMAN	0.0035419127	1.0	0.978870257192804	47729.96655620876
GLASANVDFAFSLYK	3	sp|P08185|CBG_HUMAN	0.0045871558	0.9514467542496609	0.8214943081678049	25330.104212865215
QNC[+57.021465]ELFEQLGEYK	2	sp|P02768|ALBU_HUMAN	0.0035419127	1.0	0.9762133596147968	1953641.1852978882
YTIAALLSPYSYSTTAVVTNPK	4	sp|P02766|TTHY_HUMAN	0.0035419127	0.9797881705057813	0.8581852658000556	55181.96571142536
IC[+57.021465]LDLQAPLYK	3	sp|P02776|PLF4_HUMAN	0.0035419127	1.0	0.9391654360035072	47858.34068320227
TPSSTGPSPVFDIK	2	sp|Q12913|PTPRJ_HUMAN	0.0035419127	1.0	0.934436767292943	273583.53564131074
YSLTYIYTGLSK	2	sp|P25311|ZA2G_HUMAN	0.0035419127	0.9933552810135716	0.9409105990105802	14149.163226367877
LDTLAQEVALLK	2	sp|P05452|TETN_HUMAN	0.0035419127	1.0	0.8373456663832238	1161.8045842451586
QGHNSVFLIK	3	sp|P02790|HEMO_HUMAN	0.0035419127	1.0	0.9034889243731712	54577.756129227
EIPVLVTQISSTNHPVK	3	sp|Q6UX71|PXDC2_HUMAN	0.0035419127	0.9933552810135716	0.9137559581863345	87928.48026347447
NTWSILHTQGALVQGGYGHSSVYDHR	3	sp|O75882|ATRN_HUMAN	0.0035419127	0.9866190731264982	0.8901288786148708	332782.69494152436
IHLISTQSAIPYALR	2	sp|P02679|FIBG_HUMAN	0.0035419127	0.9728591838590949	0.8294191079682756	10515.092083665357
SASLHLPK	2	sp|P01009|A1AT_HUMAN	0.0035419127	1.0	0.9668974689512053	130299.05630068111
IAPQLSTEELVSLGEK	2	sp|P43652|AFAM_HUMAN	0.0035419127	0.9728591838590949	0.9783325666273308	31034.099705179964
FTVNNLAEPQK	2	sp|P12259|FA5_HUMAN	0.0035419127	1.0	0.8557927907953142	5709.734841446295
MEEVEAMLLPETLK	2	sp|P01011|AACT_HUMAN	0.0035419127	1.0	0.9319722519498623	1067906.557279173
IVDLFSGLDSPAILVLVNYIFFK	3	sp|P08185|CBG_HUMAN	0.0035419127	1.0	0.9026425717973064	223547.78967981457
FRIEDGFSLK	2	sp|P01008|ANT3_HUMAN	0.0035419127	1.0	0.975137201198096	436111.48820985714
EQLGEFYEALDC[+57.021465]LC[+57.021465]IPR	4	sp|P19652|A1AG2_HUMAN	0.0045871558	0.9440873193926883	0.9141315543846367	24020.12705691785
GDDITMVLILPKPEK	3	sp|P01008|ANT3_HUMAN	0.0035419127	1.0	0.9106888204999459	860227.7929789446
GDTFSC[+57.021465]MVGHEALPLAFTQK	3	sp|P01876|IGHA1_HUMAN	0.0035419127	1.0	0.9145163071084249	375121.1886104059
EHVAHLLFLRDTK	4	sp|P19652|A1AG2_HUMAN	0.0035419127	1.0	0.9491558598992075	2811455.9882859625
AQWANPFDPSK	2	sp|P05543|THBG_HUMAN	0.0035419127	1.0	0.9717841411574829	155783.7455978345
ATSYAELC[+57.021465]SEYR	2	sp|Q9NQ38|ISK5_HUMAN	0.0035419127	1.0	0.8878991320138047	8908.179436952702
YIFSDDSSQLTIK	2	sp|P13591|NCAM1_HUMAN	0.0035419127	1.0	0.9501345146043474	51096.74807688238
SDVVYTDWK	2	sp|P02763|A1AG1_HUMAN	0.0035419127	1.0	0.9858395459488116	271318.6344085086
GLPNVVTSAISLPNIR	3	sp|Q92954|PRG4_HUMAN	0.0035419127	1.0	0.9110562571912372	558286.5263957353
VPQVSTPTLVEVSR	2	sp|P02768|ALBU_HUMAN	0.0035419127	0.9866190731264982	0.965037203060112	328730.91467643366
GWVDLFVPK	2	sp|P05543|THBG_HUMAN	0.0035419127	1.0	0.9339009869914043	336087.45323883265
FLEDVKK	2	sp|P01009|A1AT_HUMAN	0.0035419127	1.0	0.9718955596115769	974995.7046136352
WVMVPMMSLHHLTIPYFR	4	sp|P01011|AACT_HUMAN	0.0035419127	0.9933552810135716	0.8570716410882214	67762.57096109935
YAASSYLSLTPEQWK	2	sp|A0M8Q6|IGLC7_HUMAN;sp|B9A064|IGLL5_HUMAN;sp|P0CF74|IGLC6_HUMAN;sp|P0CG04|IGLC1_HUMAN;sp|P0DOX8|IGL1_HUMAN;sp|P0DOY2|IGLC2_HUMAN;sp|P0DOY3|IGLC3_HUMAN	0.0035419127	0.9728591838590949	0.9426490202348836	154467.60171978196
LSSWVLLM[+15.994915]K	2	sp|P01009|A1AT_HUMAN	0.0035419127	1.0	0.9500558177150503	190916.93586807477
LTSLPLGALR	2	sp|P07359|GP1BA_HUMAN	0.0035419127	0.9866190731264982	0.9760004898109722	56006.591521418384
VILPQTSDAYQVSVAK	2	sp|Q86SQ4|AGRG6_HUMAN	0.0035419127	0.9728591838590949	0.9366895119995319	38826.47355915778
ELTPEVLQEWLDELEEMMLVVHMPR	4	sp|P01008|ANT3_HUMAN	0.0035419127	0.9866190731264982	0.9631857862462044	414341.927796433
TMLLQPAGSLGSYSYR	3	sp|P41222|PTGDS_HUMAN	0.0035419127	0.9728591838590949	0.7846311469635917	2463.159996190392
LLDNWDSVTSTFSK	2	sp|P02647|APOA1_HUMAN	0.0035419127	0.9797881705057813	0.9553387052830424	95323.53079070077
DVWGIEGPIDAAFTR	3	sp|P04004|VTNC_HUMAN	0.0035419127	1.0	0.9761398318034009	42912.579625659855
AVSISPTNVILTWK	3	sp|Q12913|PTPRJ_HUMAN	0.0035419127	0.9866190731264982	0.7217049087723191	3491.590564024702
ANQQLNFTEAK	2	sp|Q9Y5Y7|LYVE1_HUMAN	0.0035419127	1.0	0.9492459125962278	20036.512794325175
YVGGQEHFAHLLILR	2	sp|P02763|A1AG1_HUMAN	0.0035419127	1.0	0.9629077393820075	752222.4908760677
TFYEPGEEITYSC[+57.021465]KPGYVSR	3	sp|P02749|APOH_HUMAN	0.0035419127	1.0	0.9260085844723992	338144.6634399134
GGSTSYGTGSETESPR	3	sp|P02671|FIBA_HUMAN	0.0045871558	0.9440873193926883	0.8152590897015254	2517.5592048571057
NKEDC[+57.021465]VEIYIK	3	sp|P14151|LYAM1_HUMAN	0.0035419127	0.9933552810135716	0.8150261309938944	254.39548025897392
EHVAHLLFLRDTK	3	sp|P19652|A1AG2_HUMAN	0.0035419127	1.0	0.8783073555850551	293393.4498709057
RLGMFNIQHC[+57.021465]K	2	sp|P01009|A1AT_HUMAN	0.0035419127	0.9797881705057813	0.9633930060656495	82649.18867995225
SAGSVESPSVSSTHR	3	sp|P17936|IBP3_HUMAN	0.0035419127	0.9866190731264982	0.9161134124295206	6285.471178037152
NSLYLQMNSLR	2	sp|A0A0B4J1V1|HV321_HUMAN;sp|A0A0B4J1X8|HV343_HUMAN;sp|A0A0C4DH32|HV320_HUMAN;sp|P01762|HV311_HUMAN;sp|P01763|HV348_HUMAN;sp|P01766|HV313_HUMAN;sp|P01780|HV307_HUMAN;sp|P01782|HV309_HUMAN;sp|P0DP04|HV43D_HUMAN	0.0035419127	0.9933552810135716	0.9309358841251578	26545.154239064235
IPKSDVVYTDWK	2	sp|P02763|A1AG1_HUMAN	0.0035419127	1.0	0.9510466638073383	257513.0320151866
KATVVYQGER	2	sp|P02749|APOH_HUMAN	0.0035419127	1.0	0.960881004910248	274986.6390293743
QGLLPVLESFK	2	sp|P02647|APOA1_HUMAN	0.0035419127	1.0	0.9773853573322446	101754.1028515978
AREDIFMETLK	3	sp|P25311|ZA2G_HUMAN	0.0035419127	0.9797881705057813	0.8658067833964139	36860.857699468455
TYFPHFDLSHGSAQVK	4	sp|P69905|HBA_HUMAN	0.0035419127	0.9797881705057813	0.9614613461045156	259835.85552053287
GGEGTGYFVDFSVR	2	sp|P04196|HRG_HUMAN	0.0035419127	1.0	0.9281519858704226	663939.4065291735
AGALQLLLVGDK	2	sp|P55058|PLTP_HUMAN	0.0045871558	0.9366095275687156	0.8610680862538733	2635.041419808828
DLSLSEASENK	2	sp|Q9NQ76|MEPE_HUMAN	0.0035419127	0.9933552810135716	0.9088319187410678	5061.431787353313
ESSSHHPGIAEFPSR	2	sp|P02671|FIBA_HUMAN	0.0035419127	1.0	0.9660848934729807	67342.52247184805
DTEEEDFHVDQVTTVK	2	sp|P01009|A1AT_HUMAN	0.0035419127	1.0	0.9180194163844672	2106199.0945273302
TLLVFEVQQPFLFVLWDQQHKFPVFMGR	6	sp|P05155|IC1_HUMAN	0.0035419127	1.0	0.8883237295503815	5895.1314785517125
ATVVYQGER	2	sp|P02749|APOH_HUMAN	0.0035419127	0.9866190731264982	0.9851844125879584	215265.76633275382
YNSQNQSNNQFVLYR	2	sp|P01042|KNG1_HUMAN	0.0035419127	0.9658285256870233	0.8165691060550941	102096.25394161188
IDSLLENDR	2	sp|P10909|CLUS_HUMAN	0.0035419127	1.0	0.8399851293291677	306259.7040929847
DYVSQFEGSALGK	2	sp|P02647|APOA1_HUMAN	0.0035419127	0.9933552810135716	0.9554991028305421	124651.12507393099
NWPESVYFFK	3	sp|Q92954|PRG4_HUMAN	0.0110741975	0.8448700454299841	0.7916746673301562	1053.9042647485312
TM[+15.994915]LLQPAGSLGSYSYR	2	sp|P41222|PTGDS_HUMAN	0.0035419127	0.9728591838590949	0.9476954463997789	36374.66764317272
EHVAHLLFLR	2	sp|P19652|A1AG2_HUMAN	0.0035419127	0.9728591838590949	0.9440802271882553	113347.93989754155
FNRPFLMIIVPTDTQNIFFMSK	3	sp|P01011|AACT_HUMAN	0.0035419127	0.9728591838590949	0.9582433758118557	14727.828055798815
GTEAAGAMFLEAIPMSIPPEVK	4	sp|P01009|A1AT_HUMAN	0.0035419127	0.9866190731264982	0.8223024821815226	1630.0275550586061
TVAAC[+57.021465]NLPIVR	3	sp|P02760|AMBP_HUMAN	0.0035419127	0.9933552810135716	0.9416621923337345	48454.876919037735
ETYGEMADC[+57.021465]C[+57.021465]AK	2	sp|P02768|ALBU_HUMAN	0.0035419127	1.0	0.8984017254219329	9877.850135791741
AEAESLYQSK	2	sp|P04264|K2C1_HUMAN	0.0035419127	0.9866190731264982	0.9057728902493101	10211.548481909002
DFTC[+57.021465]VHQALK	3	sp|P05155|IC1_HUMAN	0.014285714	0.7266555365444503	0.729093793061041	398.3491448889106
LLIYDNNK	2	sp|P01701|LV151_HUMAN	0.0035419127	0.9866190731264982	0.8982955013290561	5325.530792744711
LLIYGASTR	2	sp|A0A075B6H7|KV37_HUMAN;sp|A0A0C4DH55|KVD07_HUMAN;sp|P01624|KV315_HUMAN	0.0035419127	0.9866190731264982	0.8862756335499422	14329.373316920057
DFVQPPTK	1	sp|P01042|KNG1_HUMAN	0.0035419127	0.9797881705057813	0.9181488050812302	4861.428394560793
FIVLSNNYLQIR	2	sp|P13591|NCAM1_HUMAN	0.0035419127	1.0	0.9470276083619207	222514.37223763074
NEC[+57.021465]FLQHK	2	sp|P02768|ALBU_HUMAN	0.0035419127	1.0	0.9769744402431025	109555.62078246368
AADDTWEPFASGKTSESGELHGLTTEEEFVEGIYK	4	sp|P02766|TTHY_HUMAN	0.0035419127	1.0	0.977963265802294	4420680.304822889
TSESGELHGLTTEEEFVEGIYK	5	sp|P02766|TTHY_HUMAN	0.010089686	0.9054124614333342	0.8434410105813399	5125.13630114929
DKC[+57.021465]EPLEKQHEK	2	sp|P02763|A1AG1_HUMAN;sp|P19652|A1AG2_HUMAN	0.0035419127	1.0	0.7879317183977063	10169.169274611073
LWWLDLK	2	sp|P02790|HEMO_HUMAN	0.0035419127	1.0	0.9716537764787665	8792407.71712233
STAAMSTYTGIFTDQVLSVLK	3	sp|P02655|APOC2_HUMAN	0.0035419127	1.0	0.9483247714087538	1172795.2727733795
ALDLINK	2	sp|P04196|HRG_HUMAN	0.0035419127	0.9728591838590949	0.983869409901874	90912.60398354018
SGTASEMGTER	2	sp|Q9ULI3|HEG1_HUMAN	0.0035419127	0.9866190731264982	0.8491701525477465	5288.98531921922
DIPMNPMC[+57.021465]IYR	2	sp|P01008|ANT3_HUMAN	0.0035419127	0.9933552810135716	0.9355265518360694	11065.320230169542
TEGDGVYTLNNEK	2	sp|P00738|HPT_HUMAN	0.0035419127	1.0	0.9573685627619881	238293.09815548235
GPLQLER	1	sp|P02750|A2GL_HUMAN	0.0035419127	1.0	0.7620690088175762	13174.25826652549
VPTVEPLDSLTLFLFR	2	sp|P13598|ICAM2_HUMAN	0.0035419127	0.9658285256870233	0.9628240625661654	509357.97403993603
LVAASQAALGL	2	sp|P02768|ALBU_HUMAN	0.0035419127	1.0	0.9538178946044806	870682.0901068181
SGGLC[+57.021465]QPC[+57.021465]R	2	sp|P27918|PROP_HUMAN	0.0035419127	1.0	0.9540230668700149	23481.532070077123
ITLLSALVETR	3	sp|P01011|AACT_HUMAN	0.0035419127	1.0	0.722087034336067	2235.3239421990947
DLDSQTMMVLVNYIFFK	3	sp|P01011|AACT_HUMAN	0.0035419127	1.0	0.9947259386042798	647676.0052231523
FLENEDR	1	sp|P01009|A1AT_HUMAN	0.0035419127	0.9797881705057813	0.8475563998509476	1611.625300359023
ALGISPFHEHAEVVFTANDSGPR	5	sp|P02766|TTHY_HUMAN	0.0035419127	1.0	0.9903218233206342	1341432.1196511276
FDPVRGEVPPR	3	sp|P02790|HEMO_HUMAN	0.0035419127	1.0	0.9541711045591391	78000.7833079245
MADEAGSEADHEGTHSTK	3	sp|P02671|FIBA_HUMAN	0.0035419127	1.0	0.9318470910459442	62687.91541545999
TLLVFEVQQPFLFVLWDQQHK	3	sp|P05155|IC1_HUMAN	0.0035419127	0.9728591838590949	0.908683995086611	15326.307306070963
YLYEIAR	2	sp|P02768|ALBU_HUMAN	0.0035419127	0.9797881705057813	0.9296559865496419	117746.33290409563
FLSTLTIDGVTR	2	sp|P35968|VGFR2_HUMAN	0.0035419127	1.0	0.9014425514052777	34740.60871696101
ALNSIIDVYHK	3	sp|P05109|S10A8_HUMAN	0.0035419127	1.0	0.8871390285352521	141794.00545141287
ALGISPFHEHAEVVFTANDSGPRR	5	sp|P02766|TTHY_HUMAN	0.0035419127	0.9866190731264982	0.9489074523867091	58502.95280019458
SLNNQFASFIDK	2	sp|P04264|K2C1_HUMAN	0.0035419127	1.0	0.8158524946010907	109885.82739853856
MGPTELLIEMEDWK	3	sp|P02675|FIBB_HUMAN	0.0035419127	0.9933552810135716	0.7005320177682023	6660.343010754908
AADDTWEPFASGK	2	sp|P02766|TTHY_HUMAN	0.0035419127	0.9933552810135716	0.95620794615015	30222487.11130583
LVLLNAIYLSAK	3	sp|P05155|IC1_HUMAN	0.0035419127	1.0	0.9617284321462876	427758.54389490956
LYLVQGTQVYVFLTK	2	sp|P02790|HEMO_HUMAN	0.0035419127	0.9728591838590949	0.9566793653029938	378325.08574360365
EQYAVVGHSAHIVTLK	2	sp|O75882|ATRN_HUMAN	0.0035419127	1.0	0.807563606800992	13409.061868885045
EQLTPLIKK	2	sp|P02652|APOA2_HUMAN	0.0035419127	1.0	0.920293430199855	149598.3297765598
VNVDEVGGEALGR	2	sp|P68871|HBB_HUMAN	0.0035419127	1.0	0.8970537627199511	1120.9663055557999
VTTPDTSTTQHNK	2	sp|Q92954|PRG4_HUMAN	0.0035419127	1.0	0.8638472690597987	8609.618119767885
LLGLSLAGK	1	sp|Q9Y5Y7|LYVE1_HUMAN	0.0110741975	0.8718655118414741	0.7302316191429503	2476.6083743284908
NWGLSVYADKPETTK	3	sp|P02763|A1AG1_HUMAN	0.0110741975	0.8718655118414741	0.9492889926463839	21283.7580091137
GDPLGTEGGLDASNTER	2	sp|Q12913|PTPRJ_HUMAN	0.0035419127	0.9728591838590949	0.9293794606939154	142178.07999586037
LLLGSNQNEIVSLK	2	sp|Q86SQ4|AGRG6_HUMAN	0.0035419127	1.0	0.8642650307405626	224313.728374418
LGNQEPGGQTALK	2	sp|P08697|A2AP_HUMAN	0.0035419127	1.0	0.9305455824871617	2916.979164740845
GLYDVVSVLR	2	sp|O75144|ICOSL_HUMAN	0.0035419127	0.9933552810135716	0.9815685234996001	140683.84823970465
GSPAINVAVHVFRK	2	sp|P02766|TTHY_HUMAN	0.0045871558	0.9440873193926883	0.849373197609998	1621.7520221894424
ETPAATEAPSSTPK	2	sp|P80723|BASP1_HUMAN	0.0035419127	0.9933552810135716	0.9143577685193794	2781.974159123149
AVLHIGEK	2	sp|P05543|THBG_HUMAN	0.017582418	1.0	0.9528181175192818	761980.2575793505
DGNPFYFTDHR	3	sp|O00533|NCHL1_HUMAN	0.0035419127	0.9797881705057813	0.9233887185839892	6952.128218515323
DNENVVNEYSSELEK	2	sp|P02675|FIBB_HUMAN	0.0035419127	0.9728591838590949	0.9057169004978773	1069.4223337153144
MADEAGSEADHEGTHSTK	4	sp|P02671|FIBA_HUMAN	0.0035419127	1.0	0.8604008976022536	2786.336713180116
TDTSHHDQDHPTFNK	4	sp|P01009|A1AT_HUMAN	0.0035419127	0.9797881705057813	0.9395775626029381	75571.03380907414
LYHSEAFTVNFGDTEEAKK	3	sp|P01009|A1AT_HUMAN	0.0035419127	1.0	0.9720604105714058	839763.8880305885
GPALTTPK	2	sp|Q92954|PRG4_HUMAN	0.0035419127	0.9728591838590949	0.9596783773246801	44548.85741079723
VTMQNLNDR	2	sp|P02533|K1C14_HUMAN;sp|P08779|K1C16_HUMAN;sp|P13645|K1C10_HUMAN;sp|Q7Z3Y7|K1C28_HUMAN;sp|Q7Z3Y8|K1C27_HUMAN;sp|Q7Z3Y9|K1C26_HUMAN;sp|Q7Z3Z0|K1C25_HUMAN	0.0035419127	1.0	0.9564320532967178	26721.94140201056
DYFMPC[+57.021465]PGR	2	sp|P02790|HEMO_HUMAN	0.0035419127	1.0	0.9286176128971806	34660270.429647356
KLSSWVLLMK	3	sp|P01009|A1AT_HUMAN	0.0035419127	0.9728591838590949	0.8696668031271138	18957.22038803882
VEIDTKSYWK	2	sp|P02766|TTHY_HUMAN	0.0035419127	1.0	0.9359038518991654	23800.23663681422
ANRPFLVFIR	3	sp|P01008|ANT3_HUMAN	0.0035419127	0.9728591838590949	0.9423725601579616	224384.5915868959
FLASVSTVLTSK	2	sp|P69905|HBA_HUMAN	0.0035419127	1.0	0.9694481353927009	89088.65079320231
GLGELQELYLK	2	sp|P07359|GP1BA_HUMAN	0.0035419127	1.0	0.9743645699942438	137412.1580890847
FKLDDDLEHQGGHVLDHGHK	6	sp|P01042|KNG1_HUMAN	0.0035419127	0.9866190731264982	0.9678422365463768	35853.64528028409
LPTDSELAPR	2	sp|P49908|SEPP1_HUMAN	0.0035419127	1.0	0.9284283585942449	139758.00433644827
GTHC[+57.021465]NQVEVIATLK	2	sp|P02775|CXCL7_HUMAN	0.0035419127	0.9797881705057813	0.9103210605447317	318677.8773922633
SDVVYTDWKKDK	2	sp|P02763|A1AG1_HUMAN	0.0035419127	0.9866190731264982	0.9524312397956226	19838.423975679663
GLGEISAASEFK	2	sp|P13591|NCAM1_HUMAN	0.0035419127	0.9933552810135716	0.9440589407448691	16256.068228028524
VVSTNYNQHAMVFFK	3	sp|P80188|NGAL_HUMAN	0.0035419127	0.9933552810135716	0.9167506812435456	102173.48788054146
AVMDDFAAFVEK	3	sp|P02768|ALBU_HUMAN	0.0035419127	0.9797881705057813	0.8973889762488166	33315.31423824132
EESLDSDLYAELR	2	sp|P02775|CXCL7_HUMAN	0.0035419127	0.9866190731264982	0.9847029813105839	249520.3734022612
QISNLQQSISDAEQR	2	sp|P04264|K2C1_HUMAN	0.0035419127	0.9728591838590949	0.9795885720818378	20367.711457157136
VIVVSMNYR	2	sp|P06276|CHLE_HUMAN	0.0035419127	1.0	0.9947486114663294	156703.01671138077
MTVTDQVNC[+57.021465]PK	2	sp|P05090|APOD_HUMAN	0.0035419127	1.0	0.9525456287289445	67141.05142515448
VVAGVANALAHK	3	sp|P02042|HBD_HUMAN;sp|P68871|HBB_HUMAN	0.0035419127	1.0	0.9939540561258033	599448.2267720776
DGYLFQLLR	2	sp|P04196|HRG_HUMAN	0.0035419127	0.9933552810135716	0.9713147505742749	448690.1730018822
ESLLNHFLYEVAR	2	sp|P43652|AFAM_HUMAN	0.0035419127	1.0	0.8407873991241965	40182.63087278449
NFPSPVDAAFR	2	sp|P02790|HEMO_HUMAN	0.0035419127	1.0	0.9456535531916745	11844872.653004438
AEDTAVYYC[+57.021465]AR	2	sp|A0A0B4J1V1|HV321_HUMAN;sp|A0A0B4J1X5|HV374_HUMAN;sp|A0A0C4DH42|HV366_HUMAN;sp|A0A0J9YVY3|HV741_HUMAN;sp|P01762|HV311_HUMAN;sp|P01763|HV348_HUMAN;sp|P01767|HV353_HUMAN;sp|P01772|HV333_HUMAN;sp|P01780|HV307_HUMAN;sp|P0DOX2|IGA2_HUMAN;sp|P0DP02|HVC33_HUMAN	0.0035419127	1.0	0.8221818817904224	6184.075611617893
AVLTIDEK	2	sp|P01009|A1AT_HUMAN	0.0035419127	0.9658285256870233	0.970137982192879	4040883.815825881
RYTIAALLSPYSYSTTAVVTNPKE	4	sp|P02766|TTHY_HUMAN	0.0035419127	1.0	0.9734097129478437	6346574.931308728
TWQDC[+57.021465]EYK	2	sp|P01042|KNG1_HUMAN	0.0035419127	0.9933552810135716	0.9598325992991662	782.5957820346026
DQYYNIDVPSR	3	sp|Q92954|PRG4_HUMAN	0.0035419127	0.9933552810135716	0.9243838460029846	58282.914541506696
GFMQTYYDDHLR	3	sp|P55056|APOC4_HUMAN	0.0035419127	1.0	0.8430954354494619	21687.40821707034
C[+57.021465]TWLIEGQPNR	2	sp|O75882|ATRN_HUMAN	0.0035419127	0.9933552810135716	0.973574837861006	40770.49306036464
IHLMAGR	1	sp|Q5T013|HYI_HUMAN	0.0035419127	0.9797881705057813	0.9751582075472582	25916.939250934895
VVHFIYIAILSQK	3	sp|P43652|AFAM_HUMAN	0.0045871558	0.9440873193926883	0.8645908901105694	3457.7208456421295
SASDLTWDNLK	2	sp|P02787|TRFE_HUMAN	0.0035419127	1.0	0.8799842220955313	4109.700639672605
TNHFTIPK	2	sp|P40189|IL6RB_HUMAN	0.0035419127	1.0	0.9222040054078845	72787.16421371412
STSESTAALGC[+57.021465]LVK	2	sp|P01859|IGHG2_HUMAN;sp|P01861|IGHG4_HUMAN	0.0035419127	0.9933552810135716	0.9378644584544223	7227.283361684188
VADALTNAVAHVDDMPNALSALSDLHAHK	5	sp|P69905|HBA_HUMAN	0.0035419127	0.9933552810135716	0.8869074162853123	283086.1937352867
VFSNGADLSGVTEEAPLK	3	sp|P01009|A1AT_HUMAN	0.010089686	0.897262926642552	0.9202187737872027	3319.2723659067337
EQLTPLIK	1	sp|P02652|APOA2_HUMAN	0.0035419127	1.0	0.9846360658011333	2357303.2011027387
ADLFYDVEALDLESPK	3	sp|P04196|HRG_HUMAN	0.0035419127	1.0	0.8332112000026538	98561.91243924951
SGYFLSISDSK	2	sp|Q86SQ4|AGRG6_HUMAN	0.0035419127	0.9933552810135716	0.8368067906203762	18160.75023508933
QPAVEEPAEVTATVLASR	4	sp|P32942|ICAM3_HUMAN	0.0035419127	0.9658285256870233	0.8174326925678937	3281.8625701756014
SKEQLTPLIK	3	sp|P02652|APOA2_HUMAN	0.0035419127	1.0	0.9510810681463413	35787.618542625576
GDSVVYGLR	1	sp|P10451|OSTP_HUMAN	0.010089686	0.897262926642552	0.7177656703085795	1996.0659781249287
LRTEGDGVYTLNNEK	2	sp|P00738|HPT_HUMAN	0.0035419127	1.0	0.9137078447548735	290210.277934525
TYMLAFDVNDEK	3	sp|P02763|A1AG1_HUMAN	0.0035419127	0.9866190731264982	0.8337176850145464	38280.35546672578
SEAAC[+57.021465]LAAGPGIR	2	sp|O75882|ATRN_HUMAN	0.0035419127	1.0	0.963301688239913	73640.78339367788
TVESITDIR	2	sp|P11279|LAMP1_HUMAN	0.0035419127	1.0	0.9833869468385482	554592.4945538125
FATTFYQHLADSK	2	sp|P01008|ANT3_HUMAN	0.0035419127	0.9866190731264982	0.9601464999782807	25151.7556098865
QQDVLGFLEANK	2	sp|O75368|SH3L1_HUMAN	0.0035419127	0.9933552810135716	0.7998678141675021	21827.86687174179
LYGSEAFATDFQDSAAAK	2	sp|P01011|AACT_HUMAN	0.0035419127	1.0	0.8170930927484423	850073.7477611298
DTATLSWGLPK	2	sp|O00533|NCHL1_HUMAN	0.0035419127	0.9933552810135716	0.8995058813938348	17083.113316231913
STSGGTAALGC[+57.021465]LVK	3	sp|P01857|IGHG1_HUMAN;sp|P01860|IGHG3_HUMAN;sp|P0DOX5|IGG1_HUMAN	0.0110741975	0.8448700454299841	0.8395895815545468	3375.301104644746
EQLGEFYEALDC[+57.021465]LR	2	sp|P02763|A1AG1_HUMAN	0.0035419127	0.9728591838590949	0.9431674567469047	17428984.224694807
LEDMEQALSPSVFK	3	sp|P05155|IC1_HUMAN	0.0035419127	0.9797881705057813	0.8808544194287095	65182.77715069577
EDC[+57.021465]VEIYIK	2	sp|P14151|LYAM1_HUMAN	0.0035419127	1.0	0.9783299486656951	284550.68784764194
VLDAVRGSPAINVAVHVFR	3	sp|P02766|TTHY_HUMAN	0.0035419127	0.9933552810135716	0.9789193522780283	438974.0514865223
YAATSQVLLPSK	2	sp|P01871|IGHM_HUMAN;sp|P0DOX6|IGM_HUMAN	0.0035419127	1.0	0.8872447593029413	13462.581073072957
EPQVYTLPPSR	3	sp|P01857|IGHG1_HUMAN;sp|P01859|IGHG2_HUMAN;sp|P01860|IGHG3_HUMAN;sp|P0DOX5|IGG1_HUMAN	0.025164114	0.5678582329614409	0.7958415437815319	945.504824692252
ITPNLAEFAFSLYR	2	sp|P01009|A1AT_HUMAN	0.0035419127	1.0	0.9482799736542615	2982643.5922235143
ALDLINKR	2	sp|P04196|HRG_HUMAN	0.0035419127	0.9866190731264982	0.947638484337876	2924.2962327888768
NSVIKVPMMNSK	3	sp|P05155|IC1_HUMAN	0.0035419127	0.9797881705057813	0.8985500945690501	47694.43433037396
EILSVDC[+57.021465]STNNPSQAK	2	sp|P10909|CLUS_HUMAN	0.0035419127	1.0	0.8835194510206119	424249.45633498137
AALSMC[+57.021465]K	1	sp|P41222|PTGDS_HUMAN	0.0035419127	0.9728591838590949	0.7760028178854449	420.11675467172296
YFHHNSDFHIPK	2	sp|O75015|FCG3B_HUMAN	0.020856202	0.672124945171228	0.8178419098460528	6677.5288776987
VETNMAFSPFSIASLLTQVLLGAGENTK	4	sp|P05155|IC1_HUMAN	0.0035419127	1.0	0.8795959961818212	296739.185739521
RVC[+57.021465]TAELSC[+57.021465]K	3	sp|Q92954|PRG4_HUMAN	0.0035419127	0.9728591838590949	0.784800899335212	1753.25775659302
ESEPQAAAEPAEAK	2	sp|P80723|BASP1_HUMAN	0.0035419127	1.0	0.9467097617897021	13405.790518177962
DDLYVSDAFHK	2	sp|P01008|ANT3_HUMAN	0.0035419127	1.0	0.9940828937609361	140095.78673907707
LTQLNLDR	2	sp|P07359|GP1BA_HUMAN	0.0035419127	1.0	0.9914065734337918	197231.18176263644
ENQLEVLEVSWLHGLK	3	sp|P02750|A2GL_HUMAN	0.0035419127	1.0	0.7991550716236652	9683.953335591406
DYFM[+15.994915]PC[+57.021465]PGR	2	sp|P02790|HEMO_HUMAN	0.0035419127	1.0	0.962885361503458	156863.76527203724
DVSSSVYSTWK	2	sp|P10721|KIT_HUMAN	0.0035419127	1.0	0.845859102661968	11004.638744269145
VQPYLDDFQK	3	sp|P02647|APOA1_HUMAN	0.0035419127	1.0	0.8657821332757681	972.3281342937955
C[+57.021465]SPHLVLSALTSDNHGATYAFSGTHYWR	4	sp|P02790|HEMO_HUMAN	0.0035419127	0.9797881705057813	0.9472667081264999	1085161.1206640205
LVVEWQLQDDK	2	sp|P61916|NPC2_HUMAN	0.014285714	0.7390601692542802	0.8636986518725985	13660.93658140094
SGAQATWTELPWPHEK	3	sp|P02790|HEMO_HUMAN	0.0035419127	1.0	0.8983401287260303	1098808.889542469
YWNDC[+57.021465]EPPDSR	2	sp|P04196|HRG_HUMAN	0.024149286	1.0	0.7914142679400081	41829.93884436101
GNLMGGWK	2	sp|P23435|CBLN1_HUMAN;sp|Q8IUK8|CBLN2_HUMAN	0.0035419127	0.9797881705057813	0.9342060437551635	5752.130482776386
QNQC[+57.021465]FYNSSYLNVQR	2	sp|P19652|A1AG2_HUMAN	0.0035419127	0.9658285256870233	0.9295415561134363	17098.71885506772
ASVDSGSSEEQGGSSR	2	sp|P01833|PIGR_HUMAN	0.0035419127	0.9797881705057813	0.9341183825605696	12173.95876617664
VLDAVRGSPAINVAVHVFR	4	sp|P02766|TTHY_HUMAN	0.0035419127	0.9933552810135716	0.8888695131525657	616102.2285803996
TLM[+15.994915]FGSYLDDEK	2	sp|P19652|A1AG2_HUMAN	0.0035419127	1.0	0.9356224260465908	112617.61609790724
MEPFHFK	2	sp|P05155|IC1_HUMAN	0.0035419127	0.9797881705057813	0.9581322041351292	300916.7054091994
ALFLETEQLK	2	sp|Q13740|CD166_HUMAN	0.0035419127	0.9933552810135716	0.8685827322730134	18937.184460255172
YTIAALLSPYSYSTTAVVTNPKE	4	sp|P02766|TTHY_HUMAN	0.0035419127	1.0	0.952674670248698	2062059.7599904006
GGSIQQYIYK	2	sp|Q92954|PRG4_HUMAN	0.0035419127	1.0	0.944724693865926	159441.52874114036
NSLFEYQK	2	sp|P02671|FIBA_HUMAN	0.0035419127	1.0	0.8619853132308981	101189.29445997863
SGFPQVSMFFTHTFPK	3	sp|P04196|HRG_HUMAN	0.0035419127	1.0	0.8842823982284475	157862.1306410936
HTLNQIDEVK	3	sp|P02765|FETUA_HUMAN	0.0035419127	0.9933552810135716	0.9921881036323684	42111.51751896373
HTFMGVVSLGSPSGEVSHPR	3	sp|P02765|FETUA_HUMAN	0.0035419127	0.9933552810135716	0.9446358376070014	107496.36341608486
GLEWVGFIR	2	sp|A0A0A0MS15|HV349_HUMAN	0.0035419127	1.0	0.8323607439488387	32670.17968557973
TFYEPGEEITYSC[+57.021465]KPGYVSR	4	sp|P02749|APOH_HUMAN	0.0035419127	1.0	0.9207171408325225	15501.93030688189
QVILTLQPTLVAVGK	3	sp|P13598|ICAM2_HUMAN	0.0035419127	1.0	0.9472473695733602	532390.211582413
TVPLAVLQLR	2	sp|P23467|PTPRB_HUMAN	0.0035419127	1.0	0.7107812485688834	18046.744626881045
TVGSDTFYSFK	2	sp|P01042|KNG1_HUMAN	0.0035419127	1.0	0.883763092656934	31022.723609944078
LTGSSGFVTDGPGNYK	2	sp|O75882|ATRN_HUMAN	0.0035419127	0.9797881705057813	0.9476248877130277	201918.33289069898
TLYSSSPR	1	sp|P05155|IC1_HUMAN	0.0035419127	0.9797881705057813	0.9197197517862926	2968.8106529020206
GLDTSLGAVQSDTGR	2	sp|Q13477|MADCA_HUMAN	0.0035419127	1.0	0.8281643689752773	11032.426187102299
EQLGEFYEALDC[+57.021465]LRIPK	3	sp|P02763|A1AG1_HUMAN	0.0035419127	0.9933552810135716	0.9186322763831846	73291.46779788574
DGWHSWPIAHQWPQGPSAVDAAFSWEEK	5	sp|P02790|HEMO_HUMAN	0.0035419127	0.9797881705057813	0.9373270842566763	65736.1987172633
SGAQATWTELPWPHEK	4	sp|P02790|HEMO_HUMAN	0.0035419127	1.0	0.9099325279537449	568705.6172467656
YFIDFVAR	2	sp|P01042|KNG1_HUMAN	0.0035419127	1.0	0.9711764199537621	4348079.877525437
TDGGTTDYAAPVK	2	sp|A0A0B4J1V0|HV315_HUMAN	0.0035419127	1.0	0.8926984909956557	5393.064978421626
SYYWIGIR	2	sp|P14151|LYAM1_HUMAN	0.0035419127	1.0	0.9845794458301205	5572743.826949449
AEELSIQVSC[+57.021465]R	2	sp|Q9Y5Y7|LYVE1_HUMAN	0.0035419127	1.0	0.9268825086185932	126272.36531720427
EGEEFTVTC[+57.021465]TIK	3	sp|P10721|KIT_HUMAN	0.0121546965	0.8258516653955662	0.8231368680786629	6193.602190266172
YVSELHLTR	2	sp|P10721|KIT_HUMAN	0.0035419127	1.0	0.9340183985930686	194040.90492050446
RGENLFAITDEGMDVPLAMEEWHHER	5	sp|Q6UXB8|PI16_HUMAN	0.0035419127	0.9797881705057813	0.842395942600927	89119.47040622057
TLLVFEVQQPFLFVLWDQQHKFPVFMGR	5	sp|P05155|IC1_HUMAN	0.0035419127	1.0	0.9579717889333189	471955.66206116765
YEGSYALTSEEAER	2	sp|O95810|CAVN2_HUMAN	0.0035419127	0.9797881705057813	0.8436102293637452	3544.9470838178813
DIAPTLTLYVGK	2	sp|P00738|HPT_HUMAN;sp|P00739|HPTR_HUMAN	0.0035419127	0.9797881705057813	0.9458395553080575	71711.13651973095
VDNALQSGNSQESVTEQDSK	3	sp|P01834|IGKC_HUMAN;sp|P0DOX7|IGK_HUMAN	0.0035419127	1.0	0.790349294006569	33139.458667645566
SDVMYTDWKK	3	sp|P19652|A1AG2_HUMAN	0.0035419127	1.0	0.9774495078478974	6712.310636683729
FSGSNSGNTATLTISR	2	sp|A0A075B6K5|LV39_HUMAN;sp|P80748|LV321_HUMAN	0.0035419127	0.9797881705057813	0.8650301357788698	610.6052358319771
WQEEMELYR	2	sp|P02647|APOA1_HUMAN	0.0035419127	1.0	0.8410311474542046	11414.935351648073
IASFSQNC[+57.021465]DIYPGK	2	sp|P01042|KNG1_HUMAN	0.0035419127	0.9797881705057813	0.9535477638356397	377740.0928316101
EENFYVDETTVVK	3	sp|P08185|CBG_HUMAN	0.0035419127	0.9797881705057813	0.8741084213383565	7808.032130881611
M[+15.994915]TVTDQVNC[+57.021465]PK	2	sp|P05090|APOD_HUMAN	0.0035419127	1.0	0.8366837923929584	4146.294930270566
LINDYVK	2	sp|P01011|AACT_HUMAN	0.0035419127	1.0	0.9671663192853327	857993.3524696676
IHWESASLLR	3	sp|P01024|CO3_HUMAN	0.0035419127	1.0	0.8690479849464608	513289.4988166873
AFIQLWAFDAVK	2	sp|P02760|AMBP_HUMAN	0.0035419127	0.9866190731264982	0.9153471650481909	2622.3580129225356
AFQVQQAVDLR	2	sp|P13497|BMP1_HUMAN	0.0035419127	1.0	0.8471116483739641	1547.0957157336593
WTFEILDETNENK	2	sp|P10721|KIT_HUMAN	0.0035419127	1.0	0.9234226658841144	677086.0433628547
HRLEDMEQALSPSVFK	4	sp|P05155|IC1_HUMAN	0.0035419127	0.9728591838590949	0.9436925761368686	99261.28703542812
FIC[+57.021465]PLTGLWPINTLK	3	sp|P02749|APOH_HUMAN	0.0035419127	0.9933552810135716	0.9546362461891695	1499498.9921844117
GPLQLER	2	sp|P02750|A2GL_HUMAN	0.0035419127	1.0	0.9223888395579581	105235.67646047781
VDAETGDVFAIER	2	sp|P33151|CADH5_HUMAN	0.0035419127	0.9866190731264982	0.8744149973536903	18833.23283920408
SVDIWLR	2	sp|P15151|PVR_HUMAN	0.0035419127	0.9797881705057813	0.9163783397699317	13961.395979458348
NIQSLEVIGK	2	sp|P02775|CXCL7_HUMAN	0.0035419127	1.0	0.9666960317694364	145366.9785598461
QGFGNVATNTDGK	2	sp|P02675|FIBB_HUMAN	0.0035419127	1.0	0.8403387835737054	13006.465717491868
AATGEC[+57.021465]TATVGK	2	sp|P01042|KNG1_HUMAN	0.0035419127	0.9933552810135716	0.980782840420969	13905.549190168316
NHNALLASLTTQK	3	sp|O75882|ATRN_HUMAN	0.0035419127	0.9933552810135716	0.7865525482342041	5571.663747960902
SKLPGIVAEGRDDLYVSDAFHK	4	sp|P01008|ANT3_HUMAN	0.0035419127	0.9933552810135716	0.9111116590852487	282555.5338117876
TSESGELHGLTTEEEFVEGIYK	3	sp|P02766|TTHY_HUMAN	0.0035419127	1.0	0.9214824209734152	16193886.597240437
WYNLAIGSTC[+57.021465]PWLK	2	sp|P02760|AMBP_HUMAN	0.0035419127	1.0	0.8016548008622828	81667.01219025778
AGSPTAPVHDESLVGPVDPSSGQQSR	3	sp|Q12913|PTPRJ_HUMAN	0.0035419127	0.9728591838590949	0.8981633002301112	27360.58039255444
AVLDVFEEGTEASAATAVK	3	sp|P01011|AACT_HUMAN	0.0035419127	1.0	0.9462847491860087	386532.1191677691
HSWTIPEDGNSQK	3	sp|Q13201|MMRN1_HUMAN	0.006795017	0.9134157281067091	0.72462614286481	472.6588628077951
NWGLSFYADKPETTK	3	sp|P19652|A1AG2_HUMAN	0.0045871558	0.9586923939928679	0.9620443370967211	118672.04286991678
ILGGHLDAK	2	sp|P00738|HPT_HUMAN;sp|P00739|HPTR_HUMAN	0.0035419127	0.9797881705057813	0.988921960080023	88211.58381393454
DLGGFDEDAEPR	2	sp|Q9BRK5|CAB45_HUMAN	0.0035419127	1.0	0.7810183979344724	5284.1873593318915
SPELQAEAKSYFEK	3	sp|P02652|APOA2_HUMAN	0.026229508	0.4677351412871981	0.8002211044206378	9039.658965692282
NPNLPPETVDSLK	3	sp|P05090|APOD_HUMAN	0.0035419127	0.9933552810135716	0.8488378144991566	2629.1036275845095
ELELQIGNALFIGK	3	sp|P05543|THBG_HUMAN	0.0035419127	0.9797881705057813	0.9280311274020984	32146.328959753337
ILLDEQAQWK	2	sp|P13598|ICAM2_HUMAN	0.0035419127	0.9933552810135716	0.929877614022712	158291.21227124767
HIQETEWQSQEGK	2	sp|Q14515|SPRL1_HUMAN	0.0035419127	0.9797881705057813	0.8740100855532595	12351.760304810412
GAQTQTEEEMTR	2	sp|Q12841|FSTL1_HUMAN	0.0035419127	1.0	0.9623748757263086	8324.270389545574
LLGLSLAGK	2	sp|Q9Y5Y7|LYVE1_HUMAN	0.0035419127	1.0	0.9958083769866691	3964668.574258422
FNRPFLMIIVPTDTQNIFFMSK	4	sp|P01011|AACT_HUMAN	0.0045871558	0.9586923939928679	0.8794703232336055	4294.991717717882
MEEVEAMLLPETLKR	3	sp|P01011|AACT_HUMAN	0.0035419127	0.9933552810135716	0.909814320739683	91009.20082144305
DLATVYVDVLK	2	sp|P02647|APOA1_HUMAN	0.0035419127	1.0	0.9679343089662907	229428.61535046864
TLMFGSYLDDEKNWGLSFYADKPETTK	4	sp|P19652|A1AG2_HUMAN	0.0035419127	1.0	0.9147479011246994	5166384.242275421
VTTSQDMLSIMEK	3	sp|P05155|IC1_HUMAN	0.0035419127	0.9866190731264982	0.885763049177126	6181.425456829905
SVNNVVVR	2	sp|O75882|ATRN_HUMAN	0.0035419127	0.9728591838590949	0.938970046997008	51167.292230912375
VMPIC[+57.021465]LPSK	2	sp|P00738|HPT_HUMAN;sp|P00739|HPTR_HUMAN	0.0035419127	0.9866190731264982	0.9791062321509452	404729.00236892747
AVLHIGEK	1	sp|P05543|THBG_HUMAN	0.0035419127	1.0	0.9304818148552346	31277.33480233177
VAEGTQVLELPFK	3	sp|P01008|ANT3_HUMAN	0.006795017	0.9212790999005022	0.9547964704682652	34818.88817051937
ITQDAQLK	1	sp|P08185|CBG_HUMAN	0.0035419127	0.9797881705057813	0.8448553734049729	919.4757442289747
GTWTQPFDLASTR	3	sp|P08185|CBG_HUMAN	0.0035419127	0.9866190731264982	0.9277907616110561	185503.48488100647
VTGNPGDEEFIEPSTENEFGLTSLR	3	sp|Q9ULI3|HEG1_HUMAN	0.0035419127	0.9658285256870233	0.9703410869315241	58872.55716636566
DEELSC[+57.021465]TVVELK	2	sp|P01011|AACT_HUMAN	0.0035419127	0.9933552810135716	0.9104842658477968	6019.256403005566
YEELQITAGR	2	sp|P04259|K2C6B_HUMAN;sp|P04264|K2C1_HUMAN	0.0045871558	0.9366095275687156	0.749039501990955	664.1618481437727
SETEIHQGFQHLHQLFAK	3	sp|P08185|CBG_HUMAN	0.0035419127	1.0	0.9450836546405432	1733275.3534788864
SPELQAEAK	2	sp|P02652|APOA2_HUMAN	0.0035419127	1.0	0.9593329899769253	144050.0822157116
EGQMESVEAAMSSK	2	sp|P05543|THBG_HUMAN	0.0035419127	0.9866190731264982	0.9647197353071718	298257.57124886295
TGLQEVEVK	2	sp|P01024|CO3_HUMAN	0.0035419127	1.0	0.9833649957955581	44001.47933574803
ALQATVGNSYK	2	sp|P11279|LAMP1_HUMAN	0.0035419127	1.0	0.9565690832153249	90951.50767232792
EQYAVVGHSAHIVTLK	4	sp|O75882|ATRN_HUMAN	0.0035419127	1.0	0.9901982436806861	1223213.133768077
DLDMFINASK	2	sp|O75882|ATRN_HUMAN	0.0035419127	1.0	0.8830113979019061	142141.43978335275
ESLSSYWESAK	2	sp|P02655|APOC2_HUMAN	0.0035419127	1.0	0.9516313897682356	393543.6515661847
SDGDPVQPAVLQVHQTS	3	sp|O95810|CAVN2_HUMAN	0.0035419127	1.0	0.9656049776391747	75437.98197738922
AHYGGFTVQNEANK	2	sp|P02675|FIBB_HUMAN	0.0035419127	0.9866190731264982	0.9466538284464163	5551.2696578901205
FLQSFAR	2	sp|Q13201|MMRN1_HUMAN	0.01868132	0.9054124614333342	0.7227801994509723	473.0329057587995
VWPQQPSGELFEIEIDTLETTC[+57.021465]HVLDPTPVAR	5	sp|P02765|FETUA_HUMAN	0.0035419127	1.0	0.8441012005472018	511998.1307921726
TEDSSSFLIDK	2	sp|P05543|THBG_HUMAN	0.0035419127	1.0	0.9669959117280343	43148.63367904726
EVDSDAYYVYR	2	sp|P09619|PGFRB_HUMAN	0.0035419127	1.0	0.8685033839204994	16903.606390775254
TYM[+15.994915]LAFDVNDEK	2	sp|P02763|A1AG1_HUMAN	0.0035419127	1.0	0.9655294206316051	11094039.544221606
TLLVFEVQQPFLFVLWDQQHK	4	sp|P05155|IC1_HUMAN	0.0035419127	0.9728591838590949	0.8920044561129918	33426.93306087439
ISC[+57.021465]PEGTNAYR	2	sp|P05451|REG1A_HUMAN;sp|P48304|REG1B_HUMAN	0.0035419127	1.0	0.9386759433536311	6618.115890172331
LADELSGWVQR	2	sp|Q99941|ATF6B_HUMAN	0.0035419127	1.0	0.884655639116267	24723.4093272806
NIFISPVSISMALAMLSLGTC[+57.021465]GHTR	3	sp|P08185|CBG_HUMAN	0.0035419127	0.9933552810135716	0.9403036606254458	157376.3523184073
AQVSPTASDMLHMR	3	sp|Q6UXB8|PI16_HUMAN	0.0035419127	1.0	0.9434012188069566	900679.647151092
LSSVTAADTAVYYC[+57.021465]AR	2	sp|A0A075B6R2|HV404_HUMAN;sp|A0A087WSY4|HV432_HUMAN;sp|A0A0C4DH41|HV461_HUMAN;sp|P01824|HV439_HUMAN;sp|P01825|HV459_HUMAN;sp|P06331|HV434_HUMAN;sp|P0DP06|HVD34_HUMAN;sp|P0DP07|HV431_HUMAN;sp|P0DP08|HVD82_HUMAN	0.0035419127	1.0	0.8202452520407979	83951.14651504773
DAVEDLESVGK	2	sp|P81605|DCD_HUMAN	0.0035419127	0.9933552810135716	0.9574538508341526	15727.6275611373
GSPAINVAVHVFR	2	sp|P02766|TTHY_HUMAN	0.0035419127	0.9933552810135716	0.9552907295073364	449637.2698200778
SC[+57.021465]AVAEYGVYVK	3	sp|P00738|HPT_HUMAN;sp|P00739|HPTR_HUMAN	0.0035419127	0.9933552810135716	0.7983384306033391	11272.812289971218
KGIYSFSFHVIK	2	sp|Q9NTU7|CBLN4_HUMAN	0.0045871558	0.9440873193926883	0.8527663037417688	11256.869865444416
EVPLNTIIFMGR	3	sp|P01008|ANT3_HUMAN	0.0035419127	0.9933552810135716	0.8894996319851601	60575.57047526877
SETEIHQGFQHLHQLFAK	4	sp|P08185|CBG_HUMAN	0.0035419127	1.0	0.9281589956582796	609315.7404019284
YDVDTQMWTILK	2	sp|O75882|ATRN_HUMAN	0.0035419127	1.0	0.9754907973062045	1161223.773089006
ENEGFTVTAEGK	2	sp|P01024|CO3_HUMAN	0.0035419127	1.0	0.9753544204950104	7202.930212834162
TGDTIEFMC[+57.021465]K	2	sp|Q02985|FHR3_HUMAN;sp|Q92496|FHR4_HUMAN	0.0035419127	0.9933552810135716	0.9209797554391046	98526.72871438661
TNLESILSYPK	3	sp|P05155|IC1_HUMAN	0.005701254	0.9290085173289965	0.7887412302627117	841.3075621519761
GSFPWQAK	1	sp|P00738|HPT_HUMAN;sp|P00739|HPTR_HUMAN	0.0035419127	0.9797881705057813	0.8604887653021229	6298.3630825969
YVMLPVADQDQC[+57.021465]IR	2	sp|P00738|HPT_HUMAN	0.0035419127	1.0	0.935199148883518	10825969.584245501
LGNFPWQAFTSIHGR	3	sp|Q9NZP8|C1RL_HUMAN	0.0035419127	1.0	0.9612607384591452	113183.21747405801
ESNEELTESC[+57.021465]ETK	2	sp|P01042|KNG1_HUMAN	0.0035419127	0.9797881705057813	0.8542600478372201	3313.63452029961
RVWELSK	2	sp|P01008|ANT3_HUMAN	0.0035419127	0.9797881705057813	0.9532964353752551	56207.942833365494
QPAVEEPAEVTATVLASR	3	sp|P32942|ICAM3_HUMAN	0.0035419127	0.9658285256870233	0.7913631575579151	1804.681296229129
AVVFLEPQWYR	2	sp|P08637|FCG3A_HUMAN	0.0035419127	0.9933552810135716	0.9799383704389121	16858.327780970634
HTFM[+15.994915]GVVSLGSPSGEVSHPR	3	sp|P02765|FETUA_HUMAN	0.0035419127	0.9933552810135716	0.9769686648443037	4893.5555549704595
YLGEEYVK	2	sp|P02787|TRFE_HUMAN	0.0035419127	1.0	0.9273292046913535	80818.15920446042
QEPSQGTTTFAVTSILR	3	sp|P01876|IGHA1_HUMAN	0.0035419127	1.0	0.9666358091603385	455955.37152566656
DASGATFTWTPSSGK	2	sp|P01877|IGHA2_HUMAN;sp|P0DOX2|IGA2_HUMAN	0.0035419127	1.0	0.9120877536094624	107314.6855076899
VLAKPTPK	2	sp|Q92954|PRG4_HUMAN	0.0035419127	1.0	0.924654258522526	128823.14284739686
LLQDEFPGIPSPLDAAVEC[+57.021465]HR	3	sp|P02790|HEMO_HUMAN	0.0035419127	1.0	0.9250220589159226	8314353.444701783
RHPDYSVVLLLR	2	sp|P02768|ALBU_HUMAN	0.0035419127	1.0	0.9025977263952525	109132.27258037448
NIFISPVSISMALAMLSLGTC[+57.021465]GHTR	4	sp|P08185|CBG_HUMAN	0.0035419127	0.9933552810135716	0.7927297108557964	22354.42001529836
GVTSVSQIFHSPDLAIR	4	sp|P05155|IC1_HUMAN	0.0035419127	0.9797881705057813	0.9500236748053156	29422.511955393296
KYPVAHFIDQTLK	2	sp|P05155|IC1_HUMAN	0.0035419127	0.9797881705057813	0.9834102348109657	190326.58934541047
VKSPELQAEAK	3	sp|P02652|APOA2_HUMAN	0.0035419127	0.9728591838590949	0.9609934829874978	11226.900808782326
LHMLQISYFR	3	sp|Q9UNN8|EPCR_HUMAN	0.0035419127	1.0	0.7494250427476381	19769.671583544477
GDEC[+57.021465]QLC[+57.021465]EVENR	2	sp|O75882|ATRN_HUMAN	0.0045871558	0.9866190731264982	0.9683186880439106	5362.367649904874
ALDLLDK	2	sp|P28482|MK01_HUMAN	0.0035419127	0.9728591838590949	0.7619074730095259	3472.9856951501956
SLTVSLGPVSK	2	sp|Q9ULI3|HEG1_HUMAN	0.0035419127	1.0	0.7431161959506918	19782.255492549568
FNQPFIIM[+15.994915]IFDHFTWSSLFLAR	4	sp|P08185|CBG_HUMAN	0.0035419127	0.9658285256870233	0.7637153082490884	3485.4728109639564
TLMFGSYLDDEK	3	sp|P19652|A1AG2_HUMAN	0.0035419127	0.9866190731264982	0.8514565635568088	3125.6642344326883
SPLFMGK	1	sp|P01009|A1AT_HUMAN	0.0035419127	0.9728591838590949	0.7452886410953661	5219.11431845039
IADAHLDR	2	sp|P04196|HRG_HUMAN	0.0035419127	0.9797881705057813	0.9624463628191536	3164.190735691968
KGEVLPLPEANFPSFPLPHHK	3	sp|P04196|HRG_HUMAN	0.0035419127	0.9933552810135716	0.9210189480342095	87550.78727177036
YVGGQEHFAHLLILRDTK	5	sp|P02763|A1AG1_HUMAN	0.0035419127	0.9933552810135716	0.7847564254929029	24401.552415772323
GPSVFPLAPSSK	2	sp|P01857|IGHG1_HUMAN;sp|P0DOX5|IGG1_HUMAN	0.0035419127	0.9933552810135716	0.9572795522535956	597527.7941611237
AYLEEEC[+57.021465]PATLR	2	sp|P25311|ZA2G_HUMAN	0.0035419127	1.0	0.9605991384717512	278411.84383737465
HLLGPDYTETLYSPR	3	sp|O15204|ADEC1_HUMAN	0.0035419127	1.0	0.7940088688998483	14699.614507913997
YGEGDSLTLQQLK	2	sp|Q15043|S39AE_HUMAN	0.0035419127	1.0	0.9596690069306136	30895.76960512033
LLQDEFPGIPSPLDAAVEC[+57.021465]HR	4	sp|P02790|HEMO_HUMAN	0.0035419127	1.0	0.8352903669720849	312458.34948809596
DYWSTVK	1	sp|P02656|APOC3_HUMAN	0.0035419127	0.9658285256870233	0.9738223586180748	90229.90097809587
DLQFVEVTDVK	2	sp|P02751|FINC_HUMAN	0.005701254	0.9290085173289965	0.8845232648899529	1531.4191992670371
RYTIAALLSPYSYSTTAVVTNPKE	3	sp|P02766|TTHY_HUMAN	0.0035419127	1.0	0.961534146854688	21508853.379733726
KPDGYDYYAFSK	2	sp|Q92954|PRG4_HUMAN	0.021953898	1.0	0.915798793922563	191166.27064566678
DYNLNDILLQLGIEEAFTSK	3	sp|P01011|AACT_HUMAN	0.0035419127	0.9866190731264982	0.8965778849800882	14418.713494384001
LQHLENELTHDIITK	3	sp|P01009|A1AT_HUMAN	0.0035419127	0.9658285256870233	0.7330888820363504	4444.4609522376295
ITGKWFYIASAFR	2	sp|P02763|A1AG1_HUMAN;sp|P19652|A1AG2_HUMAN	0.0035419127	0.9797881705057813	0.8434248375253669	58943.027136338904
SFTIEC[+57.021465]R	2	sp|P13598|ICAM2_HUMAN	0.0035419127	0.9797881705057813	0.8790256771546872	4327.319228356005
IEDGFSLK	2	sp|P01008|ANT3_HUMAN	0.0035419127	0.9797881705057813	0.9393606018103492	44996.22749949113
DDNPNLPR	1	sp|P02768|ALBU_HUMAN	0.013245033	0.8159995903747699	0.7421546080095475	813.9839426261748
GLASANVDFAFSLYK	2	sp|P08185|CBG_HUMAN	0.0035419127	0.9797881705057813	0.987317389411956	121621.93805751036
SAVQGPPER	1	sp|P01876|IGHA1_HUMAN;sp|P01877|IGHA2_HUMAN	0.0045871558	0.9440873193926883	0.7323066099966299	163.72718735609863
NQVSLTC[+57.021465]LVK	2	sp|P01857|IGHG1_HUMAN;sp|P01859|IGHG2_HUMAN;sp|P01860|IGHG3_HUMAN;sp|P01861|IGHG4_HUMAN;sp|P0DOX5|IGG1_HUMAN	0.0035419127	0.9933552810135716	0.9931144078345038	48394.55500795018
VGFYESDVMGR	2	sp|P01023|A2MG_HUMAN	0.0035419127	1.0	0.8754580257161563	3201.273835058446
C[+57.021465]INQLLC[+57.021465]K	2	sp|P49908|SEPP1_HUMAN	0.0035419127	0.9866190731264982	0.7904791241274317	16501.096362700337
TPSSTGPSPVFDIK	3	sp|Q12913|PTPRJ_HUMAN	0.0035419127	1.0	0.8328443353944345	18538.52227406612
IMGITLVSK	2	sp|Q9Y5Y7|LYVE1_HUMAN	0.0035419127	1.0	0.9695812305909903	582548.8848349266
SILFLGK	2	sp|P05543|THBG_HUMAN	0.0035419127	0.9728591838590949	0.9531318334495	29991.11019736989
VLNQELR	1	sp|P05090|APOD_HUMAN	0.0035419127	1.0	0.8966830232830287	21605.72792630975
NTWSILHTQGALVQGGYGHSSVYDHR	4	sp|O75882|ATRN_HUMAN	0.0035419127	0.9866190731264982	0.9264691993188436	2004932.8229969493
IHLISTQSAIPYALR	3	sp|P02679|FIBG_HUMAN	0.0035419127	0.9728591838590949	0.8879733389650265	21588.012727113903
IVDLFSGLDSPAILVLVNYIFFK	4	sp|P08185|CBG_HUMAN	0.010089686	0.897262926642552	0.8616028820533792	20457.770009463777
SASLHLPK	1	sp|P01009|A1AT_HUMAN	0.0035419127	1.0	0.7472083995823576	64359.332284422344
MEEVEAMLLPETLK	3	sp|P01011|AACT_HUMAN	0.0035419127	1.0	0.8328680966308682	201690.7808299653
TLYSSSPR	2	sp|P05155|IC1_HUMAN	0.0035419127	0.9797881705057813	0.9690706457475521	17563.272955276145
FLNVLSPR	2	sp|P17936|IBP3_HUMAN	0.0035419127	0.9866190731264982	0.8887368523563113	18760.711249012158
C[+57.021465]SPHLVLSALTSDNHGATYAFSGTHYWR	6	sp|P02790|HEMO_HUMAN	0.0035419127	0.9797881705057813	0.9687791158657086	40334.47528116297
ATEHLSTLSEK	2	sp|P02647|APOA1_HUMAN	0.0035419127	0.9933552810135716	0.9777225159624953	155842.9925613357
SDVMYTDWKKDK	3	sp|P19652|A1AG2_HUMAN	0.0035419127	1.0	0.8335579151019091	20658.61238179785
LSPLGEEMR	2	sp|P02647|APOA1_HUMAN	0.0035419127	1.0	0.9796668069776941	976520.6780129034
EVGTPHGIILDSVDAAFIC[+57.021465]PGSSR	4	sp|P02790|HEMO_HUMAN	0.0035419127	1.0	0.9551786058965857	9177260.833899679
TVVQPSVGAAAGPVVPPC[+57.021465]PGR	3	sp|P02765|FETUA_HUMAN	0.0035419127	0.9933552810135716	0.9491761758211034	344439.0679465898
TGLEAISNHK	2	sp|Q14515|SPRL1_HUMAN	0.0035419127	1.0	0.8008313354855775	38201.13340105353
EAATNGVLLYLDK	2	sp|Q9NTU7|CBLN4_HUMAN	0.0035419127	0.9933552810135716	0.9446348864644667	4583.698771379954
QEINSHVEMQTK	2	sp|P05543|THBG_HUMAN	0.0035419127	0.9866190731264982	0.8646564059019259	97662.61454661713
TC[+57.021465]PKPDDLPFSTVVPLK	3	sp|P02749|APOH_HUMAN	0.0035419127	1.0	0.8988160654058938	149564.165425625
RPC[+57.021465]FSALEVDETYVPK	2	sp|P02768|ALBU_HUMAN	0.0035419127	1.0	0.8824224644094343	36686.36314844835
DTKTYMLAFDVNDEK	2	sp|P02763|A1AG1_HUMAN	0.0035419127	1.0	0.8402953142987856	371504.3169727223
IKVTTSQDMLSIMEK	2	sp|P05155|IC1_HUMAN	0.0035419127	1.0	0.9044212002834374	341063.71291212837
YNIAITAVSGGK	2	sp|P23467|PTPRB_HUMAN	0.0035419127	0.9933552810135716	0.8924512248227645	8092.1271670968845
ELTPEVLQEWLDELEEMMLVVHMPR	5	sp|P01008|ANT3_HUMAN	0.0035419127	0.9866190731264982	0.8777637232912296	41353.192700962776
KGDTFSC[+57.021465]MVGHEALPLAFTQK	4	sp|P01876|IGHA1_HUMAN	0.0035419127	1.0	0.9711461636569664	362790.94139963196
WFYIASAFR	2	sp|P02763|A1AG1_HUMAN;sp|P19652|A1AG2_HUMAN	0.0035419127	0.9933552810135716	0.9873494094923946	267237.35782780556
GGGALLGDR	2	sp|P00736|C1R_HUMAN;sp|Q9NZP8|C1RL_HUMAN	0.0035419127	1.0	0.987098435133792	127156.46187063881
VTTVASHTSDSDVPSGVTEVVVK	3	sp|P10909|CLUS_HUMAN	0.0035419127	0.9866190731264982	0.9282548094416234	34702.29916386666
AKPALEDLR	2	sp|P02647|APOA1_HUMAN	0.006795017	1.0	0.9337030523005906	371413.16512742854
LSSWVLLMK	2	sp|P01009|A1AT_HUMAN	0.0035419127	1.0	0.9934533340314066	2022852.045833283
EQQC[+57.021465]VIMAENR	2	sp|P00747|PLMN_HUMAN;sp|Q02325|PLGB_HUMAN	0.025164114	0.5879493283318651	0.8136571390579785	41888.68079577777
NKEDC[+57.021465]VEIYIK	2	sp|P14151|LYAM1_HUMAN	0.0035419127	0.9933552810135716	0.934268227094363	712.4970046577072
AEDTAVYYC[+57.021465]AK	2	sp|P01764|HV323_HUMAN;sp|P01768|HV330_HUMAN;sp|P0DP03|HVC05_HUMAN	0.0035419127	1.0	0.9107857255073497	4436.613018959568
HYYESEVLAMNFQDWATASR	4	sp|P08185|CBG_HUMAN	0.0035419127	0.9797881705057813	0.9037518163354253	30713.48644764769
NALALFVLPK	2	sp|P05543|THBG_HUMAN	0.0035419127	1.0	0.9855278939638837	1558015.3932803923
ELISERWK	2	sp|P02790|HEMO_HUMAN	0.0035419127	1.0	0.9677087373298643	124062.70704408818
ALEESNYELEGK	2	sp|P13645|K1C10_HUMAN	0.0035419127	1.0	0.910324983304815	9980.437387196724
ADLSGITGAR	2	sp|P01011|AACT_HUMAN	0.0035419127	1.0	0.9290523019759713	279876.72435945075
KATVVYQGER	3	sp|P02749|APOH_HUMAN	0.0035419127	1.0	0.8189442057703435	3035.6421165226125
DAEAWFNEK	2	sp|P13645|K1C10_HUMAN;sp|Q7Z3Y7|K1C28_HUMAN;sp|Q7Z3Y8|K1C27_HUMAN;sp|Q7Z3Z0|K1C25_HUMAN	0.0035419127	1.0	0.8750703768677646	16361.90719967836
SDVVYTDWKK	3	sp|P02763|A1AG1_HUMAN	0.0035419127	1.0	0.8448117463152937	771.0646081970704
AREDIFMETLK	2	sp|P25311|ZA2G_HUMAN	0.0035419127	0.9797881705057813	0.9425515544258487	47961.82829343969
VWFELTQGSITK	2	sp|Q9H8L6|MMRN2_HUMAN	0.0035419127	0.9933552810135716	0.9686764232557942	5045.395212326983
NILTSNNIDVK	3	sp|P05090|APOD_HUMAN	0.0035419127	1.0	0.8539443291565562	2455.4195423148913
EWFSETFQK	2	sp|P02654|APOC1_HUMAN	0.010089686	0.9933552810135716	0.9673424835198253	1302475.6056373385
KMTVTDQVNC[+57.021465]PK	2	sp|P05090|APOD_HUMAN	0.0035419127	0.9866190731264982	0.9340370812564365	69553.22895884355
GPGEDFR	1	sp|P41222|PTGDS_HUMAN	0.0035419127	0.9728591838590949	0.9393356977372388	1644.3622856374782
EHSSLAFWK	2	sp|P02749|APOH_HUMAN	0.0035419127	1.0	0.968012330366812	411914.5959081926
NLMIDIQK	2	sp|Q9BY67|CADM1_HUMAN	0.0035419127	1.0	0.978584459003535	740430.5873980543
DSGSYFC[+57.021465]R	2	sp|O75015|FCG3B_HUMAN;sp|P08637|FCG3A_HUMAN	0.0035419127	0.9866190731264982	0.9957874291623873	13686.506194357225
FQPTLLTLPR	3	sp|P05155|IC1_HUMAN	0.014285714	0.7510559064272662	0.8961234206142353	1526.7980616886443
FNQPFIIMIFDHFTWSSLFLAR	3	sp|P08185|CBG_HUMAN	0.0035419127	0.9658285256870233	0.9658702439861019	226029.77037157537
YEGGREHVAHLLFLR	2	sp|P19652|A1AG2_HUMAN	0.0035419127	0.9797881705057813	0.8735776885052745	8471.886239486217
ENFLFLTPDC[+57.021465]K	2	sp|P01042|KNG1_HUMAN	0.0035419127	0.9933552810135716	0.9225904222406704	160610.69262881845
ALGISPFHEHAEVVFTANDSGPR	3	sp|P02766|TTHY_HUMAN	0.0035419127	1.0	0.9418371828705179	25984987.914435435
GKEESLDSDLYAELR	2	sp|P02775|CXCL7_HUMAN	0.0035419127	1.0	0.9601622311641597	17630757.91361258
LSITGTYDLK	2	sp|P01009|A1AT_HUMAN	0.0035419127	1.0	0.9478795900230407	113683.31388486615
SDDSVIQLLNPNR	3	sp|Q9BY67|CADM1_HUMAN	0.0035419127	0.9866190731264982	0.754336748218555	4357.759655918193
MYLGYEYVTAIR	2	sp|P02787|TRFE_HUMAN	0.0035419127	1.0	0.9502571374762605	159641.70500820465
DFTC[+57.021465]VHQALK	2	sp|P05155|IC1_HUMAN	0.0035419127	1.0	0.869471102904182	35594.04723983998
DFVQPPTK	2	sp|P01042|KNG1_HUMAN	0.0035419127	0.9797881705057813	0.9857675707566056	154400.42347898564
YGFIEGHVVIPR	3	sp|P16070|CD44_HUMAN	0.0035419127	0.9933552810135716	0.9552049021850492	342877.70483722555
AADDTWEPFASGKTSESGELHGLTTEEEFVEGIYK	5	sp|P02766|TTHY_HUMAN	0.0035419127	1.0	0.7160423515431749	249789.59173048715
HITSLEVIK	2	sp|P02776|PLF4_HUMAN;sp|P10720|PF4V_HUMAN	0.0035419127	1.0	0.9685771850941075	2497285.2275680685
YLTLNTESTR	2	sp|P06276|CHLE_HUMAN	0.0035419127	0.9933552810135716	0.9346170723190236	8856.596043082345
DLGEENFK	2	sp|P02768|ALBU_HUMAN	0.0035419127	0.9866190731264982	0.9603854503300729	11381.456292846357
TAAQNLYEK	2	sp|P02655|APOC2_HUMAN	0.0035419127	1.0	0.9843635311181601	651621.0069163707
HRLEDMEQALSPSVFK	2	sp|P05155|IC1_HUMAN	0.0045871558	0.9440873193926883	0.7814237152200363	4268.496151998399
ALGISPFHEHAEVVFTANDSGPRR	3	sp|P02766|TTHY_HUMAN	0.0035419127	0.9866190731264982	0.8401437868001778	6839.501058835307
