peptide	charge	proteins	q_value	score	spectral_angle	20241104_OA2_Evo08_ViAl_SA_FAIMS40_IO28_A556_MOMI_APEM_P194_F12_R01.mzML
MTVSTLVLGEGATEAEISMTSTR	3	sp|P02760|AMBP_HUMAN	0.003488372	1.0	0.95139549735497	757990.4512055442
LQQDVLQFQK	2	sp|Q8NBJ4|GOLM1_HUMAN	0.003488372	1.0	0.9755475838749202	8836.304772356303
TEGDGVYTLNNEK	3	sp|P00738|HPT_HUMAN	0.003488372	1.0	0.8730548373611234	10884.791144704774
VPTVEPLDSLTLFLFR	3	sp|P13598|ICAM2_HUMAN	0.003488372	0.9658285256870233	0.917501597051245	42977.5057107248
ILGGHLDAK	1	sp|P00738|HPT_HUMAN;sp|P00739|HPTR_HUMAN	0.003488372	0.9797881705057813	0.9378872193967583	9230.098556632347
LGFTDLFSK	2	sp|P29622|KAIN_HUMAN	0.003488372	1.0	0.9737803650914437	92029.70945753055
TSLTVVLLR	2	sp|P32942|ICAM3_HUMAN	0.003488372	1.0	0.7980748275961633	130440.67474163901
DTKTLMFGSYLDDEK	2	sp|P19652|A1AG2_HUMAN	0.003488372	1.0	0.9322635727209422	916018.5032301066
ITLLSALVETR	2	sp|P01011|AACT_HUMAN	0.003488372	1.0	0.9732331278487926	118185.72102880536
FPVFMGR	2	sp|P05155|IC1_HUMAN	0.008839779	0.888960273227615	0.9053032146495006	25596.900833026124
C[+57.021465]AGQQQDIR	2	sp|P27918|PROP_HUMAN	0.003488372	1.0	0.9425105836669803	18990.08225943799
FDPVRGEVPPR	2	sp|P02790|HEMO_HUMAN	0.003488372	0.9728591838590949	0.958891349615777	847431.354472811
VQLTGEPVPMAR	3	sp|P15151|PVR_HUMAN	0.003488372	1.0	0.7130796718662962	1809.7543708270798
GFSSGSAVVSGGSR	2	sp|P35908|K22E_HUMAN	0.003488372	1.0	0.9366837639898947	3775.5585820042284
MADEAGSEADHEGTHSTK	2	sp|P02671|FIBA_HUMAN	0.003488372	1.0	0.8862824366081655	1011.1790173766724
ASDTAMYYC[+57.021465]AR	2	sp|A0A0C4DH38|HV551_HUMAN;sp|A0A0J9YXX1|HV5X1_HUMAN	0.003488372	1.0	0.957910251749819	6561.7138871849465
QIQVFEDEPAR	2	sp|Q9NPH3|IL1AP_HUMAN	0.003488372	1.0	0.9835998457340696	82905.35083157368
IGPDNLPYVQILK	3	sp|P11362|FGFR1_HUMAN	0.00461361	0.9440873193926883	0.7347762267970399	3334.0669340097006
EETNEIQVVNEEPQR	2	sp|Q8NBJ4|GOLM1_HUMAN	0.003488372	1.0	0.830025062381211	128678.65597726525
LDELRDEGK	2	sp|P02768|ALBU_HUMAN	0.003488372	1.0	0.9507642181234573	59616.16309000364
AADDTWEPFASGK	3	sp|P02766|TTHY_HUMAN	0.003488372	0.9933552810135716	0.9101011382996708	31415.601217109215
TFTC[+57.021465]TAAYPESK	2	sp|P01876|IGHA1_HUMAN	0.003488372	0.9933552810135716	0.9293959028606281	73081.04083475427
GEVLPLPEANFPSFPLPHHK	4	sp|P04196|HRG_HUMAN	0.003488372	1.0	0.7816963567126429	227704.74104225374
EFGNTLEDK	2	sp|P02654|APOC1_HUMAN	0.003488372	0.9866190731264982	0.9559867766015931	228708.49473082268
SISTAYLQWSSLK	2	sp|A0A0C4DH38|HV551_HUMAN;sp|A0A0J9YXX1|HV5X1_HUMAN	0.003488372	0.9866190731264982	0.9378788838570603	51419.99938226139
LLVVYPWTQR	2	sp|P02042|HBD_HUMAN;sp|P02100|HBE_HUMAN;sp|P68871|HBB_HUMAN;sp|P69891|HBG1_HUMAN;sp|P69892|HBG2_HUMAN	0.003488372	1.0	0.9430063162661826	60083.559563799245
LYLVQGTQVYVFLTK	3	sp|P02790|HEMO_HUMAN	0.003488372	0.9658285256870233	0.8287895939659616	33150.60221212314
C[+57.021465]PNPPVQENFDVNK	2	sp|P05090|APOD_HUMAN	0.003488372	1.0	0.9380588789614684	2085182.5015225154
GPLDQLEK	2	sp|P05546|HEP2_HUMAN	0.003488372	0.9797881705057813	0.8870810137228426	18322.371665868817
EGDC[+57.021465]PVQSGK	2	sp|P01042|KNG1_HUMAN	0.003488372	1.0	0.8921098910007578	11429.833072690471
GEC[+57.021465]QAEGVLFFQGDR	3	sp|P02790|HEMO_HUMAN	0.003488372	0.9728591838590949	0.8669409510816665	69081.08678615282
SSSQELGLK	2	sp|Q14515|SPRL1_HUMAN	0.003488372	0.9866190731264982	0.9792012897440131	2710.6967383662554
VGSALFLSHNLK	3	sp|P29622|KAIN_HUMAN	0.003488372	0.9728591838590949	0.9685150950872181	154261.4231070301
SLSGTAFGGFLMFK	3	sp|Q9H8L6|MMRN2_HUMAN	0.003488372	1.0	0.8297926652291285	3656.915912339913
HSAQPWADFTLLGAR	3	sp|Q8IYS5|OSCAR_HUMAN	0.003488372	1.0	0.8108724068128781	49768.87090683218
ASYLDC[+57.021465]IR	2	sp|P02787|TRFE_HUMAN	0.00461361	0.9440873193926883	0.719972535557458	3725.09144562571
FSPENTR	2	sp|P01008|ANT3_HUMAN	0.003488372	1.0	0.9044648300624417	81497.03888971457
DALSSVQESQVAQQAR	3	sp|P02656|APOC3_HUMAN	0.003488372	0.9728591838590949	0.732769360156365	5632.916030848103
GTYSTTVTGR	2	sp|P08519|APOA_HUMAN	0.003488372	0.9866190731264982	0.9521763559190222	50046.09745467328
TDTSHHDQDHPTFNK	3	sp|P01009|A1AT_HUMAN	0.003488372	0.9797881705057813	0.8593298321717027	2787.221448658011
EIGELYLPK	2	sp|P01011|AACT_HUMAN	0.003488372	1.0	0.9543664524007176	973009.7549089878
YPPTVSMVEGQGEK	2	sp|P27918|PROP_HUMAN	0.003488372	1.0	0.9467925526100349	619977.3162319192
KLSSWVLLMK	2	sp|P01009|A1AT_HUMAN	0.003488372	0.9728591838590949	0.869918014057656	31399.97686506981
KVPQVSTPTLVEVSR	2	sp|P02768|ALBU_HUMAN	0.003488372	1.0	0.9509497511525393	544601.0784477016
LIC[+57.021465]QATGFSPR	2	sp|P01871|IGHM_HUMAN;sp|P0DOX6|IGM_HUMAN	0.003488372	1.0	0.8767418578316277	403.4563103726367
ASSIIDELFQDR	3	sp|P10909|CLUS_HUMAN	0.007829977	0.9366095275687156	0.8185318791963785	11372.836420696647
GGVGPFSDPVK	2	sp|Q12866|MERTK_HUMAN	0.003488372	1.0	0.9128385409599132	32654.479254283306
IMQSSQSMSK	2	sp|O75882|ATRN_HUMAN	0.003488372	0.9866190731264982	0.9911191861801363	113687.27227250386
SYSC[+57.021465]QVTHEGSTVEK	3	sp|B9A064|IGLL5_HUMAN;sp|P0CF74|IGLC6_HUMAN;sp|P0CG04|IGLC1_HUMAN;sp|P0DOX8|IGL1_HUMAN;sp|P0DOY2|IGLC2_HUMAN;sp|P0DOY3|IGLC3_HUMAN	0.003488372	1.0	0.9190125010431486	845458.3470603129
FLASVSTVLTSK	3	sp|P69905|HBA_HUMAN	0.007829977	0.9290085173289965	0.8852000388151777	2223.0609947058692
NWGLSFYADKPETTK	4	sp|P19652|A1AG2_HUMAN	0.003488372	0.9728591838590949	0.7535329013201693	2051.2705164128447
LRTEGDGVYTLNDKK	4	sp|P00738|HPT_HUMAN;sp|P00739|HPTR_HUMAN	0.003488372	1.0	0.9434664548699238	348359.714534847
GTHC[+57.021465]NQVEVIATLK	3	sp|P02775|CXCL7_HUMAN	0.003488372	0.9797881705057813	0.9252976251911879	114733.51884588013
VDGALC[+57.021465]M[+15.994915]EK	2	sp|P02790|HEMO_HUMAN	0.003488372	1.0	0.942715256410621	81945.47820483337
FSISATYDLGATLLK	3	sp|P05543|THBG_HUMAN	0.003488372	1.0	0.8539303207019919	105483.68244861664
GFGGLTGQIVAALSTAK	3	sp|Q92954|PRG4_HUMAN	0.003488372	1.0	0.9633109601681469	2501655.499658165
GGYTLVSGYPK	2	sp|P02790|HEMO_HUMAN	0.003488372	1.0	0.9644672144180676	888566.0076506429
LLIYDASNR	2	sp|A0A0A0MRZ8|KVD11_HUMAN;sp|P04433|KV311_HUMAN	0.003488372	1.0	0.9232439189309078	61486.61295681685
WELLQQVDTSTR	2	sp|P04264|K2C1_HUMAN	0.003488372	1.0	0.9573656085462704	602553.1745153257
LRTEGDGVYTLNNEK	4	sp|P00738|HPT_HUMAN	0.008839779	0.8718655118414741	0.7326318811947853	693.690726071349
QLVEIEK	1	sp|P00738|HPT_HUMAN;sp|P00739|HPTR_HUMAN	0.00461361	0.9514467542496609	0.9444293072798201	10853.183035016484
TYLPAVDEK	2	sp|P02655|APOC2_HUMAN	0.003488372	1.0	0.9871530367238508	1085460.2307875177
ADGESC[+57.021465]SASMMYQEGK	2	sp|P01008|ANT3_HUMAN	0.003488372	1.0	0.911497236777487	713501.5473844106
VITEPIPVSDLR	2	sp|Q12913|PTPRJ_HUMAN	0.003488372	1.0	0.9313058270164676	63380.78254472348
REPAVGEPAEVTTTVLVR	4	sp|P05362|ICAM1_HUMAN	0.003488372	1.0	0.8093217373483466	1593.7527444788705
ESLLNHFLYEVAR	3	sp|P43652|AFAM_HUMAN	0.003488372	1.0	0.8791339206451018	127337.71204752388
GVTSVSQIFHSPDLAIR	3	sp|P05155|IC1_HUMAN	0.003488372	0.9797881705057813	0.893003902959426	73532.68515391748
EMEDTLNHLK	3	sp|P17936|IBP3_HUMAN	0.003488372	1.0	0.9318103810643614	82885.0677707003
AVLTIDEK	1	sp|P01009|A1AT_HUMAN	0.003488372	0.9728591838590949	0.9514028043360262	411.51349970753853
EWFWDLATGTMK	3	sp|P02790|HEMO_HUMAN	0.003488372	0.9866190731264982	0.8022005146816171	3526.1427253645616
NPDAVAAPYC[+57.021465]YTR	2	sp|P08519|APOA_HUMAN	0.003488372	1.0	0.9309232708399489	130738.9006005505
C[+57.021465]TWLIEGQPNR	3	sp|O75882|ATRN_HUMAN	0.009771987	0.8258516653955662	0.8646938352155448	3495.821671836586
VLDELTLTK	2	sp|P13645|K1C10_HUMAN	0.003488372	1.0	0.9827911240728466	556835.1519164168
ALSIGFETC[+57.021465]R	2	sp|P16070|CD44_HUMAN	0.003488372	1.0	0.9579670051900242	446812.1413709944
EMEVLHLR	2	sp|P11362|FGFR1_HUMAN	0.003488372	1.0	0.9200557780364543	148553.75929637314
VADALTNAVAHVDDMPNALSALSDLHAHK	6	sp|P69905|HBA_HUMAN	0.003488372	0.9933552810135716	0.8823986535120466	11167.645612043925
VPLQQNFQDNQFQGK	2	sp|P80188|NGAL_HUMAN	0.003488372	1.0	0.937182293138489	556948.6039188522
YFHHNSDFHIPK	4	sp|O75015|FCG3B_HUMAN	0.003488372	1.0	0.9671854185282976	1745458.428577979
SKEQLTPLIK	2	sp|P02652|APOA2_HUMAN	0.003488372	1.0	0.9566904343505581	145364.7178275144
EQQALQTVC[+57.021465]LK	2	sp|P05452|TETN_HUMAN	0.003488372	0.9933552810135716	0.877389039804544	9232.537073503465
MSSINADFAFNLYR	2	sp|P05543|THBG_HUMAN	0.003488372	1.0	0.9567433634979658	2411611.7236553864
NLAVSQVVHK	2	sp|P01011|AACT_HUMAN	0.003488372	1.0	0.9738404774957812	861010.2197568127
ASVGQDSPEPR	2	sp|Q6UX71|PXDC2_HUMAN	0.003488372	1.0	0.925197471140983	9251.807215231302
FYNIGDQR	2	sp|Q7Z7G0|TARSH_HUMAN	0.003488372	1.0	0.9300158398693541	48825.27793428865
GILTVDELLAIR	3	sp|P13473|LAMP2_HUMAN	0.007829977	0.9290085173289965	0.8462017399075531	13650.734154390535
QQLQALSEPQPR	2	sp|Q8NBJ4|GOLM1_HUMAN	0.003488372	0.9933552810135716	0.9693523548470443	2312.354436285273
ATLVC[+57.021465]LISDFYPGAVTVAWK	4	sp|B9A064|IGLL5_HUMAN;sp|P0CG04|IGLC1_HUMAN;sp|P0DOX8|IGL1_HUMAN;sp|P0DOY2|IGLC2_HUMAN;sp|P0DOY3|IGLC3_HUMAN	0.003488372	1.0	0.8940244412515471	43043.204681195595
LRTEGDGVYTLNDK	2	sp|P00738|HPT_HUMAN;sp|P00739|HPTR_HUMAN	0.003488372	1.0	0.9272099542097687	366159.1197543071
TEGDGVYTLNDK	2	sp|P00738|HPT_HUMAN;sp|P00739|HPTR_HUMAN	0.003488372	1.0	0.9619828691999369	210406.08460896078
EQLGEFYEALDC[+57.021465]LR	3	sp|P02763|A1AG1_HUMAN	0.003488372	0.9728591838590949	0.9530037775222738	2656084.6418342604
SSEPTEDVEPK	2	sp|O43493|TGON2_HUMAN	0.003488372	1.0	0.9119511897521628	4189.06369330399
WLQGSQELPR	2	sp|P01876|IGHA1_HUMAN;sp|P01877|IGHA2_HUMAN;sp|P0DOX2|IGA2_HUMAN	0.003488372	1.0	0.9349477280162991	1969.0250625217582
VYSTSVTGSR	2	sp|Q9H299|SH3L3_HUMAN	0.003488372	1.0	0.962560070324266	78432.96461072385
SISC[+57.021465]QEIPGQQSR	2	sp|P27918|PROP_HUMAN	0.003488372	1.0	0.9496261203380607	482478.7266854454
TSDQIHFFFAK	3	sp|P01008|ANT3_HUMAN	0.003488372	0.9933552810135716	0.8807498927407033	90209.88645959395
DDNPNLPR	2	sp|P02768|ALBU_HUMAN	0.003488372	0.9797881705057813	0.8433339963847855	8965.805323848195
EPQVYTLPPSR	2	sp|P01857|IGHG1_HUMAN;sp|P01859|IGHG2_HUMAN;sp|P01860|IGHG3_HUMAN;sp|P0DOX5|IGG1_HUMAN	0.003488372	1.0	0.9253917068257306	5982.052877156059
SAVQGPPER	2	sp|P01876|IGHA1_HUMAN;sp|P01877|IGHA2_HUMAN	0.003488372	0.9797881705057813	0.9775424121598325	74729.35496546079
NSVIKVPMMNSK	2	sp|P05155|IC1_HUMAN	0.003488372	0.9933552810135716	0.9865114451312813	119049.46053917473
ASVSVTAEDEGTQR	2	sp|P05362|ICAM1_HUMAN	0.003488372	1.0	0.9017044723836523	74672.67347516512
YFHHNSDFHIPK	3	sp|O75015|FCG3B_HUMAN	0.003488372	1.0	0.7230181885219099	43909.43253393666
ESGTDDFNVWIGLHDPK	3	sp|P05451|REG1A_HUMAN	0.003488372	1.0	0.8714074429060757	11676.532835730823
RYTIAALLSPYSYSTTAVVTNPK	3	sp|P02766|TTHY_HUMAN	0.003488372	0.9728591838590949	0.9594990993751391	5395495.124359623
FNWYVDGVEVHNAK	2	sp|P01857|IGHG1_HUMAN;sp|P0DOX5|IGG1_HUMAN	0.003488372	1.0	0.8061575385501197	35917.28485859458
KGEVLPLPEANFPSFPLPHHK	5	sp|P04196|HRG_HUMAN	0.007829977	0.9366095275687156	0.7723401265054617	8437.122698966155
LPGIVAEGRDDLYVSDAFHK	3	sp|P01008|ANT3_HUMAN	0.003488372	0.9866190731264982	0.907735877596202	73626.05952225719
VLNQELR	2	sp|P05090|APOD_HUMAN	0.003488372	1.0	0.9860027472747473	1602060.7022879766
FQNALLVR	1	sp|P02768|ALBU_HUMAN	0.014038877	0.6244097987733555	0.7056596921486068	3403.532042063979
LYIEYGIQR	2	sp|Q9NPH3|IL1AP_HUMAN	0.003488372	1.0	0.961278645151784	104285.14986336252
HTFM[+15.994915]GVVSLGSPSGEVSHPR	4	sp|P02765|FETUA_HUMAN	0.003488372	0.9933552810135716	0.8038722993363339	4177.527875273031
KNIFISPVSISMALAMLSLGTC[+57.021465]GHTR	5	sp|P08185|CBG_HUMAN	0.003488372	0.9933552810135716	0.8816167887720108	507.66626692436637
VQPYLDDFQK	2	sp|P02647|APOA1_HUMAN	0.003488372	1.0	0.9139061007885946	9826.10804376812
SSAEAQTPEDTPNK	2	sp|O43493|TGON2_HUMAN	0.003488372	1.0	0.9302965441673274	34582.02036389225
C[+57.021465]SPHLVLSALTSDNHGATYAFSGTHYWR	5	sp|P02790|HEMO_HUMAN	0.003488372	0.9797881705057813	0.9155751015284839	1796467.5343194725
LGMFNIQHC[+57.021465]K	3	sp|P01009|A1AT_HUMAN	0.003488372	1.0	0.9531246387640642	512283.91022746486
SGAQATWTELPWPHEK	2	sp|P02790|HEMO_HUMAN	0.003488372	1.0	0.9527185783398663	1295931.8823009338
DYQELM[+15.994915]NTK	2	sp|P04264|K2C1_HUMAN	0.003488372	1.0	0.8722298371812448	3591.68108073475
DNPMYYC[+57.021465]NK	2	sp|O75882|ATRN_HUMAN	0.003488372	0.9933552810135716	0.9790672081667474	5845.614525834744
DVFLGMFLYEYAR	3	sp|P02768|ALBU_HUMAN	0.003488372	1.0	0.9230066002504964	313692.00417883066
ADGNQLTLEER	2	sp|Q6YHK3|CD109_HUMAN	0.003488372	0.9933552810135716	0.8505475617384064	2223.3553045073645
LREQLGPVTQEFWDNLEK	4	sp|P02647|APOA1_HUMAN	0.00461361	0.9440873193926883	0.9669616502145651	5589.610297086801
GNPYPELR	1	sp|P32942|ICAM3_HUMAN	0.003488372	0.9797881705057813	0.7176064350160369	1383.136546780576
SGTSASLAISGLR	2	sp|P01700|LV147_HUMAN	0.003488372	1.0	0.916048015973135	16287.351290548384
TAFQEALDAAGDK	2	sp|P10599|THIO_HUMAN	0.003488372	0.9933552810135716	0.7265210813027387	89275.33649228122
WEMPFDPQDTHQSR	2	sp|P01011|AACT_HUMAN	0.003488372	0.9728591838590949	0.8654212532783593	3621.736444713367
DSTYSLSSTLTLSK	2	sp|P01834|IGKC_HUMAN;sp|P0DOX7|IGK_HUMAN	0.003488372	1.0	0.8642832695967542	257898.30197201442
IC[+57.021465]LDLQAPLYK	2	sp|P02776|PLF4_HUMAN	0.003488372	1.0	0.961005261016373	1189735.6771328317
HTFMGVVSLGSPSGEVSHPR	4	sp|P02765|FETUA_HUMAN	0.003488372	0.9933552810135716	0.9510392547675726	394158.5270184547
HQMDLVATLSQLGLQELFQAPDLR	4	sp|P08697|A2AP_HUMAN	0.003488372	1.0	0.877511384722713	219886.97253136762
LTLTPWVGLR	2	sp|O75882|ATRN_HUMAN	0.003488372	1.0	0.9851627371062174	1202850.238136574
HTLNQIDEVK	2	sp|P02765|FETUA_HUMAN	0.003488372	0.9933552810135716	0.9668716190463142	214154.216145511
ESTLHLVLR	2	sp|P0CG47|UBB_HUMAN;sp|P0CG48|UBC_HUMAN;sp|P62979|RS27A_HUMAN;sp|P62987|RL40_HUMAN	0.009771987	0.7138053936648634	0.8251302103973613	1771.601848022407
YLDGLTAER	2	sp|P35908|K22E_HUMAN	0.003488372	1.0	0.9729025211469448	135479.39533631914
QGHNSVFLIK	2	sp|P02790|HEMO_HUMAN	0.003488372	1.0	0.9805644338774767	861580.6702866543
SC[+57.021465]ALDQNC[+57.021465]QWEPR	2	sp|O75882|ATRN_HUMAN	0.003488372	1.0	0.8211234800994168	165949.82863840833
IAPQLSTEELVSLGEK	3	sp|P43652|AFAM_HUMAN	0.003488372	0.9728591838590949	0.8144349158122717	12285.989420670167
QVILTLQPTLVAVGK	2	sp|P13598|ICAM2_HUMAN	0.003488372	0.9866190731264982	0.9180403244268365	185146.1338128381
NVQDAIADAEQR	2	sp|P35908|K22E_HUMAN	0.003488372	1.0	0.983548873390591	44524.184551308324
FTVNNLAEPQK	3	sp|P12259|FA5_HUMAN	0.003488372	1.0	0.9185409233874602	3927.3380128998597
VTTVASHTSDSDVPSGVTEVVVK	4	sp|P10909|CLUS_HUMAN	0.003488372	0.9866190731264982	0.9587188456438526	19510.20406116962
FRIEDGFSLK	3	sp|P01008|ANT3_HUMAN	0.003488372	1.0	0.973740772058838	4196132.24568066
EQVTNVGGAVVTGVTAVAQK	3	sp|P37840|SYUA_HUMAN	0.003488372	1.0	0.9410545639734659	21847.43557329583
GDDITMVLILPKPEK	2	sp|P01008|ANT3_HUMAN	0.009771987	0.8540617215638593	0.9507217498549206	21429.884500235185
RTIAVLLDDILQR	3	sp|Q96EE4|CC126_HUMAN	0.003488372	0.9866190731264982	0.7719950787113036	11739.748686502046
LLIYWASTR	2	sp|P06312|KV401_HUMAN	0.003488372	0.9933552810135716	0.9516286256157986	26867.429925921522
AGVETTTPSK	2	sp|P0DOY2|IGLC2_HUMAN;sp|P0DOY3|IGLC3_HUMAN	0.003488372	0.9866190731264982	0.9673151083179151	2404.937276083319
FNKPFVFLMIEQNTK	3	sp|P01009|A1AT_HUMAN	0.003488372	1.0	0.8591406708527481	47122.48609281107
HYYESEVLAMNFQDWATASR	3	sp|P08185|CBG_HUMAN	0.003488372	0.9797881705057813	0.8783692081783265	64918.7912690516
IILEDENDAMADADR	2	sp|Q9BUN1|MENT_HUMAN	0.003488372	0.9728591838590949	0.8887983757452231	26851.36364418058
ADLSGITGAR	1	sp|P01011|AACT_HUMAN	0.003488372	1.0	0.7727913429089961	65929.07112178484
VPQVSTPTLVEVSR	3	sp|P02768|ALBU_HUMAN	0.003488372	0.9866190731264982	0.860685291274266	1394.1324730067345
MFLSFPTTK	2	sp|P69905|HBA_HUMAN	0.003488372	1.0	0.9882819495517053	429714.29385313083
GLPNVVTSAISLPNIR	2	sp|Q92954|PRG4_HUMAN	0.003488372	1.0	0.8933973028007258	116612.99628454963
QVVAGLNFR	2	sp|P01042|KNG1_HUMAN	0.003488372	1.0	0.9712234446977246	537436.0380230967
TLTLLSVTR	2	sp|P06731|CEAM5_HUMAN;sp|P13688|CEAM1_HUMAN;sp|P31997|CEAM8_HUMAN	0.003488372	1.0	0.9321506999979283	115069.84643553052
LQHLENELTHDIITK	4	sp|P01009|A1AT_HUMAN	0.003488372	0.9586923939928679	0.7358034991338321	10430.3322538036
LREQLGPVTQEFWDNLEK	3	sp|P02647|APOA1_HUMAN	0.003488372	0.9866190731264982	0.9670597058082138	94333.3189362946
VGYVSGWGR	2	sp|P00738|HPT_HUMAN	0.003488372	1.0	0.942972883407698	641763.349540956
YENEVALR	2	sp|P13645|K1C10_HUMAN	0.00461361	0.9440873193926883	0.7768488304548764	830.2999757233734
LVRPEVDVMC[+57.021465]TAFHDNEETFLK	3	sp|P02768|ALBU_HUMAN	0.003488372	1.0	0.9458700307836823	239994.19351421515
DASGVTFTWTPSSGK	2	sp|P01876|IGHA1_HUMAN	0.003488372	0.9866190731264982	0.9367869813312321	130027.52107885461
EGEEFTVTC[+57.021465]TIK	2	sp|P10721|KIT_HUMAN	0.007829977	0.9366095275687156	0.7996304465328294	21331.137871813164
TMLLQPAGSLGSYSYR	2	sp|P41222|PTGDS_HUMAN	0.003488372	0.9728591838590949	0.9777860059615653	725237.6302510723
GGNIFHK	2	sp|P13598|ICAM2_HUMAN	0.003488372	1.0	0.8562356275875733	65092.82032440898
DIAPTLTLYVGK	3	sp|P00738|HPT_HUMAN;sp|P00739|HPTR_HUMAN	0.003488372	0.9797881705057813	0.8734785129777973	4883.467387086876
AVSISPTNVILTWK	2	sp|Q12913|PTPRJ_HUMAN	0.003488372	0.9866190731264982	0.9381750363932798	117341.12044750503
YVGGQEHFAHLLILR	3	sp|P02763|A1AG1_HUMAN	0.003488372	0.9728591838590949	0.9544838845485699	1068429.485272062
SDVM[+15.994915]YTDWK	2	sp|P19652|A1AG2_HUMAN	0.003488372	0.9933552810135716	0.8701792436124706	1375.9473317944332
FSGSGSGTDFTLTISR	2	sp|A0A0C4DH25|KVD20_HUMAN;sp|P01619|KV320_HUMAN	0.003488372	1.0	0.9600800739023444	721478.6920982087
SDVMYTDWK	2	sp|P19652|A1AG2_HUMAN	0.003488372	1.0	0.9819177946739142	914317.0923452385
YIC[+57.021465]ENQDSISSK	2	sp|P02768|ALBU_HUMAN	0.003488372	0.9866190731264982	0.9616832030079905	64371.22504512222
AQYEEIAQR	2	sp|P02538|K2C6A_HUMAN;sp|P04259|K2C6B_HUMAN;sp|P19013|K2C4_HUMAN;sp|P35908|K22E_HUMAN;sp|P48668|K2C6C_HUMAN;sp|Q01546|K22O_HUMAN	0.003488372	1.0	0.8714090192745487	18928.222478960357
SEAYNTFSER	2	sp|P12259|FA5_HUMAN	0.003488372	0.9933552810135716	0.8849352619394891	2995.7322773270807
GGSTSYGTGSETESPR	2	sp|P02671|FIBA_HUMAN	0.003488372	0.9797881705057813	0.7724038962132523	2297.00953907622
SYPGLTSYLVR	2	sp|P80188|NGAL_HUMAN	0.003488372	1.0	0.9404178374679326	20340.44159274645
EHVAHLLFLRDTK	2	sp|P19652|A1AG2_HUMAN	0.003488372	0.9866190731264982	0.9375041413864122	102046.32061725877
RLGMFNIQHC[+57.021465]K	3	sp|P01009|A1AT_HUMAN	0.003488372	0.9797881705057813	0.9496971023695929	499846.1067986318
EFTPPVQAAYQK	2	sp|P68871|HBB_HUMAN	0.003488372	1.0	0.9353736078694419	52769.07148674778
EENFYVDETTVVK	2	sp|P08185|CBG_HUMAN	0.003488372	0.9797881705057813	0.9158567815134723	91355.70200751725
SAGSVESPSVSSTHR	2	sp|P17936|IBP3_HUMAN	0.003488372	0.9866190731264982	0.984877036959046	4707.5152168207105
IHWESASLLR	2	sp|P01024|CO3_HUMAN	0.003488372	0.9933552810135716	0.9056779137843417	59633.23817081785
EVGTPHGIILDSVDAAFIC[+57.021465]PGSSR	3	sp|P02790|HEMO_HUMAN	0.003488372	1.0	0.9295815766243045	54216583.89026121
VC[+57.021465]PFAGILENGAVR	2	sp|P02749|APOH_HUMAN	0.003488372	1.0	0.8070853089615883	5711180.153401827
AFIQLWAFDAVK	3	sp|P02760|AMBP_HUMAN	0.003488372	0.9866190731264982	0.9140141999012974	16234.317681452061
TLLSNLEEAK	2	sp|P10909|CLUS_HUMAN	0.003488372	1.0	0.9559968715524085	1042176.5659207626
VDGALC[+57.021465]MEK	2	sp|P02790|HEMO_HUMAN	0.003488372	0.9866190731264982	0.9538942338044685	1212766.5461160538
VSALVDYER	2	sp|Q9BYE9|CDHR2_HUMAN	0.003488372	0.9866190731264982	0.7564322667572914	4337.824136324946
FIC[+57.021465]PLTGLWPINTLK	2	sp|P02749|APOH_HUMAN	0.003488372	0.9933552810135716	0.9416386294228863	175794.3287215636
GYWSDWSEEASGITYEDRPSK	3	sp|P40189|IL6RB_HUMAN	0.003488372	1.0	0.892613787781451	431688.0247440188
EPQDTYHYLPFSLPHR	3	sp|P10909|CLUS_HUMAN	0.003488372	1.0	0.8547869447118202	54806.5903808386
SVLGQLGITK	2	sp|P01009|A1AT_HUMAN	0.003488372	1.0	0.9980371429645182	3832070.921050043
WKNFPSPVDAAFR	2	sp|P02790|HEMO_HUMAN	0.003488372	0.9866190731264982	0.9889125709539933	179144.31748448437
TM[+15.994915]LLQPAGSLGSYSYR	3	sp|P41222|PTGDS_HUMAN	0.003488372	0.9728591838590949	0.8198158870005128	7688.544357764927
HPDEAAFFDTASTGK	3	sp|P02671|FIBA_HUMAN	0.007829977	0.9134157281067091	0.7804776523526138	5562.93029202691
FLENEDRR	2	sp|P01009|A1AT_HUMAN	0.003488372	1.0	0.9650949623198603	523072.16404520156
FIQSQDYQC[+57.021465]SALMGGR	2	sp|P07333|CSF1R_HUMAN	0.003488372	0.9658285256870233	0.7914975533282222	22.892581668164823
EHVAHLLFLR	3	sp|P19652|A1AG2_HUMAN	0.003488372	0.9728591838590949	0.964381809213344	21324536.411063395
KLINDYVK	2	sp|P01011|AACT_HUMAN	0.003488372	0.9866190731264982	0.9668834058879806	8336.271078349402
YEGGREHVAHLLFLR	4	sp|P19652|A1AG2_HUMAN	0.003488372	0.9797881705057813	0.983822324331117	70096.71077067923
TEDTIFLR	2	sp|P02763|A1AG1_HUMAN;sp|P19652|A1AG2_HUMAN	0.003488372	0.9866190731264982	0.9639613272628061	136386.53624650085
DFLQSLK	2	sp|P08697|A2AP_HUMAN	0.003488372	1.0	0.8724534789202294	250024.3155424685
LC[+57.021465]TPLLPK	2	sp|P27918|PROP_HUMAN	0.003488372	0.9866190731264982	0.8966301567276475	1676.4754009298513
YTDLVAIQNK	2	sp|P16109|LYAM3_HUMAN	0.003488372	0.9933552810135716	0.9814616156626053	8455.297904262994
AFSVNIFK	2	sp|P11279|LAMP1_HUMAN	0.003488372	0.9797881705057813	0.9444887245641448	76772.34755104533
TVAAC[+57.021465]NLPIVR	2	sp|P02760|AMBP_HUMAN	0.003488372	0.9933552810135716	0.9422133984469071	63512.62417796391
IPLNDLFR	2	sp|P13473|LAMP2_HUMAN	0.003488372	0.9866190731264982	0.9052757190788233	10532.940656549226
SKLPGIVAEGRDDLYVSDAFHK	3	sp|P01008|ANT3_HUMAN	0.003488372	0.9933552810135716	0.8818148792262763	149800.9085240023
GKEESLDSDLYAELR	4	sp|P02775|CXCL7_HUMAN	0.003488372	1.0	0.8366803290979522	58162.233632872216
DSPVLIDFFEDTER	2	sp|P04196|HRG_HUMAN	0.003488372	0.9728591838590949	0.9585976797727731	11367.604493706232
TSESGELHGLTTEEEFVEGIYK	4	sp|P02766|TTHY_HUMAN	0.003488372	1.0	0.9637725630215316	1450211.1314025559
ALTDMPQMR	2	sp|P02671|FIBA_HUMAN	0.003488372	1.0	0.9629361167981786	241844.08373940169
QINDYVEK	2	sp|P01009|A1AT_HUMAN	0.003488372	1.0	0.9620889620380505	719847.3787807007
ELDRDTVFALVNYIFFK	3	sp|P01009|A1AT_HUMAN	0.003488372	0.9933552810135716	0.9565146381112282	5091199.89013614
GFQQLLQELNQPR	3	sp|P05154|IPSP_HUMAN	0.003488372	0.9866190731264982	0.8556000353785644	23640.69771453408
LDDDLEHQGGHVLDHGHK	5	sp|P01042|KNG1_HUMAN	0.003488372	0.9933552810135716	0.8984047041886283	286659.0602644085
WYNLAIGSTC[+57.021465]PWLK	3	sp|P02760|AMBP_HUMAN	0.003488372	1.0	0.9318668682277252	226683.44109838674
RLWWLDLK	2	sp|P02790|HEMO_HUMAN	0.003488372	0.9933552810135716	0.8448659919176612	27043.3208716483
DIPMNPMC[+57.021465]IYR	3	sp|P01008|ANT3_HUMAN	0.009771987	0.7510559064272662	0.9140907922505713	15187.282543928482
SGLSTGWTQLSK	2	sp|P04217|A1BG_HUMAN	0.003488372	1.0	0.7073114862545161	1102.5471021359836
NPNLPPETVDSLK	2	sp|P05090|APOD_HUMAN	0.003488372	0.9933552810135716	0.9743503227648231	6469.8624953923845
AQYEDIAQK	2	sp|P04264|K2C1_HUMAN	0.003488372	1.0	0.9272865516037114	15205.459927347973
ALGISPFHEHAEVVFTANDSGPR	4	sp|P02766|TTHY_HUMAN	0.003488372	1.0	0.9514146534729336	9925645.68078988
WLQDNAENVYVWK	2	sp|P07359|GP1BA_HUMAN	0.003488372	1.0	0.9849215324758693	915362.2652001607
YKEENDDFASFR	2	sp|P04196|HRG_HUMAN	0.003488372	1.0	0.9743864785463159	348551.5927247744
FSPENTR	1	sp|P01008|ANT3_HUMAN	0.003488372	1.0	0.826263010421415	6114.871609618488
FYGLQVTGK	2	sp|P50281|MMP14_HUMAN	0.003488372	1.0	0.7217899911824902	30488.05650015214
ALPAPIEK	1	sp|P01857|IGHG1_HUMAN;sp|P01860|IGHG3_HUMAN;sp|P0DOX5|IGG1_HUMAN	0.003488372	1.0	0.7367284064978689	14466.064559370614
SVNNVVVR	1	sp|O75882|ATRN_HUMAN	0.003488372	0.9797881705057813	0.7397919647641615	77.10024859982438
TLMFGSYLDDEKNWGLSFYADKPETTK	5	sp|P19652|A1AG2_HUMAN	0.014038877	0.6244097987733555	0.7025765931490278	8984.457591741773
ALVLIAFAQYLQQC[+57.021465]PFEDHVK	4	sp|P02768|ALBU_HUMAN	0.003488372	0.9933552810135716	0.8107360221900216	27495.86570560586
DSVGQLQLYR	2	sp|Q99941|ATF6B_HUMAN	0.003488372	0.9933552810135716	0.8979458122322759	11537.941072349018
VAEGTQVLELPFK	2	sp|P01008|ANT3_HUMAN	0.003488372	1.0	0.9387761505910748	5105051.77041023
GIYSFSFHVIK	3	sp|Q9NTU7|CBLN4_HUMAN	0.003488372	1.0	0.9810937937335679	144045.41866393792
GTWTQPFDLASTR	2	sp|P08185|CBG_HUMAN	0.003488372	1.0	0.9499170409980702	24332420.96994754
DKC[+57.021465]EPLEKQHEK	4	sp|P02763|A1AG1_HUMAN;sp|P19652|A1AG2_HUMAN	0.003488372	1.0	0.8773365319433715	245085.51362859015
LNDLEDALQQAK	2	sp|P04264|K2C1_HUMAN	0.003488372	1.0	0.7856879026872964	7214.296007241588
ALGISPFHEHAEVVFTANDSGPRR	4	sp|P02766|TTHY_HUMAN	0.003488372	0.9866190731264982	0.8603441631814909	29933.71065206176
LLIYGASSR	2	sp|P01619|KV320_HUMAN	0.003488372	1.0	0.8708342272916662	168446.12262337998
FNALQYLR	2	sp|P51884|LUM_HUMAN	0.003488372	1.0	0.8366191817353534	34689.4170715612
EEDPIHLR	2	sp|O75015|FCG3B_HUMAN;sp|P08637|FCG3A_HUMAN	0.003488372	1.0	0.9707819301918664	505375.56960445264
SPELQAEAK	1	sp|P02652|APOA2_HUMAN	0.003488372	1.0	0.9661487308508013	360903.6260687759
VATTVISK	1	sp|P05155|IC1_HUMAN	0.003488372	1.0	0.9471268562653339	14666.88850850835
EALQGVGDMGR	2	sp|P35542|SAA4_HUMAN	0.003488372	0.9933552810135716	0.9390881437777584	2810.8302855629313
LVLLNAIYLSAK	2	sp|P05155|IC1_HUMAN	0.003488372	1.0	0.9563467629856854	412951.59677860123
EQYAVVGHSAHIVTLK	3	sp|O75882|ATRN_HUMAN	0.003488372	1.0	0.734510068074756	18468.703077666443
MNTVIAALSR	2	sp|P08185|CBG_HUMAN	0.003488372	1.0	0.9696702858252378	1815538.8894152602
QSLEASLAETEGR	2	sp|P13645|K1C10_HUMAN	0.003488372	0.9933552810135716	0.9388833228059805	57742.052625591175
SDGDPVQPAVLQVHQTS	2	sp|O95810|CAVN2_HUMAN	0.003488372	1.0	0.9044310043583743	439860.28296139016
TFVLPVTPPR	2	sp|P32942|ICAM3_HUMAN	0.003488372	0.9933552810135716	0.9756951877888972	99336.5698944906
VTTPDTSTTQHNK	3	sp|Q92954|PRG4_HUMAN	0.003488372	1.0	0.8973160435697846	57178.70245684436
NWGLSVYADKPETTK	2	sp|P02763|A1AG1_HUMAN	0.003488372	1.0	0.9443880388808232	452228.1029668773
IEISELNR	2	sp|P04264|K2C1_HUMAN;sp|P35908|K22E_HUMAN	0.003488372	1.0	0.9621423897806534	81769.50959317053
GSSSSPLGISVR	2	sp|Q9NTU7|CBLN4_HUMAN	0.003488372	1.0	0.9872744082056456	184006.35172538387
GLIDEVNQDFTNR	2	sp|P02671|FIBA_HUMAN	0.003488372	1.0	0.9643303938299019	173124.51136579993
SQYEQLAEQNRK	3	sp|P13645|K1C10_HUMAN	0.003488372	0.9866190731264982	0.8741884912590011	22330.902284625223
GSPAINVAVHVFRK	3	sp|P02766|TTHY_HUMAN	0.003488372	0.9866190731264982	0.9537213627780382	119974.08380141294
VWPQQPSGELFEIEIDTLETTC[+57.021465]HVLDPTPVAR	4	sp|P02765|FETUA_HUMAN	0.003488372	1.0	0.9621959734618913	4728826.725022589
DGNPFYFTDHR	2	sp|O00533|NCHL1_HUMAN	0.003488372	0.9797881705057813	0.8638343491297863	11471.422382127843
LYHSEAFTVNFGDTEEAKK	4	sp|P01009|A1AT_HUMAN	0.003488372	1.0	0.8907791158504158	613207.4062055172
NVQALEIELQSQLALK	3	sp|P13645|K1C10_HUMAN	0.003488372	0.9933552810135716	0.8639456829272252	29536.758137893878
GSPAINVAVHVFR	3	sp|P02766|TTHY_HUMAN	0.003488372	0.9933552810135716	0.9512477738176048	3299345.936290806
ANRPFLVFIR	2	sp|P01008|ANT3_HUMAN	0.003488372	0.9728591838590949	0.9513731873329417	36178.98900179453
SSGQWQTPGATR	2	sp|P06681|CO2_HUMAN	0.003488372	1.0	0.9920600610342176	10878.598608866292
EAEPLVDIR	2	sp|Q9H8L6|MMRN2_HUMAN	0.009771987	0.8258516653955662	0.9161994065852966	3691.1877760748794
EVPLNTIIFMGR	2	sp|P01008|ANT3_HUMAN	0.003488372	0.9866190731264982	0.983589391266082	263314.18641186995
WSAGLTSSQVDLYIPK	2	sp|P08185|CBG_HUMAN	0.003488372	1.0	0.9642032616813354	1861235.0128680305
SC[+57.021465]AVAEYGVYVK	2	sp|P00738|HPT_HUMAN;sp|P00739|HPTR_HUMAN	0.007829977	0.9933552810135716	0.9520853228071177	1308075.359136064
GEVLPLPEANFPSFPLPHHK	3	sp|P04196|HRG_HUMAN	0.003488372	1.0	0.8866830605191405	319606.7371294956
FKLDDDLEHQGGHVLDHGHK	5	sp|P01042|KNG1_HUMAN	0.003488372	0.9866190731264982	0.9714983878278254	29120.882635834256
VVSTNYNQHAMVFFK	2	sp|P80188|NGAL_HUMAN	0.003488372	0.9933552810135716	0.8891586079362562	32869.14653001589
SDVVYTDWKKDK	3	sp|P02763|A1AG1_HUMAN	0.003488372	0.9866190731264982	0.9127570055085813	10032.645775745623
DGEQIEQEEDDEK	2	sp|P13591|NCAM1_HUMAN	0.003488372	0.9797881705057813	0.9586016436343574	3233.731923798182
GSFPWQAK	2	sp|P00738|HPT_HUMAN;sp|P00739|HPTR_HUMAN	0.003488372	0.9797881705057813	0.9821139420301791	1617244.585492029
WYVVGLAGNAILR	2	sp|P80188|NGAL_HUMAN	0.003488372	1.0	0.9904702885840697	174286.36304567437
ETLLQDFR	2	sp|P02760|AMBP_HUMAN	0.003488372	0.9866190731264982	0.9331004676528253	77398.05499872462
AVMDDFAAFVEK	2	sp|P02768|ALBU_HUMAN	0.003488372	0.9797881705057813	0.9699870206314172	1874795.5318313465
VFEVHVRPK	2	sp|P13598|ICAM2_HUMAN	0.003488372	1.0	0.9693111575961361	67935.41389317007
ALMSPAGMLR	2	sp|O75144|ICOSL_HUMAN	0.003488372	0.9866190731264982	0.9344690560498706	115490.58859075766
YVGGQEHFAHLLILRDTK	3	sp|P02763|A1AG1_HUMAN	0.003488372	0.9933552810135716	0.9446725244509485	1048509.7324962335
QISNLQQSISDAEQR	3	sp|P04264|K2C1_HUMAN	0.003488372	0.9728591838590949	0.9572321192842305	5751.560382146121
EESLDSDLYAELR	3	sp|P02775|CXCL7_HUMAN	0.009771987	0.7626747761196712	0.846659184126411	5820.889944035762
TYETTLEK	2	sp|P02768|ALBU_HUMAN	0.003488372	0.9866190731264982	0.8709118388392774	1614.5312688000413
QQTHMLDVMQDHFSR	4	sp|P10909|CLUS_HUMAN	0.003488372	0.9866190731264982	0.957920332469053	19099.207716364417
VVAGVANALAHK	2	sp|P02042|HBD_HUMAN;sp|P68871|HBB_HUMAN	0.003488372	1.0	0.9654492695345062	269933.52674773004
QEPSQGTTTFAVTSILR	2	sp|P01876|IGHA1_HUMAN	0.003488372	1.0	0.9290454804157188	147971.70037429896
ITQVTWQK	2	sp|Q15223|NECT1_HUMAN	0.003488372	1.0	0.9275173408753908	39196.44733306029
NFPSPVDAAFR	3	sp|P02790|HEMO_HUMAN	0.003488372	1.0	0.8976553289023207	252742.4755862167
GHYFWMLSPFSPPSPAR	3	sp|Q92954|PRG4_HUMAN	0.003488372	0.9933552810135716	0.9516655603811917	196874.426698748
DQYYNIDVPSR	2	sp|Q92954|PRG4_HUMAN	0.003488372	0.9933552810135716	0.9606691810730126	642123.7438595284
KYPVAHFIDQTLK	3	sp|P05155|IC1_HUMAN	0.003488372	0.9797881705057813	0.788867671816836	6165.546053977791
ALTFELTLR	2	sp|P07333|CSF1R_HUMAN	0.003488372	1.0	0.9793545164020574	225795.6883362554
SKLPGIVAEGR	2	sp|P01008|ANT3_HUMAN	0.003488372	0.9933552810135716	0.9386551158790357	3678.9134744580874
VGSPFELVVSGNK	2	sp|Q6YHK3|CD109_HUMAN	0.007829977	0.9212790999005022	0.8829984477099027	10266.491645077671
VKSPELQAEAK	2	sp|P02652|APOA2_HUMAN	0.003488372	0.9728591838590949	0.9376716500211713	13550.673991605614
EYC[+57.021465]GVPGDGDEELLR	2	sp|P02760|AMBP_HUMAN	0.003488372	1.0	0.9366877564500451	3041569.8886202765
VFSNGADLSGVTEEAPLK	2	sp|P01009|A1AT_HUMAN	0.003488372	1.0	0.9152469771958163	7640614.543826611
VADALTNAVAHVDDMPNALSALSDLHAHK	4	sp|P69905|HBA_HUMAN	0.003488372	0.9933552810135716	0.9359173763513303	171009.43841024858
EQLTPLIK	2	sp|P02652|APOA2_HUMAN	0.003488372	0.9866190731264982	0.9769260893838753	2012.4551255540443
YLQEIYNSNNQK	2	sp|P02679|FIBG_HUMAN	0.003488372	1.0	0.8658035266322919	44074.99177072699
LRTEGDGVYTLNNEK	3	sp|P00738|HPT_HUMAN	0.003488372	1.0	0.8955270127608731	60294.38044245802
QQTHMLDVMQDHFSR	3	sp|P10909|CLUS_HUMAN	0.003488372	0.9866190731264982	0.9726044713234933	5195.792394369239
TYMLAFDVNDEK	2	sp|P02763|A1AG1_HUMAN	0.003488372	0.9866190731264982	0.9552474858513758	15308144.074782487
SVQEIQATFFYFTPNK	3	sp|P02763|A1AG1_HUMAN;sp|P19652|A1AG2_HUMAN	0.003488372	1.0	0.8042406373958974	49417.44621365326
SLTEEAENWGDGEPNNK	2	sp|P14151|LYAM1_HUMAN	0.008839779	0.888960273227615	0.7674972945520907	22770.114055363112
EQLGEFYEALDC[+57.021465]LC[+57.021465]IPR	3	sp|P19652|A1AG2_HUMAN	0.005733945	0.9440873193926883	0.9449497453957175	1159282.8503429801
DMPASEDLQDLQK	2	sp|P49908|SEPP1_HUMAN	0.003488372	1.0	0.9478223842411269	1994311.7991006982
LLSHC[+57.021465]LLVTLAAHLPAEFTPAVHASLDK	4	sp|P69905|HBA_HUMAN	0.003488372	1.0	0.7430241952554477	118541.78750293591
STSTAYMELSSLR	2	sp|P01742|HV169_HUMAN	0.003488372	0.9866190731264982	0.846592046700452	8925.430437646515
STSGGTAALGC[+57.021465]LVK	2	sp|P01857|IGHG1_HUMAN;sp|P01860|IGHG3_HUMAN;sp|P0DOX5|IGG1_HUMAN	0.003488372	1.0	0.9947030667122418	277453.7255292321
KPDGYDYYAFSK	3	sp|Q92954|PRG4_HUMAN	0.003488372	1.0	0.9042581008713445	132918.91507641712
GWSEEELQGVLR	2	sp|Q9H4A9|DPEP2_HUMAN	0.007829977	0.9366095275687156	0.8647874019192939	25982.333718031157
KWQEEMELYR	2	sp|P02647|APOA1_HUMAN	0.003488372	0.9933552810135716	0.8516348882632656	4301.327616075999
LEDMEQALSPSVFK	2	sp|P05155|IC1_HUMAN	0.003488372	0.9797881705057813	0.9852829030404843	118579.3743291654
SFTIEC[+57.021465]R	1	sp|P13598|ICAM2_HUMAN	0.005733945	0.9440873193926883	0.9247272908806801	9181.453212141754
GNPYPELR	2	sp|P32942|ICAM3_HUMAN	0.003488372	0.9866190731264982	0.9346643932581361	259.3052036804921
NSGSELQVYYASPR	2	sp|P18850|ATF6A_HUMAN	0.003488372	0.9797881705057813	0.8201027220588682	13122.744964514308
ITPNLAEFAFSLYR	3	sp|P01009|A1AT_HUMAN	0.003488372	1.0	0.9243135107146974	692679.5445935184
VWVYPPEK	2	sp|P02790|HEMO_HUMAN	0.003488372	0.9866190731264982	0.9823683115123174	755907.0244768402
DDLYVSDAFHK	3	sp|P01008|ANT3_HUMAN	0.003488372	1.0	0.9513827156672701	49732.5924308489
FEHC[+57.021465]NFNDVTTR	2	sp|P13987|CD59_HUMAN	0.003488372	0.9866190731264982	0.8463287268477081	2628.100905155782
NTWSILHTQGALVQGGYGHSSVYDHR	5	sp|O75882|ATRN_HUMAN	0.003488372	0.9728591838590949	0.8724994216361328	84430.83345137218
AFIQLWAFDAVKGK	3	sp|P02760|AMBP_HUMAN	0.003488372	1.0	0.7781083611802485	44349.147339588904
LVYHLGLPFSFLTFPYVEEAIK	3	sp|P49908|SEPP1_HUMAN	0.003488372	1.0	0.9672541751205768	8482144.673951
VEEVKPLEGR	3	sp|O00533|NCHL1_HUMAN	0.003488372	1.0	0.8367809602379938	108836.64892036583
KNIFISPVSISMALAMLSLGTC[+57.021465]GHTR	3	sp|P08185|CBG_HUMAN	0.003488372	0.9933552810135716	0.8000084698319009	2663.837662753688
SLTEEAENWGDGEPNNKK	3	sp|P14151|LYAM1_HUMAN	0.003488372	0.9933552810135716	0.9238210235459746	236896.52575839293
NTLYLQMNSLK	2	sp|A0A0B4J1V0|HV315_HUMAN	0.003488372	1.0	0.8799531820990504	33181.7588914544
QNQC[+57.021465]FYNSSYLNVQR	3	sp|P19652|A1AG2_HUMAN	0.003488372	0.9658285256870233	0.9071958895195074	12128.755878157863
VGAHAGEYGAEALER	2	sp|P69905|HBA_HUMAN	0.003488372	0.9866190731264982	0.9673729426084909	16636.456235406084
ADEFLNWHALFESIK	3	sp|P60985|KTDAP_HUMAN	0.003488372	0.9933552810135716	0.9637594185329958	21699.63720970001
DTINLLDQR	2	sp|Q8NBJ4|GOLM1_HUMAN	0.003488372	1.0	0.9161862225080255	61904.55574915165
TVVQLEGDNK	2	sp|P07148|FABPL_HUMAN	0.003488372	1.0	0.8429292545433512	24242.230745347086
AEIEYLEK	2	sp|P14151|LYAM1_HUMAN	0.003488372	0.9866190731264982	0.9831632904718466	124635.26764223214
RPC[+57.021465]FSALEVDETYVPK	3	sp|P02768|ALBU_HUMAN	0.003488372	1.0	0.9084801184822484	15206.447605366124
DTKTYMLAFDVNDEK	3	sp|P02763|A1AG1_HUMAN	0.003488372	1.0	0.9856509951782841	1028512.4696828676
RVAEGTQVLELPFK	2	sp|P01008|ANT3_HUMAN	0.003488372	1.0	0.9703940745558979	2948458.5080403495
YTIAALLSPYSYSTTAVVTNPKE	3	sp|P02766|TTHY_HUMAN	0.003488372	1.0	0.9262188358702365	35579267.07078932
DIPTNSPELEETLTHTITK	3	sp|P01042|KNG1_HUMAN	0.003488372	1.0	0.9317756587426542	13075071.785203341
LGQSLDC[+57.021465]NAEVYVVPWEK	3	sp|P01042|KNG1_HUMAN	0.003488372	0.9933552810135716	0.8947505317983246	20018.934573892893
YVGGQEHFAHLLILR	4	sp|P02763|A1AG1_HUMAN	0.003488372	0.9728591838590949	0.9530387410321799	20442428.306435756
GEAEYQEIR	2	sp|Q15223|NECT1_HUMAN	0.003488372	1.0	0.9028219872016348	13116.30200789561
DKC[+57.021465]EPLEK	2	sp|P02763|A1AG1_HUMAN;sp|P19652|A1AG2_HUMAN	0.003488372	0.9866190731264982	0.9680080103925678	14442.997235184483
DGWHSWPIAHQWPQGPSAVDAAFSWEEK	4	sp|P02790|HEMO_HUMAN	0.003488372	0.9728591838590949	0.9352648021700055	5235213.835758766
GTEAAGAMFLEAIPMSIPPEVK	3	sp|P01009|A1AT_HUMAN	0.003488372	0.9866190731264982	0.8766417740864965	285797.72272503143
ALEESNYELEGK	3	sp|P13645|K1C10_HUMAN	0.007829977	0.9212790999005022	0.814352943127435	544.0951032360117
SGAEAQTPEDSPNR	2	sp|O43493|TGON2_HUMAN	0.003488372	1.0	0.9641684464391632	39462.83501792288
GTSAVNVVLSLK	2	sp|P20061|TCO1_HUMAN	0.003488372	0.9933552810135716	0.9093428177494186	11452.712464648981
GVC[+57.021465]EETSGAYEK	2	sp|P02760|AMBP_HUMAN	0.003488372	1.0	0.9962976353007303	74456.38716350222
SDVVYTDWKK	2	sp|P02763|A1AG1_HUMAN	0.003488372	0.9933552810135716	0.9704621376277014	495729.9100546987
RHSLEYSLR	3	sp|Q13449|LSAMP_HUMAN	0.003488372	1.0	0.8712819210348574	105100.97703989747
VQALEEANNDLENK	2	sp|P35527|K1C9_HUMAN	0.003488372	1.0	0.8811356787973481	41194.87832556428
FLEDVKK	1	sp|P01009|A1AT_HUMAN	0.003488372	1.0	0.9765366180005415	47094.87668556754
NILTSNNIDVK	2	sp|P05090|APOD_HUMAN	0.009771987	0.8448700454299841	0.9569301340281268	2315789.1131708687
GPGEDFR	2	sp|P41222|PTGDS_HUMAN	0.003488372	0.9728591838590949	0.9585844506511471	19936.008712587514
LFDSDPITVTVPVEVSR	3	sp|P10909|CLUS_HUMAN	0.003488372	1.0	0.9850331265728284	223639.56510098625
EPQDTYHYLPFSLPHR	4	sp|P10909|CLUS_HUMAN	0.003488372	1.0	0.9471357890333936	79785.72769322398
TVAAPSVFIFPPSDEQLK	4	sp|P01834|IGKC_HUMAN	0.01724138	0.5678582329614409	0.8851201443162259	20633.078065140984
NEDSLVFVQTDK	2	sp|P01023|A2MG_HUMAN	0.003488372	0.9933552810135716	0.8481228724839369	1330.539223488203
HQMDLVATLSQLGLQELFQAPDLR	3	sp|P08697|A2AP_HUMAN	0.003488372	1.0	0.9158395094524201	1336338.3544985307
RGENLFAITDEGMDVPLAMEEWHHER	4	sp|Q6UXB8|PI16_HUMAN	0.003488372	0.9797881705057813	0.9309778575861246	87269.06729930599
ELDESLQVAER	2	sp|P10909|CLUS_HUMAN	0.003488372	1.0	0.9726605132400261	95991.00512116164
YPVAHFIDQTLK	2	sp|P05155|IC1_HUMAN	0.003488372	1.0	0.9019649254117883	243237.72204559695
FEDGVLDPDYPR	2	sp|P04004|VTNC_HUMAN	0.003488372	0.9933552810135716	0.882238670853672	11086.664230818707
FQPTLLTLPR	2	sp|P05155|IC1_HUMAN	0.003488372	0.9933552810135716	0.9811690402809763	741703.8285489774
SDVMYTDWKK	2	sp|P19652|A1AG2_HUMAN	0.003488372	1.0	0.9357011461343703	40043.37402050555
SLPTEDC[+57.021465]ENEK	2	sp|Q13790|APOF_HUMAN	0.003488372	1.0	0.9146123105094484	5076.701395664936
FNQPFIIMIFDHFTWSSLFLAR	4	sp|P08185|CBG_HUMAN	0.003488372	0.9658285256870233	0.9207523310509456	15664.01075513796
LTLEQIDLIR	2	sp|Q9H4A9|DPEP2_HUMAN	0.003488372	1.0	0.7776872297326207	916.8990196148823
NLQEILHGAVR	2	sp|P00533|EGFR_HUMAN	0.003488372	1.0	0.8225361464380512	2084.183856330702
DYQELMNVK	2	sp|P12035|K2C3_HUMAN;sp|P35908|K22E_HUMAN;sp|Q01546|K22O_HUMAN;sp|Q5XKE5|K2C79_HUMAN	0.003488372	1.0	0.9542921803233633	47747.2326584933
GSESGIFTNTK	2	sp|P02671|FIBA_HUMAN	0.003488372	1.0	0.9818437783001921	319059.15106664284
LINDYVK	1	sp|P01011|AACT_HUMAN	0.008839779	0.897262926642552	0.7303337963005241	3790.509425401775
GKEESLDSDLYAELR	3	sp|P02775|CXCL7_HUMAN	0.003488372	1.0	0.7596978344203673	197109.0777447494
SDDSVIQLLNPNR	2	sp|Q9BY67|CADM1_HUMAN	0.003488372	0.9866190731264982	0.861642255120474	46349.67788150887
YGFIEGHVVIPR	2	sp|P16070|CD44_HUMAN	0.003488372	0.9933552810135716	0.9634130828092916	332548.9855786904
DLGEENFK	1	sp|P02768|ALBU_HUMAN	0.003488372	0.9866190731264982	0.9398000718518265	726.6105083066795
EETNEIQVVNEEPQR	4	sp|Q8NBJ4|GOLM1_HUMAN	0.014038877	0.672124945171228	0.8215447928833354	646.580792799504
LVRPEVDVMC[+57.021465]TAFHDNEETFLK	4	sp|P02768|ALBU_HUMAN	0.003488372	1.0	0.891941836378901	148815.61759363054
GLEEELQFSLGSK	2	sp|P0C0L4|CO4A_HUMAN;sp|P0C0L5|CO4B_HUMAN	0.003488372	1.0	0.9245245551179054	81118.44389191428
HRLEDMEQALSPSVFK	3	sp|P05155|IC1_HUMAN	0.003488372	1.0	0.8966301638678499	101769.71682780301
ELDRDTVFALVNYIFFK	4	sp|P01009|A1AT_HUMAN	0.003488372	0.9933552810135716	0.9116639626521004	97685.92562809766
AGTELVNFLSYFVELGTQPATQ	3	sp|P02652|APOA2_HUMAN	0.003488372	1.0	0.9329903067290054	1689901.703185759
THNLEPYFESFINNLR	3	sp|P04264|K2C1_HUMAN	0.003488372	1.0	0.8649056416287869	147521.1610119832
LENEIQTYR	2	sp|P13645|K1C10_HUMAN	0.003488372	0.9933552810135716	0.9708498721537636	14751.060545408443
TVAAPSVFIFPPSDEQLK	3	sp|P01834|IGKC_HUMAN	0.003488372	1.0	0.9563788410299351	25212.76787094812
TFLTVYWTPER	2	sp|P05362|ICAM1_HUMAN	0.003488372	0.9866190731264982	0.9450641308581167	125758.43384085794
KGPGPGGPGGAGVAR	3	sp|Q92686|NEUG_HUMAN	0.003488372	0.9728591838590949	0.839792614549216	9582.34110435994
AVGEEVWHSK	3	sp|P13591|NCAM1_HUMAN	0.003488372	1.0	0.8868843108352855	7084.274205397269
EFLEDTC[+57.021465]VQYVQK	2	sp|Q9UNN8|EPCR_HUMAN	0.003488372	1.0	0.9543003469337025	144981.71294328984
THLAPYSDELR	2	sp|P02647|APOA1_HUMAN	0.003488372	1.0	0.9970172129941183	547370.7846616573
AAC[+57.021465]LLPK	2	sp|P02768|ALBU_HUMAN	0.003488372	1.0	0.9121867518127578	71974.9684803604
FPVFMGR	1	sp|P05155|IC1_HUMAN	0.008839779	0.888960273227615	0.7133521745490324	1216.6652252988338
SGAEEQGPIDGPSK	2	sp|O43493|TGON2_HUMAN	0.003488372	0.9933552810135716	0.8961278304476931	5112.3706721553735
AATGEC[+57.021465]TATVGK	3	sp|P01042|KNG1_HUMAN	0.018299246	0.5226635955578876	0.8979094939552718	551.277300084992
VQLTGEPVPMAR	2	sp|P15151|PVR_HUMAN	0.003488372	1.0	0.977942154206739	159279.97397859767
SKLPGIVAEGRDDLYVSDAFHK	5	sp|P01008|ANT3_HUMAN	0.003488372	0.9933552810135716	0.9462671202447897	180617.66950248674
VMTPAVYAPYDVK	3	sp|O00533|NCHL1_HUMAN	0.007829977	0.9212790999005022	0.8263234434833402	859.5137427209618
SQYEQLAEQNR	2	sp|P13645|K1C10_HUMAN	0.003488372	0.9933552810135716	0.8667474354101655	11014.8136322427
NHNALLASLTTQK	2	sp|O75882|ATRN_HUMAN	0.003488372	0.9933552810135716	0.9474924677303861	28850.87931844933
VLSYVDWIK	2	sp|Q9NZP8|C1RL_HUMAN	0.003488372	0.9933552810135716	0.9166746475186118	14315.085197536315
TTPPVLDSDGSFFLYSK	2	sp|P01857|IGHG1_HUMAN;sp|P0DOX5|IGG1_HUMAN	0.003488372	1.0	0.7964127374150475	4847.119673408835
STAAMSTYTGIFTDQVLSVLK	4	sp|P02655|APOC2_HUMAN	0.003488372	1.0	0.8659158073409217	32202.040679971855
IGPDNLPYVQILK	2	sp|P11362|FGFR1_HUMAN	0.003488372	0.9866190731264982	0.9812718891886292	90523.33639231035
DYQELM[+15.994915]NVK	2	sp|P12035|K2C3_HUMAN;sp|P35908|K22E_HUMAN;sp|Q01546|K22O_HUMAN;sp|Q5XKE5|K2C79_HUMAN	0.003488372	1.0	0.9830629317582001	7096.949474625742
EGYYGYTGAFR	2	sp|P02787|TRFE_HUMAN	0.003488372	1.0	0.9910049121225261	15941.664994996941
ALDLINK	1	sp|P04196|HRG_HUMAN	0.003488372	0.9728591838590949	0.7616964209800582	1769.6044818271216
LDDDLEHQGGHVLDHGHK	3	sp|P01042|KNG1_HUMAN	0.003488372	0.9933552810135716	0.9392236460022829	19350.13668038634
AVLDVFEEGTEASAATAVK	2	sp|P01011|AACT_HUMAN	0.003488372	1.0	0.9689260410610765	66757.87552106087
NWGLSFYADKPETTK	2	sp|P19652|A1AG2_HUMAN	0.003488372	0.9728591838590949	0.8696554774910744	32083.419735840747
TC[+57.021465]VADESAENC[+57.021465]DK	2	sp|P02768|ALBU_HUMAN	0.003488372	1.0	0.900357579358547	16407.256255626748
SPELQAEAKSYFEK	2	sp|P02652|APOA2_HUMAN	0.003488372	0.9728591838590949	0.9409941344875459	90386.76859371684
GEC[+57.021465]QAEGVLFFQGDR	2	sp|P02790|HEMO_HUMAN	0.003488372	0.9728591838590949	0.9230865106117135	272956.7304462613
STASFEELC[+57.021465]SEYR	2	sp|Q9NQ38|ISK5_HUMAN	0.003488372	1.0	0.8440701918293472	31560.431631481515
SLSGTAFGGFLMFK	2	sp|Q9H8L6|MMRN2_HUMAN	0.003488372	1.0	0.9522261525753519	138724.01160227845
TRMEPFHFK	3	sp|P05155|IC1_HUMAN	0.003488372	1.0	0.9446933971409064	160362.24274881498
ELELQIGNALFIGK	2	sp|P05543|THBG_HUMAN	0.003488372	0.9797881705057813	0.8560400232663917	49127.19652094835
GPSVFPLAPC[+57.021465]SR	2	sp|P01859|IGHG2_HUMAN;sp|P01860|IGHG3_HUMAN;sp|P01861|IGHG4_HUMAN	0.003488372	1.0	0.9145643918558026	22454.854879260114
FLENEDR	2	sp|P01009|A1AT_HUMAN	0.003488372	0.9797881705057813	0.9807197935418532	205455.87385819247
YYC[+57.021465]FQGNQFLR	2	sp|P02790|HEMO_HUMAN	0.003488372	1.0	0.9670794427942356	3406088.967523668
HSAQPWADFTLLGAR	2	sp|Q8IYS5|OSCAR_HUMAN	0.003488372	1.0	0.8084371399089795	43977.58287989428
IEISELNR	1	sp|P04264|K2C1_HUMAN;sp|P35908|K22E_HUMAN	0.003488372	1.0	0.7242545561111446	13508.790994027582
TDASDVKPC[+57.021465]	2	sp|P02749|APOH_HUMAN	0.003488372	0.9866190731264982	0.9889350700122475	3036.0356709929943
VTTSQDMLSIMEK	2	sp|P05155|IC1_HUMAN	0.003488372	0.9866190731264982	0.9571032595736699	1823826.293877489
DALSSVQESQVAQQAR	2	sp|P02656|APOC3_HUMAN	0.003488372	0.9728591838590949	0.9536797362516132	17619.157386099014
QFTSSTSYNR	2	sp|P02671|FIBA_HUMAN	0.003488372	0.9933552810135716	0.9487593432573918	263971.8549990989
ITQDAQLK	2	sp|P08185|CBG_HUMAN	0.003488372	0.9797881705057813	0.9609689092573568	9058.26930049192
TDTSHHDQDHPTFNK	2	sp|P01009|A1AT_HUMAN	0.003488372	0.9797881705057813	0.9327115328274013	8816.249136117794
LALDIEIATYR	2	sp|P05787|K2C8_HUMAN;sp|P08729|K2C7_HUMAN;sp|P14136|GFAP_HUMAN;sp|P19013|K2C4_HUMAN;sp|Q6KB66|K2C80_HUMAN	0.003488372	1.0	0.9491378079617979	26397.61977013116
YPPTVSMVEGQGEK	3	sp|P27918|PROP_HUMAN	0.003488372	1.0	0.7998419830736033	25671.955582914277
DEELSC[+57.021465]TVVELK	3	sp|P01011|AACT_HUMAN	0.007829977	0.9366095275687156	0.8622450235881299	4584.162727715609
KVPQVSTPTLVEVSR	3	sp|P02768|ALBU_HUMAN	0.003488372	1.0	0.9751242442469419	311891.12740624597
ASSIIDELFQDR	2	sp|P10909|CLUS_HUMAN	0.003488372	0.9933552810135716	0.8439014433048218	27654.717841654776
ETC[+57.021465]FAEEGKK	3	sp|P02768|ALBU_HUMAN	0.003488372	0.9933552810135716	0.8619888447715353	8530.883968939232
LVVQSSIDSSAFK	2	sp|P10721|KIT_HUMAN	0.003488372	1.0	0.9467841891253973	113997.5105859249
SYSC[+57.021465]QVTHEGSTVEK	2	sp|B9A064|IGLL5_HUMAN;sp|P0CF74|IGLC6_HUMAN;sp|P0CG04|IGLC1_HUMAN;sp|P0DOX8|IGL1_HUMAN;sp|P0DOY2|IGLC2_HUMAN;sp|P0DOY3|IGLC3_HUMAN	0.003488372	1.0	0.952960885105065	101400.61646033562
MLEEIMK	2	sp|P02679|FIBG_HUMAN	0.003488372	0.9797881705057813	0.8705205269010453	6330.467962368299
FMPLSDVLYGR	2	sp|Q10588|BST1_HUMAN	0.003488372	1.0	0.8863508911428729	7365.14459982501
FSISATYDLGATLLK	2	sp|P05543|THBG_HUMAN	0.003488372	1.0	0.8333434568742297	85385.61472535686
GFGGLTGQIVAALSTAK	2	sp|Q92954|PRG4_HUMAN	0.003488372	1.0	0.9531808506991952	1802938.0436449675
NWGLSVYADKPETTK	4	sp|P02763|A1AG1_HUMAN	0.003488372	1.0	0.8760153833130945	210276.4369631486
SASNMAIVDVK	2	sp|P01023|A2MG_HUMAN	0.010857764	0.9933552810135716	0.9021351522754574	4848.864382060833
QLVEIEK	2	sp|P00738|HPT_HUMAN;sp|P00739|HPTR_HUMAN	0.003488372	0.9797881705057813	0.9656786656725951	1487.952214958386
LGQYASPTAK	2	sp|P0C0L4|CO4A_HUMAN;sp|P0C0L5|CO4B_HUMAN	0.003488372	1.0	0.9879153673910194	128047.93893893184
GPALTTPK	1	sp|Q92954|PRG4_HUMAN	0.009771987	0.7955364837549187	0.761790410870188	2264.24635302307
EWFWDLATGTMK	2	sp|P02790|HEMO_HUMAN	0.003488372	0.9866190731264982	0.9646688554564226	2303905.5276721395
REPAVGEPAEVTTTVLVR	3	sp|P05362|ICAM1_HUMAN	0.003488372	1.0	0.9048094412785532	10993.001887827797
LTPTLYVGK	2	sp|O75460|ERN1_HUMAN	0.003488372	0.9866190731264982	0.8207021253982834	3035.7250901104967
EMEDTLNHLK	2	sp|P17936|IBP3_HUMAN	0.007829977	0.9212790999005022	0.7035858788497905	25619.66261644412
DAVEDLESVGK	3	sp|P81605|DCD_HUMAN	0.009771987	0.8258516653955662	0.8040310160384705	31011.686703037783
DYQELMNTK	2	sp|P04264|K2C1_HUMAN	0.003488372	1.0	0.9138318222508865	53289.76158236727
KGIYSFSFHVIK	3	sp|Q9NTU7|CBLN4_HUMAN	0.003488372	0.9866190731264982	0.9340813076989829	13106.724646256316
SETEIHQGFQHLHQLFAK	5	sp|P08185|CBG_HUMAN	0.003488372	1.0	0.9330158490075173	18774384.1126415
LMVELHNLYR	2	sp|Q6UXB8|PI16_HUMAN	0.003488372	1.0	0.9904920589255517	49341.575101810224
FKLDDDLEHQGGHVLDHGHK	3	sp|P01042|KNG1_HUMAN	0.003488372	0.9866190731264982	0.9375339824230622	15208.47331159889
DLWVNIDQMEK	2	sp|Q6UX71|PXDC2_HUMAN	0.003488372	0.9933552810135716	0.8795329033996192	21392.870603247666
ITC[+57.021465]TEEGWSPTPK	2	sp|Q03591|FHR1_HUMAN;sp|Q9BXR6|FHR5_HUMAN	0.003488372	0.9866190731264982	0.8193205578978227	2499.7887025609325
YDVDTQMWTILK	3	sp|O75882|ATRN_HUMAN	0.003488372	1.0	0.8726932618814168	84434.20826878089
INENTGSVSVTR	2	sp|P55290|CAD13_HUMAN	0.003488372	1.0	0.79203039257844	814.4372185537306
SFMLLILER	2	sp|P05543|THBG_HUMAN	0.003488372	0.9933552810135716	0.9693261037763659	2381.1443769536977
LLDSLPSDTR	2	sp|P05155|IC1_HUMAN	0.003488372	1.0	0.9627425093173221	856602.0140773035
TNLESILSYPK	2	sp|P05155|IC1_HUMAN	0.003488372	1.0	0.9524554248698938	326176.02430536685
YVMLPVADQDQC[+57.021465]IR	3	sp|P00738|HPT_HUMAN	0.003488372	1.0	0.8753479479919106	460116.63916530076
ALYVHGGYK	2	sp|O75882|ATRN_HUMAN	0.003488372	1.0	0.9502363239309658	772676.659689919
RVWELSK	1	sp|P01008|ANT3_HUMAN	0.003488372	0.9797881705057813	0.7175766279114265	1307.9366651112605
QPAVEEPAEVTATVLASR	2	sp|P32942|ICAM3_HUMAN	0.003488372	0.9658285256870233	0.9256829149544687	9670.360486823147
DWHGVPGQVDAAMAGR	2	sp|P04004|VTNC_HUMAN	0.003488372	1.0	0.9360168217946558	864962.4223581514
SYFEKSK	2	sp|P02652|APOA2_HUMAN	0.003488372	0.9797881705057813	0.9486376008123482	5874.916391400815
AVVFLEPQWYR	3	sp|P08637|FCG3A_HUMAN	0.003488372	0.9866190731264982	0.8644433071916319	14386.512046794589
MSSINADFAFNLYR	3	sp|P05543|THBG_HUMAN	0.003488372	1.0	0.8725391440542118	175594.90842713095
SGTASVVC[+57.021465]LLNNFYPR	3	sp|P01834|IGKC_HUMAN;sp|P0DOX7|IGK_HUMAN	0.003488372	0.9933552810135716	0.8923589161244497	59090.63383108209
AGPHC[+57.021465]PTAQLIATLK	2	sp|P02776|PLF4_HUMAN;sp|P10720|PF4V_HUMAN	0.003488372	1.0	0.9675322608696109	357087.87675436924
VGYVSGWGQSDNFK	2	sp|P00739|HPTR_HUMAN	0.003488372	0.9797881705057813	0.8435248223739354	24151.460552875225
NLDLDSIIAEVK	3	sp|O95678|K2C75_HUMAN;sp|P02538|K2C6A_HUMAN;sp|P04259|K2C6B_HUMAN;sp|P13647|K2C5_HUMAN;sp|P35908|K22E_HUMAN;sp|P48668|K2C6C_HUMAN;sp|Q5XKE5|K2C79_HUMAN	0.003488372	1.0	0.8138915863250428	19937.396953031308
LLGIETPLPK	2	sp|P05362|ICAM1_HUMAN	0.003488372	1.0	0.9457785637189291	126315.27963570539
GILTVDELLAIR	2	sp|P13473|LAMP2_HUMAN	0.007829977	0.9290085173289965	0.882169862846518	58070.14790231588
SYQDFFEAIR	2	sp|P18850|ATF6A_HUMAN	0.003488372	1.0	0.8081071273181615	20524.82172584952
AIGPSQTHTIR	2	sp|Q92954|PRG4_HUMAN	0.003488372	0.9933552810135716	0.9742679781466229	10108.606805690111
RHPDYSVVLLLR	3	sp|P02768|ALBU_HUMAN	0.003488372	1.0	0.866627777769778	124506.17824612018
TSDQIHFFFAK	2	sp|P01008|ANT3_HUMAN	0.003488372	0.9933552810135716	0.9718662412053644	103043.27519710422
GWVTDGFSSLK	2	sp|P02656|APOC3_HUMAN	0.003488372	0.9933552810135716	0.9664172225339914	7182415.631999385
LHMLQISYFR	2	sp|Q9UNN8|EPCR_HUMAN	0.003488372	1.0	0.8838611986589258	43530.91217837823
EPC[+57.021465]VESLVSQYFQTVTDYGK	3	sp|P02652|APOA2_HUMAN	0.003488372	0.9797881705057813	0.9412260741110217	851545.6337400684
YTIAALLSPYSYSTTAVVTNPK	3	sp|P02766|TTHY_HUMAN	0.003488372	0.9797881705057813	0.948176162740915	9194885.089333862
EHAVEGDC[+57.021465]DFQLLK	2	sp|P02765|FETUA_HUMAN	0.003488372	1.0	0.9382400058942778	616140.3873203037
TLMFGSYLDDEK	2	sp|P19652|A1AG2_HUMAN	0.003488372	0.9866190731264982	0.9553745897603718	7590599.411547963
FNQPFIIM[+15.994915]IFDHFTWSSLFLAR	3	sp|P08185|CBG_HUMAN	0.003488372	0.9658285256870233	0.9287770602151548	17785.46690361401
RYTIAALLSPYSYSTTAVVTNPK	4	sp|P02766|TTHY_HUMAN	0.003488372	0.9728591838590949	0.956315916166521	867293.2859207328
SPLFMGK	2	sp|P01009|A1AT_HUMAN	0.003488372	0.9728591838590949	0.9606919857045778	477345.3182005951
FNWYVDGVEVHNAK	3	sp|P01857|IGHG1_HUMAN;sp|P0DOX5|IGG1_HUMAN	0.003488372	1.0	0.9495109713292563	991932.9993111172
KGEVLPLPEANFPSFPLPHHK	4	sp|P04196|HRG_HUMAN	0.003488372	0.9933552810135716	0.9640051986758098	365876.9901586946
YVGGQEHFAHLLILRDTK	4	sp|P02763|A1AG1_HUMAN	0.003488372	0.9933552810135716	0.8915544985769179	5568.92811548378
AYLEEEC[+57.021465]PATLR	3	sp|P25311|ZA2G_HUMAN	0.003488372	1.0	0.7669862599877081	4745.473621813313
MPVAPYWTSPEK	2	sp|P11362|FGFR1_HUMAN	0.006849315	0.9933552810135716	0.8997029488552721	29483.137652106234
GDSVVYGLR	2	sp|P10451|OSTP_HUMAN	0.003488372	1.0	0.9253057937308548	123777.43237205596
FQNALLVR	2	sp|P02768|ALBU_HUMAN	0.003488372	1.0	0.8670374322568114	70961.51988414605
VDLLNQEIEFLK	2	sp|P35908|K22E_HUMAN	0.003488372	1.0	0.9367691198060072	330627.70071532595
KNIFISPVSISMALAMLSLGTC[+57.021465]GHTR	4	sp|P08185|CBG_HUMAN	0.003488372	0.9933552810135716	0.8446026654268841	6275.538311706592
GDTFSC[+57.021465]MVGHEALPLAFTQK	4	sp|P01876|IGHA1_HUMAN	0.003488372	1.0	0.8654361624974948	56048.00330108471
DYWSTVK	2	sp|P02656|APOC3_HUMAN	0.003488372	0.9658285256870233	0.9756680241705752	164689.19477360393
KAADDTWEPFASGK	2	sp|P02766|TTHY_HUMAN	0.003488372	1.0	0.9054173281391041	477790.87932608323
VTSIQDWVQK	2	sp|P00738|HPT_HUMAN	0.003488372	0.9933552810135716	0.9655418776740358	1718848.6243648056
LQHLENELTHDIITK	2	sp|P01009|A1AT_HUMAN	0.003488372	0.9658285256870233	0.9433382258323344	98548.26114017762
ITGKWFYIASAFR	3	sp|P02763|A1AG1_HUMAN;sp|P19652|A1AG2_HUMAN	0.003488372	0.9797881705057813	0.813055168212955	3925.155750750134
LILVDYILFK	2	sp|Q9UK55|ZPI_HUMAN	0.003488372	1.0	0.9768495896969701	19540.002655783843
GLASANVDFAFSLYK	3	sp|P08185|CBG_HUMAN	0.003488372	0.9797881705057813	0.908706853728673	38469.63311219982
QNC[+57.021465]ELFEQLGEYK	2	sp|P02768|ALBU_HUMAN	0.003488372	1.0	0.9158774150607926	2298915.893199146
YTIAALLSPYSYSTTAVVTNPK	4	sp|P02766|TTHY_HUMAN	0.003488372	0.9797881705057813	0.9127669310273556	609350.559972317
IC[+57.021465]LDLQAPLYK	3	sp|P02776|PLF4_HUMAN	0.003488372	1.0	0.8757803325342748	71185.5088049808
TPSSTGPSPVFDIK	2	sp|Q12913|PTPRJ_HUMAN	0.003488372	1.0	0.9199229189108468	337806.0082898978
FDTISEK	2	sp|P01008|ANT3_HUMAN	0.003488372	1.0	0.9626334832560748	157653.55136008124
YSLTYIYTGLSK	2	sp|P25311|ZA2G_HUMAN	0.003488372	0.9933552810135716	0.841857200559604	86.60585158976042
EIPVLVTQISSTNHPVK	3	sp|Q6UX71|PXDC2_HUMAN	0.003488372	1.0	0.9534378802909205	13289.654873234082
QGHNSVFLIK	3	sp|P02790|HEMO_HUMAN	0.003488372	1.0	0.8234360832589649	14666.87896758285
NTWSILHTQGALVQGGYGHSSVYDHR	3	sp|O75882|ATRN_HUMAN	0.003488372	0.9728591838590949	0.9445212589978487	18469.91377887748
IVDLFSGLDSPAILVLVNYIFFK	3	sp|P08185|CBG_HUMAN	0.003488372	1.0	0.8817083817199969	315086.27938820055
SASLHLPK	2	sp|P01009|A1AT_HUMAN	0.003488372	1.0	0.9490435483501185	173169.823671073
IAPQLSTEELVSLGEK	2	sp|P43652|AFAM_HUMAN	0.003488372	0.9728591838590949	0.9117409238296053	42086.18144835858
FSGSILGNK	2	sp|A0A075B6I0|LV861_HUMAN	0.003488372	0.9797881705057813	0.8263246500401796	7939.5858709401955
MEEVEAMLLPETLK	2	sp|P01011|AACT_HUMAN	0.003488372	1.0	0.9314119433912427	1864140.4112478078
FTVNNLAEPQK	2	sp|P12259|FA5_HUMAN	0.003488372	1.0	0.9507813831150723	9989.117912665428
FRIEDGFSLK	2	sp|P01008|ANT3_HUMAN	0.003488372	1.0	0.9690236771518875	1180730.5623289244
EQLGEFYEALDC[+57.021465]LC[+57.021465]IPR	4	sp|P19652|A1AG2_HUMAN	0.005733945	0.9440873193926883	0.8858071437655518	51731.81351590667
GDDITMVLILPKPEK	3	sp|P01008|ANT3_HUMAN	0.003488372	1.0	0.9873803384977999	1142752.1796489097
GDTFSC[+57.021465]MVGHEALPLAFTQK	3	sp|P01876|IGHA1_HUMAN	0.003488372	1.0	0.9679708881938518	941446.4912589667
EHVAHLLFLRDTK	4	sp|P19652|A1AG2_HUMAN	0.003488372	0.9866190731264982	0.9394483196412167	967331.2984100934
AQWANPFDPSK	2	sp|P05543|THBG_HUMAN	0.003488372	1.0	0.9200755978841413	104584.71812723357
YIFSDDSSQLTIK	2	sp|P13591|NCAM1_HUMAN	0.003488372	1.0	0.8432417281664402	66754.06367338587
SDVVYTDWK	2	sp|P02763|A1AG1_HUMAN	0.003488372	1.0	0.9531157935998126	642835.0149347738
GLPNVVTSAISLPNIR	3	sp|Q92954|PRG4_HUMAN	0.003488372	1.0	0.9012899157777968	790618.9901116581
VPQVSTPTLVEVSR	2	sp|P02768|ALBU_HUMAN	0.003488372	0.9866190731264982	0.950025124470004	172394.03749336078
GWVDLFVPK	2	sp|P05543|THBG_HUMAN	0.003488372	1.0	0.9407606741661707	274693.5864873006
FLEDVKK	2	sp|P01009|A1AT_HUMAN	0.003488372	1.0	0.9905972245140472	1309780.3737625885
YAASSYLSLTPEQWK	2	sp|A0M8Q6|IGLC7_HUMAN;sp|B9A064|IGLL5_HUMAN;sp|P0CF74|IGLC6_HUMAN;sp|P0CG04|IGLC1_HUMAN;sp|P0DOX8|IGL1_HUMAN;sp|P0DOY2|IGLC2_HUMAN;sp|P0DOY3|IGLC3_HUMAN	0.003488372	0.9728591838590949	0.9604078342344721	216297.61834284227
LSSWVLLM[+15.994915]K	2	sp|P01009|A1AT_HUMAN	0.003488372	1.0	0.9364341420507515	136402.0452498088
LTSLPLGALR	2	sp|P07359|GP1BA_HUMAN	0.003488372	0.9866190731264982	0.9516792172454348	52286.172597136036
ELTPEVLQEWLDELEEMMLVVHMPR	4	sp|P01008|ANT3_HUMAN	0.003488372	0.9866190731264982	0.9536728051936658	277743.5422518051
TMLLQPAGSLGSYSYR	3	sp|P41222|PTGDS_HUMAN	0.003488372	0.9728591838590949	0.895987705596526	360842.4187644951
LLDNWDSVTSTFSK	2	sp|P02647|APOA1_HUMAN	0.003488372	0.9797881705057813	0.8875788317421777	39365.097340452325
KAGTELVNFLSYFVELGTQPATQ	4	sp|P02652|APOA2_HUMAN	0.003488372	0.9728591838590949	0.8888905210156797	16743.738715864507
AVSISPTNVILTWK	3	sp|Q12913|PTPRJ_HUMAN	0.003488372	0.9866190731264982	0.8529234579170157	6949.124405482017
ANQQLNFTEAK	2	sp|Q9Y5Y7|LYVE1_HUMAN	0.003488372	1.0	0.960994887653051	15318.365835753242
YVGGQEHFAHLLILR	2	sp|P02763|A1AG1_HUMAN	0.003488372	0.9728591838590949	0.9346279112765551	400947.54598601966
LPGIVAEGR	1	sp|P01008|ANT3_HUMAN	0.003488372	0.9797881705057813	0.7297937123761177	995.954294269278
TFYEPGEEITYSC[+57.021465]KPGYVSR	3	sp|P02749|APOH_HUMAN	0.003488372	1.0	0.9292163708357281	3452685.2132492764
GGSTSYGTGSETESPR	3	sp|P02671|FIBA_HUMAN	0.005733945	0.9440873193926883	0.8699504881434545	1602.033005617449
NKEDC[+57.021465]VEIYIK	3	sp|P14151|LYAM1_HUMAN	0.003488372	0.9933552810135716	0.8266849066979625	227.02448049201587
EHVAHLLFLRDTK	3	sp|P19652|A1AG2_HUMAN	0.003488372	0.9866190731264982	0.9101923167364148	308607.3685478664
RLGMFNIQHC[+57.021465]K	2	sp|P01009|A1AT_HUMAN	0.003488372	0.9797881705057813	0.9699398671538175	105469.6579832383
EFTPPVQAAYQK	3	sp|P68871|HBB_HUMAN	0.003488372	1.0	0.8438933163671386	9353.74553610995
SAGSVESPSVSSTHR	3	sp|P17936|IBP3_HUMAN	0.003488372	0.9866190731264982	0.858332203456493	19054.951114488285
NSLYLQMNSLR	2	sp|A0A0B4J1V1|HV321_HUMAN;sp|A0A0B4J1X8|HV343_HUMAN;sp|A0A0C4DH32|HV320_HUMAN;sp|P01762|HV311_HUMAN;sp|P01763|HV348_HUMAN;sp|P01766|HV313_HUMAN;sp|P01780|HV307_HUMAN;sp|P01782|HV309_HUMAN;sp|P0DP04|HV43D_HUMAN	0.003488372	0.9933552810135716	0.8582025886324022	6838.00568383238
IPKSDVVYTDWK	2	sp|P02763|A1AG1_HUMAN	0.003488372	1.0	0.9527016122271362	615135.2387707207
KATVVYQGER	2	sp|P02749|APOH_HUMAN	0.003488372	1.0	0.9503692362038851	356139.46348544233
QGLLPVLESFK	2	sp|P02647|APOA1_HUMAN	0.003488372	1.0	0.9015457222014811	331036.8879797068
MREWFSETFQK	2	sp|P02654|APOC1_HUMAN	0.003488372	1.0	0.972099538931921	1706176.3403009118
LQGEIAHVK	2	sp|P35908|K22E_HUMAN	0.003488372	0.9866190731264982	0.9783350161106871	4606.041107567097
EGVLYVGSK	2	sp|P37840|SYUA_HUMAN;sp|Q16143|SYUB_HUMAN	0.003488372	0.9866190731264982	0.943705668652108	3833.6432058530504
TYFPHFDLSHGSAQVK	4	sp|P69905|HBA_HUMAN	0.003488372	0.9797881705057813	0.9368653034064979	82202.99139126224
GGEGTGYFVDFSVR	2	sp|P04196|HRG_HUMAN	0.003488372	1.0	0.9506075119273383	983959.9840704533
DTEEEDFHVDQVTTVK	2	sp|P01009|A1AT_HUMAN	0.003488372	1.0	0.9340899542072908	4553795.603268889
WKNFPSPVDAAFR	3	sp|P02790|HEMO_HUMAN	0.009771987	0.8159995903747699	0.9373856496630407	21311.595501423853
ATVVYQGER	2	sp|P02749|APOH_HUMAN	0.003488372	0.9866190731264982	0.9721338706312722	3047168.3088137712
KAGTELVNFLSYFVELGTQPATQ	3	sp|P02652|APOA2_HUMAN	0.003488372	0.9728591838590949	0.9546969333986278	726038.6882418061
IDSLLENDR	2	sp|P10909|CLUS_HUMAN	0.003488372	1.0	0.7095903563456013	135586.88452157445
DYVSQFEGSALGK	2	sp|P02647|APOA1_HUMAN	0.003488372	0.9933552810135716	0.9118191802240938	55661.90757782089
TM[+15.994915]LLQPAGSLGSYSYR	2	sp|P41222|PTGDS_HUMAN	0.003488372	0.9728591838590949	0.9093747110352236	22686.67672347652
HPDEAAFFDTASTGK	2	sp|P02671|FIBA_HUMAN	0.003488372	1.0	0.9315518519303742	135065.24380850472
EHVAHLLFLR	2	sp|P19652|A1AG2_HUMAN	0.003488372	0.9728591838590949	0.9616044253053928	8085107.787060065
GTEAAGAMFLEAIPMSIPPEVK	4	sp|P01009|A1AT_HUMAN	0.003488372	0.9866190731264982	0.9782817602648491	18011.286982426158
TVAAC[+57.021465]NLPIVR	3	sp|P02760|AMBP_HUMAN	0.003488372	0.9933552810135716	0.784305255742877	11869.111374231587
VSEALGQGTR	2	sp|Q6E0U4|DMKN_HUMAN	0.003488372	0.9866190731264982	0.7689160620086654	2925.569194443582
ETYGEMADC[+57.021465]C[+57.021465]AK	2	sp|P02768|ALBU_HUMAN	0.003488372	1.0	0.9679669190477302	26396.719329128937
AEAESLYQSK	2	sp|P04264|K2C1_HUMAN	0.003488372	0.9933552810135716	0.9281690415797057	77.12200681659981
LLIYGASTR	2	sp|A0A075B6H7|KV37_HUMAN;sp|A0A0C4DH55|KVD07_HUMAN;sp|P01624|KV315_HUMAN	0.003488372	0.9866190731264982	0.8869315172907084	24907.02371808516
ALAQC[+57.021465]APPPAVC[+57.021465]AELVR	3	sp|P17936|IBP3_HUMAN	0.003488372	0.9933552810135716	0.9334730119788174	27399.786819018227
DFVQPPTK	1	sp|P01042|KNG1_HUMAN	0.003488372	0.9797881705057813	0.7115253341460126	1571.5244137860204
FIVLSNNYLQIR	2	sp|P13591|NCAM1_HUMAN	0.003488372	1.0	0.8424804119955503	186486.41048898408
NEC[+57.021465]FLQHK	2	sp|P02768|ALBU_HUMAN	0.003488372	1.0	0.9841633845696223	45039.45977256388
AADDTWEPFASGKTSESGELHGLTTEEEFVEGIYK	4	sp|P02766|TTHY_HUMAN	0.003488372	1.0	0.8866073624145034	1848186.0963154081
DKC[+57.021465]EPLEKQHEK	2	sp|P02763|A1AG1_HUMAN;sp|P19652|A1AG2_HUMAN	0.003488372	1.0	0.9215622683875041	17570.902803316818
STAAMSTYTGIFTDQVLSVLK	3	sp|P02655|APOC2_HUMAN	0.003488372	1.0	0.9392759279202082	2277692.2178024193
LWWLDLK	2	sp|P02790|HEMO_HUMAN	0.003488372	1.0	0.9688131983608549	517195.11695493496
SGTASEMGTER	2	sp|Q9ULI3|HEG1_HUMAN	0.003488372	0.9866190731264982	0.9061775481765455	6210.165568266232
ALDLINK	2	sp|P04196|HRG_HUMAN	0.003488372	0.9728591838590949	0.9797031904119075	63879.53245812042
DIPMNPMC[+57.021465]IYR	2	sp|P01008|ANT3_HUMAN	0.003488372	0.9866190731264982	0.9578429345454883	122179.43011151753
TEGDGVYTLNNEK	2	sp|P00738|HPT_HUMAN	0.003488372	1.0	0.9574480522588544	674637.9397046521
GPLQLER	1	sp|P02750|A2GL_HUMAN	0.003488372	1.0	0.9524827148459886	25254.55181942065
VPTVEPLDSLTLFLFR	2	sp|P13598|ICAM2_HUMAN	0.003488372	0.9658285256870233	0.9717295348124528	145149.2644561581
SVDIWLR	1	sp|P15151|PVR_HUMAN	0.003488372	0.9797881705057813	0.7240167335743577	2484.3068807282693
LVAASQAALGL	2	sp|P02768|ALBU_HUMAN	0.003488372	1.0	0.9547021529595148	825630.5477648928
ITLLSALVETR	3	sp|P01011|AACT_HUMAN	0.003488372	1.0	0.869750577955819	2627.5070737772253
FLENEDR	1	sp|P01009|A1AT_HUMAN	0.003488372	0.9797881705057813	0.9444030126385973	4578.089022537002
ALGISPFHEHAEVVFTANDSGPR	5	sp|P02766|TTHY_HUMAN	0.003488372	1.0	0.8134417547977031	145200.95277576303
ALPAPIEK	2	sp|P01857|IGHG1_HUMAN;sp|P01860|IGHG3_HUMAN;sp|P0DOX5|IGG1_HUMAN	0.003488372	1.0	0.9819391006286947	557862.5570607067
FDPVRGEVPPR	3	sp|P02790|HEMO_HUMAN	0.003488372	0.9728591838590949	0.9591860420108037	194811.42302617687
MADEAGSEADHEGTHSTK	3	sp|P02671|FIBA_HUMAN	0.003488372	1.0	0.9156635014380361	142081.0091269065
TLLVFEVQQPFLFVLWDQQHK	3	sp|P05155|IC1_HUMAN	0.003488372	0.9586923939928679	0.8714382299816483	21314.719867577376
YLYEIAR	2	sp|P02768|ALBU_HUMAN	0.003488372	0.9797881705057813	0.9446040392674173	139028.59093285436
THNLEPYFESFINNLR	4	sp|P04264|K2C1_HUMAN	0.003488372	1.0	0.7781304627803352	9959.058795927478
ALGISPFHEHAEVVFTANDSGPRR	5	sp|P02766|TTHY_HUMAN	0.003488372	0.9866190731264982	0.8571804081310118	80494.7602806614
SLNNQFASFIDK	2	sp|P04264|K2C1_HUMAN	0.003488372	1.0	0.9138084601262969	349399.1716710656
AADDTWEPFASGK	2	sp|P02766|TTHY_HUMAN	0.003488372	0.9933552810135716	0.9584889365118002	23969658.599131335
WSAGLTSSQVDLYIPK	4	sp|P08185|CBG_HUMAN	0.008839779	0.8804971228634604	0.7740920045072133	5351.180439710197
LVLLNAIYLSAK	3	sp|P05155|IC1_HUMAN	0.003488372	1.0	0.8814342713982103	7702.088819400418
LYLVQGTQVYVFLTK	2	sp|P02790|HEMO_HUMAN	0.003488372	0.9658285256870233	0.9628550606443157	174760.0369967222
EQYAVVGHSAHIVTLK	2	sp|O75882|ATRN_HUMAN	0.003488372	1.0	0.8362625454860734	56369.40139433703
EQLTPLIKK	2	sp|P02652|APOA2_HUMAN	0.003488372	1.0	0.9784554301612763	351718.78395464824
VNVDEVGGEALGR	2	sp|P68871|HBB_HUMAN	0.003488372	1.0	0.9783450666212161	8609.809388764208
VTTPDTSTTQHNK	2	sp|Q92954|PRG4_HUMAN	0.003488372	1.0	0.8380110545280791	17070.672178358618
NWGLSVYADKPETTK	3	sp|P02763|A1AG1_HUMAN	0.003488372	1.0	0.9168494490142218	80175.16077749062
GDPLGTEGGLDASNTER	2	sp|Q12913|PTPRJ_HUMAN	0.003488372	0.9728591838590949	0.9573525539711516	137793.17154345414
LGNQEPGGQTALK	2	sp|P08697|A2AP_HUMAN	0.003488372	1.0	0.9346654698011272	873.5301683963949
GLYDVVSVLR	2	sp|O75144|ICOSL_HUMAN	0.003488372	0.9933552810135716	0.978593373709724	104130.15171899434
ETPAATEAPSSTPK	2	sp|P80723|BASP1_HUMAN	0.003488372	0.9933552810135716	0.8705727697807907	8207.020641046345
ASHEEVEGLVEK	3	sp|Q08380|LG3BP_HUMAN	0.003488372	0.9728591838590949	0.890873187553133	6008.548214065238
AVLHIGEK	2	sp|P05543|THBG_HUMAN	0.003488372	1.0	0.8531493618853537	134058.56369767015
DGNPFYFTDHR	3	sp|O00533|NCHL1_HUMAN	0.003488372	0.9797881705057813	0.7871437395792563	7531.910851474799
DNENVVNEYSSELEK	2	sp|P02675|FIBB_HUMAN	0.003488372	0.9728591838590949	0.7118274812523954	2880.3009828622426
TDTSHHDQDHPTFNK	4	sp|P01009|A1AT_HUMAN	0.003488372	0.9797881705057813	0.9377311972700103	689704.7769669483
LYHSEAFTVNFGDTEEAKK	3	sp|P01009|A1AT_HUMAN	0.003488372	1.0	0.9353569128438165	365609.19651509414
GPALTTPK	2	sp|Q92954|PRG4_HUMAN	0.003488372	0.9728591838590949	0.9747200344449476	18303.439295574677
VTMQNLNDR	2	sp|P02533|K1C14_HUMAN;sp|P08779|K1C16_HUMAN;sp|P13645|K1C10_HUMAN;sp|Q7Z3Y7|K1C28_HUMAN;sp|Q7Z3Y8|K1C27_HUMAN;sp|Q7Z3Y9|K1C26_HUMAN;sp|Q7Z3Z0|K1C25_HUMAN	0.003488372	1.0	0.9725452418929119	224493.38062016593
DYFMPC[+57.021465]PGR	2	sp|P02790|HEMO_HUMAN	0.003488372	1.0	0.8686829293251085	609406.2038041771
KLSSWVLLMK	3	sp|P01009|A1AT_HUMAN	0.003488372	0.9728591838590949	0.9711486185587003	89784.00143012007
GPMFELLPGESNK	2	sp|P10124|SRGN_HUMAN	0.003488372	0.9866190731264982	0.9408673960788884	67646.67188697633
VEIDTKSYWK	2	sp|P02766|TTHY_HUMAN	0.003488372	1.0	0.986870811394403	57939.13671083285
ANRPFLVFIR	3	sp|P01008|ANT3_HUMAN	0.003488372	0.9728591838590949	0.9500759893640327	801375.417069218
WSAGLTSSQVDLYIPK	3	sp|P08185|CBG_HUMAN	0.003488372	1.0	0.8490996790659175	76091.73022742201
FLASVSTVLTSK	2	sp|P69905|HBA_HUMAN	0.003488372	1.0	0.9341783103719098	69253.38094400897
GLGELQELYLK	2	sp|P07359|GP1BA_HUMAN	0.003488372	1.0	0.958402031012262	85349.01179329076
FKLDDDLEHQGGHVLDHGHK	6	sp|P01042|KNG1_HUMAN	0.003488372	0.9866190731264982	0.979211494092012	34974.00291998261
LPTDSELAPR	2	sp|P49908|SEPP1_HUMAN	0.003488372	1.0	0.9517171122978683	105930.98421569627
GTHC[+57.021465]NQVEVIATLK	2	sp|P02775|CXCL7_HUMAN	0.003488372	0.9797881705057813	0.9344439088480482	318846.69579449255
SDVVYTDWKKDK	2	sp|P02763|A1AG1_HUMAN	0.003488372	0.9866190731264982	0.9528219134804942	6742.37815281108
VVSTNYNQHAMVFFK	3	sp|P80188|NGAL_HUMAN	0.003488372	0.9933552810135716	0.9503616157207846	82872.55909205395
AVMDDFAAFVEK	3	sp|P02768|ALBU_HUMAN	0.003488372	0.9797881705057813	0.9197460162288372	67410.18078934062
EESLDSDLYAELR	2	sp|P02775|CXCL7_HUMAN	0.003488372	0.9866190731264982	0.9583361223085554	63327.663980135345
QISNLQQSISDAEQR	2	sp|P04264|K2C1_HUMAN	0.003488372	0.9728591838590949	0.9423022258478203	17673.052559991673
VIVVSMNYR	2	sp|P06276|CHLE_HUMAN	0.003488372	1.0	0.9487554027979317	296614.9885964992
MTVTDQVNC[+57.021465]PK	2	sp|P05090|APOD_HUMAN	0.003488372	1.0	0.990947925317072	68166.86588613046
VVAGVANALAHK	3	sp|P02042|HBD_HUMAN;sp|P68871|HBB_HUMAN	0.003488372	1.0	0.9555186203174898	356738.52512336307
DGYLFQLLR	2	sp|P04196|HRG_HUMAN	0.003488372	0.9933552810135716	0.8820363605382081	26579.915310699624
NFPSPVDAAFR	2	sp|P02790|HEMO_HUMAN	0.003488372	1.0	0.9688090740730063	5760074.142886042
AEDTAVYYC[+57.021465]AR	2	sp|A0A0B4J1V1|HV321_HUMAN;sp|A0A0B4J1X5|HV374_HUMAN;sp|A0A0C4DH42|HV366_HUMAN;sp|A0A0J9YVY3|HV741_HUMAN;sp|P01762|HV311_HUMAN;sp|P01763|HV348_HUMAN;sp|P01767|HV353_HUMAN;sp|P01772|HV333_HUMAN;sp|P01780|HV307_HUMAN;sp|P0DOX2|IGA2_HUMAN;sp|P0DP02|HVC33_HUMAN	0.003488372	1.0	0.7920777632516615	4897.771072744828
AVLTIDEK	2	sp|P01009|A1AT_HUMAN	0.003488372	0.9728591838590949	0.984728693335725	38795.57201865566
GVTSVSQIFHSPDLAIR	2	sp|P05155|IC1_HUMAN	0.003488372	0.9797881705057813	0.7835260228390067	19830.213998030405
RYTIAALLSPYSYSTTAVVTNPKE	4	sp|P02766|TTHY_HUMAN	0.003488372	1.0	0.9511232515337387	1079796.9342292736
TWQDC[+57.021465]EYK	2	sp|P01042|KNG1_HUMAN	0.003488372	0.9933552810135716	0.9481843328314181	8173.418973535079
DQYYNIDVPSR	3	sp|Q92954|PRG4_HUMAN	0.003488372	0.9933552810135716	0.8878864500502356	24589.662109952704
KYPVAHFIDQTLK	4	sp|P05155|IC1_HUMAN	0.003488372	0.9797881705057813	0.8125123463248741	1578.2565564360998
C[+57.021465]TWLIEGQPNR	2	sp|O75882|ATRN_HUMAN	0.003488372	0.9933552810135716	0.9709906805400412	26728.476486593947
VVHFIYIAILSQK	3	sp|P43652|AFAM_HUMAN	0.003488372	0.9866190731264982	0.868101162695392	26734.65823276951
STSESTAALGC[+57.021465]LVK	2	sp|P01859|IGHG2_HUMAN;sp|P01861|IGHG4_HUMAN	0.003488372	0.9933552810135716	0.9462195644499101	6896.140887541813
VADALTNAVAHVDDMPNALSALSDLHAHK	5	sp|P69905|HBA_HUMAN	0.003488372	0.9933552810135716	0.935477393635271	301511.2101748978
VFSNGADLSGVTEEAPLK	3	sp|P01009|A1AT_HUMAN	0.003488372	1.0	0.9879827598989664	639206.7118599963
EQLTPLIK	1	sp|P02652|APOA2_HUMAN	0.005733945	0.9440873193926883	0.7116286643482133	2036.5353901172314
ADLFYDVEALDLESPK	3	sp|P04196|HRG_HUMAN	0.003488372	1.0	0.9543030417619014	527276.0478032373
QPAVEEPAEVTATVLASR	4	sp|P32942|ICAM3_HUMAN	0.003488372	0.9658285256870233	0.9528962562100111	6939.208581243006
SKEQLTPLIK	3	sp|P02652|APOA2_HUMAN	0.003488372	1.0	0.9353419582164204	101503.03021748363
GDSVVYGLR	1	sp|P10451|OSTP_HUMAN	0.003488372	1.0	0.7180682390290841	12592.953362199081
LRTEGDGVYTLNNEK	2	sp|P00738|HPT_HUMAN	0.003488372	1.0	0.9536082099599478	564240.566630236
TYMLAFDVNDEK	3	sp|P02763|A1AG1_HUMAN	0.003488372	0.9866190731264982	0.7544890131027172	14871.406294566488
SEAAC[+57.021465]LAAGPGIR	2	sp|O75882|ATRN_HUMAN	0.003488372	1.0	0.9598839560961057	16635.5945266197
TVESITDIR	2	sp|P11279|LAMP1_HUMAN	0.003488372	1.0	0.9516333863365126	1249309.4594875865
FATTFYQHLADSK	2	sp|P01008|ANT3_HUMAN	0.003488372	0.9866190731264982	0.9754145966989305	39424.480569297775
ATLVC[+57.021465]LISDFYPGAVTVAWK	3	sp|B9A064|IGLL5_HUMAN;sp|P0CG04|IGLC1_HUMAN;sp|P0DOX8|IGL1_HUMAN;sp|P0DOY2|IGLC2_HUMAN;sp|P0DOY3|IGLC3_HUMAN	0.003488372	1.0	0.8953881078668805	145001.39774517325
LYGSEAFATDFQDSAAAK	2	sp|P01011|AACT_HUMAN	0.003488372	1.0	0.917214146849577	898787.382840541
DTATLSWGLPK	2	sp|O00533|NCHL1_HUMAN	0.003488372	0.9933552810135716	0.7844884721703744	28031.270737235525
STSGGTAALGC[+57.021465]LVK	3	sp|P01857|IGHG1_HUMAN;sp|P01860|IGHG3_HUMAN;sp|P0DOX5|IGG1_HUMAN	0.009771987	0.8448700454299841	0.7049393884219453	878.4479178717802
EQLGEFYEALDC[+57.021465]LR	2	sp|P02763|A1AG1_HUMAN	0.003488372	0.9728591838590949	0.9443795737717228	20897246.393517017
LEDMEQALSPSVFK	3	sp|P05155|IC1_HUMAN	0.003488372	0.9797881705057813	0.9492399470851752	9851.515299449868
EDC[+57.021465]VEIYIK	2	sp|P14151|LYAM1_HUMAN	0.003488372	1.0	0.9731338481743697	416589.3480481495
VLDAVRGSPAINVAVHVFR	3	sp|P02766|TTHY_HUMAN	0.003488372	0.9933552810135716	0.9074847866511113	202291.98126862597
EPQVYTLPPSR	3	sp|P01857|IGHG1_HUMAN;sp|P01859|IGHG2_HUMAN;sp|P01860|IGHG3_HUMAN;sp|P0DOX5|IGG1_HUMAN	0.003488372	1.0	0.7137417213424183	968.0822087542706
ITPNLAEFAFSLYR	2	sp|P01009|A1AT_HUMAN	0.003488372	1.0	0.9584604152294746	1746312.3117543976
ALDLINKR	2	sp|P04196|HRG_HUMAN	0.003488372	0.9866190731264982	0.9992558125568848	3358.931934384806
NSVIKVPMMNSK	3	sp|P05155|IC1_HUMAN	0.003488372	0.9933552810135716	0.9618901613928597	126508.67604428339
EILSVDC[+57.021465]STNNPSQAK	2	sp|P10909|CLUS_HUMAN	0.003488372	1.0	0.9343041641909359	367017.5403835065
AALSMC[+57.021465]K	1	sp|P41222|PTGDS_HUMAN	0.003488372	0.9728591838590949	0.7740188703681865	202.03779390184877
VETNMAFSPFSIASLLTQVLLGAGENTK	4	sp|P05155|IC1_HUMAN	0.003488372	1.0	0.8929797620430844	209050.9915201003
ESEPQAAAEPAEAK	2	sp|P80723|BASP1_HUMAN	0.008839779	0.9134157281067091	0.9377967653878581	6958.628255270562
DDLYVSDAFHK	2	sp|P01008|ANT3_HUMAN	0.003488372	1.0	0.9705291623632821	123216.28999104713
LTQLNLDR	2	sp|P07359|GP1BA_HUMAN	0.003488372	1.0	0.9842171126929029	200843.19142473218
ENQLEVLEVSWLHGLK	3	sp|P02750|A2GL_HUMAN	0.007829977	0.9290085173289965	0.7688712479490364	6660.896384260872
DYFM[+15.994915]PC[+57.021465]PGR	2	sp|P02790|HEMO_HUMAN	0.003488372	1.0	0.9758817898242654	238575.38475857544
DVSSSVYSTWK	2	sp|P10721|KIT_HUMAN	0.003488372	1.0	0.9078960427903832	13385.137682619046
C[+57.021465]SPHLVLSALTSDNHGATYAFSGTHYWR	4	sp|P02790|HEMO_HUMAN	0.003488372	0.9797881705057813	0.9273488587690901	2029361.4654404842
SGAQATWTELPWPHEK	3	sp|P02790|HEMO_HUMAN	0.003488372	1.0	0.9048691019675537	902437.2653958393
YWNDC[+57.021465]EPPDSR	2	sp|P04196|HRG_HUMAN	0.015118791	1.0	0.85879740317108	30333.3077431137
GNLMGGWK	2	sp|P23435|CBLN1_HUMAN;sp|Q8IUK8|CBLN2_HUMAN	0.003488372	0.9797881705057813	0.9485652624682531	1368.183424181609
QNQC[+57.021465]FYNSSYLNVQR	2	sp|P19652|A1AG2_HUMAN	0.003488372	0.9658285256870233	0.9389197293296371	9117.130234157497
ASVDSGSSEEQGGSSR	2	sp|P01833|PIGR_HUMAN	0.003488372	0.9797881705057813	0.9314080244622933	20228.385647620278
VLDAVRGSPAINVAVHVFR	4	sp|P02766|TTHY_HUMAN	0.003488372	0.9933552810135716	0.9426544052737141	211827.8138182629
TLM[+15.994915]FGSYLDDEK	2	sp|P19652|A1AG2_HUMAN	0.003488372	1.0	0.8013893583327577	49052.31928927794
MEPFHFK	2	sp|P05155|IC1_HUMAN	0.003488372	0.9797881705057813	0.943985717313098	214306.9966199075
FLEQQNQVLQTK	2	sp|P04264|K2C1_HUMAN;sp|P35908|K22E_HUMAN;sp|Q7Z794|K2C1B_HUMAN	0.003488372	1.0	0.9678466441445868	104224.00088080001
RVAEGTQVLELPFK	3	sp|P01008|ANT3_HUMAN	0.003488372	1.0	0.9039059832002243	242819.05925370223
YTIAALLSPYSYSTTAVVTNPKE	4	sp|P02766|TTHY_HUMAN	0.003488372	1.0	0.8954702170830922	1435750.426307682
GGSIQQYIYK	2	sp|Q92954|PRG4_HUMAN	0.003488372	1.0	0.9007750128507411	124409.83654112407
HTFMGVVSLGSPSGEVSHPR	3	sp|P02765|FETUA_HUMAN	0.003488372	0.9933552810135716	0.9383481215485404	273788.0893862112
GEFVWKSHK	2	sp|P02790|HEMO_HUMAN	0.003488372	1.0	0.901573460401108	5553.818152160181
HTLNQIDEVK	3	sp|P02765|FETUA_HUMAN	0.003488372	0.9933552810135716	0.8970912010668207	25480.201711495778
SGFPQVSMFFTHTFPK	3	sp|P04196|HRG_HUMAN	0.003488372	1.0	0.8869721243350017	196920.13588888492
GLEWVGFIR	2	sp|A0A0A0MS15|HV349_HUMAN	0.003488372	1.0	0.9101596644494718	23246.854278304774
TFYEPGEEITYSC[+57.021465]KPGYVSR	4	sp|P02749|APOH_HUMAN	0.003488372	1.0	0.7954682184148868	114043.5604710085
LPGIVAEGR	2	sp|P01008|ANT3_HUMAN	0.003488372	0.9797881705057813	0.8722106300250291	7677.970486961286
QVILTLQPTLVAVGK	3	sp|P13598|ICAM2_HUMAN	0.003488372	0.9866190731264982	0.7926631649700296	15034.116062495397
TVPLAVLQLR	2	sp|P23467|PTPRB_HUMAN	0.003488372	1.0	0.8495124540450129	34160.252837808344
TVGSDTFYSFK	2	sp|P01042|KNG1_HUMAN	0.003488372	1.0	0.9068501519788027	30653.185132026363
LTGSSGFVTDGPGNYK	2	sp|O75882|ATRN_HUMAN	0.003488372	0.9797881705057813	0.9622663798272294	48600.453082791726
TLYSSSPR	1	sp|P05155|IC1_HUMAN	0.003488372	0.9797881705057813	0.9139547349143033	3199.0019570139575
DGWHSWPIAHQWPQGPSAVDAAFSWEEK	5	sp|P02790|HEMO_HUMAN	0.003488372	0.9728591838590949	0.9418443875280994	88744.71131465358
SGAQATWTELPWPHEK	4	sp|P02790|HEMO_HUMAN	0.003488372	1.0	0.8324655323876204	299179.0281765417
YFIDFVAR	2	sp|P01042|KNG1_HUMAN	0.003488372	1.0	0.9758975708007296	3556538.1096904036
NMQDMVEDYR	2	sp|P04264|K2C1_HUMAN	0.003488372	1.0	0.9769898991000887	4284.35774586468
SYYWIGIR	2	sp|P14151|LYAM1_HUMAN	0.003488372	1.0	0.9852458658701007	6942095.639165627
AEELSIQVSC[+57.021465]R	2	sp|Q9Y5Y7|LYVE1_HUMAN	0.003488372	1.0	0.918512580208878	38152.05540679882
YVSELHLTR	2	sp|P10721|KIT_HUMAN	0.003488372	1.0	0.9400735397939293	168000.49219718322
NLHDLDVSDNQLER	2	sp|Q6EMK4|VASN_HUMAN	0.003488372	1.0	0.8648479457878656	75068.0628260667
GFSGIFEDR	2	sp|P09619|PGFRB_HUMAN	0.003488372	1.0	0.8061599541959877	35038.34369906702
RGENLFAITDEGMDVPLAMEEWHHER	5	sp|Q6UXB8|PI16_HUMAN	0.003488372	0.9797881705057813	0.9252025714677967	49152.97687231693
YEGSYALTSEEAER	2	sp|O95810|CAVN2_HUMAN	0.003488372	0.9797881705057813	0.9256986029752395	8710.189577545556
DIAPTLTLYVGK	2	sp|P00738|HPT_HUMAN;sp|P00739|HPTR_HUMAN	0.003488372	0.9797881705057813	0.9624102938998342	497033.7351306254
TVALGSNVEFMC[+57.021465]K	2	sp|P11362|FGFR1_HUMAN	0.003488372	1.0	0.9431129504323712	160029.6219287629
VDNALQSGNSQESVTEQDSK	3	sp|P01834|IGKC_HUMAN;sp|P0DOX7|IGK_HUMAN	0.003488372	1.0	0.8843322713604477	55311.13081208826
NTLYLQMNSLR	2	sp|A0A0B4J1X5|HV374_HUMAN;sp|A0A0C4DH42|HV366_HUMAN;sp|P01764|HV323_HUMAN;sp|P01767|HV353_HUMAN;sp|P01768|HV330_HUMAN;sp|P01772|HV333_HUMAN;sp|P0DP02|HVC33_HUMAN;sp|P0DP03|HVC05_HUMAN	0.003488372	1.0	0.9727920460461396	38814.05093229998
SDVMYTDWKK	3	sp|P19652|A1AG2_HUMAN	0.003488372	1.0	0.9117444774188329	2485.289083900207
FSGSNSGNTATLTISR	2	sp|A0A075B6K5|LV39_HUMAN;sp|P80748|LV321_HUMAN	0.003488372	0.9797881705057813	0.9531647279251951	1504.8574852015502
WQEEMELYR	2	sp|P02647|APOA1_HUMAN	0.003488372	1.0	0.8721708074888225	10468.800673759264
IASFSQNC[+57.021465]DIYPGK	2	sp|P01042|KNG1_HUMAN	0.003488372	0.9797881705057813	0.9434108446138486	412940.6836194852
EENFYVDETTVVK	3	sp|P08185|CBG_HUMAN	0.003488372	0.9797881705057813	0.8160209040454839	3396.234005240943
LINDYVK	2	sp|P01011|AACT_HUMAN	0.003488372	1.0	0.9743475184507427	464028.07098047866
IHWESASLLR	3	sp|P01024|CO3_HUMAN	0.003488372	0.9933552810135716	0.9099133238732824	91308.83160103184
AFIQLWAFDAVK	2	sp|P02760|AMBP_HUMAN	0.003488372	0.9866190731264982	0.9594533784383644	292065.6148184106
AFQVQQAVDLR	2	sp|P13497|BMP1_HUMAN	0.003488372	1.0	0.8091449406421776	2788.2456626598005
LVRPEVDVMC[+57.021465]TAFHDNEETFLK	5	sp|P02768|ALBU_HUMAN	0.007829977	0.9212790999005022	0.7703642154212954	12047.305143675385
WTFEILDETNENK	2	sp|P10721|KIT_HUMAN	0.003488372	1.0	0.9124329921291751	575122.5180381698
HRLEDMEQALSPSVFK	4	sp|P05155|IC1_HUMAN	0.003488372	1.0	0.9738059550122117	278242.05978952587
FIC[+57.021465]PLTGLWPINTLK	3	sp|P02749|APOH_HUMAN	0.003488372	0.9933552810135716	0.9457315287934892	1176577.8757574826
AVGEEVWHSK	2	sp|P13591|NCAM1_HUMAN	0.003488372	1.0	0.9208691752046873	9488.001419183169
GPLQLER	2	sp|P02750|A2GL_HUMAN	0.003488372	1.0	0.9773409186248097	299717.2565502029
THLAPYSDELR	3	sp|P02647|APOA1_HUMAN	0.003488372	1.0	0.9895836535930762	331401.25183919026
SVDIWLR	2	sp|P15151|PVR_HUMAN	0.003488372	0.9797881705057813	0.9320764002830193	30476.420725520256
NIQSLEVIGK	2	sp|P02775|CXCL7_HUMAN	0.003488372	1.0	0.9506408601910218	158374.81686420043
QGFGNVATNTDGK	2	sp|P02675|FIBB_HUMAN	0.003488372	1.0	0.8338512998385396	2446.0753841211185
AATGEC[+57.021465]TATVGK	2	sp|P01042|KNG1_HUMAN	0.003488372	0.9933552810135716	0.9572151073027018	13762.105913916286
NHNALLASLTTQK	3	sp|O75882|ATRN_HUMAN	0.003488372	0.9933552810135716	0.9049349582274047	25387.488681642368
SKLPGIVAEGRDDLYVSDAFHK	4	sp|P01008|ANT3_HUMAN	0.003488372	0.9933552810135716	0.9799687019204261	265506.13640277425
VMTPAVYAPYDVK	2	sp|O00533|NCHL1_HUMAN	0.003488372	1.0	0.8357585483856562	60077.17034522628
TTPPVLDSDGSFFLYSK	3	sp|P01857|IGHG1_HUMAN;sp|P0DOX5|IGG1_HUMAN	0.003488372	1.0	0.9871050924996628	16983.7006230638
DLMEKVK	2	sp|P02652|APOA2_HUMAN	0.003488372	0.9728591838590949	0.950789716055607	40938.55687554074
TSESGELHGLTTEEEFVEGIYK	3	sp|P02766|TTHY_HUMAN	0.003488372	1.0	0.9588105685608326	23288608.294830047
LDDDLEHQGGHVLDHGHK	4	sp|P01042|KNG1_HUMAN	0.003488372	0.9933552810135716	0.7673120809308438	7330.220081653054
WYNLAIGSTC[+57.021465]PWLK	2	sp|P02760|AMBP_HUMAN	0.003488372	1.0	0.9334666159425957	130255.76479092547
AGSPTAPVHDESLVGPVDPSSGQQSR	3	sp|Q12913|PTPRJ_HUMAN	0.003488372	0.9728591838590949	0.8650340283797459	37487.15418772582
AVLDVFEEGTEASAATAVK	3	sp|P01011|AACT_HUMAN	0.003488372	1.0	0.9401720125214867	177437.64327195834
NWGLSFYADKPETTK	3	sp|P19652|A1AG2_HUMAN	0.003488372	0.9728591838590949	0.8045933093100747	3918.6589694186623
ILGGHLDAK	2	sp|P00738|HPT_HUMAN;sp|P00739|HPTR_HUMAN	0.003488372	0.9797881705057813	0.9896057349130325	315848.8227740658
LRTEGDGVYTLNDKK	3	sp|P00738|HPT_HUMAN;sp|P00739|HPTR_HUMAN	0.003488372	1.0	0.816235492646446	13543.73563117929
NPNLPPETVDSLK	3	sp|P05090|APOD_HUMAN	0.003488372	0.9933552810135716	0.8638343296402345	309.3443020676324
ELELQIGNALFIGK	3	sp|P05543|THBG_HUMAN	0.003488372	0.9797881705057813	0.917848601718989	19933.401528668935
ILLDEQAQWK	2	sp|P13598|ICAM2_HUMAN	0.003488372	1.0	0.9635879833796183	2114.9828157185248
HIQETEWQSQEGK	2	sp|Q14515|SPRL1_HUMAN	0.003488372	0.9797881705057813	0.9431249895202513	13030.049353211616
GAQTQTEEEMTR	2	sp|Q12841|FSTL1_HUMAN	0.003488372	1.0	0.735768425427506	3504.433563032243
DVDNAYM[+15.994915]IK	2	sp|P35908|K22E_HUMAN	0.003488372	1.0	0.9171847239991884	12378.784750356694
LLGLSLAGK	2	sp|Q9Y5Y7|LYVE1_HUMAN	0.003488372	1.0	0.9874186315940837	1759280.2067928687
KLYHSEAFTVNFGDTEEAKK	4	sp|P01009|A1AT_HUMAN	0.003488372	1.0	0.7957301691709144	47167.425637392975
MEEVEAMLLPETLKR	3	sp|P01011|AACT_HUMAN	0.003488372	0.9933552810135716	0.8826929299125059	101611.27741370801
DLATVYVDVLK	2	sp|P02647|APOA1_HUMAN	0.003488372	1.0	0.9806696728027808	455803.7409317959
TLMFGSYLDDEKNWGLSFYADKPETTK	4	sp|P19652|A1AG2_HUMAN	0.003488372	1.0	0.9319121758592324	3453052.352500586
VTTSQDMLSIMEK	3	sp|P05155|IC1_HUMAN	0.003488372	0.9866190731264982	0.8337954873149293	4962.757890553643
SVNNVVVR	2	sp|O75882|ATRN_HUMAN	0.003488372	0.9797881705057813	0.9824005158473106	4254.836719736933
VMPIC[+57.021465]LPSK	2	sp|P00738|HPT_HUMAN;sp|P00739|HPTR_HUMAN	0.003488372	0.9866190731264982	0.9529931363802148	307274.192885605
AVLHIGEK	1	sp|P05543|THBG_HUMAN	0.008839779	0.897262926642552	0.8629437495373816	4608.217319155094
VAEGTQVLELPFK	3	sp|P01008|ANT3_HUMAN	0.003488372	1.0	0.8708369002454854	244780.23726401685
ITQDAQLK	1	sp|P08185|CBG_HUMAN	0.003488372	0.9797881705057813	0.9896785243783668	3105.5270978465296
GTWTQPFDLASTR	3	sp|P08185|CBG_HUMAN	0.003488372	1.0	0.9521483138911588	1278816.8659601654
LSFQEFLK	2	sp|Q12841|FSTL1_HUMAN	0.003488372	1.0	0.8433640957783886	142124.4604171469
VC[+57.021465]TAELSC[+57.021465]K	2	sp|Q92954|PRG4_HUMAN	0.003488372	1.0	0.7134275885730754	11883.409331059109
DEELSC[+57.021465]TVVELK	2	sp|P01011|AACT_HUMAN	0.003488372	0.9866190731264982	0.9826609146373589	197324.78072144106
YEELQITAGR	2	sp|P04259|K2C6B_HUMAN;sp|P04264|K2C1_HUMAN	0.003488372	0.9933552810135716	0.8043189574148326	3707.237399262355
ETC[+57.021465]FAEEGKK	2	sp|P02768|ALBU_HUMAN	0.003488372	0.9933552810135716	0.8571890030927507	8319.486251417651
SETEIHQGFQHLHQLFAK	3	sp|P08185|CBG_HUMAN	0.003488372	1.0	0.9637558163153068	2377439.2487481395
SPELQAEAK	2	sp|P02652|APOA2_HUMAN	0.003488372	1.0	0.9490458133774606	231925.65505003888
EGQMESVEAAMSSK	2	sp|P05543|THBG_HUMAN	0.003488372	0.9866190731264982	0.9009781926659814	246970.80575205645
EQYAVVGHSAHIVTLK	4	sp|O75882|ATRN_HUMAN	0.003488372	1.0	0.9401165134672348	1165184.972968667
ALQATVGNSYK	2	sp|P11279|LAMP1_HUMAN	0.003488372	1.0	0.975339506956187	81230.7626709212
DLDMFINASK	2	sp|O75882|ATRN_HUMAN	0.003488372	1.0	0.955415202976435	175719.0362343763
ESLSSYWESAK	2	sp|P02655|APOC2_HUMAN	0.003488372	1.0	0.987118592195989	263305.2519712098
SDGDPVQPAVLQVHQTS	3	sp|O95810|CAVN2_HUMAN	0.008839779	0.8804971228634604	0.715922165219224	765.99873786892
VWPQQPSGELFEIEIDTLETTC[+57.021465]HVLDPTPVAR	5	sp|P02765|FETUA_HUMAN	0.003488372	1.0	0.791014562674904	303679.36409144034
TEDSSSFLIDK	2	sp|P05543|THBG_HUMAN	0.003488372	1.0	0.9784844856107917	53104.781127363
TYM[+15.994915]LAFDVNDEK	2	sp|P02763|A1AG1_HUMAN	0.003488372	1.0	0.9599340765138558	4263182.275599464
TLLVFEVQQPFLFVLWDQQHK	4	sp|P05155|IC1_HUMAN	0.003488372	0.9586923939928679	0.9290339446959489	39466.52389402126
LYHSEAFTVNFGDTEEAKK	5	sp|P01009|A1AT_HUMAN	0.008839779	0.9134157281067091	0.9210286346397464	8669.338590477006
LADELSGWVQR	2	sp|Q99941|ATF6B_HUMAN	0.007829977	0.9290085173289965	0.8308088146583887	5862.6570417549065
REPAVGEPAEVTTTVLVR	2	sp|P05362|ICAM1_HUMAN	0.009771987	0.8354707271418766	0.751108795777912	10380.796351884897
NIFISPVSISMALAMLSLGTC[+57.021465]GHTR	3	sp|P08185|CBG_HUMAN	0.003488372	1.0	0.8936312305189984	686864.298376232
AQVSPTASDMLHMR	3	sp|Q6UXB8|PI16_HUMAN	0.003488372	1.0	0.918420358491695	698999.8852890886
LSSVTAADTAVYYC[+57.021465]AR	2	sp|A0A075B6R2|HV404_HUMAN;sp|A0A087WSY4|HV432_HUMAN;sp|A0A0C4DH41|HV461_HUMAN;sp|P01824|HV439_HUMAN;sp|P01825|HV459_HUMAN;sp|P06331|HV434_HUMAN;sp|P0DP06|HVD34_HUMAN;sp|P0DP07|HV431_HUMAN;sp|P0DP08|HVD82_HUMAN	0.003488372	1.0	0.8520314183737201	97229.32851859753
DAVEDLESVGK	2	sp|P81605|DCD_HUMAN	0.003488372	0.9933552810135716	0.9163365642794276	17426.542359490595
GSPAINVAVHVFR	2	sp|P02766|TTHY_HUMAN	0.003488372	0.9933552810135716	0.9525361281027943	190208.50520112392
SC[+57.021465]AVAEYGVYVK	3	sp|P00738|HPT_HUMAN;sp|P00739|HPTR_HUMAN	0.003488372	0.9933552810135716	0.817183702467499	24719.700112000333
KGIYSFSFHVIK	2	sp|Q9NTU7|CBLN4_HUMAN	0.003488372	0.9866190731264982	0.8501383482601619	5050.541235681037
EVPLNTIIFMGR	3	sp|P01008|ANT3_HUMAN	0.003488372	0.9866190731264982	0.9183581142139262	5396.948037245769
SETEIHQGFQHLHQLFAK	4	sp|P08185|CBG_HUMAN	0.003488372	1.0	0.9621965168975125	1106446.3302241508
NQILNLTTDNANILLQIDNAR	3	sp|P13645|K1C10_HUMAN	0.003488372	1.0	0.9501692470370194	1522010.912513907
FKLDDDLEHQGGHVLDHGHK	4	sp|P01042|KNG1_HUMAN	0.006849315	0.9440873193926883	0.7412947687249642	1150.283356981108
YDVDTQMWTILK	2	sp|O75882|ATRN_HUMAN	0.003488372	1.0	0.9719274649510485	2627984.527119384
TGDTIEFMC[+57.021465]K	2	sp|Q02985|FHR3_HUMAN;sp|Q92496|FHR4_HUMAN	0.003488372	0.9933552810135716	0.9395206695376982	61339.089100224475
GSFPWQAK	1	sp|P00738|HPT_HUMAN;sp|P00739|HPTR_HUMAN	0.003488372	0.9797881705057813	0.9312306397297611	15891.110906008453
LGNFPWQAFTSIHGR	3	sp|Q9NZP8|C1RL_HUMAN	0.003488372	1.0	0.8720367682746814	106780.23890829453
YVMLPVADQDQC[+57.021465]IR	2	sp|P00738|HPT_HUMAN	0.003488372	1.0	0.9553218133817181	10204826.261716833
ESNEELTESC[+57.021465]ETK	2	sp|P01042|KNG1_HUMAN	0.003488372	0.9797881705057813	0.8647389686374484	3066.439989241675
RVWELSK	2	sp|P01008|ANT3_HUMAN	0.003488372	0.9797881705057813	0.9663156886508385	102357.04136470708
EITVATGGFIYTGEVVHR	3	sp|Q6UX71|PXDC2_HUMAN	0.003488372	1.0	0.8982853967590679	15044.954872079159
QPAVEEPAEVTATVLASR	3	sp|P32942|ICAM3_HUMAN	0.003488372	0.9658285256870233	0.9232181490694047	2352.210560575979
AVVFLEPQWYR	2	sp|P08637|FCG3A_HUMAN	0.003488372	0.9866190731264982	0.9690171082244057	283022.61667833367
HTFM[+15.994915]GVVSLGSPSGEVSHPR	3	sp|P02765|FETUA_HUMAN	0.003488372	0.9933552810135716	0.9708461929604308	10568.257969370978
NLDLDSIIAEVK	2	sp|O95678|K2C75_HUMAN;sp|P02538|K2C6A_HUMAN;sp|P04259|K2C6B_HUMAN;sp|P13647|K2C5_HUMAN;sp|P35908|K22E_HUMAN;sp|P48668|K2C6C_HUMAN;sp|Q5XKE5|K2C79_HUMAN	0.003488372	1.0	0.8713211036503291	216498.01402085365
QEPSQGTTTFAVTSILR	3	sp|P01876|IGHA1_HUMAN	0.003488372	1.0	0.9504501178868043	515483.0840069047
DASGATFTWTPSSGK	2	sp|P01877|IGHA2_HUMAN;sp|P0DOX2|IGA2_HUMAN	0.003488372	1.0	0.9148705728326418	430830.32597696886
LLQDEFPGIPSPLDAAVEC[+57.021465]HR	3	sp|P02790|HEMO_HUMAN	0.003488372	1.0	0.9354434855743304	13967920.499760978
RHPDYSVVLLLR	2	sp|P02768|ALBU_HUMAN	0.003488372	1.0	0.8286409808692693	109966.42914251798
NIFISPVSISMALAMLSLGTC[+57.021465]GHTR	4	sp|P08185|CBG_HUMAN	0.008839779	0.897262926642552	0.8706190735134667	1162.6645605953572
ISVFIQTDK	2	sp|Q6YHK3|CD109_HUMAN	0.003488372	0.9866190731264982	0.920000829538795	8085.989987616099
GVTSVSQIFHSPDLAIR	4	sp|P05155|IC1_HUMAN	0.003488372	0.9797881705057813	0.949248986149477	81084.38122749669
KYPVAHFIDQTLK	2	sp|P05155|IC1_HUMAN	0.003488372	0.9797881705057813	0.9845880034607003	299889.4944839964
DDFLIYDR	2	sp|P49908|SEPP1_HUMAN	0.003488372	1.0	0.9531461329682377	1567170.2382466316
VKSPELQAEAK	3	sp|P02652|APOA2_HUMAN	0.003488372	0.9728591838590949	0.9342080615983459	28288.431314140358
LHMLQISYFR	3	sp|Q9UNN8|EPCR_HUMAN	0.003488372	1.0	0.8875296750840895	53795.38462236163
LALDLEIATYR	2	sp|P04264|K2C1_HUMAN	0.003488372	1.0	0.9252738904447104	63113.999267877196
LLGNVLVC[+57.021465]VLAHHFGK	3	sp|P68871|HBB_HUMAN	0.00461361	0.9514467542496609	0.7932988567790781	12296.50793220878
GDEC[+57.021465]QLC[+57.021465]EVENR	2	sp|O75882|ATRN_HUMAN	0.003488372	0.9866190731264982	0.9078015871143267	6502.7256299853925
ALDLLDK	2	sp|P28482|MK01_HUMAN	0.003488372	0.9728591838590949	0.7619176331336939	3641.6882996884224
FNQPFIIM[+15.994915]IFDHFTWSSLFLAR	4	sp|P08185|CBG_HUMAN	0.003488372	0.9658285256870233	0.8363864753042742	2122.62493910726
RYTIAALLSPYSYSTTAVVTNPK	5	sp|P02766|TTHY_HUMAN	0.009771987	0.8058999028144878	0.7500489179186304	22407.379447912666
SPLFMGK	1	sp|P01009|A1AT_HUMAN	0.003488372	0.9728591838590949	0.808946651283324	8933.355851552538
IADAHLDR	2	sp|P04196|HRG_HUMAN	0.003488372	0.9797881705057813	0.9451597723290627	2122.6321519537673
KGEVLPLPEANFPSFPLPHHK	3	sp|P04196|HRG_HUMAN	0.003488372	0.9933552810135716	0.8674050194697192	67342.77150266683
YVGGQEHFAHLLILRDTK	5	sp|P02763|A1AG1_HUMAN	0.003488372	0.9933552810135716	0.8924741669510476	93872.4231993034
GPSVFPLAPSSK	2	sp|P01857|IGHG1_HUMAN;sp|P0DOX5|IGG1_HUMAN	0.003488372	0.9933552810135716	0.9083120203859323	194550.49838406718
AYLEEEC[+57.021465]PATLR	2	sp|P25311|ZA2G_HUMAN	0.003488372	1.0	0.9162648811073161	210038.59290255344
LLQDEFPGIPSPLDAAVEC[+57.021465]HR	4	sp|P02790|HEMO_HUMAN	0.003488372	1.0	0.9165715085314401	647500.9662370146
DYWSTVK	1	sp|P02656|APOC3_HUMAN	0.003488372	0.9658285256870233	0.9635347134296015	67334.93967761884
DLQFVEVTDVK	2	sp|P02751|FINC_HUMAN	0.003488372	1.0	0.8360604553023236	7338.646703461882
LLSHC[+57.021465]LLVTLAAHLPAEFTPAVHASLDK	5	sp|P69905|HBA_HUMAN	0.007829977	0.9366095275687156	0.9455434452778169	14228.111165037162
RYTIAALLSPYSYSTTAVVTNPKE	3	sp|P02766|TTHY_HUMAN	0.003488372	1.0	0.9371752488190485	3950396.987781423
KPDGYDYYAFSK	2	sp|Q92954|PRG4_HUMAN	0.009771987	1.0	0.9477788583109783	185198.16031200907
DYNLNDILLQLGIEEAFTSK	3	sp|P01011|AACT_HUMAN	0.003488372	0.9866190731264982	0.7324629724930306	1679.2508890316087
LQHLENELTHDIITK	3	sp|P01009|A1AT_HUMAN	0.003488372	0.9658285256870233	0.8818310289037187	22536.050079497305
ITGKWFYIASAFR	2	sp|P02763|A1AG1_HUMAN;sp|P19652|A1AG2_HUMAN	0.003488372	0.9797881705057813	0.9250542915745374	185728.06396579428
SFTIEC[+57.021465]R	2	sp|P13598|ICAM2_HUMAN	0.003488372	0.9797881705057813	0.9415030937958817	8413.200524563574
GLASANVDFAFSLYK	2	sp|P08185|CBG_HUMAN	0.003488372	0.9797881705057813	0.9509752899603263	710410.663981931
NQVSLTC[+57.021465]LVK	2	sp|P01857|IGHG1_HUMAN;sp|P01859|IGHG2_HUMAN;sp|P01860|IGHG3_HUMAN;sp|P01861|IGHG4_HUMAN;sp|P0DOX5|IGG1_HUMAN	0.003488372	0.9933552810135716	0.9576059982323405	60759.28756567063
MEPFHFK	1	sp|P05155|IC1_HUMAN	0.006849315	0.9440873193926883	0.9026595700950304	14598.125396318934
FDTISEK	1	sp|P01008|ANT3_HUMAN	0.014038877	0.6244097987733555	0.7483599721407088	728.5519517292082
IMGITLVSK	2	sp|Q9Y5Y7|LYVE1_HUMAN	0.003488372	1.0	0.9533902318620457	602056.1062216182
SILFLGK	2	sp|P05543|THBG_HUMAN	0.003488372	0.9728591838590949	0.9445459553991937	17473.462239547403
VLNQELR	1	sp|P05090|APOD_HUMAN	0.003488372	1.0	0.749326218521571	12295.76270626481
NTWSILHTQGALVQGGYGHSSVYDHR	4	sp|O75882|ATRN_HUMAN	0.003488372	0.9728591838590949	0.9585530085102789	120934.55868474916
IVDLFSGLDSPAILVLVNYIFFK	4	sp|P08185|CBG_HUMAN	0.003488372	1.0	0.8834594274468266	30280.856630563358
LPGIVAEGRDDLYVSDAFHK	4	sp|P01008|ANT3_HUMAN	0.006849315	0.9440873193926883	0.8598509832224989	68.93413875782704
SASLHLPK	1	sp|P01009|A1AT_HUMAN	0.003488372	1.0	0.9524856408677372	137375.60276950986
MEEVEAMLLPETLK	3	sp|P01011|AACT_HUMAN	0.003488372	1.0	0.9282169574158757	295697.726433075
TLYSSSPR	2	sp|P05155|IC1_HUMAN	0.003488372	0.9797881705057813	0.9733934883272852	34068.83265790867
FLNVLSPR	2	sp|P17936|IBP3_HUMAN	0.003488372	0.9866190731264982	0.9422645123021363	51740.70927809551
C[+57.021465]SPHLVLSALTSDNHGATYAFSGTHYWR	6	sp|P02790|HEMO_HUMAN	0.003488372	0.9797881705057813	0.8508962074611698	92415.33979028348
ATEHLSTLSEK	2	sp|P02647|APOA1_HUMAN	0.003488372	0.9933552810135716	0.964167460205464	53391.45131105329
LSPLGEEMR	2	sp|P02647|APOA1_HUMAN	0.003488372	1.0	0.976104010395688	1662388.9851336193
EVGTPHGIILDSVDAAFIC[+57.021465]PGSSR	4	sp|P02790|HEMO_HUMAN	0.003488372	1.0	0.9455754089526621	12762840.060629431
TVVQPSVGAAAGPVVPPC[+57.021465]PGR	3	sp|P02765|FETUA_HUMAN	0.003488372	0.9933552810135716	0.8585430467963521	76811.88337158925
TGLEAISNHK	2	sp|Q14515|SPRL1_HUMAN	0.003488372	1.0	0.8585300653273304	52993.49254452648
EAATNGVLLYLDK	2	sp|Q9NTU7|CBLN4_HUMAN	0.003488372	0.9933552810135716	0.8699977974112983	3275.0860777674716
LEETITQAR	2	sp|P54289|CA2D1_HUMAN	0.003488372	1.0	0.7057699605353093	7271.24156709195
QEINSHVEMQTK	2	sp|P05543|THBG_HUMAN	0.003488372	0.9866190731264982	0.9553011071196872	43952.77318641196
TC[+57.021465]PKPDDLPFSTVVPLK	3	sp|P02749|APOH_HUMAN	0.003488372	1.0	0.9509508026982121	251454.1733394765
RPC[+57.021465]FSALEVDETYVPK	2	sp|P02768|ALBU_HUMAN	0.003488372	1.0	0.9376929821151057	18007.330545952085
YPNC[+57.021465]AYR	2	sp|P07998|RNAS1_HUMAN	0.003488372	0.9797881705057813	0.9727856573369184	29206.130158632302
DTKTYMLAFDVNDEK	2	sp|P02763|A1AG1_HUMAN	0.003488372	1.0	0.9276115518948548	571388.6044538398
IKVTTSQDMLSIMEK	2	sp|P05155|IC1_HUMAN	0.003488372	1.0	0.9294895799695213	392766.3726592652
YNIAITAVSGGK	2	sp|P23467|PTPRB_HUMAN	0.007829977	0.9290085173289965	0.8174973953267193	11217.916291992266
ELTPEVLQEWLDELEEMMLVVHMPR	5	sp|P01008|ANT3_HUMAN	0.003488372	0.9866190731264982	0.9337687851240907	25616.502007473486
KGDTFSC[+57.021465]MVGHEALPLAFTQK	4	sp|P01876|IGHA1_HUMAN	0.003488372	1.0	0.9128295656359142	186642.48725847586
WFYIASAFR	2	sp|P02763|A1AG1_HUMAN;sp|P19652|A1AG2_HUMAN	0.003488372	0.9933552810135716	0.9326569718161768	11505.115290877393
GGGALLGDR	2	sp|P00736|C1R_HUMAN;sp|Q9NZP8|C1RL_HUMAN	0.003488372	1.0	0.947109532192509	91495.5861461771
VTTVASHTSDSDVPSGVTEVVVK	3	sp|P10909|CLUS_HUMAN	0.003488372	0.9866190731264982	0.8943024596904705	52819.99162473463
LSSWVLLMK	2	sp|P01009|A1AT_HUMAN	0.003488372	1.0	0.9843065237288867	1268844.9144444775
EQQC[+57.021465]VIMAENR	2	sp|P00747|PLMN_HUMAN;sp|Q02325|PLGB_HUMAN	0.01724138	0.5879493283318651	0.8019881943030682	20384.578828372578
NKEDC[+57.021465]VEIYIK	2	sp|P14151|LYAM1_HUMAN	0.003488372	0.9933552810135716	0.9892294529026157	1275.3785575971929
AEDTAVYYC[+57.021465]AK	2	sp|P01764|HV323_HUMAN;sp|P01768|HV330_HUMAN;sp|P0DP03|HVC05_HUMAN	0.003488372	1.0	0.8624721526662444	10174.47781635245
HYYESEVLAMNFQDWATASR	4	sp|P08185|CBG_HUMAN	0.009771987	0.8159995903747699	0.8399490953461785	6107.9097511446935
NALALFVLPK	2	sp|P05543|THBG_HUMAN	0.003488372	1.0	0.9741175146424412	1621765.979937959
ELISERWK	2	sp|P02790|HEMO_HUMAN	0.003488372	1.0	0.9565138515225893	236495.72602282005
ALEESNYELEGK	2	sp|P13645|K1C10_HUMAN	0.003488372	1.0	0.965509128377416	183889.7614528704
ADLSGITGAR	2	sp|P01011|AACT_HUMAN	0.003488372	1.0	0.9794123976519191	664991.4396057936
KATVVYQGER	3	sp|P02749|APOH_HUMAN	0.003488372	1.0	0.7785206679307837	7542.711617125574
DAEAWFNEK	2	sp|P13645|K1C10_HUMAN;sp|Q7Z3Y7|K1C28_HUMAN;sp|Q7Z3Y8|K1C27_HUMAN;sp|Q7Z3Z0|K1C25_HUMAN	0.003488372	1.0	0.9458339415594466	111047.87425568943
SDVVYTDWKK	3	sp|P02763|A1AG1_HUMAN	0.003488372	0.9933552810135716	0.8842201960861775	5379.082411922667
VWFELTQGSITK	2	sp|Q9H8L6|MMRN2_HUMAN	0.003488372	0.9933552810135716	0.984302030482288	162480.14122545853
EWFSETFQK	2	sp|P02654|APOC1_HUMAN	0.01194354	0.9933552810135716	0.9115136516087656	242577.72288562413
KMTVTDQVNC[+57.021465]PK	2	sp|P05090|APOD_HUMAN	0.003488372	0.9866190731264982	0.9353327114647499	20235.885622001333
GPGEDFR	1	sp|P41222|PTGDS_HUMAN	0.003488372	0.9728591838590949	0.9463675528050715	1233.3702276134293
LFDSDPITVTVPVEVSR	2	sp|P10909|CLUS_HUMAN	0.003488372	1.0	0.9156754204771623	10013.495135793106
EHSSLAFWK	2	sp|P02749|APOH_HUMAN	0.003488372	1.0	0.9477104828997793	281267.879149634
NLMIDIQK	2	sp|Q9BY67|CADM1_HUMAN	0.003488372	1.0	0.9557173621022758	360107.4772182938
DSGSYFC[+57.021465]R	2	sp|O75015|FCG3B_HUMAN;sp|P08637|FCG3A_HUMAN	0.003488372	0.9866190731264982	0.8979277775959029	15666.60979536643
FQPTLLTLPR	3	sp|P05155|IC1_HUMAN	0.009771987	0.7510559064272662	0.7716273142812275	1894.7998571033845
FNQPFIIMIFDHFTWSSLFLAR	3	sp|P08185|CBG_HUMAN	0.003488372	0.9658285256870233	0.9412335440145073	296186.7472907247
YEGGREHVAHLLFLR	2	sp|P19652|A1AG2_HUMAN	0.003488372	0.9797881705057813	0.8080957825818631	2592.0533196078295
ENFLFLTPDC[+57.021465]K	2	sp|P01042|KNG1_HUMAN	0.003488372	0.9933552810135716	0.9078761757572202	99874.42300877674
ALGISPFHEHAEVVFTANDSGPR	3	sp|P02766|TTHY_HUMAN	0.003488372	1.0	0.951181267816617	3355099.7436447954
TLYLADTFPTNFR	2	sp|P05154|IPSP_HUMAN	0.00461361	0.9514467542496609	0.916078837907754	6103.5468220276
TTVILPLAPFVR	2	sp|O00533|NCHL1_HUMAN	0.003488372	1.0	0.8177556595840358	6550.204445941001
GKEESLDSDLYAELR	2	sp|P02775|CXCL7_HUMAN	0.003488372	1.0	0.9412976030994872	9394883.479144616
LSITGTYDLK	2	sp|P01009|A1AT_HUMAN	0.003488372	1.0	0.9663462000791201	190666.9517668494
ALVLIAFAQYLQQC[+57.021465]PFEDHVK	3	sp|P02768|ALBU_HUMAN	0.009771987	0.8354707271418766	0.7782945768520719	4277.4073196867075
MYLGYEYVTAIR	2	sp|P02787|TRFE_HUMAN	0.003488372	1.0	0.7526239062489846	63811.70072621603
DFTC[+57.021465]VHQALK	2	sp|P05155|IC1_HUMAN	0.003488372	1.0	0.9757277913394148	310776.07438177156
DFVQPPTK	2	sp|P01042|KNG1_HUMAN	0.003488372	0.9797881705057813	0.9798061947579823	47357.79703876543
YGFIEGHVVIPR	3	sp|P16070|CD44_HUMAN	0.003488372	0.9933552810135716	0.9408302600446488	2232003.280594161
HITSLEVIK	2	sp|P02776|PLF4_HUMAN;sp|P10720|PF4V_HUMAN	0.003488372	1.0	0.9665328768933095	1115464.0884153051
DLGEENFK	2	sp|P02768|ALBU_HUMAN	0.003488372	0.9866190731264982	0.9784543471100958	9661.261054702833
DKC[+57.021465]EPLEKQHEK	3	sp|P02763|A1AG1_HUMAN;sp|P19652|A1AG2_HUMAN	0.014038877	0.6569951299919323	0.8512180709524161	1948.777729855904
YLTLNTESTR	2	sp|P06276|CHLE_HUMAN	0.003488372	0.9933552810135716	0.919789372620834	9279.914008936437
TAAQNLYEK	2	sp|P02655|APOC2_HUMAN	0.003488372	1.0	0.9386848833039426	214799.81729445868
ETSLTVNK	2	sp|Q92954|PRG4_HUMAN	0.003488372	0.9797881705057813	0.9378716850486798	1490.5940716135199
HRLEDMEQALSPSVFK	2	sp|P05155|IC1_HUMAN	0.003488372	1.0	0.7745986658350529	9316.660244402485
ALGISPFHEHAEVVFTANDSGPRR	3	sp|P02766|TTHY_HUMAN	0.006849315	0.9440873193926883	0.8209606842830446	4562.571176348525
