peptide	charge	proteins	q_value	score	spectral_angle	20241028_OA3_Evo02_ViAl_SA_FAIMS40_IO27_A556_MOMI_ABGD_P57_H12_R01.mzML
ALGISPFHEHAEVVFTANDSGPRR	3	sp|P02766|TTHY_HUMAN	0.00747198	0.9866190731264982	0.8409319664533769	50570.89406826315
MTVSTLVLGEGATEAEISMTSTR	3	sp|P02760|AMBP_HUMAN	0.007246377	1.0	0.9355989627908675	2042527.1820403184
GWVTDGFSSLK	2	sp|P02656|APOC3_HUMAN	0.00747198	0.9933552810135716	0.9785992449726842	1397299.8341418095
LQQDVLQFQK	2	sp|Q8NBJ4|GOLM1_HUMAN	0.007246377	1.0	0.9567199010790238	9964.224588866298
LHMLQISYFR	2	sp|Q9UNN8|EPCR_HUMAN	0.007246377	1.0	0.9297409635765408	33527.94024515622
EPC[+57.021465]VESLVSQYFQTVTDYGK	3	sp|P02652|APOA2_HUMAN	0.00747198	0.9797881705057813	0.9422235836375985	11067431.734268866
YTIAALLSPYSYSTTAVVTNPK	3	sp|P02766|TTHY_HUMAN	0.00747198	0.9797881705057813	0.9287943318712588	3166780.5973282303
EHAVEGDC[+57.021465]DFQLLK	2	sp|P02765|FETUA_HUMAN	0.007246377	1.0	0.9477850665824193	1011350.8174036295
TLMFGSYLDDEK	2	sp|P19652|A1AG2_HUMAN	0.00747198	0.9933552810135716	0.9713312528816715	113315.4397793062
VPTVEPLDSLTLFLFR	3	sp|P13598|ICAM2_HUMAN	0.00747198	0.9658285256870233	0.7832463972512707	1261.0395824380446
RYTIAALLSPYSYSTTAVVTNPK	4	sp|P02766|TTHY_HUMAN	0.00747198	0.9797881705057813	0.9292270052840665	6134.04299092629
FNQPFIIM[+15.994915]IFDHFTWSSLFLAR	3	sp|P08185|CBG_HUMAN	0.00747198	0.9658285256870233	0.915629724948265	77533.68544343812
SPLFMGK	2	sp|P01009|A1AT_HUMAN	0.00747198	0.9728591838590949	0.9479255172623825	145845.06828236528
ILGGHLDAK	1	sp|P00738|HPT_HUMAN;sp|P00739|HPTR_HUMAN	0.00747198	0.9797881705057813	0.9369904486017309	15318.460015502811
YVGGQEHFAHLLILRDTK	4	sp|P02763|A1AG1_HUMAN	0.00747198	0.9933552810135716	0.9134583037615954	41897.67520272698
DTKTLMFGSYLDDEK	2	sp|P19652|A1AG2_HUMAN	0.007246377	1.0	0.9558475705095275	4621126.277200137
ESGTDDFNVWIGLHDPK	2	sp|P05451|REG1A_HUMAN	0.028605483	0.7390601692542802	0.7989212326912284	16574.329472217367
LGFTDLFSK	2	sp|P29622|KAIN_HUMAN	0.007246377	1.0	0.9133348760818291	34289.98323639138
GDSVVYGLR	2	sp|P10451|OSTP_HUMAN	0.014669927	1.0	0.8655698198415439	62944.986068962986
DEGTAFLVYGAPGFSK	2	sp|P06276|CHLE_HUMAN	0.007246377	1.0	0.9485877639707955	374621.7718174213
SSNTYTLTDVR	2	sp|Q13740|CD166_HUMAN	0.007246377	1.0	0.941226242364338	16591.787286175713
MQILEGLGLNLQK	2	sp|P05154|IPSP_HUMAN	0.007246377	1.0	0.9387437179881534	131190.71089112063
FQNALLVR	2	sp|P02768|ALBU_HUMAN	0.007246377	1.0	0.820829092722672	70981.35412358707
FNWYVDGVEVHNAK	3	sp|P01857|IGHG1_HUMAN;sp|P0DOX5|IGG1_HUMAN	0.007246377	1.0	0.9676278990515879	255205.11688991383
TSLTVVLLR	2	sp|P32942|ICAM3_HUMAN	0.007246377	1.0	0.909814888202795	114280.8622390914
ITLLSALVETR	2	sp|P01011|AACT_HUMAN	0.007246377	1.0	0.9569895430283955	158812.36780333257
KGEVLPLPEANFPSFPLPHHK	4	sp|P04196|HRG_HUMAN	0.00747198	0.9933552810135716	0.8699048206718134	737734.9068150746
C[+57.021465]AGQQQDIR	2	sp|P27918|PROP_HUMAN	0.007246377	1.0	0.9049871839494266	12057.155488286964
FDPVRGEVPPR	2	sp|P02790|HEMO_HUMAN	0.007246377	1.0	0.9542276451897954	309731.49353935174
VQLTGEPVPMAR	3	sp|P15151|PVR_HUMAN	0.007246377	1.0	0.8575285691690157	617.7623740966803
DYWSTVK	2	sp|P02656|APOC3_HUMAN	0.00747198	0.9658285256870233	0.9741346166838442	262702.46974554553
ATVVYQGERVK	3	sp|P02749|APOH_HUMAN	0.007246377	1.0	0.9009356371834707	155054.37838421523
HGGLFHENMR	2	sp|Q02985|FHR3_HUMAN	0.025240384	0.8718655118414741	0.8594077282335534	13845.830001483859
KAADDTWEPFASGK	2	sp|P02766|TTHY_HUMAN	0.007246377	1.0	0.9407385610508093	765040.471546327
MADEAGSEADHEGTHSTK	2	sp|P02671|FIBA_HUMAN	0.011002445	0.9290085173289965	0.8739708213797042	746.2628408063918
QIQVFEDEPAR	2	sp|Q9NPH3|IL1AP_HUMAN	0.007246377	1.0	0.9273908515026428	111870.07742665755
TMEIFQLLR	2	sp|Q96HR3|MED30_HUMAN	0.007246377	1.0	0.9301008429041242	42052.87377773148
EETNEIQVVNEEPQR	2	sp|Q8NBJ4|GOLM1_HUMAN	0.007246377	1.0	0.916118617639183	289555.78774179297
VTSIQDWVQK	2	sp|P00738|HPT_HUMAN	0.00747198	0.9933552810135716	0.9619717827323019	67271.47094476891
LQHLENELTHDIITK	2	sp|P01009|A1AT_HUMAN	0.00747198	0.9658285256870233	0.8167356279820028	7339.388084280119
GVLHNEVK	2	sp|Q92954|PRG4_HUMAN	0.00747198	0.9797881705057813	0.9618738874923708	14191.167611045274
ALNSIIDVYHK	2	sp|P05109|S10A8_HUMAN	0.007246377	1.0	0.9515081137664456	5698.371939170106
IEDGFSLK	1	sp|P01008|ANT3_HUMAN	0.00747198	0.9797881705057813	0.7241956200334687	6434.454605358544
LDELRDEGK	2	sp|P02768|ALBU_HUMAN	0.007246377	1.0	0.9722737032917514	113098.3082732546
TFTC[+57.021465]TAAYPESK	2	sp|P01876|IGHA1_HUMAN	0.00747198	0.9933552810135716	0.9706233880584294	158277.56351823924
GEVLPLPEANFPSFPLPHHK	4	sp|P04196|HRG_HUMAN	0.007246377	1.0	0.9612772073059156	507727.52993849694
EFGNTLEDK	2	sp|P02654|APOC1_HUMAN	0.00747198	0.9866190731264982	0.9770310845313606	90904.59166597258
QNC[+57.021465]ELFEQLGEYK	2	sp|P02768|ALBU_HUMAN	0.007246377	1.0	0.8860053274312374	1722562.5801042889
YTIAALLSPYSYSTTAVVTNPK	4	sp|P02766|TTHY_HUMAN	0.00747198	0.9797881705057813	0.720147731737265	48914.29886424354
IC[+57.021465]LDLQAPLYK	3	sp|P02776|PLF4_HUMAN	0.007246377	1.0	0.7239129769325054	22662.290396769473
LLVVYPWTQR	2	sp|P02042|HBD_HUMAN;sp|P02100|HBE_HUMAN;sp|P68871|HBB_HUMAN;sp|P69891|HBG1_HUMAN;sp|P69892|HBG2_HUMAN	0.007246377	1.0	0.9530048267428022	57635.81670323481
TPSSTGPSPVFDIK	2	sp|Q12913|PTPRJ_HUMAN	0.007246377	1.0	0.8798189623401897	141184.79809083173
C[+57.021465]PNPPVQENFDVNK	2	sp|P05090|APOD_HUMAN	0.007246377	1.0	0.9527984709345885	2762250.4151770235
GPLDQLEK	2	sp|P05546|HEP2_HUMAN	0.00747198	0.9797881705057813	0.8760672329367855	16505.53568220398
WKTTFDPKK	2	sp|P05155|IC1_HUMAN	0.007246377	1.0	0.9184359310749562	51985.4600484663
YSLTYIYTGLSK	2	sp|P25311|ZA2G_HUMAN	0.00747198	0.9933552810135716	0.9221798999499252	4697.7384047929645
GEC[+57.021465]QAEGVLFFQGDR	3	sp|P02790|HEMO_HUMAN	0.00747198	0.9728591838590949	0.773256724330171	15119.758894363877
QGHNSVFLIK	3	sp|P02790|HEMO_HUMAN	0.007246377	1.0	0.968976653928485	2933862.0028906693
NTWSILHTQGALVQGGYGHSSVYDHR	3	sp|O75882|ATRN_HUMAN	0.00747198	0.9728591838590949	0.8599809428067782	11123.87801770731
VGSALFLSHNLK	3	sp|P29622|KAIN_HUMAN	0.00747198	0.9797881705057813	0.8934984428152658	134.03085732178204
SLSGTAFGGFLMFK	3	sp|Q9H8L6|MMRN2_HUMAN	0.007246377	1.0	0.831387633913965	28142.26247147443
DTLMISR	1	sp|P01857|IGHG1_HUMAN;sp|P01859|IGHG2_HUMAN;sp|P01860|IGHG3_HUMAN;sp|P01861|IGHG4_HUMAN;sp|P0DOX5|IGG1_HUMAN	0.007246377	1.0	0.8972955466617346	116307.14264957889
SDVM[+15.994915]YTDWKK	2	sp|P19652|A1AG2_HUMAN	0.007246377	1.0	0.9044212566429605	10682.596602521178
SISTAYLQWSSLK	2	sp|A0A0C4DH38|HV551_HUMAN;sp|A0A0J9YXX1|HV5X1_HUMAN	0.00747198	0.9866190731264982	0.9568454703855761	77653.9535350311
GIQVEIYSFPK	2	sp|P19320|VCAM1_HUMAN	0.007246377	1.0	0.8800291476006654	3442.4393200532595
MEEVEAMLLPETLK	2	sp|P01011|AACT_HUMAN	0.007246377	1.0	0.9661305307111873	1446604.5738068048
ADIGC[+57.021465]TPGSGK	2	sp|P01024|CO3_HUMAN	0.007246377	1.0	0.9459514366327293	28359.284649873625
FRIEDGFSLK	2	sp|P01008|ANT3_HUMAN	0.007246377	1.0	0.9322189814881519	510757.23360441637
FSPENTR	2	sp|P01008|ANT3_HUMAN	0.007246377	1.0	0.9264111650620145	147765.26943384198
GDDITMVLILPKPEK	3	sp|P01008|ANT3_HUMAN	0.007246377	1.0	0.9890058356995521	529311.8199569304
GDTFSC[+57.021465]MVGHEALPLAFTQK	3	sp|P01876|IGHA1_HUMAN	0.007246377	1.0	0.9614801750273773	1129936.2702891743
HSAQPWADFTLLGAR	3	sp|Q8IYS5|OSCAR_HUMAN	0.007246377	1.0	0.8261870143808895	80598.34752591178
EQLGEFYEALDC[+57.021465]LC[+57.021465]IPR	4	sp|P19652|A1AG2_HUMAN	0.00747198	0.9866190731264982	0.843746774554164	27172.401857520832
VTDPQLVVTLHEK	3	sp|P09619|PGFRB_HUMAN	0.00747198	0.9866190731264982	0.7953206460496285	3521.150706584659
EHVAHLLFLRDTK	4	sp|P19652|A1AG2_HUMAN	0.00747198	0.9866190731264982	0.9822403558696717	298579.6264403641
AQWANPFDPSK	2	sp|P05543|THBG_HUMAN	0.007246377	1.0	0.9713069303513852	129081.5491052588
YIFSDDSSQLTIK	2	sp|P13591|NCAM1_HUMAN	0.007246377	1.0	0.9405807387725988	94996.77667587699
GTYSTTVTGR	2	sp|P08519|APOA_HUMAN	0.00747198	0.9866190731264982	0.9747142131837009	68793.48393848503
GLPNVVTSAISLPNIR	3	sp|Q92954|PRG4_HUMAN	0.007246377	1.0	0.9566204229490073	920925.1979065054
TDTSHHDQDHPTFNK	3	sp|P01009|A1AT_HUMAN	0.007246377	1.0	0.9835258400562519	130397.43496570167
DALSSVQESQVAQQAR	3	sp|P02656|APOC3_HUMAN	0.00747198	0.9728591838590949	0.9195536566029558	27832.702270741363
IDVHWTR	2	sp|P25311|ZA2G_HUMAN	0.00747198	0.9797881705057813	0.9265101735258416	11026.783662207192
WVQDYIK	2	sp|Q16627|CCL14_HUMAN	0.00747198	0.9866190731264982	0.989284578543196	27292.11661522042
EIGELYLPK	2	sp|P01011|AACT_HUMAN	0.007246377	1.0	0.9482316848613517	333999.2584471025
SDVVYTDWK	2	sp|P02763|A1AG1_HUMAN	0.007246377	1.0	0.9873196541297746	387842.0859087499
GWVDLFVPK	2	sp|P05543|THBG_HUMAN	0.007246377	1.0	0.7748463234510442	95994.17331103535
VEIDTKSYWK	3	sp|P02766|TTHY_HUMAN	0.011002445	0.9290085173289965	0.9056444018163102	4500.234363981251
AVM[+15.994915]DDFAAFVEK	2	sp|P02768|ALBU_HUMAN	0.018203884	1.0	0.9328166524409413	34611.54512115248
IMQSSQSMSK	2	sp|O75882|ATRN_HUMAN	0.00747198	0.9933552810135716	0.9736815852170714	1566.2917274758784
FLEDVKK	2	sp|P01009|A1AT_HUMAN	0.03218117	1.0	0.9812328251803383	1223781.5656879363
EGQM[+15.994915]ESVEAAM[+15.994915]SSK	2	sp|P05543|THBG_HUMAN	0.007246377	1.0	0.8335016796670885	16045.640058695364
YPPTVSMVEGQGEK	2	sp|P27918|PROP_HUMAN	0.007246377	1.0	0.9376435162535487	446006.62754892505
YAASSYLSLTPEQWK	2	sp|A0M8Q6|IGLC7_HUMAN;sp|B9A064|IGLL5_HUMAN;sp|P0CF74|IGLC6_HUMAN;sp|P0CG04|IGLC1_HUMAN;sp|P0DOX8|IGL1_HUMAN;sp|P0DOY2|IGLC2_HUMAN;sp|P0DOY3|IGLC3_HUMAN	0.007246377	1.0	0.9554325243194107	13503134.225350434
EVPLNTIIFM[+15.994915]GR	2	sp|P01008|ANT3_HUMAN	0.00747198	0.9933552810135716	0.9815707763003481	54585.14444286416
TC[+57.021465]PKPDDLPFSTVVPLK	2	sp|P02749|APOH_HUMAN	0.007246377	1.0	0.889295575096992	195970.28591882714
LSSWVLLM[+15.994915]K	2	sp|P01009|A1AT_HUMAN	0.007246377	1.0	0.9100448578275524	430110.7415804695
SSEDPNEDIVER	2	sp|P01591|IGJ_HUMAN	0.00747198	0.9933552810135716	0.7984706789388376	3130.3414270707904
SYSC[+57.021465]QVTHEGSTVEK	3	sp|B9A064|IGLL5_HUMAN;sp|P0CF74|IGLC6_HUMAN;sp|P0CG04|IGLC1_HUMAN;sp|P0DOX8|IGL1_HUMAN;sp|P0DOY2|IGLC2_HUMAN;sp|P0DOY3|IGLC3_HUMAN	0.007246377	1.0	0.9273916178389028	7645875.804253384
NWGLSFYADKPETTK	4	sp|P19652|A1AG2_HUMAN	0.00747198	0.9586923939928679	0.8162801610800433	5963.385765461827
TMLLQPAGSLGSYSYR	3	sp|P41222|PTGDS_HUMAN	0.007246377	1.0	0.9180342922814613	2914409.6461621905
ELTPEVLQEWLDELEEMMLVVHMPR	4	sp|P01008|ANT3_HUMAN	0.00747198	0.9866190731264982	0.9340474104069242	54462.41912489805
LRTEGDGVYTLNDKK	4	sp|P00738|HPT_HUMAN;sp|P00739|HPTR_HUMAN	0.007246377	1.0	0.9471620293874422	526740.0159280435
GTHC[+57.021465]NQVEVIATLK	3	sp|P02775|CXCL7_HUMAN	0.038004752	0.5226635955578876	0.7343981819811619	6987.828703985606
SSSQELGLK	2	sp|Q14515|SPRL1_HUMAN	0.00747198	0.9866190731264982	0.9385830403241683	811.7363651358988
LYLVQGTQVYVFLTK	3	sp|P02790|HEMO_HUMAN	0.00747198	0.9728591838590949	0.9480444947059635	14095.124288517567
LLDNWDSVTSTFSK	2	sp|P02647|APOA1_HUMAN	0.00747198	0.9797881705057813	0.9268691968364862	102684.86958080564
AVSISPTNVILTWK	3	sp|Q12913|PTPRJ_HUMAN	0.008641975	0.9440873193926883	0.8030744878058089	21798.35827141866
DTINRWSAGLTSSQVDLYIPK	3	sp|P08185|CBG_HUMAN	0.007246377	1.0	0.8210867862496406	379444.36196028866
YVGGQEHFAHLLILR	2	sp|P02763|A1AG1_HUMAN	0.00747198	0.9728591838590949	0.9510973045990528	537770.464283503
LPGIVAEGR	1	sp|P01008|ANT3_HUMAN	0.00747198	0.9514467542496609	0.9412210837098515	379.77889610097947
GDLYFANVEEK	2	sp|O00533|NCHL1_HUMAN	0.007246377	1.0	0.880262455381111	8427.389773241046
VTTSQDM[+15.994915]LSIM[+15.994915]EK	2	sp|P05155|IC1_HUMAN	0.007246377	1.0	0.9382009364739178	49166.1704885905
IVDLFSGLDSPAILVLVNYIFFK	3	sp|P08185|CBG_HUMAN	0.007246377	1.0	0.8940140321957325	117800.07290191817
GGYTLVSGYPK	2	sp|P02790|HEMO_HUMAN	0.007246377	1.0	0.9635821043094702	483834.7218780082
ASFHIPQVQVR	3	sp|Q9BQ51|PD1L2_HUMAN	0.007246377	1.0	0.8322492843499543	134674.44279397294
VDGALC[+57.021465]M[+15.994915]EK	2	sp|P02790|HEMO_HUMAN	0.007246377	1.0	0.9727070809488206	278698.7052963611
ANQQLNFTEAK	2	sp|Q9Y5Y7|LYVE1_HUMAN	0.007246377	1.0	0.8780441489760227	10328.617292177098
GFGGLTGQIVAALSTAK	3	sp|Q92954|PRG4_HUMAN	0.007246377	1.0	0.8123702557945098	136894.2698708797
LLIYDASNR	2	sp|A0A0A0MRZ8|KVD11_HUMAN;sp|P04433|KV311_HUMAN	0.007246377	1.0	0.9015304723243115	104726.9425162949
NKEDC[+57.021465]VEIYIK	3	sp|P14151|LYAM1_HUMAN	0.00747198	0.9866190731264982	0.771962460820689	5428.830342042074
WELLQQVDTSTR	2	sp|P04264|K2C1_HUMAN	0.007246377	1.0	0.8931002422199025	199872.5213648176
LRTEGDGVYTLNNEK	4	sp|P00738|HPT_HUMAN	0.025240384	0.8718655118414741	0.8263596572303614	3717.2121414266926
EHVAHLLFLRDTK	3	sp|P19652|A1AG2_HUMAN	0.00747198	0.9866190731264982	0.9382961361903044	158271.00156818447
QLVEIEK	1	sp|P00738|HPT_HUMAN;sp|P00739|HPTR_HUMAN	0.00747198	0.9728591838590949	0.9508147382269547	13931.98221425242
RLGMFNIQHC[+57.021465]K	2	sp|P01009|A1AT_HUMAN	0.00747198	0.9797881705057813	0.9255128102497915	141880.45231584783
VWVYPPEKK	3	sp|P02790|HEMO_HUMAN	0.007246377	1.0	0.7755441576099458	124761.77546943456
EFTPPVQAAYQK	3	sp|P68871|HBB_HUMAN	0.007246377	1.0	0.8431458284279228	9686.01061265759
SAGSVESPSVSSTHR	3	sp|P17936|IBP3_HUMAN	0.00747198	0.9866190731264982	0.956407827945684	38554.811856955304
ADGESC[+57.021465]SASMMYQEGK	2	sp|P01008|ANT3_HUMAN	0.007246377	1.0	0.9482889158623843	1119262.206998008
DSGPYSC[+57.021465]SVNVQDK	2	sp|Q96AP7|ESAM_HUMAN	0.00747198	0.9797881705057813	0.840888246607102	5306.255922387385
REPAVGEPAEVTTTVLVR	4	sp|P05362|ICAM1_HUMAN	0.007246377	1.0	0.8375382434226888	2488.1997457473544
LVEVNPK	2	sp|Q92954|PRG4_HUMAN	0.00747198	0.9797881705057813	0.9700664500003502	15757.948460702144
ESLLNHFLYEVAR	3	sp|P43652|AFAM_HUMAN	0.007246377	1.0	0.7748910982597773	39209.54666439888
AREDIFMETLK	3	sp|P25311|ZA2G_HUMAN	0.00747198	0.9797881705057813	0.938006011511976	31814.78272162724
EMEDTLNHLK	3	sp|P17936|IBP3_HUMAN	0.007246377	1.0	0.968145743913871	57123.776317598546
IPKSDVVYTDWK	2	sp|P02763|A1AG1_HUMAN	0.007246377	1.0	0.9374915361297732	608010.7313025965
AVLTIDEK	1	sp|P01009|A1AT_HUMAN	0.00747198	0.9797881705057813	0.7363476005284448	1705.558454074496
GGEGTGYFVDFSVR	2	sp|P04196|HRG_HUMAN	0.007246377	1.0	0.8242479246176987	63477.663525018535
QGLLPVLESFK	2	sp|P02647|APOA1_HUMAN	0.007246377	1.0	0.8830446160503708	280413.14982350415
NSLYLQMNSLR	2	sp|A0A0B4J1V1|HV321_HUMAN;sp|A0A0B4J1X8|HV343_HUMAN;sp|A0A0C4DH32|HV320_HUMAN;sp|P01762|HV311_HUMAN;sp|P01763|HV348_HUMAN;sp|P01766|HV313_HUMAN;sp|P01780|HV307_HUMAN;sp|P01782|HV309_HUMAN;sp|P0DP04|HV43D_HUMAN	0.007246377	1.0	0.8113460822157386	2409.341155889428
GVTSVSQIFHSPDLAIR	3	sp|P05155|IC1_HUMAN	0.007246377	1.0	0.8758595066682037	51229.92417275268
IHLMAGR	2	sp|Q5T013|HYI_HUMAN	0.007246377	1.0	0.794425966902256	51962.35051797748
ESSSHHPGIAEFPSR	2	sp|P02671|FIBA_HUMAN	0.007246377	1.0	0.8790341649871222	161874.75780761923
TYFPHFDLSHGSAQVK	4	sp|P69905|HBA_HUMAN	0.00747198	0.9797881705057813	0.8333494010765785	32274.862189631916
TYLPAVDEK	2	sp|P02655|APOC2_HUMAN	0.007246377	1.0	0.9819918892704083	535056.7390126878
DTEEEDFHVDQVTTVK	2	sp|P01009|A1AT_HUMAN	0.007246377	1.0	0.9309750928877284	37921906.27304313
VITEPIPVSDLR	2	sp|Q12913|PTPRJ_HUMAN	0.007246377	1.0	0.957389369935876	50290.93961052597
KATVVYQGER	2	sp|P02749|APOH_HUMAN	0.007246377	1.0	0.9861332939901617	298989.1692215284
GQYC[+57.021465]YELDEK	2	sp|P04004|VTNC_HUMAN	0.007246377	1.0	0.9468046047520138	39414.095818646514
ALSIGFETC[+57.021465]R	2	sp|P16070|CD44_HUMAN	0.007246377	1.0	0.9822989220634906	637322.4897777911
AGALQLLLVGDK	2	sp|P55058|PLTP_HUMAN	0.00747198	0.9933552810135716	0.9004000822365116	26318.471802827647
EMEVLHLR	2	sp|P11362|FGFR1_HUMAN	0.007246377	1.0	0.9480578629086648	187895.4918658927
ATVVYQGER	2	sp|P02749|APOH_HUMAN	0.00747198	0.9866190731264982	0.9561011443849371	46334.891025499935
YNSQNQSNNQFVLYR	2	sp|P01042|KNG1_HUMAN	0.00747198	0.9658285256870233	0.8932791144656809	278495.7521875989
IDSLLENDR	2	sp|P10909|CLUS_HUMAN	0.007246377	1.0	0.950199129193972	287600.42939863843
DYVSQFEGSALGK	2	sp|P02647|APOA1_HUMAN	0.00747198	0.9933552810135716	0.9601586021289432	214211.41540615438
TM[+15.994915]LLQPAGSLGSYSYR	2	sp|P41222|PTGDS_HUMAN	0.00747198	0.9728591838590949	0.9560853294226699	112216.57595519265
VPLQQNFQDNQFQGK	2	sp|P80188|NGAL_HUMAN	0.007246377	1.0	0.8098304453826104	486263.3493421038
YFHHNSDFHIPK	4	sp|O75015|FCG3B_HUMAN	0.007246377	1.0	0.973764376420388	1251699.6191413242
YFHHNSDFYIPK	4	sp|P08637|FCG3A_HUMAN	0.00747198	0.9797881705057813	0.9061819770308089	6598.2135485721465
EHVAHLLFLR	2	sp|P19652|A1AG2_HUMAN	0.007246377	1.0	0.9563848953765907	41260633.34577967
TFYEPGEEITYSC[+57.021465]KPGYVSR	3	sp|P02749|APOH_HUMAN	0.007246377	1.0	0.9440528134468616	665038.7154987399
SKEQLTPLIK	2	sp|P02652|APOA2_HUMAN	0.007246377	1.0	0.9159342830856896	26950.493581248782
EQQALQTVC[+57.021465]LK	2	sp|P05452|TETN_HUMAN	0.00747198	0.9933552810135716	0.9186006017378541	11890.62770995519
MSSINADFAFNLYR	2	sp|P05543|THBG_HUMAN	0.00747198	1.0	0.9256163738760159	2978688.724201962
NLAVSQVVHK	2	sp|P01011|AACT_HUMAN	0.007246377	1.0	0.976231718816928	731317.6099600254
IMGITLVSKK	2	sp|Q9Y5Y7|LYVE1_HUMAN	0.007246377	1.0	0.9028029544396117	137317.38849732876
RDPPQYPVVPVHLDR	3	sp|P10153|RNAS2_HUMAN	0.00747198	0.9797881705057813	0.8189563950345505	8400.559988866607
TVAAC[+57.021465]NLPIVR	3	sp|P02760|AMBP_HUMAN	0.00747198	0.9933552810135716	0.9213393662910174	14732.301755028107
GILTVDELLAIR	3	sp|P13473|LAMP2_HUMAN	0.007246377	1.0	0.8211813815876363	7397.84578327068
QQLQALSEPQPR	2	sp|Q8NBJ4|GOLM1_HUMAN	0.00747198	0.9933552810135716	0.8117531366720383	7634.787631828422
ATLVC[+57.021465]LISDFYPGAVTVAWK	4	sp|B9A064|IGLL5_HUMAN;sp|P0CG04|IGLC1_HUMAN;sp|P0DOX8|IGL1_HUMAN;sp|P0DOY2|IGLC2_HUMAN;sp|P0DOY3|IGLC3_HUMAN	0.007246377	1.0	0.8802712776724161	52187.283535067465
LRTEGDGVYTLNDK	2	sp|P00738|HPT_HUMAN;sp|P00739|HPTR_HUMAN	0.007246377	1.0	0.9620417991422676	911866.2403112429
ETYGEMADC[+57.021465]C[+57.021465]AK	2	sp|P02768|ALBU_HUMAN	0.007246377	1.0	0.9293454674789285	7626.305164172949
AEAESLYQSK	2	sp|P04264|K2C1_HUMAN	0.00747198	0.9866190731264982	0.9380259665807033	11870.638893258983
LLIYDNNK	2	sp|P01701|LV151_HUMAN	0.00747198	0.9866190731264982	0.9475016012499134	24638.528239888812
TEGDGVYTLNDK	2	sp|P00738|HPT_HUMAN;sp|P00739|HPTR_HUMAN	0.007246377	1.0	0.9699949222592932	343942.0207904118
LLIYGASTR	2	sp|A0A075B6H7|KV37_HUMAN;sp|A0A0C4DH55|KVD07_HUMAN;sp|P01624|KV315_HUMAN	0.00747198	0.9866190731264982	0.9271764586163975	17931.98556990219
DFVQPPTK	1	sp|P01042|KNG1_HUMAN	0.00747198	0.9797881705057813	0.8546215725681283	9889.81804985073
FIVLSNNYLQIR	2	sp|P13591|NCAM1_HUMAN	0.007246377	1.0	0.8688286650822232	100285.12783682665
NEC[+57.021465]FLQHK	2	sp|P02768|ALBU_HUMAN	0.007246377	1.0	0.9637318721252591	41230.173459892576
EQLGEFYEALDC[+57.021465]LR	3	sp|P02763|A1AG1_HUMAN	0.00747198	0.9728591838590949	0.8013261299863431	4127.427663605071
SSTTKPPFKPHGSR	4	sp|P04196|HRG_HUMAN	0.00747198	0.9866190731264982	0.8127046462433912	3859.0009777484797
WLQGSQELPR	2	sp|P01876|IGHA1_HUMAN;sp|P01877|IGHA2_HUMAN;sp|P0DOX2|IGA2_HUMAN	0.00747198	0.9933552810135716	0.9716463296495634	1157562.6813552044
LWWLDLK	2	sp|P02790|HEMO_HUMAN	0.007246377	1.0	0.9505742601567485	752870.4809329532
VYSTSVTGSR	2	sp|Q9H299|SH3L3_HUMAN	0.029797377	1.0	0.9008763596856417	73104.70432228984
GTQEQDFYVTSETVVR	3	sp|P05154|IPSP_HUMAN	0.00747198	0.9658285256870233	0.7039131088774865	1549.6711638642719
SISC[+57.021465]QEIPGQQSR	2	sp|P27918|PROP_HUMAN	0.007246377	1.0	0.9062188728730806	189257.99818301937
TLLDIDNTR	2	sp|P35527|K1C9_HUMAN	0.007246377	1.0	0.9330203998119933	39587.55887454558
TSDQIHFFFAK	3	sp|P01008|ANT3_HUMAN	0.00747198	0.9933552810135716	0.9254465848427605	766615.6081666951
DKC[+57.021465]EPLEKQHEK	2	sp|P02763|A1AG1_HUMAN;sp|P19652|A1AG2_HUMAN	0.007246377	1.0	0.9533796743942654	20507.05365569835
DESANQEEPEAR	2	sp|P50552|VASP_HUMAN	0.00747198	0.9933552810135716	0.8539968676041074	1403.4983239747987
EPQVYTLPPSR	2	sp|P01857|IGHG1_HUMAN;sp|P01859|IGHG2_HUMAN;sp|P01860|IGHG3_HUMAN;sp|P0DOX5|IGG1_HUMAN	0.007246377	1.0	0.894958400793184	10999.011963189352
STAAMSTYTGIFTDQVLSVLK	3	sp|P02655|APOC2_HUMAN	0.015873017	0.9134157281067091	0.8534961484460858	95031.01147653961
SAVQGPPER	2	sp|P01876|IGHA1_HUMAN;sp|P01877|IGHA2_HUMAN	0.00747198	0.9866190731264982	0.9523201003099269	1408.6667618045508
TEGDGVYTLNNEK	2	sp|P00738|HPT_HUMAN	0.007246377	1.0	0.9596094165260155	1365593.7695532253
NSVIKVPMMNSK	2	sp|P05155|IC1_HUMAN	0.00747198	0.9797881705057813	0.977591290784559	113734.15384832893
ALDLINK	2	sp|P04196|HRG_HUMAN	0.00747198	0.9728591838590949	0.9859676362926085	65448.71203893193
SGTASEMGTER	2	sp|Q9ULI3|HEG1_HUMAN	0.00747198	0.9866190731264982	0.9075065364416681	9046.361234229013
DIPMNPMC[+57.021465]IYR	2	sp|P01008|ANT3_HUMAN	0.00747198	0.9933552810135716	0.9326829843404547	3394.3316556865166
YFHHNSDFHIPK	3	sp|O75015|FCG3B_HUMAN	0.018203884	0.897262926642552	0.7941984178592788	1436.341360023393
VPTVEPLDSLTLFLFR	2	sp|P13598|ICAM2_HUMAN	0.00747198	0.9658285256870233	0.9404853334970115	352327.4856487604
RYTIAALLSPYSYSTTAVVTNPK	3	sp|P02766|TTHY_HUMAN	0.00747198	0.9797881705057813	0.9302695496263328	70737.54621245516
ESGTDDFNVWIGLHDPK	3	sp|P05451|REG1A_HUMAN	0.007246377	1.0	0.9886270375121821	22651.72260806234
AFLEVNEEGSEAAASTAVVIAGR	3	sp|P01008|ANT3_HUMAN	0.007246377	1.0	0.8052279389813168	157230.91255824678
FNWYVDGVEVHNAK	2	sp|P01857|IGHG1_HUMAN;sp|P0DOX5|IGG1_HUMAN	0.025240384	0.8540617215638593	0.8261671545075435	4768.712076174627
VLNQELR	2	sp|P05090|APOD_HUMAN	0.007246377	1.0	0.9845122187344847	2397905.2692870637
KGEVLPLPEANFPSFPLPHHK	5	sp|P04196|HRG_HUMAN	0.00747198	0.9933552810135716	0.879249858807965	61286.32954154381
LPGIVAEGRDDLYVSDAFHK	3	sp|P01008|ANT3_HUMAN	0.00747198	0.9866190731264982	0.8751696111290868	74012.98373702321
ASVSVTAEDEGTQR	2	sp|P05362|ICAM1_HUMAN	0.007246377	1.0	0.9567813853694209	75641.8341989171
DLDSQTMMVLVNYIFFK	3	sp|P01011|AACT_HUMAN	0.007246377	1.0	0.8875617796184497	379866.33403360855
FLENEDR	1	sp|P01009|A1AT_HUMAN	0.030989273	0.9440873193926883	0.7359176380915324	854.0335007651936
LYIEYGIQR	2	sp|Q9NPH3|IL1AP_HUMAN	0.007246377	1.0	0.9867711961356586	92881.07088373159
HTFM[+15.994915]GVVSLGSPSGEVSHPR	4	sp|P02765|FETUA_HUMAN	0.00747198	0.9933552810135716	0.7092978065818143	2337.180847433973
ALGISPFHEHAEVVFTANDSGPR	5	sp|P02766|TTHY_HUMAN	0.007246377	1.0	0.9788249975468234	907952.3010182893
FDPVRGEVPPR	3	sp|P02790|HEMO_HUMAN	0.007246377	1.0	0.9715865299981135	105664.62176438163
VQPYLDDFQK	2	sp|P02647|APOA1_HUMAN	0.007246377	1.0	0.9533343031499004	51815.980840049146
SSAEAQTPEDTPNK	2	sp|O43493|TGON2_HUMAN	0.007246377	1.0	0.8787333859468877	45580.70285726003
ATVVYQGERVK	2	sp|P02749|APOH_HUMAN	0.007246377	1.0	0.7431611100144113	75968.50498789297
QINSYVK	2	sp|P08185|CBG_HUMAN	0.007246377	1.0	0.7429979917023197	10866.96985834836
C[+57.021465]SPHLVLSALTSDNHGATYAFSGTHYWR	5	sp|P02790|HEMO_HUMAN	0.00747198	0.9797881705057813	0.8888362371233066	511565.9068864276
TFTDKWEDYPK	2	sp|P10721|KIT_HUMAN	0.007246377	1.0	0.9370192576240876	78403.4967788985
MADEAGSEADHEGTHSTK	3	sp|P02671|FIBA_HUMAN	0.007246377	1.0	0.9591119836693414	11443.758658873441
TLLVFEVQQPFLFVLWDQQHK	3	sp|P05155|IC1_HUMAN	0.00747198	0.9728591838590949	0.8961543896397005	11243.741057065079
SGAQATWTELPWPHEK	2	sp|P02790|HEMO_HUMAN	0.007246377	1.0	0.93322482389037	1462571.105776591
LGMFNIQHC[+57.021465]K	3	sp|P01009|A1AT_HUMAN	0.007246377	1.0	0.7842995315508359	912.7805837860617
DSGRDYVSQFEGSALGK	2	sp|P02647|APOA1_HUMAN	0.007246377	1.0	0.944951475852029	1293843.318365961
FLSTLTIDGVTR	2	sp|P35968|VGFR2_HUMAN	0.007246377	1.0	0.8845827625597072	27182.206919645047
ALNSIIDVYHK	3	sp|P05109|S10A8_HUMAN	0.007246377	1.0	0.9420310056915872	9336.547137027404
ALGISPFHEHAEVVFTANDSGPRR	5	sp|P02766|TTHY_HUMAN	0.00747198	0.9866190731264982	0.9227208863732304	155419.43496286398
AADDTWEPFASGK	2	sp|P02766|TTHY_HUMAN	0.00747198	0.9933552810135716	0.9221613592984162	248342.06032944558
FSSSSGYGGGSSR	2	sp|P35527|K1C9_HUMAN	0.007246377	1.0	0.7566249929790934	3164.376690367322
SGTSASLAISGLR	2	sp|P01700|LV147_HUMAN	0.007246377	1.0	0.9558626620093067	42208.82167012148
TAFQEALDAAGDK	2	sp|P10599|THIO_HUMAN	0.00747198	0.9933552810135716	0.8487556694785491	12603.694951992298
WEMPFDPQDTHQSR	2	sp|P01011|AACT_HUMAN	0.00747198	0.9728591838590949	0.9674924066936621	24344.233602020926
IYMYGGK	2	sp|O75882|ATRN_HUMAN	0.007246377	1.0	0.9042677772631187	33343.06924315858
DSTYSLSSTLTLSK	2	sp|P01834|IGKC_HUMAN;sp|P0DOX7|IGK_HUMAN	0.007246377	1.0	0.8989215392560687	330434.47920897236
IC[+57.021465]LDLQAPLYK	2	sp|P02776|PLF4_HUMAN	0.007246377	1.0	0.9947708750130673	896320.8226120028
HTFMGVVSLGSPSGEVSHPR	4	sp|P02765|FETUA_HUMAN	0.00747198	0.9933552810135716	0.8920259177715942	45784.85838420293
LAIPQQSDFHNNR	2	sp|P07333|CSF1R_HUMAN	0.00747198	0.9797881705057813	0.9159421093289624	27860.682492732605
LTLTPWVGLR	2	sp|O75882|ATRN_HUMAN	0.007246377	1.0	0.9391293606168999	592046.4021295814
HTLNQIDEVK	2	sp|P02765|FETUA_HUMAN	0.00747198	0.9933552810135716	0.8966074672805364	69169.59574277487
WKTTFDPKK	3	sp|P05155|IC1_HUMAN	0.007246377	1.0	0.7901891648517828	20020.48297812125
EQLTPLIKK	2	sp|P02652|APOA2_HUMAN	0.007246377	1.0	0.9247106644086731	474291.09858640213
QGHNSVFLIK	2	sp|P02790|HEMO_HUMAN	0.007246377	1.0	0.7466547758288125	113034.70828765185
VNVDEVGGEALGR	2	sp|P68871|HBB_HUMAN	0.007246377	1.0	0.938024986478865	7682.110627721719
VTTPDTSTTQHNK	2	sp|Q92954|PRG4_HUMAN	0.007246377	1.0	0.8276748156917875	27135.686322046502
ESTLHLVLR	2	sp|P0CG47|UBB_HUMAN;sp|P0CG48|UBC_HUMAN;sp|P62979|RS27A_HUMAN;sp|P62987|RL40_HUMAN	0.007246377	1.0	0.9758225228241453	417022.3008691719
LTC[+57.021465]LQNLK	2	sp|P08174|DAF_HUMAN	0.00747198	0.9866190731264982	0.9479850560133359	7693.83009416663
QVILTLQPTLVAVGK	2	sp|P13598|ICAM2_HUMAN	0.007246377	1.0	0.9583319466557102	6356405.365953955
LVYHLGLPFSFLTFPYVEEAIK	4	sp|P49908|SEPP1_HUMAN	0.007246377	1.0	0.9341698159511569	395875.9657979901
SC[+57.021465]ALDQNC[+57.021465]QWEPR	2	sp|O75882|ATRN_HUMAN	0.020631067	1.0	0.9188261686537897	194532.33617073335
NWGLSVYADKPETTK	3	sp|P02763|A1AG1_HUMAN	0.007246377	1.0	0.9349178465967513	938365.7062311139
FRIEDGFSLK	3	sp|P01008|ANT3_HUMAN	0.007246377	1.0	0.9715982632609736	6449790.350362646
GDPLGTEGGLDASNTER	2	sp|Q12913|PTPRJ_HUMAN	0.00747198	0.9728591838590949	0.9631698616508758	77305.85640963273
GDDITMVLILPKPEK	2	sp|P01008|ANT3_HUMAN	0.011002445	0.9212790999005022	0.8045978259686446	18824.615562272877
LGNQEPGGQTALK	2	sp|P08697|A2AP_HUMAN	0.00747198	0.9933552810135716	0.91572471635808	97243.36598250504
LYLVQGTQVYVFLTK	2	sp|P02790|HEMO_HUMAN	0.00747198	0.9728591838590949	0.9361040365850062	33712.48860379624
GLYDVVSVLR	2	sp|O75144|ICOSL_HUMAN	0.00747198	0.9933552810135716	0.9654175824915202	167040.85363834788
ETPAATEAPSSTPK	2	sp|P80723|BASP1_HUMAN	0.00747198	0.9933552810135716	0.9294386302829379	3686.689163709789
AGVETTTPSK	2	sp|P0DOY2|IGLC2_HUMAN;sp|P0DOY3|IGLC3_HUMAN	0.00747198	0.9866190731264982	0.9345637771227238	6748.813937410268
LLIYWASTR	2	sp|P06312|KV401_HUMAN	0.00747198	0.9933552810135716	0.9765820400878594	109894.90282362788
DGNPFYFTDHR	3	sp|O00533|NCHL1_HUMAN	0.00747198	0.9797881705057813	0.99208727198404	21085.759032120568
FNKPFVFLMIEQNTK	3	sp|P01009|A1AT_HUMAN	0.007246377	1.0	0.8533964535424904	85888.37978459425
HYYESEVLAMNFQDWATASR	3	sp|P08185|CBG_HUMAN	0.00747198	0.9797881705057813	0.9629894536652182	1643176.8490877524
IILEDENDAMADADR	2	sp|Q9BUN1|MENT_HUMAN	0.00747198	0.9728591838590949	0.9253263834431424	38882.85263449377
TDTSHHDQDHPTFNK	4	sp|P01009|A1AT_HUMAN	0.007246377	1.0	0.9443561519587552	22671094.396931767
LYHSEAFTVNFGDTEEAKK	3	sp|P01009|A1AT_HUMAN	0.007246377	1.0	0.935244750557388	388611.40426761925
IDVHWTR	1	sp|P25311|ZA2G_HUMAN	0.008641975	0.9440873193926883	0.717676444198584	1599.0428678757753
SGVQQLIQYYQDQK	2	sp|Q13790|APOF_HUMAN	0.007246377	1.0	0.7940144929262789	279151.1829539964
ADLSGITGAR	1	sp|P01011|AACT_HUMAN	0.007246377	1.0	0.9340186815490398	50260.473817187434
TLTLLSVTR	2	sp|P06731|CEAM5_HUMAN;sp|P13688|CEAM1_HUMAN;sp|P31997|CEAM8_HUMAN	0.018203884	0.9054124614333342	0.7498244351918617	1896.707834965894
LQHLENELTHDIITK	4	sp|P01009|A1AT_HUMAN	0.00747198	0.9658285256870233	0.8341081872932516	36504.84006908731
MFLSFPTTK	2	sp|P69905|HBA_HUMAN	0.007246377	1.0	0.9687094651863732	414962.0081275806
GLPNVVTSAISLPNIR	2	sp|Q92954|PRG4_HUMAN	0.007246377	1.0	0.8788141847383489	275357.3287041134
DYFMPC[+57.021465]PGR	2	sp|P02790|HEMO_HUMAN	0.007246377	1.0	0.957436835274732	13798339.41457454
FAGVFHVEK	2	sp|P16070|CD44_HUMAN	0.007246377	1.0	0.9884066332163944	619793.0410425728
GEIMFQYDK	2	sp|Q8IZP9|AGRG2_HUMAN	0.00747198	0.9933552810135716	0.7672479045065175	3995.948736907638
ANRPFLVFIR	3	sp|P01008|ANT3_HUMAN	0.00747198	0.9728591838590949	0.8521079882932969	49206.982458613624
GIYSFNFHVVK	3	sp|P23435|CBLN1_HUMAN	0.007246377	1.0	0.8781115852179083	8522.701389131045
WSAGLTSSQVDLYIPK	3	sp|P08185|CBG_HUMAN	0.007246377	1.0	0.7485940933228447	93911.70845275192
QVVAGLNFR	2	sp|P01042|KNG1_HUMAN	0.007246377	1.0	0.9470055130845925	734693.4938537371
VEIDTKSYWK	2	sp|P02766|TTHY_HUMAN	0.007246377	1.0	0.9278825934872295	33452.976446631976
FLASVSTVLTSK	2	sp|P69905|HBA_HUMAN	0.007246377	1.0	0.9470519657083724	25682.90430767162
GPALTTPK	2	sp|Q92954|PRG4_HUMAN	0.00747198	0.9728591838590949	0.9674093967940279	61238.002561598616
FKLDDDLEHQGGHVLDHGHK	6	sp|P01042|KNG1_HUMAN	0.00747198	0.9866190731264982	0.9240709228898298	17073.925446448076
EQYAVVGHSAHIVTLK	2	sp|O75882|ATRN_HUMAN	0.007246377	1.0	0.8949989901910373	88666.37175295377
TMLLQPAGSLGSYSYR	2	sp|P41222|PTGDS_HUMAN	0.007246377	1.0	0.9468946132329585	40889346.53897746
LPTDSELAPR	2	sp|P49908|SEPP1_HUMAN	0.007246377	1.0	0.9666560661001765	68183.10897115046
GTHC[+57.021465]NQVEVIATLK	2	sp|P02775|CXCL7_HUMAN	0.00747198	0.9797881705057813	0.9521137616975668	105197.00318942743
SDVVYTDWKKDK	2	sp|P02763|A1AG1_HUMAN	0.00747198	0.9866190731264982	0.9497704893073202	35406.560292052825
VVSTNYNQHAMVFFK	3	sp|P80188|NGAL_HUMAN	0.007246377	1.0	0.9042037993856343	666260.1276342983
DASGVTFTWTPSSGK	2	sp|P01876|IGHA1_HUMAN	0.00747198	0.9866190731264982	0.9323273831423234	119104.21818318326
GLGELQELYLK	2	sp|P07359|GP1BA_HUMAN	0.007246377	1.0	0.8979150809800259	47008.216594801444
GGNIFHK	2	sp|P13598|ICAM2_HUMAN	0.007246377	1.0	0.8278294541985807	107104.84494941987
DIAPTLTLYVGK	3	sp|P00738|HPT_HUMAN;sp|P00739|HPTR_HUMAN	0.011002445	0.9290085173289965	0.7446529533558428	2585.081777356895
AVSISPTNVILTWK	2	sp|Q12913|PTPRJ_HUMAN	0.00747198	0.9866190731264982	0.7682517965135994	11445.407533589709
YVGGQEHFAHLLILR	3	sp|P02763|A1AG1_HUMAN	0.00747198	0.9728591838590949	0.8885453573392219	378646.51791820326
SDVM[+15.994915]YTDWK	2	sp|P19652|A1AG2_HUMAN	0.00747198	0.9933552810135716	0.9254449796774348	6828.466978165322
FSGSGSGTDFTLTISR	2	sp|A0A0C4DH25|KVD20_HUMAN;sp|P01619|KV320_HUMAN	0.007246377	1.0	0.9606745581767968	395912.10845471907
AVMDDFAAFVEK	3	sp|P02768|ALBU_HUMAN	0.00747198	0.9797881705057813	0.8497531180866321	17191.50747455061
SDVMYTDWK	2	sp|P19652|A1AG2_HUMAN	0.007246377	1.0	0.9789756175121859	184353.637088122
TEVSSNHVLIYLDK	2	sp|P01023|A2MG_HUMAN	0.007246377	1.0	0.9885823500740815	123569.00180647496
EESLDSDLYAELR	2	sp|P02775|CXCL7_HUMAN	0.00747198	0.9797881705057813	0.7391952376820079	68838.41795941189
QISNLQQSISDAEQR	2	sp|P04264|K2C1_HUMAN	0.00747198	0.9728591838590949	0.9346776479620875	22487.18308494644
YIC[+57.021465]ENQDSISSK	2	sp|P02768|ALBU_HUMAN	0.00747198	0.9866190731264982	0.9652319435376377	25400.548576980953
ASFHIPQVQVR	2	sp|Q9BQ51|PD1L2_HUMAN	0.007246377	1.0	0.8116034680476307	47619.22639955477
GGSTSYGTGSETESPR	2	sp|P02671|FIBA_HUMAN	0.00747198	0.9797881705057813	0.9159408011980753	25647.253238001504
SYPGLTSYLVR	2	sp|P80188|NGAL_HUMAN	0.007246377	1.0	0.9553030091887689	38334.400264835116
VIVVSMNYR	2	sp|P06276|CHLE_HUMAN	0.007246377	1.0	0.8681066344662088	47300.08744639902
MTVTDQVNC[+57.021465]PK	2	sp|P05090|APOD_HUMAN	0.007246377	1.0	0.9655279277999336	1486443.9586225583
EHVAHLLFLRDTK	2	sp|P19652|A1AG2_HUMAN	0.00747198	0.9866190731264982	0.9439232072251584	246947.87921092624
SWPAVGNC[+57.021465]SSALR	2	sp|P02790|HEMO_HUMAN	0.00747198	0.9933552810135716	0.9279283379357515	4112.224043093399
RLGMFNIQHC[+57.021465]K	3	sp|P01009|A1AT_HUMAN	0.00747198	0.9797881705057813	0.9796605999479067	319394.11371585797
VVAGVANALAHK	3	sp|P02042|HBD_HUMAN;sp|P68871|HBB_HUMAN	0.007246377	1.0	0.8131897470012396	266280.69661892223
DM[+15.994915]PASEDLQDLQK	2	sp|P49908|SEPP1_HUMAN	0.00747198	0.9866190731264982	0.9411866938986073	30352.146740593504
EENFYVDETTVVK	2	sp|P08185|CBG_HUMAN	0.00747198	0.9797881705057813	0.9497089074173601	3092821.308909949
SAGSVESPSVSSTHR	2	sp|P17936|IBP3_HUMAN	0.00747198	0.9866190731264982	0.9339406579701928	14997.788948362542
EFTPPVQAAYQK	2	sp|P68871|HBB_HUMAN	0.007246377	1.0	0.9424495001101266	91122.09056289699
FMETVAEK	2	sp|P10909|CLUS_HUMAN	0.007246377	1.0	0.7077049448190676	16327.446652581595
EVGTPHGIILDSVDAAFIC[+57.021465]PGSSR	3	sp|P02790|HEMO_HUMAN	0.007246377	1.0	0.9482074292458861	15007422.998572713
IHWESASLLR	2	sp|P01024|CO3_HUMAN	0.007246377	1.0	0.9452655377018241	236786.91246806853
NFPSPVDAAFR	2	sp|P02790|HEMO_HUMAN	0.007246377	1.0	0.9641385873421057	302254.7280557279
AEDTAVYYC[+57.021465]AR	2	sp|A0A0B4J1V1|HV321_HUMAN;sp|A0A0B4J1X5|HV374_HUMAN;sp|A0A0C4DH42|HV366_HUMAN;sp|A0A0J9YVY3|HV741_HUMAN;sp|P01762|HV311_HUMAN;sp|P01763|HV348_HUMAN;sp|P01767|HV353_HUMAN;sp|P01772|HV333_HUMAN;sp|P01780|HV307_HUMAN;sp|P0DOX2|IGA2_HUMAN;sp|P0DP02|HVC33_HUMAN	0.007246377	1.0	0.8790061608868817	4945.889611345974
AFIQLWAFDAVK	3	sp|P02760|AMBP_HUMAN	0.00747198	0.9866190731264982	0.936996157223107	3295.1542159630208
AVLTIDEK	2	sp|P01009|A1AT_HUMAN	0.00747198	0.9797881705057813	0.9891045194831493	125542.0636684573
RYTIAALLSPYSYSTTAVVTNPKE	4	sp|P02766|TTHY_HUMAN	0.007246377	1.0	0.9609584753237578	2779970.422002235
TWQDC[+57.021465]EYK	2	sp|P01042|KNG1_HUMAN	0.00747198	0.9933552810135716	0.8622187282776516	1840.0012272360234
GVTSVSQIFHSPDLAIR	2	sp|P05155|IC1_HUMAN	0.007246377	1.0	0.8108837783830868	25559.14373144039
TLLSNLEEAK	2	sp|P10909|CLUS_HUMAN	0.007246377	1.0	0.9888105925666477	2297356.5564389345
DQYYNIDVPSR	3	sp|Q92954|PRG4_HUMAN	0.00747198	0.9933552810135716	0.813736713894403	10939.587192818874
C[+57.021465]TWLIEGQPNR	2	sp|O75882|ATRN_HUMAN	0.00747198	0.9933552810135716	0.9619077636918814	19357.555160391577
IHLMAGR	1	sp|Q5T013|HYI_HUMAN	0.007246377	1.0	0.9473770211522887	1132686.380551526
ESSSHHPGIAEFPSR	3	sp|P02671|FIBA_HUMAN	0.007246377	1.0	0.9323708193184767	67619.36842466376
FIC[+57.021465]PLTGLWPINTLK	2	sp|P02749|APOH_HUMAN	0.00747198	0.9933552810135716	0.9426932449344245	482640.8369778544
VDGALC[+57.021465]MEK	2	sp|P02790|HEMO_HUMAN	0.00747198	0.9866190731264982	0.9581794785936673	103872.9960252209
QDQC[+57.021465]IYNTTYLNVQR	3	sp|P02763|A1AG1_HUMAN	0.023002421	0.8804971228634604	0.8779454936897249	33376.468931710246
AQSQLVAGIK	2	sp|Q15828|CYTM_HUMAN	0.007246377	1.0	0.9064332954903175	148583.15989486364
YSPSFQGQVTISADK	2	sp|A0A0C4DH38|HV551_HUMAN	0.00747198	0.9797881705057813	0.9116790372066051	10528.394645742661
DGYLFQLLR	2	sp|P04196|HRG_HUMAN	0.009864365	0.9366095275687156	0.9869538014382279	303738.271740375
NIDVFNVEDQKR	2	sp|Q8NBJ4|GOLM1_HUMAN	0.007246377	1.0	0.8289202624633905	22382.372311814197
SVLGQLGITK	2	sp|P01009|A1AT_HUMAN	0.007246377	1.0	0.9881572681852424	2968863.1153909108
TM[+15.994915]LLQPAGSLGSYSYR	3	sp|P41222|PTGDS_HUMAN	0.00747198	0.9728591838590949	0.9585439047538464	20525.400173162765
WKNFPSPVDAAFR	2	sp|P02790|HEMO_HUMAN	0.00747198	0.9866190731264982	0.9517431635347963	222618.1977281937
FLENEDRR	2	sp|P01009|A1AT_HUMAN	0.007246377	1.0	0.9672472710275799	796622.6215420876
DLEGTYLC[+57.021465]R	2	sp|P05362|ICAM1_HUMAN	0.00747198	0.9866190731264982	0.9649630745676244	38172.07805422407
FIQSQDYQC[+57.021465]SALMGGR	2	sp|P07333|CSF1R_HUMAN	0.00747198	0.9658285256870233	0.9022964564417973	10219.689894181894
STSESTAALGC[+57.021465]LVK	2	sp|P01859|IGHG2_HUMAN;sp|P01861|IGHG4_HUMAN	0.00747198	0.9933552810135716	0.8953561538662701	4078.5265198513334
SGIIFAGHDK	2	sp|Q13449|LSAMP_HUMAN	0.00747198	0.9866190731264982	0.9510614044498525	41043.3878761779
EHVAHLLFLR	3	sp|P19652|A1AG2_HUMAN	0.007246377	1.0	0.9689123212687447	160692349.80902275
QPAVEEPAEVTATVLASR	4	sp|P32942|ICAM3_HUMAN	0.00747198	0.9658285256870233	0.739687800647195	1405.164328156431
TEDTIFLR	2	sp|P02763|A1AG1_HUMAN;sp|P19652|A1AG2_HUMAN	0.00747198	0.9866190731264982	0.9799129592014555	81753.42791902753
YEGGREHVAHLLFLR	4	sp|P19652|A1AG2_HUMAN	0.00747198	0.9797881705057813	0.9843414460356166	101969.90003460075
SKEQLTPLIK	3	sp|P02652|APOA2_HUMAN	0.007246377	1.0	0.9479341086792695	27729.70790588959
GDSVVYGLR	1	sp|P10451|OSTP_HUMAN	0.007246377	1.0	0.8505865684409477	53680.70854716192
DFLQSLK	2	sp|P08697|A2AP_HUMAN	0.007246377	1.0	0.9214306882022077	194863.9581972571
LRTEGDGVYTLNNEK	2	sp|P00738|HPT_HUMAN	0.007246377	1.0	0.940100264059836	2094697.1571253692
AQSIAYHLK	2	sp|Q14515|SPRL1_HUMAN	0.007246377	1.0	0.8994792863316751	92547.38221773726
SEAAC[+57.021465]LAAGPGIR	2	sp|O75882|ATRN_HUMAN	0.007246377	1.0	0.91007617288268	27722.11159198488
LC[+57.021465]TPLLPK	2	sp|P27918|PROP_HUMAN	0.00747198	0.9866190731264982	0.9675145885733106	3288.693795059805
KLINDYVK	2	sp|P01011|AACT_HUMAN	0.00747198	0.9866190731264982	0.8454443961413413	6023.646665349749
MYATIYELK	2	sp|P80188|NGAL_HUMAN	0.00747198	0.9933552810135716	0.8237283908123745	2039.9682365604408
TVESITDIR	2	sp|P11279|LAMP1_HUMAN	0.007246377	1.0	0.9843800236382637	672087.6505270313
YTDLVAIQNK	2	sp|P16109|LYAM3_HUMAN	0.00747198	0.9933552810135716	0.9801264793110993	5684.642480444234
TVAAC[+57.021465]NLPIVR	2	sp|P02760|AMBP_HUMAN	0.00747198	0.9933552810135716	0.990339562695673	297142.20322185574
GKEESLDSDLYAELR	4	sp|P02775|CXCL7_HUMAN	0.007246377	1.0	0.7344817556368803	36557.08830090292
ATLVC[+57.021465]LISDFYPGAVTVAWK	3	sp|B9A064|IGLL5_HUMAN;sp|P0CG04|IGLC1_HUMAN;sp|P0DOX8|IGL1_HUMAN;sp|P0DOY2|IGLC2_HUMAN;sp|P0DOY3|IGLC3_HUMAN	0.007246377	1.0	0.9409142269097077	3802092.8736761287
SKLPGIVAEGRDDLYVSDAFHK	3	sp|P01008|ANT3_HUMAN	0.00747198	0.9797881705057813	0.9373042477608571	39337.39805589402
QQDVLGFLEANK	2	sp|O75368|SH3L1_HUMAN	0.00747198	0.9933552810135716	0.9135701839874698	28258.94681540796
IPLNDLFR	2	sp|P13473|LAMP2_HUMAN	0.00747198	0.9866190731264982	0.9146635996267503	20057.990613015685
LYGSEAFATDFQDSAAAK	2	sp|P01011|AACT_HUMAN	0.007246377	1.0	0.9567434245649392	1499880.484873023
DTATLSWGLPK	2	sp|O00533|NCHL1_HUMAN	0.00747198	0.9933552810135716	0.7345579623503947	39998.25536823518
STSGGTAALGC[+57.021465]LVK	3	sp|P01857|IGHG1_HUMAN;sp|P01860|IGHG3_HUMAN;sp|P0DOX5|IGG1_HUMAN	0.007246377	1.0	0.7125280020026954	2771.5347279981006
EQLGEFYEALDC[+57.021465]LR	2	sp|P02763|A1AG1_HUMAN	0.00747198	0.9728591838590949	0.9493430602731102	1999469.755483981
C[+57.021465]EDLETQTQSEK	2	sp|O00592|PODXL_HUMAN	0.00747198	0.9866190731264982	0.9505927047666891	3402.253818703465
TSESGELHGLTTEEEFVEGIYK	4	sp|P02766|TTHY_HUMAN	0.007246377	1.0	0.8557099699657975	1208687.1106647823
KWQEEMELYR	3	sp|P02647|APOA1_HUMAN	0.00747198	0.9933552810135716	0.840773842420794	495.4693174863687
GTQEQDFYVTSETVVR	2	sp|P05154|IPSP_HUMAN	0.00747198	0.9658285256870233	0.8108410743379348	3930.7825368405734
LEDMEQALSPSVFK	3	sp|P05155|IC1_HUMAN	0.00747198	0.9797881705057813	0.8234972156445586	5963.173674464686
FATTFYQHLADSK	2	sp|P01008|ANT3_HUMAN	0.00747198	0.9866190731264982	0.9715481766172881	142411.3023459743
ESSSHHPGIAEFPSR	4	sp|P02671|FIBA_HUMAN	0.007246377	1.0	0.9386061214163001	491801.23509080615
ELDRDTVFALVNYIFFK	3	sp|P01009|A1AT_HUMAN	0.00747198	0.9933552810135716	0.9593995851084576	4669451.635714139
EDC[+57.021465]VEIYIK	2	sp|P14151|LYAM1_HUMAN	0.007246377	1.0	0.9708878546526414	296149.14734684245
GTTVTVSSASPTSPK	2	sp|P0DOX2|IGA2_HUMAN	0.00747198	0.9866190731264982	0.9759125641952624	8790.096731536934
YLDFVFAVK	2	sp|P13473|LAMP2_HUMAN	0.007246377	1.0	0.8904954376981378	59481.337788168006
VLDAVRGSPAINVAVHVFR	3	sp|P02766|TTHY_HUMAN	0.007246377	1.0	0.8997157923283491	2330615.218627491
LDDDLEHQGGHVLDHGHK	5	sp|P01042|KNG1_HUMAN	0.007246377	1.0	0.8776266435569401	2423338.7287915205
EPQVYTLPPSR	3	sp|P01857|IGHG1_HUMAN;sp|P01859|IGHG2_HUMAN;sp|P01860|IGHG3_HUMAN;sp|P0DOX5|IGG1_HUMAN	0.007246377	1.0	0.8336937741202134	1101.4953708147327
RLWWLDLK	2	sp|P02790|HEMO_HUMAN	0.00747198	0.9933552810135716	0.9322933431623938	36439.02844203647
ITPNLAEFAFSLYR	2	sp|P01009|A1AT_HUMAN	0.007246377	1.0	0.9526714769376581	22648803.705631796
ALDLINKR	2	sp|P04196|HRG_HUMAN	0.00747198	0.9866190731264982	0.9844433429982034	2071.3311776494693
NSVIKVPMMNSK	3	sp|P05155|IC1_HUMAN	0.00747198	0.9797881705057813	0.9338284263691016	58374.19748047521
EILSVDC[+57.021465]STNNPSQAK	2	sp|P10909|CLUS_HUMAN	0.007246377	1.0	0.8404179880889705	329443.9287764566
EQLTPLIK	1	sp|P02652|APOA2_HUMAN	0.008641975	0.9440873193926883	0.7117050170859712	2606.230632244748
YFHHNSDFHIPK	2	sp|O75015|FCG3B_HUMAN	0.007246377	1.0	0.7666592894482861	68465.53578954509
YFHHNSDFYIPK	2	sp|P08637|FCG3A_HUMAN	0.00747198	0.9797881705057813	0.9424246796754415	39652.902028711374
NPNLPPETVDSLK	2	sp|P05090|APOD_HUMAN	0.00747198	0.9866190731264982	0.9539879342474766	997489.2190480398
SEAYNTFSER	2	sp|P12259|FA5_HUMAN	0.00747198	0.9933552810135716	0.7705095047279595	6697.81590397116
DDLYVSDAFHK	2	sp|P01008|ANT3_HUMAN	0.007246377	1.0	0.9651326342031125	745638.4736323226
LTQLNLDR	2	sp|P07359|GP1BA_HUMAN	0.015873017	1.0	0.9953138903663279	128594.20972314147
DYFM[+15.994915]PC[+57.021465]PGR	2	sp|P02790|HEMO_HUMAN	0.007246377	1.0	0.9731372275943609	595881.8530900724
DTLMISR	2	sp|P01857|IGHG1_HUMAN;sp|P01859|IGHG2_HUMAN;sp|P01860|IGHG3_HUMAN;sp|P01861|IGHG4_HUMAN;sp|P0DOX5|IGG1_HUMAN	0.018203884	0.897262926642552	0.7580042343476643	2869.3325733810047
EQVTNVGGAVVTGVTAVAQK	3	sp|P37840|SYUA_HUMAN	0.007246377	1.0	0.861022128419987	43783.39374198883
ALGISPFHEHAEVVFTANDSGPR	4	sp|P02766|TTHY_HUMAN	0.007246377	1.0	0.9250910294242479	41749236.43518378
WLQDNAENVYVWK	2	sp|P07359|GP1BA_HUMAN	0.007246377	1.0	0.9981988299817353	729997.0707812881
YKEENDDFASFR	2	sp|P04196|HRG_HUMAN	0.007246377	1.0	0.9670083518860235	282891.3465950615
FSPENTR	1	sp|P01008|ANT3_HUMAN	0.007246377	1.0	0.9457336606267117	14125.077954875402
AVLHIGEK	2	sp|P05543|THBG_HUMAN	0.007246377	1.0	0.9737992770194981	736324.0306420735
DSVGQLQLYR	2	sp|Q99941|ATF6B_HUMAN	0.00747198	0.9933552810135716	0.9131246159700772	19085.26200114662
VC[+57.021465]PFAGILENGAVR	2	sp|P02749|APOH_HUMAN	0.007246377	1.0	0.9400401384471354	7785529.627827648
C[+57.021465]SPHLVLSALTSDNHGATYAFSGTHYWR	4	sp|P02790|HEMO_HUMAN	0.00747198	0.9797881705057813	0.953205994455398	580567.6529119577
LGMFNIQHC[+57.021465]K	2	sp|P01009|A1AT_HUMAN	0.007246377	1.0	0.9512889890711491	2513.1428712671236
VAEGTQVLELPFK	2	sp|P01008|ANT3_HUMAN	0.007246377	1.0	0.9878305920914308	765194.7537211286
SGAQATWTELPWPHEK	3	sp|P02790|HEMO_HUMAN	0.036904763	1.0	0.8695463617068623	887780.1102842813
YWNDC[+57.021465]EPPDSR	2	sp|P04196|HRG_HUMAN	0.007246377	1.0	0.9372082449908606	74413.57956630782
GTWTQPFDLASTR	2	sp|P08185|CBG_HUMAN	0.007246377	1.0	0.9539818743107916	27384038.32055855
DKC[+57.021465]EPLEKQHEK	4	sp|P02763|A1AG1_HUMAN;sp|P19652|A1AG2_HUMAN	0.007246377	1.0	0.9445905935498566	156059.72691005832
GIYSFSFHVIK	3	sp|Q9NTU7|CBLN4_HUMAN	0.007246377	1.0	0.8077402810307033	76056.38606753493
GNLMGGWK	2	sp|P23435|CBLN1_HUMAN;sp|Q8IUK8|CBLN2_HUMAN	0.00747198	0.9797881705057813	0.8724608367793559	607.2847606207317
QNQC[+57.021465]FYNSSYLNVQR	2	sp|P19652|A1AG2_HUMAN	0.00747198	0.9728591838590949	0.9063044032638153	4447.5496148627735
LVVEWQLQDDK	2	sp|P61916|NPC2_HUMAN	0.00747198	0.9933552810135716	0.8705097031743861	12346.53619074678
VGYVSGWGR	2	sp|P00738|HPT_HUMAN	0.007246377	1.0	0.9686298612902196	1941759.1961758276
ASVDSGSSEEQGGSSR	2	sp|P01833|PIGR_HUMAN	0.00747198	0.9797881705057813	0.9734378498527119	17224.375246158354
ALGISPFHEHAEVVFTANDSGPRR	4	sp|P02766|TTHY_HUMAN	0.00747198	0.9866190731264982	0.9269549783401894	51719.81517307226
LLIYGASSR	2	sp|P01619|KV320_HUMAN	0.007246377	1.0	0.8571736015930616	361732.67196637474
VLDAVRGSPAINVAVHVFR	4	sp|P02766|TTHY_HUMAN	0.007246377	1.0	0.9234505233692006	2935166.546233422
TLM[+15.994915]FGSYLDDEK	2	sp|P19652|A1AG2_HUMAN	0.007246377	1.0	0.8466212340487277	319238.9656190829
FNALQYLR	2	sp|P51884|LUM_HUMAN	0.018203884	0.9054124614333342	0.9088389491116543	8006.270801311273
MEPFHFK	2	sp|P05155|IC1_HUMAN	0.00747198	0.9797881705057813	0.9400788186999854	100162.85305475548
FLEQQNQVLQTK	2	sp|P04264|K2C1_HUMAN;sp|P35908|K22E_HUMAN;sp|Q7Z794|K2C1B_HUMAN	0.007246377	1.0	0.9586637375669789	83628.25328990331
SPELQAEAK	1	sp|P02652|APOA2_HUMAN	0.00747198	0.9728591838590949	0.9881501601939418	569.4727075129296
ALFLETEQLK	2	sp|Q13740|CD166_HUMAN	0.00747198	0.9933552810135716	0.9765029582478207	42554.82108534662
HTFMGVVSLGSPSGEVSHPR	3	sp|P02765|FETUA_HUMAN	0.00747198	0.9933552810135716	0.9322712995874265	190362.72974059219
GGSIQQYIYK	2	sp|Q92954|PRG4_HUMAN	0.007246377	1.0	0.9031486177051004	57560.78708049826
EALQGVGDMGR	2	sp|P35542|SAA4_HUMAN	0.00747198	0.9933552810135716	0.9655181823174174	4247.529239299925
GEFVWKSHK	2	sp|P02790|HEMO_HUMAN	0.007246377	1.0	0.8660494417582274	21239.569355649244
MNTVIAALSR	2	sp|P08185|CBG_HUMAN	0.007246377	1.0	0.9446308888766329	239518.04930072656
HTLNQIDEVK	3	sp|P02765|FETUA_HUMAN	0.00747198	0.9933552810135716	0.8687609720343119	6913.960560788157
SGFPQVSMFFTHTFPK	3	sp|P04196|HRG_HUMAN	0.007246377	1.0	0.8975013604148009	94101.57061058327
LVLLNAIYLSAK	2	sp|P05155|IC1_HUMAN	0.007246377	1.0	0.8739032416218658	3578.345596817194
GLEWVGFIR	2	sp|A0A0A0MS15|HV349_HUMAN	0.007246377	1.0	0.810985643574349	35620.48732591924
TFVLPVTPPR	2	sp|P32942|ICAM3_HUMAN	0.00747198	0.9933552810135716	0.905627648615069	9277.771456082704
LPGIVAEGR	2	sp|P01008|ANT3_HUMAN	0.00747198	0.9797881705057813	0.943511839453236	7978.52032599673
QVILTLQPTLVAVGK	3	sp|P13598|ICAM2_HUMAN	0.007246377	1.0	0.9817403645173937	1295796.713404445
VTTPDTSTTQHNK	3	sp|Q92954|PRG4_HUMAN	0.007246377	1.0	0.8938236385831478	72394.45948427911
TVPLAVLQLR	2	sp|P23467|PTPRB_HUMAN	0.007246377	1.0	0.9356777669598346	54567.151202212764
NWGLSVYADKPETTK	2	sp|P02763|A1AG1_HUMAN	0.007246377	1.0	0.9404093253604694	4313819.44987755
TVGSDTFYSFK	2	sp|P01042|KNG1_HUMAN	0.007246377	1.0	0.9726169438192026	8771.428891627293
GSSSSPLGISVR	2	sp|Q9NTU7|CBLN4_HUMAN	0.007246377	1.0	0.9349956636107994	217172.62452597928
LTGSSGFVTDGPGNYK	2	sp|O75882|ATRN_HUMAN	0.00747198	0.9797881705057813	0.9543132589777504	155835.6046856311
EEDPIHLR	2	sp|O75015|FCG3B_HUMAN;sp|P08637|FCG3A_HUMAN	0.007246377	1.0	0.9757774395658781	618211.719583719
VWPQQPSGELFEIEIDTLETTC[+57.021465]HVLDPTPVAR	4	sp|P02765|FETUA_HUMAN	0.007246377	1.0	0.9136384296028333	4811198.127173981
GSPAINVAVHVFRK	3	sp|P02766|TTHY_HUMAN	0.00747198	0.9866190731264982	0.9655848102985078	74853.72561292505
LFGPDLK	2	sp|P08697|A2AP_HUMAN	0.00747198	0.9728591838590949	0.9200744175008355	5406.506307340345
DGWHSWPIAHQWPQGPSAVDAAFSWEEK	5	sp|P02790|HEMO_HUMAN	0.00747198	0.9797881705057813	0.8549261432504582	10042.555370522605
DGNPFYFTDHR	2	sp|O00533|NCHL1_HUMAN	0.00747198	0.9797881705057813	0.9423848060214391	26959.966846724263
SHALQLNNR	2	sp|P0C0L4|CO4A_HUMAN;sp|P0C0L5|CO4B_HUMAN	0.00747198	0.9866190731264982	0.8533865520456619	3756.0581346978047
ITDVIPSEAINELTVLVLVNTIYFK	4	sp|P01008|ANT3_HUMAN	0.00747198	0.9658285256870233	0.9559040040431813	44780.65367602349
LYHSEAFTVNFGDTEEAKK	4	sp|P01009|A1AT_HUMAN	0.007246377	1.0	0.8849662558841895	363931.1326550704
YFIDFVAR	2	sp|P01042|KNG1_HUMAN	0.007246377	1.0	0.9086243498226056	132626.5382324985
LVEVNPK	1	sp|Q92954|PRG4_HUMAN	0.00747198	0.9797881705057813	0.9449101579179998	1602.8743478417002
DYFMPC[+57.021465]PGR	3	sp|P02790|HEMO_HUMAN	0.007246377	1.0	0.8696320599476927	20561.658265999857
SYYWIGIR	2	sp|P14151|LYAM1_HUMAN	0.007246377	1.0	0.9895529838376692	8940002.932010127
GSPAINVAVHVFR	3	sp|P02766|TTHY_HUMAN	0.00747198	0.9933552810135716	0.9435615539849562	1509771.015600509
ANRPFLVFIR	2	sp|P01008|ANT3_HUMAN	0.028605483	0.7739449743159442	0.8671926562377809	64681.847757790434
SSGQWQTPGATR	2	sp|P06681|CO2_HUMAN	0.007246377	1.0	0.8458716856026556	9841.391237708745
GIYSFNFHVVK	2	sp|P23435|CBLN1_HUMAN	0.007246377	1.0	0.7315582638941013	12337.506383831707
EAEPLVDIR	2	sp|Q9H8L6|MMRN2_HUMAN	0.00747198	0.9866190731264982	0.9001033981242061	28844.64751459894
TC[+57.021465]PKPDDLPFSTVVPLK	4	sp|P02749|APOH_HUMAN	0.007246377	1.0	0.928405948099037	37278.007785433154
AEELSIQVSC[+57.021465]R	2	sp|Q9Y5Y7|LYVE1_HUMAN	0.007246377	1.0	0.9597506132459651	143762.94945180538
WSAGLTSSQVDLYIPK	2	sp|P08185|CBG_HUMAN	0.007246377	1.0	0.9400486694166229	22263232.000815727
FKLDDDLEHQGGHVLDHGHK	5	sp|P01042|KNG1_HUMAN	0.00747198	0.9866190731264982	0.9613107107077918	39414.10186296012
IDPSHTQGYR	3	sp|P40189|IL6RB_HUMAN	0.00747198	0.9728591838590949	0.9755521480724898	14432.250069066571
SC[+57.021465]AVAEYGVYVK	2	sp|P00738|HPT_HUMAN;sp|P00739|HPTR_HUMAN	0.009864365	0.9933552810135716	0.9746684587331962	255174.4242527037
YVSELHLTR	2	sp|P10721|KIT_HUMAN	0.007246377	1.0	0.9617743070802925	142019.9762348379
VVSTNYNQHAMVFFK	2	sp|P80188|NGAL_HUMAN	0.007246377	1.0	0.9510773515236423	722646.0055241524
GFSGIFEDR	2	sp|P09619|PGFRB_HUMAN	0.018203884	0.9054124614333342	0.918744415266292	6238.58923421418
RGENLFAITDEGMDVPLAMEEWHHER	5	sp|Q6UXB8|PI16_HUMAN	0.007246377	1.0	0.8843883043465628	28570.799025076347
GEVLPLPEANFPSFPLPHHK	3	sp|P04196|HRG_HUMAN	0.007246377	1.0	0.746049328012034	251689.07582945062
TLLVFEVQQPFLFVLWDQQHKFPVFMGR	5	sp|P05155|IC1_HUMAN	0.007246377	1.0	0.909995449335674	257255.2567806776
DIAPTLTLYVGK	2	sp|P00738|HPT_HUMAN;sp|P00739|HPTR_HUMAN	0.007246377	1.0	0.9844274155284033	599843.788202932
WYVVGLAGNAILR	2	sp|P80188|NGAL_HUMAN	0.007246377	1.0	0.9566501332373234	271859.7318802457
YEGSYALTSEEAER	2	sp|O95810|CAVN2_HUMAN	0.00747198	0.9797881705057813	0.9675701294741298	3921.0067632182568
ETLLQDFR	2	sp|P02760|AMBP_HUMAN	0.00747198	0.9866190731264982	0.9761633134806519	443574.66085104994
AVMDDFAAFVEK	2	sp|P02768|ALBU_HUMAN	0.00747198	0.9797881705057813	0.9475487521008671	670998.4461370835
VFEVHVRPK	2	sp|P13598|ICAM2_HUMAN	0.007246377	1.0	0.9278982209567709	193811.3700275544
ALMSPAGMLR	2	sp|O75144|ICOSL_HUMAN	0.00747198	0.9866190731264982	0.980561412388084	133578.59120001766
YVGGQEHFAHLLILRDTK	3	sp|P02763|A1AG1_HUMAN	0.00747198	0.9933552810135716	0.9425527638501088	365617.85319792177
FSGSNSGNTATLTISR	2	sp|A0A075B6K5|LV39_HUMAN;sp|P80748|LV321_HUMAN	0.00747198	0.9797881705057813	0.9348708527472892	5214.259926801494
SNSSMHITDC[+57.021465]R	2	sp|P07998|RNAS1_HUMAN	0.007246377	1.0	0.8625287467516816	4692.26110558045
ASLGTGTASPR	2	sp|Q9UBW5|BIN2_HUMAN	0.00747198	0.9866190731264982	0.8147914396809355	4821.544762879493
QQTHMLDVMQDHFSR	4	sp|P10909|CLUS_HUMAN	0.00747198	0.9866190731264982	0.955943340595447	20690.623143591718
WQEEMELYR	2	sp|P02647|APOA1_HUMAN	0.007246377	1.0	0.9560721339765339	25563.487839371177
IASFSQNC[+57.021465]DIYPGK	2	sp|P01042|KNG1_HUMAN	0.00747198	0.9797881705057813	0.9699937656725697	1239803.6865961833
VVAGVANALAHK	2	sp|P02042|HBD_HUMAN;sp|P68871|HBB_HUMAN	0.007246377	1.0	0.9789181556673953	335547.8957356952
QEPSQGTTTFAVTSILR	2	sp|P01876|IGHA1_HUMAN	0.007246377	1.0	0.906967018221016	792674.3753018652
ISVVIQNILR	2	sp|Q86SQ4|AGRG6_HUMAN	0.007246377	1.0	0.9220261285203154	41103.61553802822
M[+15.994915]TVTDQVNC[+57.021465]PK	2	sp|P05090|APOD_HUMAN	0.007246377	1.0	0.9528996693541025	6793.381287552014
EENFYVDETTVVK	3	sp|P08185|CBG_HUMAN	0.00747198	0.9797881705057813	0.9549233660467521	49941.47559090891
ITQVTWQK	2	sp|Q15223|NECT1_HUMAN	0.007246377	1.0	0.9067515021709823	65917.86405740437
IHWESASLLR	3	sp|P01024|CO3_HUMAN	0.007246377	1.0	0.8781981267683886	257236.25361772216
AFIQLWAFDAVK	2	sp|P02760|AMBP_HUMAN	0.00747198	0.9866190731264982	0.9575514272847435	105273.61601181641
SSTTKPPFKPHGSR	3	sp|P04196|HRG_HUMAN	0.00747198	0.9866190731264982	0.8200804407609837	928.4682696824848
AFQVQQAVDLR	2	sp|P13497|BMP1_HUMAN	0.00747198	1.0	0.945373079292415	7283.584889601124
DQYYNIDVPSR	2	sp|Q92954|PRG4_HUMAN	0.00747198	0.9933552810135716	0.9441690458879365	842323.4116372311
ALTFELTLR	2	sp|P07333|CSF1R_HUMAN	0.00747198	1.0	0.8566226781683616	92126.1952972639
FIC[+57.021465]PLTGLWPINTLK	3	sp|P02749|APOH_HUMAN	0.00747198	0.9933552810135716	0.9627064645851693	1845069.113373221
FDPSLTQR	2	sp|P08697|A2AP_HUMAN	0.00747198	1.0	0.8869961501420199	38199.09040933525
AVGEEVWHSK	2	sp|P13591|NCAM1_HUMAN	0.00747198	1.0	0.9494730122933128	23915.36227163584
VKSPELQAEAK	2	sp|P02652|APOA2_HUMAN	0.00747198	0.9933552810135716	0.9488916049438829	37488.63274878098
EYC[+57.021465]GVPGDGDEELLR	2	sp|P02760|AMBP_HUMAN	0.00747198	1.0	0.9380536523011105	6916465.923076623
GPLQLER	2	sp|P02750|A2GL_HUMAN	0.00747198	1.0	0.9314642975385339	37459.82474643585
FGQTPVQER	2	sp|O95497|VNN1_HUMAN	0.00747198	1.0	0.8918863306598654	11955.170611726844
EQLTPLIK	2	sp|P02652|APOA2_HUMAN	0.00747198	0.9797881705057813	0.845207654015313	42865.56975183674
RPSEIVIGQC[+57.021465]K	2	sp|P04196|HRG_HUMAN	0.00747198	1.0	0.9788193556857122	27755.469336542268
SVDIWLR	2	sp|P15151|PVR_HUMAN	0.00747198	0.9797881705057813	0.9308333268102711	7763.224668694722
NIQSLEVIGK	2	sp|P02775|CXCL7_HUMAN	0.00747198	1.0	0.8255625698000807	44476.15052218886
GDDITM[+15.994915]VLILPKPEK	3	sp|P01008|ANT3_HUMAN	0.00747198	0.9866190731264982	0.912633765784413	47304.33637271018
LRTEGDGVYTLNNEK	3	sp|P00738|HPT_HUMAN	0.025240384	0.8718655118414741	0.7700609401202128	4413.305424883703
QQTHMLDVMQDHFSR	3	sp|P10909|CLUS_HUMAN	0.00747198	0.9866190731264982	0.9266435663895752	11077.18177457331
TYMLAFDVNDEK	2	sp|P02763|A1AG1_HUMAN	0.00747198	0.9866190731264982	0.9529508468413551	1128965.3514759864
SLTEEAENWGDGEPNNK	2	sp|P14151|LYAM1_HUMAN	0.00747198	1.0	0.9264100807004337	6974537.544823814
EQLGEFYEALDC[+57.021465]LC[+57.021465]IPR	3	sp|P19652|A1AG2_HUMAN	0.00747198	0.9866190731264982	0.9230604565734393	1427114.1148580338
AATGEC[+57.021465]TATVGK	2	sp|P01042|KNG1_HUMAN	0.00747198	0.9933552810135716	0.9640978695937246	12618.032618584355
NHNALLASLTTQK	3	sp|O75882|ATRN_HUMAN	0.00747198	0.9933552810135716	0.8656405266999426	969.1983450312588
SKLPGIVAEGRDDLYVSDAFHK	4	sp|P01008|ANT3_HUMAN	0.00747198	0.9797881705057813	0.8781577030764396	23455.711737746347
VMTPAVYAPYDVK	2	sp|O00533|NCHL1_HUMAN	0.00747198	1.0	0.8344849717543051	76980.10991066515
QINSYVK	1	sp|P08185|CBG_HUMAN	0.00747198	1.0	0.9655529439374642	143431.38933828764
DMPASEDLQDLQK	2	sp|P49908|SEPP1_HUMAN	0.00747198	1.0	0.9722392568771601	3539079.227599153
DLMEKVK	2	sp|P02652|APOA2_HUMAN	0.00747198	0.9728591838590949	0.8983817929835273	20864.527454988984
STSGGTAALGC[+57.021465]LVK	2	sp|P01857|IGHG1_HUMAN;sp|P01860|IGHG3_HUMAN;sp|P0DOX5|IGG1_HUMAN	0.00747198	1.0	0.9687236059034133	283063.35139595874
KPDGYDYYAFSK	3	sp|Q92954|PRG4_HUMAN	0.00747198	1.0	0.9054118042752919	108861.00907900449
TSESGELHGLTTEEEFVEGIYK	3	sp|P02766|TTHY_HUMAN	0.00747198	1.0	0.9287963963161194	35515045.05852938
KWQEEMELYR	2	sp|P02647|APOA1_HUMAN	0.00747198	0.9933552810135716	0.9569263325290398	21241.48557671076
LEDMEQALSPSVFK	2	sp|P05155|IC1_HUMAN	0.00747198	0.9797881705057813	0.9522877219496588	314132.3091600781
HTVGHIILSEHK	3	sp|Q12866|MERTK_HUMAN	0.00747198	0.9797881705057813	0.8616541510492383	6168.3315190197345
SFTIEC[+57.021465]R	1	sp|P13598|ICAM2_HUMAN	0.008641975	0.9440873193926883	0.7538190691685803	6309.627594158433
LDDDLEHQGGHVLDHGHK	4	sp|P01042|KNG1_HUMAN	0.00747198	1.0	0.926026322147339	146917.61490259174
ITPNLAEFAFSLYR	3	sp|P01009|A1AT_HUMAN	0.00747198	1.0	0.9658777114424248	3323755.7237329897
AVLDVFEEGTEASAATAVK	3	sp|P01011|AACT_HUMAN	0.00747198	1.0	0.968119335431078	325498.1594196392
SSSNEEVMFLTVQVK	2	sp|P01023|A2MG_HUMAN	0.00747198	1.0	0.7999154272076222	168738.6777361437
VWVYPPEK	2	sp|P02790|HEMO_HUMAN	0.00747198	0.9866190731264982	0.9855728422960708	1285717.997751891
NWGLSFYADKPETTK	3	sp|P19652|A1AG2_HUMAN	0.00747198	0.9728591838590949	0.9550824476281594	3307.8247933124258
ILGGHLDAK	2	sp|P00738|HPT_HUMAN;sp|P00739|HPTR_HUMAN	0.00747198	0.9797881705057813	0.9845233325295565	244956.1476980279
LRTEGDGVYTLNDKK	3	sp|P00738|HPT_HUMAN;sp|P00739|HPTR_HUMAN	0.00747198	1.0	0.762001201768417	21710.259971245723
YFHHNSDFYIPK	3	sp|P08637|FCG3A_HUMAN	0.00747198	0.9797881705057813	0.7728806741362284	3882.9964464391587
DDLYVSDAFHK	3	sp|P01008|ANT3_HUMAN	0.00747198	1.0	0.9467490469362057	45111.605623999036
NTWSILHTQGALVQGGYGHSSVYDHR	5	sp|O75882|ATRN_HUMAN	0.00747198	0.9728591838590949	0.9782789281994118	20812.499267570707
DLGGFDEDAEPR	2	sp|Q9BRK5|CAB45_HUMAN	0.00747198	1.0	0.9237939443202507	15883.284313457383
NPNLPPETVDSLK	3	sp|P05090|APOD_HUMAN	0.028605483	0.7510559064272662	0.8754418742085139	8985.46291679662
LVVLPFPK	2	sp|Q9UGM5|FETUB_HUMAN	0.00747198	0.9866190731264982	0.9028863328186437	80.29792251034178
ILLDEQAQWK	2	sp|P13598|ICAM2_HUMAN	0.00747198	1.0	0.957852237538468	29063.241854496406
LVYHLGLPFSFLTFPYVEEAIK	3	sp|P49908|SEPP1_HUMAN	0.00747198	1.0	0.9440146481426187	10085605.988569813
VEEVKPLEGR	3	sp|O00533|NCHL1_HUMAN	0.00747198	1.0	0.982943450660058	342704.42734490975
GAQTQTEEEMTR	2	sp|Q12841|FSTL1_HUMAN	0.00747198	1.0	0.936901414332522	41476.62808750944
HIQETEWQSQEGK	2	sp|Q14515|SPRL1_HUMAN	0.00747198	0.9797881705057813	0.9313600436835244	20213.182559615278
LLGLSLAGK	2	sp|Q9Y5Y7|LYVE1_HUMAN	0.00747198	1.0	0.9664612705108732	2280321.464455921
KNIFISPVSISMALAMLSLGTC[+57.021465]GHTR	3	sp|P08185|CBG_HUMAN	0.026347306	0.8258516653955662	0.8992687845021448	8642.712775903963
MEEVEAMLLPETLKR	3	sp|P01011|AACT_HUMAN	0.00747198	0.9933552810135716	0.873807248100596	15486.782135481468
DLATVYVDVLK	2	sp|P02647|APOA1_HUMAN	0.00747198	1.0	0.9711685064114369	523754.8457958243
TLMFGSYLDDEKNWGLSFYADKPETTK	4	sp|P19652|A1AG2_HUMAN	0.00747198	1.0	0.9604202350175371	1431252.0982961636
SVNNVVVR	2	sp|O75882|ATRN_HUMAN	0.00747198	0.9797881705057813	0.966648058987349	2673.367375497161
YQEAQGPGLLVVLFALVR	3	sp|Q86YD3|TMM25_HUMAN	0.00747198	1.0	0.8946200523480969	3105.998766857842
VMPIC[+57.021465]LPSK	2	sp|P00738|HPT_HUMAN;sp|P00739|HPTR_HUMAN	0.00747198	0.9866190731264982	0.9681583139779244	414992.65343387757
SLTEEAENWGDGEPNNKK	3	sp|P14151|LYAM1_HUMAN	0.00747198	0.9933552810135716	0.913539894102117	299953.219584738
AVLHIGEK	1	sp|P05543|THBG_HUMAN	0.00747198	1.0	0.9146998562499103	59548.426097461896
NTLYLQMNSLK	2	sp|A0A0B4J1V0|HV315_HUMAN	0.00747198	1.0	0.9567375648717166	48282.932796983376
VAEGTQVLELPFK	3	sp|P01008|ANT3_HUMAN	0.025240384	0.8630568252698203	0.8647348050003448	1099.5351034592272
GTWTQPFDLASTR	3	sp|P08185|CBG_HUMAN	0.00747198	1.0	0.8170293245875362	61641.741464009334
LSFQEFLK	2	sp|Q12841|FSTL1_HUMAN	0.00747198	1.0	0.9633652418424633	184633.2506792645
SDVMYTDWKKDK	2	sp|P19652|A1AG2_HUMAN	0.00747198	1.0	0.9230118162331815	71574.93813040358
QNQC[+57.021465]FYNSSYLNVQR	3	sp|P19652|A1AG2_HUMAN	0.00747198	0.9728591838590949	0.7682814388073295	1222.6736557094641
VGAHAGEYGAEALER	2	sp|P69905|HBA_HUMAN	0.00747198	0.9866190731264982	0.9046689786418712	31955.8980502704
TVVQPSVGAAAGPVVPPC[+57.021465]PGR	4	sp|P02765|FETUA_HUMAN	0.026347306	0.8354707271418766	0.7391070426062144	5942.666529769399
DEELSC[+57.021465]TVVELK	2	sp|P01011|AACT_HUMAN	0.00747198	0.9933552810135716	0.9465297450163042	37214.0945474305
DTINLLDQR	2	sp|Q8NBJ4|GOLM1_HUMAN	0.00747198	1.0	0.963274696334273	68038.27454915961
ETC[+57.021465]FAEEGKK	2	sp|P02768|ALBU_HUMAN	0.00747198	0.9933552810135716	0.8687154477725755	17350.364544239983
AEIEYLEK	2	sp|P14151|LYAM1_HUMAN	0.00747198	0.9866190731264982	0.9587185535962311	37599.96406369405
SETEIHQGFQHLHQLFAK	3	sp|P08185|CBG_HUMAN	0.00747198	0.9797881705057813	0.9593302897977931	13200.41877442119
YPNC[+57.021465]AYR	1	sp|P07998|RNAS1_HUMAN	0.00747198	0.9797881705057813	0.7257744544309199	1108.2962059460938
AMVGSDVELSC[+57.021465]AC[+57.021465]PEGSR	2	sp|O75144|ICOSL_HUMAN	0.00747198	0.9586923939928679	0.9258720830428459	14138.489403812331
DTKTYMLAFDVNDEK	3	sp|P02763|A1AG1_HUMAN	0.023002421	0.8804971228634604	0.8373425482308947	9855.582755037409
SPELQAEAK	2	sp|P02652|APOA2_HUMAN	0.00747198	0.9728591838590949	0.9586241292048675	140.2390672130781
YTIAALLSPYSYSTTAVVTNPKE	3	sp|P02766|TTHY_HUMAN	0.00747198	1.0	0.8892509043663884	7446177.228662891
EGQMESVEAAMSSK	2	sp|P05543|THBG_HUMAN	0.00747198	0.9866190731264982	0.9704285478191026	50170.070092322196
ALQATVGNSYK	2	sp|P11279|LAMP1_HUMAN	0.00747198	1.0	0.9501614498755377	32151.016069307145
DLDMFINASK	2	sp|O75882|ATRN_HUMAN	0.00747198	1.0	0.9149151772095405	113266.2859719711
EQYAVVGHSAHIVTLK	4	sp|O75882|ATRN_HUMAN	0.00747198	1.0	0.9947444857029542	849186.4511452931
ESLSSYWESAK	2	sp|P02655|APOC2_HUMAN	0.00747198	1.0	0.9168964540262237	41659.94962329297
DIPTNSPELEETLTHTITK	3	sp|P01042|KNG1_HUMAN	0.00747198	1.0	0.926342393987366	6871454.770195003
YVGGQEHFAHLLILR	4	sp|P02763|A1AG1_HUMAN	0.00747198	0.9728591838590949	0.9523154369820268	26454523.873570133
FLQSFAR	2	sp|Q13201|MMRN1_HUMAN	0.00747198	1.0	0.724268876869576	18432.60350138451
WNNYMMDWK	2	sp|P06276|CHLE_HUMAN	0.00747198	1.0	0.9089546543980463	31703.440635003804
VSFLSALEEYTK	2	sp|P02647|APOA1_HUMAN	0.00747198	0.9933552810135716	0.9156938653989761	34023.548565456804
VWPQQPSGELFEIEIDTLETTC[+57.021465]HVLDPTPVAR	5	sp|P02765|FETUA_HUMAN	0.023002421	1.0	0.7483809452001347	283691.6753510103
DKC[+57.021465]EPLEK	2	sp|P02763|A1AG1_HUMAN;sp|P19652|A1AG2_HUMAN	0.00747198	0.9866190731264982	0.9765066047675421	44315.83080030763
AAEAAAAPAESAAPAAGEEPSKEEGEPK	3	sp|P80723|BASP1_HUMAN	0.00747198	0.9658285256870233	0.870121428236452	42190.20457483582
AEDTAVYYC[+57.021465]AK	3	sp|P01764|HV323_HUMAN;sp|P01768|HV330_HUMAN;sp|P0DP03|HVC05_HUMAN	0.00747198	1.0	0.7225745452731972	929.2577225659459
DGWHSWPIAHQWPQGPSAVDAAFSWEEK	4	sp|P02790|HEMO_HUMAN	0.00747198	0.9797881705057813	0.926695918529219	2182416.0460943477
TEDSSSFLIDK	2	sp|P05543|THBG_HUMAN	0.00747198	0.9933552810135716	0.9790622550863525	188862.78319504534
EVDSDAYYVYR	2	sp|P09619|PGFRB_HUMAN	0.00747198	1.0	0.8712748486284814	19696.67603292774
RDPPQYPVVPVHLDR	4	sp|P10153|RNAS2_HUMAN	0.00747198	0.9797881705057813	0.8956359030300077	22823.290928357128
TLLVFEVQQPFLFVLWDQQHK	4	sp|P05155|IC1_HUMAN	0.00747198	0.9586923939928679	0.813831247668207	3520.0876327101346
TYM[+15.994915]LAFDVNDEK	2	sp|P02763|A1AG1_HUMAN	0.038004752	1.0	0.9569395302217087	9070962.338469207
FMETVAEK	1	sp|P10909|CLUS_HUMAN	0.00747198	1.0	0.7076495553717143	7167.236837789603
SGAEAQTPEDSPNR	2	sp|O43493|TGON2_HUMAN	0.00747198	1.0	0.9433887126902365	81068.77606346253
GVC[+57.021465]EETSGAYEK	2	sp|P02760|AMBP_HUMAN	0.00747198	1.0	0.9719774649949251	334518.1363349738
REPAVGEPAEVTTTVLVR	2	sp|P05362|ICAM1_HUMAN	0.00747198	1.0	0.9448564954017534	18197.801155248406
SDVVYTDWKK	2	sp|P02763|A1AG1_HUMAN	0.00747198	1.0	0.9642817572693314	21535.964431346274
NIFISPVSISMALAMLSLGTC[+57.021465]GHTR	3	sp|P08185|CBG_HUMAN	0.00747198	1.0	0.9222958058260026	6546092.699742067
TIAVLLDDILQR	3	sp|Q96EE4|CC126_HUMAN	0.00747198	0.9933552810135716	0.8271626614887316	7497.171750385302
AQVSPTASDMLHMR	3	sp|Q6UXB8|PI16_HUMAN	0.00747198	1.0	0.9222924912829531	233275.99806053645
DAVEDLESVGK	2	sp|P81605|DCD_HUMAN	0.00747198	0.9933552810135716	0.97187432843826	12550.547646925663
GSPAINVAVHVFR	2	sp|P02766|TTHY_HUMAN	0.00747198	0.9933552810135716	0.9734108197543309	113941.73159929088
VQALEEANNDLENK	2	sp|P35527|K1C9_HUMAN	0.00747198	1.0	0.9042080037796697	109592.89460408458
FLEDVKK	1	sp|P01009|A1AT_HUMAN	0.00747198	1.0	0.9513284700374774	58132.21763284006
LSSVTAADTAVYYC[+57.021465]AR	2	sp|A0A075B6R2|HV404_HUMAN;sp|A0A087WSY4|HV432_HUMAN;sp|A0A0C4DH41|HV461_HUMAN;sp|P01824|HV439_HUMAN;sp|P01825|HV459_HUMAN;sp|P06331|HV434_HUMAN;sp|P0DP06|HVD34_HUMAN;sp|P0DP07|HV431_HUMAN;sp|P0DP08|HVD82_HUMAN	0.00747198	1.0	0.8479384715786604	180618.3794889828
NILTSNNIDVK	2	sp|P05090|APOD_HUMAN	0.00747198	1.0	0.9726517395291454	162393.1432184337
SETEIHQGFQHLHQLFAK	4	sp|P08185|CBG_HUMAN	0.00747198	0.9797881705057813	0.9392778010053511	21794.48995585224
GPGEDFR	2	sp|P41222|PTGDS_HUMAN	0.00747198	0.9728591838590949	0.8793515659902836	9493.392332104077
LFDSDPITVTVPVEVSR	3	sp|P10909|CLUS_HUMAN	0.00747198	1.0	0.9302092855337541	92488.06859006711
FKLDDDLEHQGGHVLDHGHK	4	sp|P01042|KNG1_HUMAN	0.00747198	0.9866190731264982	0.7495194302860014	1017.3314599504954
EAASNGVLIQMEK	2	sp|P23435|CBLN1_HUMAN	0.00747198	0.9933552810135716	0.781293246361707	7291.163077760869
TEDTIFLREYQTR	3	sp|P02763|A1AG1_HUMAN;sp|P19652|A1AG2_HUMAN	0.00747198	1.0	0.9321053189664337	870633.0136645879
YDVDTQMWTILK	2	sp|O75882|ATRN_HUMAN	0.00747198	1.0	0.97527269657575	4455922.249739942
NEDSLVFVQTDK	2	sp|P01023|A2MG_HUMAN	0.00747198	0.9933552810135716	0.881785694099402	2509.1773359429917
RGENLFAITDEGMDVPLAMEEWHHER	4	sp|Q6UXB8|PI16_HUMAN	0.00747198	1.0	0.9075398013629892	29134.3072013516
ENEGFTVTAEGK	2	sp|P01024|CO3_HUMAN	0.00747198	1.0	0.9200135290198167	3884.8388631663306
YPVAHFIDQTLK	2	sp|P05155|IC1_HUMAN	0.00747198	1.0	0.9182849211958327	65158.6333216588
TGDTIEFMC[+57.021465]K	2	sp|Q02985|FHR3_HUMAN;sp|Q92496|FHR4_HUMAN	0.00747198	0.9933552810135716	0.9618130385097511	37551.706841901425
FEDGVLDPDYPR	2	sp|P04004|VTNC_HUMAN	0.00747198	0.9866190731264982	0.9799852596152226	117454.53945250915
LGNFPWQAFTSIHGR	3	sp|Q9NZP8|C1RL_HUMAN	0.00747198	1.0	0.8891513288929743	64125.95477688223
FQPTLLTLPR	2	sp|P05155|IC1_HUMAN	0.00747198	0.9933552810135716	0.9567985776323941	691424.1675748185
YVMLPVADQDQC[+57.021465]IR	2	sp|P00738|HPT_HUMAN	0.00747198	1.0	0.9350084727976827	21594289.30937901
ESNEELTESC[+57.021465]ETK	2	sp|P01042|KNG1_HUMAN	0.00747198	0.9797881705057813	0.7335344167416824	5304.833642941002
SDVMYTDWKK	2	sp|P19652|A1AG2_HUMAN	0.00747198	1.0	0.972946239688074	70317.00155796479
RVWELSK	2	sp|P01008|ANT3_HUMAN	0.00747198	0.9797881705057813	0.9764542642823208	35860.933766023074
FNQPFIIMIFDHFTWSSLFLAR	4	sp|P08185|CBG_HUMAN	0.00747198	0.9658285256870233	0.9215198558025756	26279.580710941296
TLLVFEVQQPFLFVLWDQQHKFPVFMGR	4	sp|P05155|IC1_HUMAN	0.00747198	1.0	0.9465923134596489	302361.0380805737
NLQEILHGAVR	2	sp|P00533|EGFR_HUMAN	0.00747198	1.0	0.8469161693273428	8602.400124252048
EITVATGGFIYTGEVVHR	3	sp|Q6UX71|PXDC2_HUMAN	0.00747198	1.0	0.8565709279640417	15025.480051677945
GSESGIFTNTK	2	sp|P02671|FIBA_HUMAN	0.00747198	1.0	0.9774437609047096	152201.09350309495
ELDESLQVAER	2	sp|P10909|CLUS_HUMAN	0.00747198	1.0	0.9652902223508154	193919.40362350957
SYFEKSK	1	sp|P02652|APOA2_HUMAN	0.038004752	0.4967407757382715	0.7230742737130672	586.0091048904601
AVVFLEPQWYR	2	sp|P08637|FCG3A_HUMAN	0.00747198	0.9933552810135716	0.9585864226761125	324894.5378027241
HTFM[+15.994915]GVVSLGSPSGEVSHPR	3	sp|P02765|FETUA_HUMAN	0.00747198	0.9933552810135716	0.927756020386609	5772.124935700779
YLTWASR	2	sp|P01876|IGHA1_HUMAN;sp|P01877|IGHA2_HUMAN;sp|P0DOX2|IGA2_HUMAN	0.00747198	0.9797881705057813	0.9376621644396986	4337.033294543353
QEPSQGTTTFAVTSILR	3	sp|P01876|IGHA1_HUMAN	0.00747198	1.0	0.7822529673030161	163107.13677827816
DASGATFTWTPSSGK	2	sp|P01877|IGHA2_HUMAN;sp|P0DOX2|IGA2_HUMAN	0.00747198	1.0	0.9697481161284477	511462.96096715145
VLAKPTPK	2	sp|Q92954|PRG4_HUMAN	0.00747198	1.0	0.8312900186425722	58771.81926028299
LLQDEFPGIPSPLDAAVEC[+57.021465]HR	3	sp|P02790|HEMO_HUMAN	0.00747198	0.9933552810135716	0.9402749941892562	6989102.55341051
SDDSVIQLLNPNR	2	sp|Q9BY67|CADM1_HUMAN	0.028605483	0.7626747761196712	0.7522504046649798	38539.519819425645
RHPDYSVVLLLR	2	sp|P02768|ALBU_HUMAN	0.00747198	1.0	0.9052752938139629	442548.23321206553
ISVFIQTDK	2	sp|Q6YHK3|CD109_HUMAN	0.00747198	0.9866190731264982	0.8812397899846407	8174.068603455791
NIFISPVSISMALAMLSLGTC[+57.021465]GHTR	4	sp|P08185|CBG_HUMAN	0.00747198	1.0	0.728194477525378	444602.4372913927
SSTTKPPFKPHGSR	2	sp|P04196|HRG_HUMAN	0.011002445	0.9366095275687156	0.7128855166088471	1341.5633712215258
YGFIEGHVVIPR	2	sp|P16070|CD44_HUMAN	0.00747198	0.9933552810135716	0.9658056342518363	802092.2801670821
VTVLGQPK	2	sp|B9A064|IGLL5_HUMAN;sp|P0DOX8|IGL1_HUMAN	0.00747198	0.9728591838590949	0.9504375473659413	27641.69568082251
GVTSVSQIFHSPDLAIR	4	sp|P05155|IC1_HUMAN	0.026347306	0.8448700454299841	0.8163682513749578	8603.794404667551
DLGEENFK	1	sp|P02768|ALBU_HUMAN	0.00747198	0.9866190731264982	0.8668481597506784	1358.5723619702064
KYPVAHFIDQTLK	2	sp|P05155|IC1_HUMAN	0.00747198	0.9797881705057813	0.9051101585467667	117963.23698361983
ELDRDTVFALVNYIFFK	4	sp|P01009|A1AT_HUMAN	0.00747198	0.9933552810135716	0.8754452948595449	13298.863156373496
AGTELVNFLSYFVELGTQPATQ	3	sp|P02652|APOA2_HUMAN	0.00747198	1.0	0.8758469468412383	6890437.805726532
TVAAPSVFIFPPSDEQLK	3	sp|P01834|IGKC_HUMAN	0.00747198	1.0	0.9575644410124589	87573.89177523454
TFLTVYWTPER	2	sp|P05362|ICAM1_HUMAN	0.00747198	0.9933552810135716	0.9728325222456351	9311.198394308205
LHMLQISYFR	3	sp|Q9UNN8|EPCR_HUMAN	0.00747198	1.0	0.8114275982681102	33124.884262783904
KGPGPGGPGGAGVAR	3	sp|Q92686|NEUG_HUMAN	0.00747198	0.9728591838590949	0.9727678785514866	15644.809524193695
AVGEEVWHSK	3	sp|P13591|NCAM1_HUMAN	0.00747198	1.0	0.8760831737742347	7323.180065712372
EFLEDTC[+57.021465]VQYVQK	2	sp|Q9UNN8|EPCR_HUMAN	0.00747198	1.0	0.8257179304202306	243962.67911739962
LALDLEIATYR	2	sp|P04264|K2C1_HUMAN	0.00747198	1.0	0.874457294181065	15623.088731288422
VKSPELQAEAK	3	sp|P02652|APOA2_HUMAN	0.00747198	0.9933552810135716	0.9611515265165657	24326.450069887313
GDEC[+57.021465]QLC[+57.021465]EVENR	2	sp|O75882|ATRN_HUMAN	0.028605483	0.9866190731264982	0.853854579075032	9064.696324713204
RPSEIVIGQC[+57.021465]K	3	sp|P04196|HRG_HUMAN	0.00747198	1.0	0.9402460133351158	9879.26243410221
FNQPFIIM[+15.994915]IFDHFTWSSLFLAR	4	sp|P08185|CBG_HUMAN	0.00747198	0.9658285256870233	0.969023901486352	9906.914934772562
AAC[+57.021465]LLPK	2	sp|P02768|ALBU_HUMAN	0.00747198	1.0	0.9349092803320594	128939.06322689456
SPLFMGK	1	sp|P01009|A1AT_HUMAN	0.00747198	0.9728591838590949	0.7451453788989344	2604.83849031767
IADAHLDR	2	sp|P04196|HRG_HUMAN	0.00747198	0.9797881705057813	0.9665714616466629	14987.221375393776
YVGGQEHFAHLLILRDTK	5	sp|P02763|A1AG1_HUMAN	0.00747198	0.9933552810135716	0.9360612015308145	238450.39010568042
GPSVFPLAPSSK	2	sp|P01857|IGHG1_HUMAN;sp|P0DOX5|IGG1_HUMAN	0.00747198	0.9933552810135716	0.9553868701703468	205303.1846855777
AYLEEEC[+57.021465]PATLR	2	sp|P25311|ZA2G_HUMAN	0.034564957	1.0	0.9272853727839633	252421.1728449927
IEEDSEVLMMIK	2	sp|O60888|CUTA_HUMAN	0.00747198	1.0	0.9008633630240099	60683.23830079397
KGEVLPLPEANFPSFPLPHHK	3	sp|P04196|HRG_HUMAN	0.00747198	0.9933552810135716	0.8926035585318642	94440.23798614646
QQTHMLDVMQDHFSR	2	sp|P10909|CLUS_HUMAN	0.008641975	0.9440873193926883	0.727896017300652	8999.291993237344
NEVWWTIDGK	2	sp|Q9NPH3|IL1AP_HUMAN	0.00747198	1.0	0.8861909229872562	7168.798104440333
SGAEEQGPIDGPSK	2	sp|O43493|TGON2_HUMAN	0.00747198	0.9933552810135716	0.8741558366189782	12457.933905997857
IENVSYQDK	2	sp|O00533|NCHL1_HUMAN	0.00747198	1.0	0.9711967783257339	49939.724966914204
VQLTGEPVPMAR	2	sp|P15151|PVR_HUMAN	0.00747198	1.0	0.9916844837916988	79761.67975658666
DYWSTVK	1	sp|P02656|APOC3_HUMAN	0.00747198	0.9658285256870233	0.948738421031487	71642.66214108847
SKLPGIVAEGRDDLYVSDAFHK	5	sp|P01008|ANT3_HUMAN	0.00747198	0.9797881705057813	0.9161370051740533	18161.520834636398
HGGLFHENMR	3	sp|Q02985|FHR3_HUMAN	0.00747198	1.0	0.9341739366225702	168660.2294537101
DLQFVEVTDVK	2	sp|P02751|FINC_HUMAN	0.011002445	0.9290085173289965	0.7608284238964024	1778.5301610010094
NHNALLASLTTQK	2	sp|O75882|ATRN_HUMAN	0.00747198	0.9933552810135716	0.9495861255152426	3006.3523480899853
LLQDEFPGIPSPLDAAVEC[+57.021465]HR	4	sp|P02790|HEMO_HUMAN	0.00747198	0.9933552810135716	0.762832660710284	132447.57293742005
RYTIAALLSPYSYSTTAVVTNPKE	3	sp|P02766|TTHY_HUMAN	0.00747198	1.0	0.9122916505061945	9343878.107939322
KPDGYDYYAFSK	2	sp|Q92954|PRG4_HUMAN	0.00747198	1.0	0.9794450418178112	327301.2912932433
RNPFVFAPTLLTVAVHFEEVAK	4	sp|P43652|AFAM_HUMAN	0.00747198	1.0	0.8334870959651884	13745.715518297817
IGPDNLPYVQILK	2	sp|P11362|FGFR1_HUMAN	0.00747198	0.9866190731264982	0.9531507875137907	203483.21720349396
YVM[+15.994915]LPVADQDQC[+57.021465]IR	2	sp|P00738|HPT_HUMAN	0.00747198	1.0	0.9230403071397798	218726.97494676508
LQHLENELTHDIITK	3	sp|P01009|A1AT_HUMAN	0.00747198	0.9586923939928679	0.9632080884864491	122696.70144912513
HTVGHIILSEHK	2	sp|Q12866|MERTK_HUMAN	0.00747198	0.9797881705057813	0.783411133655072	9018.179507635256
ITGKWFYIASAFR	2	sp|P02763|A1AG1_HUMAN;sp|P19652|A1AG2_HUMAN	0.00747198	0.9797881705057813	0.865591591410988	38860.81632351083
SFTIEC[+57.021465]R	2	sp|P13598|ICAM2_HUMAN	0.00747198	0.9797881705057813	0.8837931415014305	9566.3288225543
IEDGFSLK	2	sp|P01008|ANT3_HUMAN	0.00747198	0.9797881705057813	0.9328034578474432	51875.41295328338
ALDLINK	1	sp|P04196|HRG_HUMAN	0.00747198	0.9728591838590949	0.7618939831026909	3271.7423499209244
IPTTFENGR	2	sp|P05090|APOD_HUMAN	0.00747198	1.0	0.8862032386735204	10070.640156606893
GLASANVDFAFSLYK	2	sp|P08185|CBG_HUMAN	0.00747198	0.9797881705057813	0.9645041968749135	16999.689286490266
AVLDVFEEGTEASAATAVK	2	sp|P01011|AACT_HUMAN	0.00747198	1.0	0.9741404933952307	214612.590077867
SAVQGPPER	1	sp|P01876|IGHA1_HUMAN;sp|P01877|IGHA2_HUMAN	0.00747198	0.9866190731264982	0.7278345046837872	81.36929556399842
NQVSLTC[+57.021465]LVK	2	sp|P01857|IGHG1_HUMAN;sp|P01859|IGHG2_HUMAN;sp|P01860|IGHG3_HUMAN;sp|P01861|IGHG4_HUMAN;sp|P0DOX5|IGG1_HUMAN	0.00747198	0.9933552810135716	0.9747601542083923	74806.81127846276
VGFYESDVMGR	2	sp|P01023|A2MG_HUMAN	0.00747198	1.0	0.8442495802344356	5896.300720781445
MEPFHFK	1	sp|P05155|IC1_HUMAN	0.00747198	0.9514467542496609	0.898037349949892	884.7245836311755
NWGLSFYADKPETTK	2	sp|P19652|A1AG2_HUMAN	0.02754491	0.9728591838590949	0.890899898330295	39605.13431228498
LRTEGDGVYTLNDKK	2	sp|P00738|HPT_HUMAN;sp|P00739|HPTR_HUMAN	0.00747198	1.0	0.7941277897999728	41125.751962542854
C[+57.021465]INQLLC[+57.021465]K	2	sp|P49908|SEPP1_HUMAN	0.00747198	0.9866190731264982	0.7140855944306992	10014.775212225592
SPELQAEAKSYFEK	2	sp|P02652|APOA2_HUMAN	0.00747198	0.9728591838590949	0.9388308369139375	337099.983918077
IMGITLVSK	2	sp|Q9Y5Y7|LYVE1_HUMAN	0.00747198	1.0	0.9703916495507203	518418.8930836673
SILFLGK	2	sp|P05543|THBG_HUMAN	0.00747198	0.9728591838590949	0.9350404272426437	19952.880817781268
GEC[+57.021465]QAEGVLFFQGDR	2	sp|P02790|HEMO_HUMAN	0.00747198	0.9728591838590949	0.9417137557086748	191999.01243199833
VLNQELR	1	sp|P05090|APOD_HUMAN	0.00747198	1.0	0.9426506969780634	27199.032504308325
NTWSILHTQGALVQGGYGHSSVYDHR	4	sp|O75882|ATRN_HUMAN	0.00747198	0.9728591838590949	0.9460185561455389	30593.705203825564
STASFEELC[+57.021465]SEYR	2	sp|Q9NQ38|ISK5_HUMAN	0.00747198	1.0	0.8455166639107095	26996.824562576137
SLSGTAFGGFLMFK	2	sp|Q9H8L6|MMRN2_HUMAN	0.00747198	1.0	0.9748241030418384	1767917.4777879464
TRMEPFHFK	3	sp|P05155|IC1_HUMAN	0.00747198	1.0	0.8360907602551534	455421.0778563263
ELELQIGNALFIGK	2	sp|P05543|THBG_HUMAN	0.00747198	0.9797881705057813	0.8743186554733043	224472.75472605944
MEEVEAMLLPETLK	3	sp|P01011|AACT_HUMAN	0.00747198	1.0	0.8286660095476547	183884.64812769066
GPSVFPLAPC[+57.021465]SR	2	sp|P01859|IGHG2_HUMAN;sp|P01860|IGHG3_HUMAN;sp|P01861|IGHG4_HUMAN	0.00747198	1.0	0.9752362216214274	28545.78167951095
YYC[+57.021465]FQGNQFLR	2	sp|P02790|HEMO_HUMAN	0.00747198	1.0	0.966185926511499	16305069.696994428
HSAQPWADFTLLGAR	2	sp|Q8IYS5|OSCAR_HUMAN	0.00747198	1.0	0.797699390083517	68526.05295203348
FLENEDR	2	sp|P01009|A1AT_HUMAN	0.00747198	0.9797881705057813	0.8936251990411216	4778.619710601838
TDASDVKPC[+57.021465]	2	sp|P02749|APOH_HUMAN	0.00747198	0.9866190731264982	0.8213340077265722	2384.31723527179
TLYSSSPR	2	sp|P05155|IC1_HUMAN	0.00747198	0.9797881705057813	0.9889203378120007	18325.466315607227
VTTSQDMLSIMEK	2	sp|P05155|IC1_HUMAN	0.00747198	0.9866190731264982	0.9658801466227428	1622166.8101536217
DALSSVQESQVAQQAR	2	sp|P02656|APOC3_HUMAN	0.00747198	0.9728591838590949	0.91231144458185	112167.27968908193
FLNVLSPR	2	sp|P17936|IBP3_HUMAN	0.00747198	0.9866190731264982	0.9196381013989379	21268.29827162052
GSEAINAPGDNPAK	2	sp|Q9NZP8|C1RL_HUMAN	0.00747198	0.9933552810135716	0.9383464349245808	22127.74105690088
QFTSSTSYNR	2	sp|P02671|FIBA_HUMAN	0.00747198	0.9933552810135716	0.9675828200992231	64886.7587146635
TDTSHHDQDHPTFNK	2	sp|P01009|A1AT_HUMAN	0.00747198	1.0	0.9103659320405303	408016.17457915895
AGGSWDLAVQER	2	sp|P22792|CPN2_HUMAN	0.00747198	1.0	0.8636828946720817	6439.434985884464
VELAPLPSWQPVGK	2	sp|P05362|ICAM1_HUMAN	0.00747198	1.0	0.9746520021493029	790298.5842077072
SDVMYTDWKKDK	3	sp|P19652|A1AG2_HUMAN	0.00747198	1.0	0.7914434672873037	20637.99147661266
LALDIEIATYR	2	sp|P05787|K2C8_HUMAN;sp|P08729|K2C7_HUMAN;sp|P14136|GFAP_HUMAN;sp|P19013|K2C4_HUMAN;sp|Q6KB66|K2C80_HUMAN	0.00747198	1.0	0.8212357899791365	7932.588322913309
LSPLGEEMR	2	sp|P02647|APOA1_HUMAN	0.00747198	1.0	0.9700232841843054	1647070.6183835932
ATEHLSTLSEK	2	sp|P02647|APOA1_HUMAN	0.00747198	0.9933552810135716	0.9507517168449907	195583.3130601121
TGLEAISNHK	2	sp|Q14515|SPRL1_HUMAN	0.00747198	1.0	0.9398200875070414	181044.42811556658
EVGTPHGIILDSVDAAFIC[+57.021465]PGSSR	4	sp|P02790|HEMO_HUMAN	0.00747198	1.0	0.9458368544626045	3816579.351567586
TVVQPSVGAAAGPVVPPC[+57.021465]PGR	3	sp|P02765|FETUA_HUMAN	0.00747198	0.9933552810135716	0.9116391385106543	719959.9434112242
ASSIIDELFQDR	2	sp|P10909|CLUS_HUMAN	0.00747198	0.9933552810135716	0.9013577800041699	62443.57778282926
ETC[+57.021465]FAEEGKK	3	sp|P02768|ALBU_HUMAN	0.00747198	0.9933552810135716	0.913104832396119	14731.462503497265
QEINSHVEMQTK	2	sp|P05543|THBG_HUMAN	0.00747198	0.9866190731264982	0.9418370914170106	196727.57472330998
TC[+57.021465]PKPDDLPFSTVVPLK	3	sp|P02749|APOH_HUMAN	0.00747198	1.0	0.8946259441060703	218441.03244917587
SYSC[+57.021465]QVTHEGSTVEK	2	sp|B9A064|IGLL5_HUMAN;sp|P0CF74|IGLC6_HUMAN;sp|P0CG04|IGLC1_HUMAN;sp|P0DOX8|IGL1_HUMAN;sp|P0DOY2|IGLC2_HUMAN;sp|P0DOY3|IGLC3_HUMAN	0.00747198	1.0	0.9568666263516208	2500486.8320026943
YPNC[+57.021465]AYR	2	sp|P07998|RNAS1_HUMAN	0.00747198	0.9797881705057813	0.9544334140353165	54578.33459760151
DTKTYMLAFDVNDEK	2	sp|P02763|A1AG1_HUMAN	0.00747198	1.0	0.9000087943328012	4486403.972840278
IKVTTSQDMLSIMEK	2	sp|P05155|IC1_HUMAN	0.00747198	1.0	0.946861098768207	1689742.794678544
KGDTFSC[+57.021465]MVGHEALPLAFTQK	4	sp|P01876|IGHA1_HUMAN	0.00747198	1.0	0.9546413218593484	231201.6769606301
IYMYGGK	1	sp|O75882|ATRN_HUMAN	0.00747198	1.0	0.9189855111226009	72482.94454887552
LVVQSSIDSSAFK	2	sp|P10721|KIT_HUMAN	0.00747198	1.0	0.9699811593573114	84535.6456942246
FMPLSDVLYGR	2	sp|Q10588|BST1_HUMAN	0.00747198	1.0	0.7676080812434525	6554.415231586526
WVFKEEDPIHLR	4	sp|O75015|FCG3B_HUMAN;sp|P08637|FCG3A_HUMAN	0.00747198	0.9728591838590949	0.8355550532832193	18259.63684484908
INHGILYDEEK	2	sp|P36980|FHR2_HUMAN;sp|Q03591|FHR1_HUMAN	0.00747198	1.0	0.872387706708087	17971.54578226377
FTDSENVC[+57.021465]QER	2	sp|P43652|AFAM_HUMAN	0.00747198	0.9933552810135716	0.8814797445506534	14864.200688115283
WFYIASAFR	2	sp|P02763|A1AG1_HUMAN;sp|P19652|A1AG2_HUMAN	0.00747198	0.9933552810135716	0.9666541230493315	670700.0885269359
GFGGLTGQIVAALSTAK	2	sp|Q92954|PRG4_HUMAN	0.00747198	1.0	0.9449141764887052	899572.3632109471
GGGALLGDR	2	sp|P00736|C1R_HUMAN;sp|Q9NZP8|C1RL_HUMAN	0.00747198	1.0	0.9811493476938924	139113.3197881307
NWGLSVYADKPETTK	4	sp|P02763|A1AG1_HUMAN	0.00747198	1.0	0.9591660436158433	582589.9098512996
VTTVASHTSDSDVPSGVTEVVVK	3	sp|P10909|CLUS_HUMAN	0.00747198	0.9866190731264982	0.9763977668598541	87846.26676305819
TTDTASVQNEAK	2	sp|Q9ULV4|COR1C_HUMAN	0.00747198	1.0	0.8155531561561958	582.5443499012397
AKPALEDLR	2	sp|P02647|APOA1_HUMAN	0.00747198	1.0	0.9529288492708049	677711.0794582807
LSSWVLLMK	2	sp|P01009|A1AT_HUMAN	0.00747198	1.0	0.8099723014773719	67406.87080089265
NKEDC[+57.021465]VEIYIK	2	sp|P14151|LYAM1_HUMAN	0.00747198	0.9866190731264982	0.9029765109858832	148536.26172248714
SASNMAIVDVK	2	sp|P01023|A2MG_HUMAN	0.012224939	0.9933552810135716	0.9195622081902805	9827.738569388446
AEDTAVYYC[+57.021465]AK	2	sp|P01764|HV323_HUMAN;sp|P01768|HV330_HUMAN;sp|P0DP03|HVC05_HUMAN	0.00747198	1.0	0.8999698458057603	12468.556178336152
QLVEIEK	2	sp|P00738|HPT_HUMAN;sp|P00739|HPTR_HUMAN	0.00747198	0.9728591838590949	0.9792729598737338	820698.1856672043
NALALFVLPK	2	sp|P05543|THBG_HUMAN	0.00747198	1.0	0.9669617601816346	1661905.4819546933
VWVYPPEKK	2	sp|P02790|HEMO_HUMAN	0.00747198	1.0	0.853110309279097	57738.41277954572
GGEDAAVQEPR	2	sp|Q9HBR0|S38AA_HUMAN	0.00747198	0.9933552810135716	0.9226705622696907	350.83082422393574
ELISERWK	2	sp|P02790|HEMO_HUMAN	0.00747198	1.0	0.9353056227018107	171613.7132862942
ADLSGITGAR	2	sp|P01011|AACT_HUMAN	0.00747198	1.0	0.9548777979375119	493066.73811070726
GPALTTPK	1	sp|Q92954|PRG4_HUMAN	0.00747198	0.9728591838590949	0.7607562296683946	555.0435251994168
KATVVYQGER	3	sp|P02749|APOH_HUMAN	0.00747198	1.0	0.8973950515465228	11225.385596815391
REPAVGEPAEVTTTVLVR	3	sp|P05362|ICAM1_HUMAN	0.00747198	1.0	0.9624379622189791	41117.59875152211
LTPTLYVGK	2	sp|O75460|ERN1_HUMAN	0.00747198	0.9866190731264982	0.9114972024753207	14950.525899013586
SDVVYTDWKK	3	sp|P02763|A1AG1_HUMAN	0.00747198	1.0	0.856033890535083	2137.5236439104865
AREDIFMETLK	2	sp|P25311|ZA2G_HUMAN	0.00747198	0.9797881705057813	0.9678780944596701	65504.4584997656
EMEDTLNHLK	2	sp|P17936|IBP3_HUMAN	0.00747198	1.0	0.8998837496564054	210316.41661039443
TIAVLLDDILQR	2	sp|Q96EE4|CC126_HUMAN	0.00747198	0.9933552810135716	0.9402409285548623	43127.65897724035
AQVSPTASDMLHMR	2	sp|Q6UXB8|PI16_HUMAN	0.025240384	0.8630568252698203	0.9191622862610128	13452.90576389181
TEDTIFLREYQTR	2	sp|P02763|A1AG1_HUMAN;sp|P19652|A1AG2_HUMAN	0.00747198	1.0	0.8863544446715337	124539.55646220228
VWFELTQGSITK	2	sp|Q9H8L6|MMRN2_HUMAN	0.00747198	0.9866190731264982	0.9760362163136264	1125177.842448562
NANTFISPQQR	2	sp|P08493|MGP_HUMAN	0.00747198	1.0	0.8445434009049811	1875.0414533476078
EWFSETFQK	2	sp|P02654|APOC1_HUMAN	0.00747198	0.9933552810135716	0.9457149495552771	256007.13976240988
KMTVTDQVNC[+57.021465]PK	2	sp|P05090|APOD_HUMAN	0.00747198	0.9866190731264982	0.9597478715711822	175266.18828097
SETEIHQGFQHLHQLFAK	5	sp|P08185|CBG_HUMAN	0.00747198	0.9797881705057813	0.9390157797905293	353694.6653768551
LMVELHNLYR	2	sp|Q6UXB8|PI16_HUMAN	0.00747198	1.0	0.8917064636174955	29429.014025269986
FKLDDDLEHQGGHVLDHGHK	3	sp|P01042|KNG1_HUMAN	0.00747198	0.9866190731264982	0.9385349609785066	13333.805508678839
LFDSDPITVTVPVEVSR	2	sp|P10909|CLUS_HUMAN	0.00747198	1.0	0.8903156360657528	10998.878330196461
ITC[+57.021465]TEEGWSPTPK	2	sp|Q03591|FHR1_HUMAN;sp|Q9BXR6|FHR5_HUMAN	0.00747198	0.9866190731264982	0.9396969408001922	6043.13858700162
DLWVNIDQMEK	2	sp|Q6UX71|PXDC2_HUMAN	0.00747198	0.9933552810135716	0.9177351429791577	17808.24108339782
TGLFQDVGPQR	2	sp|Q86SQ4|AGRG6_HUMAN	0.00747198	1.0	0.8936335317355161	23642.87137381065
EHSSLAFWK	2	sp|P02749|APOH_HUMAN	0.00747198	1.0	0.9585998279131493	116672.17074848685
SFMLLILER	2	sp|P05543|THBG_HUMAN	0.00747198	0.9933552810135716	0.9429375312366169	2498.9204329669
LLDSLPSDTR	2	sp|P05155|IC1_HUMAN	0.00747198	1.0	0.956648167630702	7683736.902399063
TNLESILSYPK	2	sp|P05155|IC1_HUMAN	0.00747198	1.0	0.980279745351911	334275.07561838964
QSTQTLYVNVAPR	2	sp|P19320|VCAM1_HUMAN	0.00747198	1.0	0.8448107111439647	35225.92034424027
FQPTLLTLPR	3	sp|P05155|IC1_HUMAN	0.011002445	0.9366095275687156	0.7090091631478176	2631.2898407843395
ALYVHGGYK	2	sp|O75882|ATRN_HUMAN	0.00747198	1.0	0.9466699874134885	1344829.418391819
YVMLPVADQDQC[+57.021465]IR	3	sp|P00738|HPT_HUMAN	0.00747198	1.0	0.8572685164005915	498605.25997040875
NLMIDIQK	2	sp|Q9BY67|CADM1_HUMAN	0.00747198	1.0	0.984981811861499	396591.9323023331
DSGSYFC[+57.021465]R	2	sp|O75015|FCG3B_HUMAN;sp|P08637|FCG3A_HUMAN	0.00747198	0.9866190731264982	0.8431256384326428	7356.025195306563
FNQPFIIMIFDHFTWSSLFLAR	3	sp|P08185|CBG_HUMAN	0.00747198	0.9658285256870233	0.9285025654542369	232584.58940152143
QPAVEEPAEVTATVLASR	2	sp|P32942|ICAM3_HUMAN	0.00747198	0.9658285256870233	0.9377452437723969	15164.90084388926
RVWELSK	1	sp|P01008|ANT3_HUMAN	0.008641975	0.9440873193926883	0.8894739892533042	3115.92644421626
ENFLFLTPDC[+57.021465]K	2	sp|P01042|KNG1_HUMAN	0.00747198	0.9933552810135716	0.9587188105769975	244782.8667087789
DWHGVPGQVDAAMAGR	2	sp|P04004|VTNC_HUMAN	0.00747198	1.0	0.9482846714004778	778987.9065087778
SYFEKSK	2	sp|P02652|APOA2_HUMAN	0.00747198	0.9797881705057813	0.9088006211337278	3985.589388460874
VLAPWITETHFK	3	sp|P23467|PTPRB_HUMAN	0.00747198	1.0	0.8936698794438831	112548.45263035464
TMIIYFDQVLVNIGNNFDSER	3	sp|P23435|CBLN1_HUMAN	0.00747198	1.0	0.8809270799236969	594409.0971032768
WNDDAC[+57.021465]HK	2	sp|P14151|LYAM1_HUMAN	0.00747198	0.9866190731264982	0.9316376031738901	7600.838959217356
ALGISPFHEHAEVVFTANDSGPR	3	sp|P02766|TTHY_HUMAN	0.00747198	1.0	0.9251242893475854	8354460.892086103
TLYLADTFPTNFR	2	sp|P05154|IPSP_HUMAN	0.00747198	0.9797881705057813	0.8520698656013859	37639.067048845216
VLAKPTPK	1	sp|Q92954|PRG4_HUMAN	0.00747198	1.0	0.7304908356569612	20499.27720395658
ITDVIPSEAINELTVLVLVNTIYFK	3	sp|P01008|ANT3_HUMAN	0.00747198	0.9658285256870233	0.9287275306932279	46872.8485426495
LLGIETPLPK	2	sp|P05362|ICAM1_HUMAN	0.00747198	1.0	0.8895438244860636	100430.84524267225
GKEESLDSDLYAELR	2	sp|P02775|CXCL7_HUMAN	0.00747198	1.0	0.9416968557418384	13328920.6077748
GILTVDELLAIR	2	sp|P13473|LAMP2_HUMAN	0.00747198	1.0	0.9755336437076918	182576.2280002378
LSITGTYDLK	2	sp|P01009|A1AT_HUMAN	0.00747198	1.0	0.8860512116307888	38733.70915940483
AIGPSQTHTIR	2	sp|Q92954|PRG4_HUMAN	0.00747198	0.9933552810135716	0.9417376691196854	110371.05777379138
RHPDYSVVLLLR	3	sp|P02768|ALBU_HUMAN	0.00747198	1.0	0.9770507403638924	469260.52488292457
DFTC[+57.021465]VHQALK	2	sp|P05155|IC1_HUMAN	0.00747198	1.0	0.9481775607723882	37900.68720427749
SFM[+15.994915]LLILER	2	sp|P05543|THBG_HUMAN	0.00747198	1.0	0.8605402294196908	23742.688396811598
DLMEKVK	1	sp|P02652|APOA2_HUMAN	0.00747198	0.9514467542496609	0.73876943135036	2516.97741365699
YGFIEGHVVIPR	3	sp|P16070|CD44_HUMAN	0.00747198	0.9933552810135716	0.9574737071224203	3573900.1507855565
VTVLGQPK	1	sp|B9A064|IGLL5_HUMAN;sp|P0DOX8|IGL1_HUMAN	0.00747198	0.9728591838590949	0.7424875857274291	1282.8535941123064
DFVQPPTK	2	sp|P01042|KNG1_HUMAN	0.00747198	0.9797881705057813	0.9712306116185072	139222.48739828446
DKC[+57.021465]EPLEKQHEK	3	sp|P02763|A1AG1_HUMAN;sp|P19652|A1AG2_HUMAN	0.036904763	0.6569951299919323	0.777703032932066	2240.265568437203
SYQDFFEAIR	2	sp|P18850|ATF6A_HUMAN	0.00747198	1.0	0.7698428584311189	17492.049265914324
HITSLEVIK	2	sp|P02776|PLF4_HUMAN;sp|P10720|PF4V_HUMAN	0.00747198	1.0	0.9821342231543846	801057.3813520187
TAAQNLYEK	2	sp|P02655|APOC2_HUMAN	0.00747198	1.0	0.9298249362827994	201041.51676049398
YLTLNTESTR	2	sp|P06276|CHLE_HUMAN	0.00747198	0.9933552810135716	0.9236126397310574	9016.22831535937
DLGEENFK	2	sp|P02768|ALBU_HUMAN	0.00747198	0.9866190731264982	0.9581319154019731	8511.864026776879
EPFLSC[+57.021465]C[+57.021465]QFAESLR	2	sp|P0C0L4|CO4A_HUMAN;sp|P0C0L5|CO4B_HUMAN	0.00747198	0.9728591838590949	0.7556761791979762	16274.327358221755
TSDQIHFFFAK	2	sp|P01008|ANT3_HUMAN	0.00747198	0.9933552810135716	0.961517507348355	693258.812247328
