peptide	charge	proteins	q_value	score	spectral_angle	20241104_OA2_Evo08_ViAl_SA_FAIMS40_IO28_A556_MOMI_APEM_P193_H12_R01.mzML
LQQDVLQFQK	2	sp|Q8NBJ4|GOLM1_HUMAN	0.0025806453	0.9933552810135716	0.9628349040275337	61935.44802650498
WYVDGVEVHNAK	3	sp|P01860|IGHG3_HUMAN	0.0025806453	0.9866190731264982	0.933118018476615	9853.990548549888
FDEFFSEGC[+57.021465]APGSK	2	sp|P02787|TRFE_HUMAN	0.0025806453	1.0	0.9153144292893846	129524.27288976917
VPTVEPLDSLTLFLFR	3	sp|P13598|ICAM2_HUMAN	0.0036855037	0.9658285256870233	0.9515089379368494	65595.87327580867
ILGGHLDAK	1	sp|P00738|HPT_HUMAN;sp|P00739|HPTR_HUMAN	0.0025806453	0.9797881705057813	0.9275074503577804	5287.223395109442
SSNTYTLTDVR	2	sp|Q13740|CD166_HUMAN	0.0025806453	1.0	0.9689063643280592	9234.922604301435
LGFTDLFSK	2	sp|P29622|KAIN_HUMAN	0.0025806453	1.0	0.919484983681621	105532.74266694872
TSLTVVLLR	2	sp|P32942|ICAM3_HUMAN	0.0025806453	1.0	0.9361144404632756	200352.41092767104
DTKTLMFGSYLDDEK	2	sp|P19652|A1AG2_HUMAN	0.0025806453	1.0	0.9836070521256591	954524.67348833
ITLLSALVETR	2	sp|P01011|AACT_HUMAN	0.0025806453	1.0	0.981746277680597	64137.35170401466
DEGTAFLVYGAPGFSK	2	sp|P06276|CHLE_HUMAN	0.0025806453	1.0	0.8980924146353316	507589.455018554
C[+57.021465]AGQQQDIR	2	sp|P27918|PROP_HUMAN	0.0025806453	1.0	0.9282630936295637	29258.429128045937
FDPVRGEVPPR	2	sp|P02790|HEMO_HUMAN	0.0025806453	0.9728591838590949	0.9567874602325998	962282.9702099921
VQLTGEPVPMAR	3	sp|P15151|PVR_HUMAN	0.0025806453	1.0	0.7575977045671266	2382.447511909981
HGGLFHENMR	2	sp|Q02985|FHR3_HUMAN	0.0025806453	1.0	0.8081983079035113	11578.591648292191
MADEAGSEADHEGTHSTK	2	sp|P02671|FIBA_HUMAN	0.0025806453	1.0	0.8107149461527767	150.36346808370254
QIQVFEDEPAR	2	sp|Q9NPH3|IL1AP_HUMAN	0.0025806453	1.0	0.7544658786009858	32386.65020832462
IGPDNLPYVQILK	3	sp|P11362|FGFR1_HUMAN	0.014623172	0.7626747761196712	0.8271322822932798	6691.174306173035
QVGSGVTTDQVQAEAK	2	sp|P01871|IGHM_HUMAN;sp|P0DOX6|IGM_HUMAN	0.0025806453	1.0	0.9331335760035795	316193.82370573434
GVLHNEVK	2	sp|Q92954|PRG4_HUMAN	0.0025806453	0.9797881705057813	0.9642174235871358	5343.381107793506
YVYIAELLAHK	3	sp|P27169|PON1_HUMAN	0.004651163	0.9514467542496609	0.8538553960900241	19126.4630973764
VSVFVPPR	2	sp|P01871|IGHM_HUMAN;sp|P0DOX6|IGM_HUMAN	0.0025806453	0.9797881705057813	0.9236376171510507	9285.387468432147
LDELRDEGK	2	sp|P02768|ALBU_HUMAN	0.0025806453	1.0	0.9713567343092108	250998.47681439618
AADDTWEPFASGK	3	sp|P02766|TTHY_HUMAN	0.014623172	0.7510559064272662	0.8363227105678406	1493.359413811195
TFTC[+57.021465]TAAYPESK	2	sp|P01876|IGHA1_HUMAN	0.0025806453	0.9933552810135716	0.9647034277307035	107730.15293640562
EFGNTLEDK	2	sp|P02654|APOC1_HUMAN	0.0025806453	0.9866190731264982	0.9269993751398617	35182.93783906788
SISTAYLQWSSLK	2	sp|A0A0C4DH38|HV551_HUMAN;sp|A0A0J9YXX1|HV5X1_HUMAN	0.0025806453	0.9866190731264982	0.8524245024918008	24900.608396823376
LYLVQGTQVYVFLTK	3	sp|P02790|HEMO_HUMAN	0.0025806453	0.9728591838590949	0.9432109195517424	2181896.8222264987
C[+57.021465]PNPPVQENFDVNK	2	sp|P05090|APOD_HUMAN	0.0025806453	1.0	0.9132481776000219	1134572.998142252
GPLDQLEK	2	sp|P05546|HEP2_HUMAN	0.0025806453	0.9797881705057813	0.9163135662254241	18421.726392497923
FYYLIASETPGK	2	sp|P29622|KAIN_HUMAN	0.0025806453	0.9933552810135716	0.8256821696419092	6492.845625386249
EGDC[+57.021465]PVQSGK	2	sp|P01042|KNG1_HUMAN	0.0025806453	1.0	0.8487792129644266	7583.330935266568
GEC[+57.021465]QAEGVLFFQGDR	3	sp|P02790|HEMO_HUMAN	0.004651163	0.9586923939928679	0.9202033104909841	4259.099218184195
AVM[+15.994915]DDFAAFVEK	2	sp|P02768|ALBU_HUMAN	0.017857144	1.0	0.9937867501054082	28291.86515124437
VGSALFLSHNLK	3	sp|P29622|KAIN_HUMAN	0.0025806453	0.9728591838590949	0.9757445932690229	22430.95901968063
DTVFALVNYIFFK	3	sp|P01009|A1AT_HUMAN	0.0025806453	0.9866190731264982	0.9453844739122366	15593.123119839169
HSAQPWADFTLLGAR	3	sp|Q8IYS5|OSCAR_HUMAN	0.0025806453	1.0	0.8814757986565502	90112.88303291278
VDLSFSPSQSLPASHAHLR	4	sp|P01023|A2MG_HUMAN	0.0025806453	1.0	0.9634397106570377	163683.14870453445
FSPENTR	2	sp|P01008|ANT3_HUMAN	0.011337869	1.0	0.9574271427901204	95022.25984103221
ASYLDC[+57.021465]IR	2	sp|P02787|TRFE_HUMAN	0.0025806453	0.9866190731264982	0.9145272678583494	6158.097129026038
DALSSVQESQVAQQAR	3	sp|P02656|APOC3_HUMAN	0.0025806453	0.9728591838590949	0.8883723029606093	103995.7550955447
GTYSTTVTGR	2	sp|P08519|APOA_HUMAN	0.0025806453	0.9866190731264982	0.9246171636722107	20400.649413108506
TDTSHHDQDHPTFNK	3	sp|P01009|A1AT_HUMAN	0.0025806453	1.0	0.8554673427049762	75813.5754309065
EIGELYLPK	2	sp|P01011|AACT_HUMAN	0.0025806453	1.0	0.9734441543452801	943428.9504113185
AGEQDATIHLK	3	sp|P13591|NCAM1_HUMAN	0.0025806453	0.9728591838590949	0.8315436473221806	1248.3784936216398
YPPTVSMVEGQGEK	2	sp|P27918|PROP_HUMAN	0.0025806453	1.0	0.9836880727303982	444837.413677897
VEIDTKSYWK	3	sp|P02766|TTHY_HUMAN	0.010204081	0.8354707271418766	0.8127198983355275	1608.8676253316926
IMQSSQSMSK	2	sp|O75882|ATRN_HUMAN	0.0025806453	0.9866190731264982	0.9584631170951702	37345.49321371002
KVPQVSTPTLVEVSR	2	sp|P02768|ALBU_HUMAN	0.0025806453	1.0	0.9422955561671562	1767722.9798504992
LIC[+57.021465]QATGFSPR	2	sp|P01871|IGHM_HUMAN;sp|P0DOX6|IGM_HUMAN	0.0025806453	1.0	0.9834725110054654	12569.271505431965
SYSC[+57.021465]QVTHEGSTVEK	3	sp|B9A064|IGLL5_HUMAN;sp|P0CF74|IGLC6_HUMAN;sp|P0CG04|IGLC1_HUMAN;sp|P0DOX8|IGL1_HUMAN;sp|P0DOY2|IGLC2_HUMAN;sp|P0DOY3|IGLC3_HUMAN	0.0025806453	1.0	0.9289533723062955	3741790.6760804313
NWGLSFYADKPETTK	4	sp|P19652|A1AG2_HUMAN	0.0025806453	0.9728591838590949	0.7910645069933848	1615.965869220879
LRTEGDGVYTLNDKK	4	sp|P00738|HPT_HUMAN;sp|P00739|HPTR_HUMAN	0.0025806453	1.0	0.9395882272866292	283590.9962434513
GTHC[+57.021465]NQVEVIATLK	3	sp|P02775|CXCL7_HUMAN	0.0025806453	0.9797881705057813	0.8552915388679795	129579.61419688792
VDGALC[+57.021465]M[+15.994915]EK	2	sp|P02790|HEMO_HUMAN	0.0025806453	1.0	0.8921743791180832	65540.60726260705
FSISATYDLGATLLK	3	sp|P05543|THBG_HUMAN	0.0025806453	1.0	0.8581400142930066	160195.57086734782
GFGGLTGQIVAALSTAK	3	sp|Q92954|PRG4_HUMAN	0.0025806453	1.0	0.9614374147707886	536401.2457631909
GGYTLVSGYPK	2	sp|P02790|HEMO_HUMAN	0.0025806453	1.0	0.9818313051012495	739581.0172893514
RIPIEDGSGEVVLSR	3	sp|P01024|CO3_HUMAN	0.0025806453	1.0	0.9754657045769743	82012.55147400487
LLIYDASNR	2	sp|A0A0A0MRZ8|KVD11_HUMAN;sp|P04433|KV311_HUMAN	0.0025806453	1.0	0.9860641943346047	254163.4302708323
LRTEGDGVYTLNNEK	4	sp|P00738|HPT_HUMAN	0.0025806453	1.0	0.8460388866466396	10880.538205301102
SLGFC[+57.021465]DTTNK	2	sp|P02745|C1QA_HUMAN	0.0025806453	1.0	0.8563552321874627	13324.283375122724
QLVEIEK	1	sp|P00738|HPT_HUMAN;sp|P00739|HPTR_HUMAN	0.0025806453	0.9728591838590949	0.9125916475362457	11275.528838121825
SDTSLEMTMGNALFLDGSLELLESFSADIK	4	sp|P08185|CBG_HUMAN	0.0025806453	1.0	0.8504392290310964	131735.256166069
TYLPAVDEK	2	sp|P02655|APOC2_HUMAN	0.0025806453	1.0	0.9759945491026413	830647.7441940847
ADGESC[+57.021465]SASMMYQEGK	2	sp|P01008|ANT3_HUMAN	0.0025806453	1.0	0.9491275314281326	574925.4363175788
VITEPIPVSDLR	2	sp|Q12913|PTPRJ_HUMAN	0.0025806453	1.0	0.967028042242782	42139.98391399828
DGFFGNPR	2	sp|P01871|IGHM_HUMAN;sp|P0DOX6|IGM_HUMAN	0.0025806453	0.9797881705057813	0.9011557174482883	55469.91945780588
LVEVNPK	2	sp|Q92954|PRG4_HUMAN	0.0025806453	1.0	0.9710858879521594	313301.26302300656
REPAVGEPAEVTTTVLVR	4	sp|P05362|ICAM1_HUMAN	0.0025806453	1.0	0.8859719649764365	4963.332345857773
EMEDTLNHLK	3	sp|P17936|IBP3_HUMAN	0.0025806453	1.0	0.9866013154436105	106730.7387615411
ESLLNHFLYEVAR	3	sp|P43652|AFAM_HUMAN	0.0025806453	1.0	0.8829365700327001	305172.2433095133
AVLTIDEK	1	sp|P01009|A1AT_HUMAN	0.0036855037	0.9658285256870233	0.9471124541931077	25063.88303005987
GVTSVSQIFHSPDLAIR	3	sp|P05155|IC1_HUMAN	0.0025806453	1.0	0.8788641586878329	74396.88321305477
NPDAVAAPYC[+57.021465]YTR	2	sp|P08519|APOA_HUMAN	0.0025806453	1.0	0.9558484426569062	52623.004133241615
EWFWDLATGTMK	3	sp|P02790|HEMO_HUMAN	0.0025806453	0.9866190731264982	0.9349785279102681	13319.457159805988
ALSIGFETC[+57.021465]R	2	sp|P16070|CD44_HUMAN	0.0025806453	1.0	0.9633778288668783	282815.02039570286
STSESTAALGC[+57.021465]LVK	3	sp|P01859|IGHG2_HUMAN;sp|P01861|IGHG4_HUMAN	0.0025806453	0.9933552810135716	0.8549932552125932	50.053940016200634
EMEVLHLR	2	sp|P11362|FGFR1_HUMAN	0.0025806453	1.0	0.955233304826233	90884.89805411366
VPLQQNFQDNQFQGK	2	sp|P80188|NGAL_HUMAN	0.0025806453	1.0	0.9771570810366917	1258467.1286146173
YFHHNSDFHIPK	4	sp|O75015|FCG3B_HUMAN	0.0025806453	1.0	0.9368539935835338	487842.0558724442
SKEQLTPLIK	2	sp|P02652|APOA2_HUMAN	0.0025806453	1.0	0.978295043064187	143393.14580829517
IVLGQEQDSYGGK	2	sp|P02743|SAMP_HUMAN	0.0025806453	0.9933552810135716	0.8162003631865453	2450.1252301781196
EQQALQTVC[+57.021465]LK	2	sp|P05452|TETN_HUMAN	0.0025806453	1.0	0.7871246922752951	198.75692954926078
MSSINADFAFNLYR	2	sp|P05543|THBG_HUMAN	0.007972665	0.9054124614333342	0.7658377642593648	70447.62129213341
NLAVSQVVHK	2	sp|P01011|AACT_HUMAN	0.0025806453	1.0	0.9838038507477387	1729597.9319827093
LSLEIEQLELQR	2	sp|P04003|C4BPA_HUMAN	0.0025806453	0.9866190731264982	0.854627627086726	11085.403805134856
GILTVDELLAIR	3	sp|P13473|LAMP2_HUMAN	0.0025806453	1.0	0.8693256821794684	368256.2439100667
QQLQALSEPQPR	2	sp|Q8NBJ4|GOLM1_HUMAN	0.0025806453	0.9933552810135716	0.9717229143954698	3358.76225361585
ATLVC[+57.021465]LISDFYPGAVTVAWK	4	sp|B9A064|IGLL5_HUMAN;sp|P0CG04|IGLC1_HUMAN;sp|P0DOX8|IGL1_HUMAN;sp|P0DOY2|IGLC2_HUMAN;sp|P0DOY3|IGLC3_HUMAN	0.0025806453	1.0	0.9022343071949671	45351.75675629486
TEGDGVYTLNDK	2	sp|P00738|HPT_HUMAN;sp|P00739|HPTR_HUMAN	0.0025806453	1.0	0.9709448769245824	59291.1117260636
WLQGSQELPR	2	sp|P01876|IGHA1_HUMAN;sp|P01877|IGHA2_HUMAN;sp|P0DOX2|IGA2_HUMAN	0.0025806453	0.9933552810135716	0.9408766303537546	154395.10144948063
VYSTSVTGSR	2	sp|Q9H299|SH3L3_HUMAN	0.0025806453	1.0	0.9426887547148958	40967.18716829026
SISC[+57.021465]QEIPGQQSR	2	sp|P27918|PROP_HUMAN	0.0025806453	1.0	0.9498459904850004	300488.8036989221
TSDQIHFFFAK	3	sp|P01008|ANT3_HUMAN	0.0025806453	0.9797881705057813	0.948971672322204	19634.86281707512
DDNPNLPR	2	sp|P02768|ALBU_HUMAN	0.0025806453	0.9797881705057813	0.9393896785927092	26066.759876693395
EPQVYTLPPSR	2	sp|P01857|IGHG1_HUMAN;sp|P01859|IGHG2_HUMAN;sp|P01860|IGHG3_HUMAN;sp|P0DOX5|IGG1_HUMAN	0.0025806453	1.0	0.8990544095923513	11081.767610162296
SAVQGPPER	2	sp|P01876|IGHA1_HUMAN;sp|P01877|IGHA2_HUMAN	0.0025806453	0.9797881705057813	0.9133066257240874	12905.308149841589
NSVIKVPMMNSK	2	sp|P05155|IC1_HUMAN	0.0025806453	0.9797881705057813	0.9298814722771931	30991.048492055746
AIMEKLEMSK	2	sp|P05155|IC1_HUMAN	0.0025806453	0.9933552810135716	0.8454348443467967	4415.252480610759
ASVSVTAEDEGTQR	2	sp|P05362|ICAM1_HUMAN	0.0025806453	1.0	0.9386166360233421	91265.51549579688
YFHHNSDFHIPK	3	sp|O75015|FCG3B_HUMAN	0.007972665	0.897262926642552	0.8309010077505655	461.1709070930848
ESGTDDFNVWIGLHDPK	3	sp|P05451|REG1A_HUMAN	0.0025806453	1.0	0.9514016722849055	21191.402731952363
RYTIAALLSPYSYSTTAVVTNPK	3	sp|P02766|TTHY_HUMAN	0.0025806453	0.9728591838590949	0.9441960220374088	11314997.965691589
KGEVLPLPEANFPSFPLPHHK	5	sp|P04196|HRG_HUMAN	0.004651163	0.9366095275687156	0.9289346138911728	25750.53093074747
LPGIVAEGRDDLYVSDAFHK	3	sp|P01008|ANT3_HUMAN	0.0025806453	0.9866190731264982	0.8449073440097228	95533.21484192388
VLNQELR	2	sp|P05090|APOD_HUMAN	0.0025806453	1.0	0.9880376762941047	3232011.1911037513
LYIEYGIQR	2	sp|Q9NPH3|IL1AP_HUMAN	0.0025806453	1.0	0.9182680628889013	110860.9631590061
VQPYLDDFQK	2	sp|P02647|APOA1_HUMAN	0.0025806453	1.0	0.9784578831843196	207137.51260560445
SSAEAQTPEDTPNK	2	sp|O43493|TGON2_HUMAN	0.0025806453	1.0	0.8821448554241217	11266.99557434383
C[+57.021465]SPHLVLSALTSDNHGATYAFSGTHYWR	5	sp|P02790|HEMO_HUMAN	0.0025806453	0.9797881705057813	0.9197137174367868	1388255.318182157
LGMFNIQHC[+57.021465]K	3	sp|P01009|A1AT_HUMAN	0.0025806453	1.0	0.9055325908917269	380244.8755691369
SGAQATWTELPWPHEK	2	sp|P02790|HEMO_HUMAN	0.0025806453	1.0	0.9282350041332075	1929977.7300743836
DNPMYYC[+57.021465]NK	2	sp|O75882|ATRN_HUMAN	0.0025806453	0.9933552810135716	0.8639293033800879	1887.186680981798
DVFLGMFLYEYAR	3	sp|P02768|ALBU_HUMAN	0.0025806453	1.0	0.9141501197906569	233400.66094152984
ADGNQLTLEER	2	sp|Q6YHK3|CD109_HUMAN	0.0025806453	1.0	0.8566198503341399	85.24384769139465
LREQLGPVTQEFWDNLEK	4	sp|P02647|APOA1_HUMAN	0.0025806453	0.9866190731264982	0.8765204145389478	7695.218648516739
SGTSASLAISGLR	2	sp|P01700|LV147_HUMAN	0.0025806453	1.0	0.943088125234534	19938.0258350343
TAFQEALDAAGDK	2	sp|P10599|THIO_HUMAN	0.004651163	0.9290085173289965	0.768211303164775	68519.13750839926
WEMPFDPQDTHQSR	2	sp|P01011|AACT_HUMAN	0.0025806453	0.9728591838590949	0.9612612453363525	18098.52882498707
ALGHLDLSGNR	2	sp|P02750|A2GL_HUMAN	0.0025806453	1.0	0.9777275854103931	88460.01159676259
DSTYSLSSTLTLSK	2	sp|P01834|IGKC_HUMAN;sp|P0DOX7|IGK_HUMAN	0.0025806453	1.0	0.8976325519996817	281660.5236772052
IC[+57.021465]LDLQAPLYK	2	sp|P02776|PLF4_HUMAN	0.0025806453	1.0	0.9701515364729383	1187947.0879327105
HTFMGVVSLGSPSGEVSHPR	4	sp|P02765|FETUA_HUMAN	0.0025806453	0.9933552810135716	0.9860578572815635	60083.345893986356
ESTLHLVLR	2	sp|P0CG47|UBB_HUMAN;sp|P0CG48|UBC_HUMAN;sp|P62979|RS27A_HUMAN;sp|P62987|RL40_HUMAN	0.0025806453	1.0	0.7277952944981241	285356.7795662735
LTLTPWVGLR	2	sp|O75882|ATRN_HUMAN	0.0025806453	1.0	0.8961651036280207	40412.27826904849
HTLNQIDEVK	2	sp|P02765|FETUA_HUMAN	0.0025806453	0.9933552810135716	0.9339747554645202	19209.006663903114
SLHTLFGDK	2	sp|P02768|ALBU_HUMAN	0.004651163	0.9440873193926883	0.9477634680650386	6658.010767760241
QGHNSVFLIK	2	sp|P02790|HEMO_HUMAN	0.0025806453	1.0	0.9600654451170226	471264.6323625852
SC[+57.021465]ALDQNC[+57.021465]QWEPR	2	sp|O75882|ATRN_HUMAN	0.0025806453	1.0	0.9755186218533061	118132.80043529277
QVILTLQPTLVAVGK	2	sp|P13598|ICAM2_HUMAN	0.007972665	1.0	0.9404050486555702	4795196.569249524
VTTVASHTSDSDVPSGVTEVVVK	4	sp|P10909|CLUS_HUMAN	0.0025806453	0.9866190731264982	0.7376806647662336	8232.319346943566
FRIEDGFSLK	3	sp|P01008|ANT3_HUMAN	0.0025806453	1.0	0.972445797324912	3837441.417742044
EQVTNVGGAVVTGVTAVAQK	3	sp|P37840|SYUA_HUMAN	0.0025806453	1.0	0.8567905349724582	47641.95505127651
GDDITMVLILPKPEK	2	sp|P01008|ANT3_HUMAN	0.0025806453	1.0	0.8001372542911791	32901.70812286348
LDSSEFLK	2	sp|Q12841|FSTL1_HUMAN	0.0025806453	0.9866190731264982	0.95670072157032	2944.294860864382
AGVETTTPSK	2	sp|P0DOY2|IGLC2_HUMAN;sp|P0DOY3|IGLC3_HUMAN	0.0025806453	0.9866190731264982	0.9662471129656912	11576.456197903006
LLIYWASTR	2	sp|P06312|KV401_HUMAN	0.0025806453	0.9933552810135716	0.9500719250586152	7783.571014632504
HYYESEVLAMNFQDWATASR	3	sp|P08185|CBG_HUMAN	0.0025806453	0.9797881705057813	0.9426990761354515	742413.0792521464
FNKPFVFLMIEQNTK	3	sp|P01009|A1AT_HUMAN	0.0025806453	1.0	0.9604574848354732	1219474.71964288
IILEDENDAMADADR	2	sp|Q9BUN1|MENT_HUMAN	0.0025806453	0.9728591838590949	0.8553092772870118	30067.93035210627
ADLSGITGAR	1	sp|P01011|AACT_HUMAN	0.0025806453	1.0	0.9399003620203452	113723.92097550188
MFLSFPTTK	2	sp|P69905|HBA_HUMAN	0.0025806453	1.0	0.9729220938948413	829789.3862453015
GLPNVVTSAISLPNIR	2	sp|Q92954|PRG4_HUMAN	0.0025806453	1.0	0.7595297620366841	58811.74089127088
QVVAGLNFR	2	sp|P01042|KNG1_HUMAN	0.0025806453	1.0	0.9868659216934721	1105909.492390615
TLTLLSVTR	2	sp|P06731|CEAM5_HUMAN;sp|P13688|CEAM1_HUMAN;sp|P31997|CEAM8_HUMAN	0.0025806453	1.0	0.851530899530458	87585.6496732778
LQHLENELTHDIITK	4	sp|P01009|A1AT_HUMAN	0.0036855037	0.9658285256870233	0.9438245652462873	18305.67787584497
LREQLGPVTQEFWDNLEK	3	sp|P02647|APOA1_HUMAN	0.0025806453	0.9866190731264982	0.9288079655411133	173514.00220246313
VGYVSGWGR	2	sp|P00738|HPT_HUMAN	0.0025806453	1.0	0.9816526918637533	3738609.489646264
LVRPEVDVMC[+57.021465]TAFHDNEETFLK	3	sp|P02768|ALBU_HUMAN	0.0025806453	1.0	0.9421477429703687	623206.7704793662
ISYDAQFEVIK	2	sp|P16284|PECA1_HUMAN	0.0025806453	1.0	0.8821070633526524	4033.6700868020885
DASGVTFTWTPSSGK	2	sp|P01876|IGHA1_HUMAN	0.0025806453	0.9866190731264982	0.9469130509237378	32774.91193692646
EGEEFTVTC[+57.021465]TIK	2	sp|P10721|KIT_HUMAN	0.0025806453	0.9933552810135716	0.8428501971903797	3358.3027389362396
TMLLQPAGSLGSYSYR	2	sp|P41222|PTGDS_HUMAN	0.0025806453	0.9728591838590949	0.9505392210335959	336803.56364346045
DVWGIEGPIDAAFTR	2	sp|P04004|VTNC_HUMAN	0.0025806453	1.0	0.9251311871268324	356392.15265861445
DIAPTLTLYVGK	3	sp|P00738|HPT_HUMAN;sp|P00739|HPTR_HUMAN	0.0025806453	1.0	0.8550853661017837	8788.315562552285
AVSISPTNVILTWK	2	sp|Q12913|PTPRJ_HUMAN	0.0025806453	0.9866190731264982	0.9313381548901519	58688.81203656948
YVGGQEHFAHLLILR	3	sp|P02763|A1AG1_HUMAN	0.0025806453	0.9728591838590949	0.9546541199750683	1296132.2058547535
SDVM[+15.994915]YTDWK	2	sp|P19652|A1AG2_HUMAN	0.0025806453	0.9933552810135716	0.8675452868636411	1496.016084978145
FSGSGSGTDFTLTISR	2	sp|A0A0C4DH25|KVD20_HUMAN;sp|P01619|KV320_HUMAN	0.0025806453	1.0	0.9798320777007804	645258.8030106173
SDVMYTDWK	2	sp|P19652|A1AG2_HUMAN	0.0025806453	1.0	0.9626524565152107	6118079.123152692
TEVSSNHVLIYLDK	2	sp|P01023|A2MG_HUMAN	0.0025806453	1.0	0.9786603549376767	113851.17279088972
YIC[+57.021465]ENQDSISSK	2	sp|P02768|ALBU_HUMAN	0.0025806453	0.9866190731264982	0.9175800793767088	61980.39286105299
SEAYNTFSER	2	sp|P12259|FA5_HUMAN	0.0025806453	0.9933552810135716	0.9262354799146539	13892.05340503155
GGSTSYGTGSETESPR	2	sp|P02671|FIBA_HUMAN	0.0025806453	0.9797881705057813	0.9115698880543286	11337.974510746722
SYPGLTSYLVR	2	sp|P80188|NGAL_HUMAN	0.0025806453	1.0	0.9254534381916667	15295.90253841534
EHVAHLLFLRDTK	2	sp|P19652|A1AG2_HUMAN	0.0025806453	0.9728591838590949	0.9180530674072604	42702.513154988585
RLGMFNIQHC[+57.021465]K	3	sp|P01009|A1AT_HUMAN	0.0025806453	0.9866190731264982	0.972988805305393	1816.1651305755413
EFTPPVQAAYQK	2	sp|P68871|HBB_HUMAN	0.0025806453	1.0	0.8514656873966715	41486.813675405516
EENFYVDETTVVK	2	sp|P08185|CBG_HUMAN	0.0025806453	0.9797881705057813	0.9497065537155329	3459966.121831155
SAGSVESPSVSSTHR	2	sp|P17936|IBP3_HUMAN	0.0025806453	0.9866190731264982	0.8801635237417221	2153.691500767218
IHWESASLLR	2	sp|P01024|CO3_HUMAN	0.0025806453	0.9933552810135716	0.9605712705376166	59487.730090304256
EVGTPHGIILDSVDAAFIC[+57.021465]PGSSR	3	sp|P02790|HEMO_HUMAN	0.0025806453	1.0	0.9246739802178895	53325257.78980458
VC[+57.021465]PFAGILENGAVR	2	sp|P02749|APOH_HUMAN	0.009101251	0.8630568252698203	0.9189457791345763	240631.49068818672
NLDSNAVVIMVNYIFFK	3	sp|P05154|IPSP_HUMAN	0.0025806453	1.0	0.821801319918143	8090.355250780626
AFIQLWAFDAVK	3	sp|P02760|AMBP_HUMAN	0.0025806453	0.9933552810135716	0.9851370380082435	1699.296266734211
TLLSNLEEAK	2	sp|P10909|CLUS_HUMAN	0.0025806453	1.0	0.9571566742438012	906014.8608809819
VDGALC[+57.021465]MEK	2	sp|P02790|HEMO_HUMAN	0.0025806453	0.9866190731264982	0.9611389774529138	150266.9660160614
FIC[+57.021465]PLTGLWPINTLK	2	sp|P02749|APOH_HUMAN	0.004651163	0.9586923939928679	0.9754856550041547	281743.71027708065
EPQDTYHYLPFSLPHR	3	sp|P10909|CLUS_HUMAN	0.0025806453	1.0	0.9200396458826605	133686.6851025935
SVLGQLGITK	2	sp|P01009|A1AT_HUMAN	0.0025806453	1.0	0.9549773554078282	24264856.656609923
WKNFPSPVDAAFR	2	sp|P02790|HEMO_HUMAN	0.0025806453	0.9866190731264982	0.9621057381555198	31227.470355976533
HPDEAAFFDTASTGK	3	sp|P02671|FIBA_HUMAN	0.0025806453	1.0	0.8671864536136907	56492.003680574395
EGIVEYPR	2	sp|Q02985|FHR3_HUMAN;sp|Q92496|FHR4_HUMAN	0.0025806453	1.0	0.7600081693057131	59739.62707385624
FLENEDRR	2	sp|P01009|A1AT_HUMAN	0.0025806453	1.0	0.9725826177423226	453047.21035643487
MYATIYELK	2	sp|P80188|NGAL_HUMAN	0.0025806453	0.9933552810135716	0.867992234599234	4924.882449048466
EHVAHLLFLR	3	sp|P19652|A1AG2_HUMAN	0.0025806453	0.9728591838590949	0.953720541431415	4139422.890145064
YEGGREHVAHLLFLR	4	sp|P19652|A1AG2_HUMAN	0.0025806453	0.9797881705057813	0.9420324680765331	332482.8808668263
HPYFYAPELLFFAK	3	sp|P02768|ALBU_HUMAN	0.0025806453	0.9933552810135716	0.9041911213092421	109968.5876828249
TEDTIFLR	2	sp|P02763|A1AG1_HUMAN;sp|P19652|A1AG2_HUMAN	0.0025806453	0.9866190731264982	0.9802802349201142	163430.02452119376
DFLQSLK	2	sp|P08697|A2AP_HUMAN	0.0025806453	1.0	0.9743292562446338	210224.2276752991
LC[+57.021465]TPLLPK	2	sp|P27918|PROP_HUMAN	0.0025806453	0.9866190731264982	0.9469520311006482	5004.278629815727
YTDLVAIQNK	2	sp|P16109|LYAM3_HUMAN	0.0025806453	0.9933552810135716	0.8501806067398358	3851.1639263238203
AFSVNIFK	2	sp|P11279|LAMP1_HUMAN	0.0025806453	0.9797881705057813	0.9924892816631459	90382.95802057038
TVAAC[+57.021465]NLPIVR	2	sp|P02760|AMBP_HUMAN	0.0025806453	0.9933552810135716	0.9520381346140266	118927.41461986986
IPLNDLFR	2	sp|P13473|LAMP2_HUMAN	0.0025806453	0.9866190731264982	0.9036726568782713	2941.006680321261
SKLPGIVAEGRDDLYVSDAFHK	3	sp|P01008|ANT3_HUMAN	0.0025806453	1.0	0.9631125872158346	19878.67451463674
GKEESLDSDLYAELR	4	sp|P02775|CXCL7_HUMAN	0.007972665	0.897262926642552	0.8354673775020452	6673.651494307353
TSESGELHGLTTEEEFVEGIYK	4	sp|P02766|TTHY_HUMAN	0.0025806453	1.0	0.9375814587192307	1038963.4551151819
ALTDMPQMR	2	sp|P02671|FIBA_HUMAN	0.0025806453	1.0	0.9685475988728476	198283.3241404393
QINDYVEK	2	sp|P01009|A1AT_HUMAN	0.0025806453	1.0	0.9700573153127995	594187.4408925342
ELDRDTVFALVNYIFFK	3	sp|P01009|A1AT_HUMAN	0.0025806453	0.9933552810135716	0.9703530842177374	94940.55634666512
GFQQLLQELNQPR	3	sp|P05154|IPSP_HUMAN	0.0025806453	0.9866190731264982	0.7947709418067248	10459.375506336273
LDDDLEHQGGHVLDHGHK	5	sp|P01042|KNG1_HUMAN	0.0025806453	1.0	0.912385665973591	2174968.87967566
WYNLAIGSTC[+57.021465]PWLK	3	sp|P02760|AMBP_HUMAN	0.0025806453	1.0	0.9644133883219048	130703.55387739721
RLWWLDLK	2	sp|P02790|HEMO_HUMAN	0.0025806453	0.9933552810135716	0.9796585745566113	63947.363496170525
NPNLPPETVDSLK	2	sp|P05090|APOD_HUMAN	0.0025806453	0.9933552810135716	0.9562974295623002	27724.708368634867
SPELQAEAKSYFEK	4	sp|P02652|APOA2_HUMAN	0.004651163	0.9514467542496609	0.78187455650297	1867.4220777248484
ENGTISRYVGGQEHFAHLLILR	4	sp|P02763|A1AG1_HUMAN	0.007972665	0.9054124614333342	0.802121160443912	91235.69818840761
ALGISPFHEHAEVVFTANDSGPR	4	sp|P02766|TTHY_HUMAN	0.0025806453	1.0	0.9385158575842966	11049736.876993118
WLQDNAENVYVWK	2	sp|P07359|GP1BA_HUMAN	0.0025806453	1.0	0.9306107543224204	1017782.900150528
YKEENDDFASFR	2	sp|P04196|HRG_HUMAN	0.0025806453	1.0	0.913467199696923	39051.2364795917
KLYHSEAFTVNFGDTEEAKK	3	sp|P01009|A1AT_HUMAN	0.0025806453	1.0	0.9511822302095475	70090.9283978953
ALPAPIEK	1	sp|P01857|IGHG1_HUMAN;sp|P01860|IGHG3_HUMAN;sp|P0DOX5|IGG1_HUMAN	0.0025806453	1.0	0.9459586159260207	39369.743527813385
SVNNVVVR	1	sp|O75882|ATRN_HUMAN	0.0025806453	0.9797881705057813	0.7449336537501078	167.26901321969163
TLMFGSYLDDEKNWGLSFYADKPETTK	5	sp|P19652|A1AG2_HUMAN	0.0025806453	1.0	0.7023659279716826	51385.729399172735
ALVLIAFAQYLQQC[+57.021465]PFEDHVK	4	sp|P02768|ALBU_HUMAN	0.0025806453	1.0	0.9302221565692579	20970.35922521689
DSVGQLQLYR	2	sp|Q99941|ATF6B_HUMAN	0.0025806453	0.9933552810135716	0.8988332226135692	16879.80838315447
VAEGTQVLELPFK	2	sp|P01008|ANT3_HUMAN	0.0025806453	1.0	0.9621927918229078	3094445.1538481666
GIYSFSFHVIK	3	sp|Q9NTU7|CBLN4_HUMAN	0.0025806453	1.0	0.9125079613233149	155326.26006287645
GTWTQPFDLASTR	2	sp|P08185|CBG_HUMAN	0.0025806453	0.9866190731264982	0.9547339190920275	2964747.683668187
DKC[+57.021465]EPLEKQHEK	4	sp|P02763|A1AG1_HUMAN;sp|P19652|A1AG2_HUMAN	0.0025806453	1.0	0.9300263493276136	69483.5949982088
YLYEIAR	1	sp|P02768|ALBU_HUMAN	0.004651163	0.9514467542496609	0.7040767979992524	393.2893961763957
WQQGNVFSC[+57.021465]SVMHEALHNHYTQK	5	sp|P01857|IGHG1_HUMAN;sp|P01859|IGHG2_HUMAN;sp|P0DOX5|IGG1_HUMAN	0.0036855037	0.9658285256870233	0.953181165089912	16731.247246355408
ALGISPFHEHAEVVFTANDSGPRR	4	sp|P02766|TTHY_HUMAN	0.004651163	0.9440873193926883	0.8877127660563158	6536.42148055567
LLIYGASSR	2	sp|P01619|KV320_HUMAN	0.0025806453	1.0	0.9331253669685738	459037.7494320515
FNALQYLR	2	sp|P51884|LUM_HUMAN	0.006904488	0.9134157281067091	0.7560680244511682	931.6425051343666
EEDPIHLR	2	sp|O75015|FCG3B_HUMAN;sp|P08637|FCG3A_HUMAN	0.0025806453	1.0	0.9556233809329082	216256.21993553327
SPELQAEAK	1	sp|P02652|APOA2_HUMAN	0.0025806453	1.0	0.9581180101850777	249516.34598932316
LVLLNAIYLSAK	2	sp|P05155|IC1_HUMAN	0.0025806453	1.0	0.9280359862343602	38825.35974806319
EQYAVVGHSAHIVTLK	3	sp|O75882|ATRN_HUMAN	0.0025806453	1.0	0.8138439725153382	24577.30403908462
MNTVIAALSR	2	sp|P08185|CBG_HUMAN	0.0025806453	1.0	0.9569796549478442	644517.9823655233
SDGDPVQPAVLQVHQTS	2	sp|O95810|CAVN2_HUMAN	0.0025806453	1.0	0.9330122296174238	451549.3507228174
TFVLPVTPPR	2	sp|P32942|ICAM3_HUMAN	0.0025806453	0.9933552810135716	0.9836748288252468	54197.1423292027
KQINDYVEK	2	sp|P01009|A1AT_HUMAN	0.0025806453	1.0	0.9530846742491705	95212.7360099567
NWGLSVYADKPETTK	2	sp|P02763|A1AG1_HUMAN	0.007972665	0.897262926642552	0.8312312100869702	11191.088799936137
GSSSSPLGISVR	2	sp|Q9NTU7|CBLN4_HUMAN	0.0025806453	1.0	0.9426505713930929	207170.90487223348
GLIDEVNQDFTNR	2	sp|P02671|FIBA_HUMAN	0.0025806453	1.0	0.9313441739066955	163085.34019625105
GSPAINVAVHVFRK	3	sp|P02766|TTHY_HUMAN	0.0025806453	0.9866190731264982	0.964970586493233	230851.15764070363
VWPQQPSGELFEIEIDTLETTC[+57.021465]HVLDPTPVAR	4	sp|P02765|FETUA_HUMAN	0.0025806453	1.0	0.9328444016026829	3131062.9423487564
DGNPFYFTDHR	2	sp|O00533|NCHL1_HUMAN	0.0025806453	0.9797881705057813	0.9130949859676436	16686.54942333209
LYHSEAFTVNFGDTEEAKK	4	sp|P01009|A1AT_HUMAN	0.0025806453	1.0	0.9552879294949091	1288105.8620397905
LVEVNPK	1	sp|Q92954|PRG4_HUMAN	0.007972665	0.897262926642552	0.7522881964473888	217.8898006012606
ILDYEVTLTR	3	sp|P40189|IL6RB_HUMAN	0.0025806453	1.0	0.9010331162675577	15498.94802669626
DYFMPC[+57.021465]PGR	3	sp|P02790|HEMO_HUMAN	0.0025806453	1.0	0.8690615592503543	8811.761380217704
GPMFELLPGESNK	3	sp|P10124|SRGN_HUMAN	0.0025806453	0.9933552810135716	0.8210212130675063	55.61119604860443
GSPAINVAVHVFR	3	sp|P02766|TTHY_HUMAN	0.0025806453	0.9933552810135716	0.954200602025818	8700876.39190162
ANRPFLVFIR	2	sp|P01008|ANT3_HUMAN	0.0025806453	0.9728591838590949	0.9048889512574552	59163.396966382454
EAEPLVDIR	2	sp|Q9H8L6|MMRN2_HUMAN	0.0025806453	0.9866190731264982	0.7019281725059165	13506.620305046548
WSAGLTSSQVDLYIPK	2	sp|P08185|CBG_HUMAN	0.0025806453	1.0	0.9260942583248638	1461768.2068584086
EVPLNTIIFMGR	2	sp|P01008|ANT3_HUMAN	0.0025806453	0.9933552810135716	0.9574679240029047	2004484.6260389825
SC[+57.021465]AVAEYGVYVK	2	sp|P00738|HPT_HUMAN;sp|P00739|HPTR_HUMAN	0.021158129	0.9933552810135716	0.9437314410690918	1172542.8666183457
TEHPFTVEEFVLPK	2	sp|P01023|A2MG_HUMAN	0.0025806453	1.0	0.8684379085531194	271933.0482104148
FKLDDDLEHQGGHVLDHGHK	5	sp|P01042|KNG1_HUMAN	0.0025806453	0.9866190731264982	0.9585034570830323	11282.229183159097
IDPSHTQGYR	3	sp|P40189|IL6RB_HUMAN	0.0025806453	0.9728591838590949	0.929817044306538	980.6047547217461
SDVVYTDWKKDK	3	sp|P02763|A1AG1_HUMAN	0.0025806453	0.9866190731264982	0.8244628437189112	11752.065590706658
GSFPWQAK	2	sp|P00738|HPT_HUMAN;sp|P00739|HPTR_HUMAN	0.0025806453	0.9797881705057813	0.9826119844976291	1413748.649598342
ETLLQDFR	2	sp|P02760|AMBP_HUMAN	0.0025806453	0.9866190731264982	0.9813477612894795	829720.1006982962
AVMDDFAAFVEK	2	sp|P02768|ALBU_HUMAN	0.0025806453	0.9797881705057813	0.9819795248724162	3094477.5219085403
VFEVHVRPK	2	sp|P13598|ICAM2_HUMAN	0.0025806453	1.0	0.9441314374346244	97323.00439178616
ALMSPAGMLR	2	sp|O75144|ICOSL_HUMAN	0.0025806453	0.9866190731264982	0.9314259248275981	303218.30698618985
YVGGQEHFAHLLILRDTK	3	sp|P02763|A1AG1_HUMAN	0.0025806453	0.9933552810135716	0.9417498440934597	788379.5555906518
EESLDSDLYAELR	3	sp|P02775|CXCL7_HUMAN	0.0025806453	0.9866190731264982	0.793135308644053	2705.8638078366644
QQTHMLDVMQDHFSR	4	sp|P10909|CLUS_HUMAN	0.0025806453	0.9866190731264982	0.8953798758771454	16939.45145619706
VVAGVANALAHK	2	sp|P02042|HBD_HUMAN;sp|P68871|HBB_HUMAN	0.0025806453	1.0	0.9857556163933994	498486.84532107745
QEPSQGTTTFAVTSILR	2	sp|P01876|IGHA1_HUMAN	0.0025806453	1.0	0.9635332266502575	183875.28728247416
NFPSPVDAAFR	3	sp|P02790|HEMO_HUMAN	0.0025806453	1.0	0.8904366891568951	171683.40720665912
DQYYNIDVPSR	2	sp|Q92954|PRG4_HUMAN	0.0025806453	0.9933552810135716	0.9516061852050158	624073.6127596317
KYPVAHFIDQTLK	3	sp|P05155|IC1_HUMAN	0.021158129	0.4967407757382715	0.8350348168891505	3032.3814118738514
ALTFELTLR	2	sp|P07333|CSF1R_HUMAN	0.0025806453	1.0	0.9379279779799505	223657.23966487643
SKLPGIVAEGR	2	sp|P01008|ANT3_HUMAN	0.0025806453	0.9933552810135716	0.9721559839594425	1920.4392258897135
VKSPELQAEAK	2	sp|P02652|APOA2_HUMAN	0.0025806453	0.9728591838590949	0.9634143831172667	10957.985178285036
EYC[+57.021465]GVPGDGDEELLR	2	sp|P02760|AMBP_HUMAN	0.0025806453	1.0	0.9402107563019737	2698669.324260762
VADALTNAVAHVDDMPNALSALSDLHAHK	4	sp|P69905|HBA_HUMAN	0.004651163	0.9366095275687156	0.9548651766516859	58337.92196825564
EQLTPLIK	2	sp|P02652|APOA2_HUMAN	0.0025806453	1.0	0.9619340401424067	1275572.9030834346
FYNQVSTPLLR	2	sp|P19823|ITIH2_HUMAN	0.0025806453	1.0	0.8752216853236995	399.5428973036583
ASFETC[+57.021465]SYGWVGDGFVVISR	3	sp|Q9Y5Y7|LYVE1_HUMAN	0.0025806453	1.0	0.9388440571075681	146955.04556514663
YLQEIYNSNNQK	2	sp|P02679|FIBG_HUMAN	0.006904488	0.9134157281067091	0.7616690053608824	7441.178599592239
LRTEGDGVYTLNNEK	3	sp|P00738|HPT_HUMAN	0.0025806453	1.0	0.8205414677081946	27164.924922428203
QQTHMLDVMQDHFSR	3	sp|P10909|CLUS_HUMAN	0.0025806453	0.9866190731264982	0.7658202108235699	4747.480815171679
TYMLAFDVNDEK	2	sp|P02763|A1AG1_HUMAN	0.004651163	0.9866190731264982	0.9735839889897763	85973.38686349269
SVQEIQATFFYFTPNK	3	sp|P02763|A1AG1_HUMAN;sp|P19652|A1AG2_HUMAN	0.0025806453	1.0	0.8859624741503145	54965.675762361665
SLTEEAENWGDGEPNNK	2	sp|P14151|LYAM1_HUMAN	0.0025806453	1.0	0.9122771755524758	119754.86800004178
EQLGEFYEALDC[+57.021465]LC[+57.021465]IPR	3	sp|P19652|A1AG2_HUMAN	0.0025806453	0.9866190731264982	0.9247097859911442	6855124.908795118
DMPASEDLQDLQK	2	sp|P49908|SEPP1_HUMAN	0.0025806453	1.0	0.9513037710614342	4038685.5730406945
DLQFVEVTDVK	3	sp|P02751|FINC_HUMAN	0.016759777	0.7266555365444503	0.88257182711181	2371.198967164477
LLSHC[+57.021465]LLVTLAAHLPAEFTPAVHASLDK	4	sp|P69905|HBA_HUMAN	0.0025806453	1.0	0.9019203375170208	218479.82036101446
STSGGTAALGC[+57.021465]LVK	2	sp|P01857|IGHG1_HUMAN;sp|P01860|IGHG3_HUMAN;sp|P0DOX5|IGG1_HUMAN	0.0025806453	1.0	0.9132319188786966	98524.02588963823
KPDGYDYYAFSK	3	sp|Q92954|PRG4_HUMAN	0.0025806453	1.0	0.9569399180239406	125764.96987165988
GWSEEELQGVLR	2	sp|Q9H4A9|DPEP2_HUMAN	0.0025806453	0.9933552810135716	0.847191761163914	2511.305716854759
KWQEEMELYR	2	sp|P02647|APOA1_HUMAN	0.0025806453	0.9933552810135716	0.9777368858379878	25385.23573361391
ALQDQLVLVAAK	2	sp|P01019|ANGT_HUMAN	0.0025806453	1.0	0.8714876893367107	6239.361362265368
LEDMEQALSPSVFK	2	sp|P05155|IC1_HUMAN	0.0025806453	0.9797881705057813	0.9751265288254733	349920.4565633942
SFTIEC[+57.021465]R	1	sp|P13598|ICAM2_HUMAN	0.004651163	0.9440873193926883	0.858406542295861	3947.4039511465653
YAATSQVLLPSK	3	sp|P01871|IGHM_HUMAN;sp|P0DOX6|IGM_HUMAN	0.016759777	0.7266555365444503	0.8985172385704293	11003.486234500257
ITPNLAEFAFSLYR	3	sp|P01009|A1AT_HUMAN	0.0025806453	1.0	0.974991474197512	113449.30476020671
VWVYPPEK	2	sp|P02790|HEMO_HUMAN	0.0025806453	0.9866190731264982	0.9647388958552685	1671128.811019627
DDLYVSDAFHK	3	sp|P01008|ANT3_HUMAN	0.0025806453	1.0	0.967366022597617	252662.96826648357
NTWSILHTQGALVQGGYGHSSVYDHR	5	sp|O75882|ATRN_HUMAN	0.0025806453	0.9728591838590949	0.9528678816833285	103514.92860333265
KNIFISPVSISMALAMLSLGTC[+57.021465]GHTR	3	sp|P08185|CBG_HUMAN	0.0025806453	0.9933552810135716	0.8347760920142899	3185.319717692597
SLTEEAENWGDGEPNNKK	3	sp|P14151|LYAM1_HUMAN	0.0025806453	0.9933552810135716	0.863373608402873	51306.772218380196
SDVMYTDWKKDK	2	sp|P19652|A1AG2_HUMAN	0.0025806453	1.0	0.9134254536680437	50528.79455507949
QNQC[+57.021465]FYNSSYLNVQR	3	sp|P19652|A1AG2_HUMAN	0.0036855037	0.9658285256870233	0.7465915429906999	8600.422517989944
VGAHAGEYGAEALER	2	sp|P69905|HBA_HUMAN	0.0025806453	0.9866190731264982	0.8983414415354088	47607.58350660048
LVHVEEPHTETVR	4	sp|P01023|A2MG_HUMAN	0.0025806453	1.0	0.7763245755792598	87481.32014944976
TVVQPSVGAAAGPVVPPC[+57.021465]PGR	4	sp|P02765|FETUA_HUMAN	0.004651163	0.9290085173289965	0.7613957920750394	2476.6320739453
DTINLLDQR	2	sp|Q8NBJ4|GOLM1_HUMAN	0.0025806453	1.0	0.9685566145516665	109466.06046500205
TVVQLEGDNK	2	sp|P07148|FABPL_HUMAN	0.0025806453	1.0	0.8890471967973941	14804.814582442252
AEIEYLEK	2	sp|P14151|LYAM1_HUMAN	0.0025806453	0.9866190731264982	0.9683485129530112	10132.217980670162
YPNC[+57.021465]AYR	1	sp|P07998|RNAS1_HUMAN	0.0025806453	0.9797881705057813	0.725161579909552	572.0155427675777
RPC[+57.021465]FSALEVDETYVPK	3	sp|P02768|ALBU_HUMAN	0.0025806453	1.0	0.8297301615233367	17652.801635579148
YTIAALLSPYSYSTTAVVTNPKE	3	sp|P02766|TTHY_HUMAN	0.0025806453	1.0	0.9580982017774232	598546.8353192216
SGFPQVSMFFTHTFPK	2	sp|P04196|HRG_HUMAN	0.010204081	0.8448700454299841	0.7215771747952431	32516.135566750498
DIPTNSPELEETLTHTITK	3	sp|P01042|KNG1_HUMAN	0.0025806453	1.0	0.9262289292093201	2392854.8274706374
YVGGQEHFAHLLILR	4	sp|P02763|A1AG1_HUMAN	0.0025806453	0.9728591838590949	0.9576527980026985	18402511.81759384
VSFLSALEEYTK	2	sp|P02647|APOA1_HUMAN	0.0025806453	0.9866190731264982	0.9395236930413432	108243.84790803316
DKC[+57.021465]EPLEK	2	sp|P02763|A1AG1_HUMAN;sp|P19652|A1AG2_HUMAN	0.0025806453	0.9866190731264982	0.9547063476152089	23081.973427140416
DGWHSWPIAHQWPQGPSAVDAAFSWEEK	4	sp|P02790|HEMO_HUMAN	0.0025806453	0.9797881705057813	0.9295821805238447	911397.7719016083
GTEAAGAMFLEAIPMSIPPEVK	3	sp|P01009|A1AT_HUMAN	0.0025806453	0.9866190731264982	0.9449047806159225	500562.77209663135
SPSQDEMLPTYLK	2	sp|Q8IZF2|AGRF5_HUMAN	0.0025806453	0.9866190731264982	0.9428235651016867	24529.427749271195
SGAEAQTPEDSPNR	2	sp|O43493|TGON2_HUMAN	0.0025806453	1.0	0.9815720026149115	4156.2790213805965
GTSAVNVVLSLK	2	sp|P20061|TCO1_HUMAN	0.0025806453	0.9933552810135716	0.9714017101892748	10713.537728996298
GVC[+57.021465]EETSGAYEK	2	sp|P02760|AMBP_HUMAN	0.0025806453	1.0	0.9467439752812443	116535.60294067323
SDVVYTDWKK	2	sp|P02763|A1AG1_HUMAN	0.0025806453	1.0	0.9658681194229132	123745.73357284113
C[+57.021465]DDWGLDTMR	2	sp|Q9NPH3|IL1AP_HUMAN	0.0025806453	1.0	0.817644842425105	7534.601304167862
FLEDVKK	1	sp|P01009|A1AT_HUMAN	0.0025806453	1.0	0.8943606035857123	24741.691409436353
NILTSNNIDVK	2	sp|P05090|APOD_HUMAN	0.0025806453	1.0	0.9731167568778012	446819.47566773026
GPGEDFR	2	sp|P41222|PTGDS_HUMAN	0.0025806453	0.9728591838590949	0.9896078805379646	15855.234229200487
LFDSDPITVTVPVEVSR	3	sp|P10909|CLUS_HUMAN	0.0025806453	1.0	0.9468780460467534	208521.37607734455
EPQDTYHYLPFSLPHR	4	sp|P10909|CLUS_HUMAN	0.0025806453	1.0	0.8972302897015005	137177.8771050976
NEDSLVFVQTDK	2	sp|P01023|A2MG_HUMAN	0.0025806453	0.9933552810135716	0.8796715358676693	3749.355761578323
ELDESLQVAER	2	sp|P10909|CLUS_HUMAN	0.0025806453	1.0	0.9728469542218355	57817.13195710172
FEDGVLDPDYPR	2	sp|P04004|VTNC_HUMAN	0.0025806453	0.9933552810135716	0.939470993605482	10751.598765411605
FQPTLLTLPR	2	sp|P05155|IC1_HUMAN	0.0025806453	0.9933552810135716	0.9780581516283351	215738.4963456005
SDVMYTDWKK	2	sp|P19652|A1AG2_HUMAN	0.0025806453	1.0	0.9823902425311207	106589.64842946127
FNQPFIIMIFDHFTWSSLFLAR	4	sp|P08185|CBG_HUMAN	0.0036855037	0.9658285256870233	0.8883754771004091	11585.44003339663
YEGGREHVAHLLFLR	3	sp|P19652|A1AG2_HUMAN	0.004651163	0.9514467542496609	0.8030936740685131	915.8962549707328
NLQEILHGAVR	2	sp|P00533|EGFR_HUMAN	0.0025806453	1.0	0.8861890774418961	5525.01230919614
FSGSNSGNTATLTISR	3	sp|A0A075B6K5|LV39_HUMAN;sp|P80748|LV321_HUMAN	0.0025806453	0.9797881705057813	0.8602457450135124	182.2529353426557
GSESGIFTNTK	2	sp|P02671|FIBA_HUMAN	0.0025806453	1.0	0.9823150352896406	192731.39776087305
LINDYVK	1	sp|P01011|AACT_HUMAN	0.0025806453	1.0	0.805076281719187	14893.017354637233
GNLC[+57.021465]VNLMR	2	sp|P02746|C1QB_HUMAN	0.0025806453	1.0	0.8778936735450402	82971.16230084117
MYLGYEYVTAIR	3	sp|P02787|TRFE_HUMAN	0.006904488	0.9134157281067091	0.7791580533440171	9971.958294241316
YGFIEGHVVIPR	2	sp|P16070|CD44_HUMAN	0.0025806453	0.9933552810135716	0.9463413666420254	1329353.8550652794
VTVLGQPK	2	sp|B9A064|IGLL5_HUMAN;sp|P0DOX8|IGL1_HUMAN	0.0025806453	0.9728591838590949	0.9530671012201836	21524.991783682708
DLGEENFK	1	sp|P02768|ALBU_HUMAN	0.0025806453	0.9866190731264982	0.954130649751654	2006.7689543226606
LVRPEVDVMC[+57.021465]TAFHDNEETFLK	4	sp|P02768|ALBU_HUMAN	0.0025806453	1.0	0.920915481673792	461145.6311269291
GLEEELQFSLGSK	2	sp|P0C0L4|CO4A_HUMAN;sp|P0C0L5|CO4B_HUMAN	0.0025806453	1.0	0.8474132659906514	43771.1634578323
HRLEDMEQALSPSVFK	3	sp|P05155|IC1_HUMAN	0.0025806453	1.0	0.9467730840889078	97074.68114213718
ELDRDTVFALVNYIFFK	4	sp|P01009|A1AT_HUMAN	0.0025806453	0.9933552810135716	0.891984982686031	987.5062820441816
AGTELVNFLSYFVELGTQPATQ	3	sp|P02652|APOA2_HUMAN	0.0025806453	1.0	0.9199761502206829	3352272.6365256617
YYWGGQYTWDMAK	2	sp|P02675|FIBB_HUMAN	0.0025806453	1.0	0.7617345229494209	156503.79047490764
IC[+57.021465]LDPDAPR	2	sp|P02775|CXCL7_HUMAN	0.0025806453	1.0	0.7502176928453231	16125.802039322238
TVAAPSVFIFPPSDEQLK	3	sp|P01834|IGKC_HUMAN	0.0025806453	1.0	0.9211631811113549	30127.690107842078
TFLTVYWTPER	2	sp|P05362|ICAM1_HUMAN	0.0025806453	0.9933552810135716	0.9558694171005387	11394.130648824168
KGPGPGGPGGAGVAR	3	sp|Q92686|NEUG_HUMAN	0.0025806453	0.9728591838590949	0.9160650106704931	6122.776024112445
EFLEDTC[+57.021465]VQYVQK	2	sp|Q9UNN8|EPCR_HUMAN	0.0025806453	1.0	0.8940405917916053	223196.99659783993
WYVDGVEVHNAK	2	sp|P01860|IGHG3_HUMAN	0.016759777	0.9866190731264982	0.9651370208209307	3067.348473864254
THLAPYSDELR	2	sp|P02647|APOA1_HUMAN	0.0025806453	1.0	0.9698388376333844	676083.0784473929
RPSEIVIGQC[+57.021465]K	3	sp|P04196|HRG_HUMAN	0.0025806453	1.0	0.9713287646762531	8514.93812244136
AAC[+57.021465]LLPK	2	sp|P02768|ALBU_HUMAN	0.0025806453	1.0	0.9928405222916723	417131.52762447373
FPVFMGR	1	sp|P05155|IC1_HUMAN	0.0025806453	1.0	0.7139125998123488	27572.403999145034
SGAEEQGPIDGPSK	2	sp|O43493|TGON2_HUMAN	0.0025806453	0.9933552810135716	0.9204120243288606	8423.421197906888
RHPYFYAPELLFFAK	4	sp|P02768|ALBU_HUMAN	0.014623172	0.7390601692542802	0.8211492500132627	8636.748880749481
VQLTGEPVPMAR	2	sp|P15151|PVR_HUMAN	0.0025806453	1.0	0.9844843390837373	90236.20536738218
SKLPGIVAEGRDDLYVSDAFHK	5	sp|P01008|ANT3_HUMAN	0.0025806453	1.0	0.8775297878662787	40961.13973961441
AATGEC[+57.021465]TATVGK	3	sp|P01042|KNG1_HUMAN	0.004651163	0.9366095275687156	0.7418641310108103	46.58392070497251
YVTSAPMPEPQAPGR	2	sp|P01871|IGHM_HUMAN;sp|P0DOX6|IGM_HUMAN	0.0025806453	0.9797881705057813	0.98379360319713	17556.373603967742
HGGLFHENMR	3	sp|Q02985|FHR3_HUMAN	0.0025806453	1.0	0.885459406493907	89575.78179846134
NHNALLASLTTQK	2	sp|O75882|ATRN_HUMAN	0.0025806453	0.9933552810135716	0.8476643479955644	8370.018102892342
VLSYVDWIK	2	sp|Q9NZP8|C1RL_HUMAN	0.0025806453	0.9933552810135716	0.9668513934017243	12930.866637048828
TTPPVLDSDGSFFLYSK	2	sp|P01857|IGHG1_HUMAN;sp|P0DOX5|IGG1_HUMAN	0.0025806453	1.0	0.7898498467109826	19445.599830256357
STAAMSTYTGIFTDQVLSVLK	4	sp|P02655|APOC2_HUMAN	0.0025806453	1.0	0.7846730913565148	16231.14487664391
IGPDNLPYVQILK	2	sp|P11362|FGFR1_HUMAN	0.0025806453	0.9866190731264982	0.9806953729760429	61696.67663172958
EGYYGYTGAFR	2	sp|P02787|TRFE_HUMAN	0.0025806453	1.0	0.9774624652417216	12419.206990984032
ALDLINK	1	sp|P04196|HRG_HUMAN	0.004651163	0.9586923939928679	0.7566874976705183	139.11342345654285
LDDDLEHQGGHVLDHGHK	3	sp|P01042|KNG1_HUMAN	0.0025806453	1.0	0.8668724452209237	57108.44422651663
AVLDVFEEGTEASAATAVK	2	sp|P01011|AACT_HUMAN	0.0025806453	1.0	0.9927906903424775	166781.2025463822
NWGLSFYADKPETTK	2	sp|P19652|A1AG2_HUMAN	0.0025806453	0.9728591838590949	0.9536046998230698	43283.85256862895
TC[+57.021465]VADESAENC[+57.021465]DK	2	sp|P02768|ALBU_HUMAN	0.0025806453	1.0	0.8637369879015036	22595.780841945052
SPELQAEAKSYFEK	2	sp|P02652|APOA2_HUMAN	0.0025806453	0.9728591838590949	0.8981999802314685	12672.284648824203
GEC[+57.021465]QAEGVLFFQGDR	2	sp|P02790|HEMO_HUMAN	0.0025806453	0.9728591838590949	0.8713310125943536	139321.02170515087
ELELQIGNALFIGK	2	sp|P05543|THBG_HUMAN	0.0025806453	0.9797881705057813	0.8826093085332898	151270.3783720971
FLENEDR	2	sp|P01009|A1AT_HUMAN	0.0025806453	0.9797881705057813	0.9894578481442275	75857.42550330565
GPSVFPLAPC[+57.021465]SR	2	sp|P01859|IGHG2_HUMAN;sp|P01860|IGHG3_HUMAN;sp|P01861|IGHG4_HUMAN	0.0025806453	1.0	0.9333746075803391	35687.51403803094
YYC[+57.021465]FQGNQFLR	2	sp|P02790|HEMO_HUMAN	0.0025806453	1.0	0.9481216825740866	28736825.593517657
DTVFALVNYIFFK	2	sp|P01009|A1AT_HUMAN	0.0025806453	0.9866190731264982	0.7594715618115317	5854.985273230701
RHPYFYAPELLFFAK	3	sp|P02768|ALBU_HUMAN	0.0025806453	1.0	0.9272695235377921	47974.140828824005
HSAQPWADFTLLGAR	2	sp|Q8IYS5|OSCAR_HUMAN	0.0025806453	1.0	0.9002440613563211	92088.34944663652
TDASDVKPC[+57.021465]	2	sp|P02749|APOH_HUMAN	0.0025806453	0.9866190731264982	0.9379758935805836	2703.0695807798074
VTTSQDMLSIMEK	2	sp|P05155|IC1_HUMAN	0.0025806453	0.9866190731264982	0.9542043067760378	1037168.7680150967
DALSSVQESQVAQQAR	2	sp|P02656|APOC3_HUMAN	0.0025806453	0.9728591838590949	0.9425205854123109	589509.2045617139
QFTSSTSYNR	2	sp|P02671|FIBA_HUMAN	0.0025806453	0.9933552810135716	0.8977991206231636	38349.99044220213
TDTSHHDQDHPTFNK	2	sp|P01009|A1AT_HUMAN	0.0025806453	1.0	0.8998831854789733	140135.4225377658
YPPTVSMVEGQGEK	3	sp|P27918|PROP_HUMAN	0.0025806453	1.0	0.7858032831769117	29687.920326099877
WQQGNVFSC[+57.021465]SVMHEALHNHYTQK	3	sp|P01857|IGHG1_HUMAN;sp|P01859|IGHG2_HUMAN;sp|P0DOX5|IGG1_HUMAN	0.0036855037	0.9658285256870233	0.9425083316621645	11914.243961420161
KVPQVSTPTLVEVSR	3	sp|P02768|ALBU_HUMAN	0.0025806453	1.0	0.9419558635946511	546126.9347161279
ASSIIDELFQDR	2	sp|P10909|CLUS_HUMAN	0.0025806453	0.9933552810135716	0.9448387773138739	110199.05923674059
ETC[+57.021465]FAEEGKK	3	sp|P02768|ALBU_HUMAN	0.0025806453	1.0	0.9694288939072018	109963.56714896085
LVVQSSIDSSAFK	2	sp|P10721|KIT_HUMAN	0.0025806453	1.0	0.9398000483662273	79155.74091630129
SYSC[+57.021465]QVTHEGSTVEK	2	sp|B9A064|IGLL5_HUMAN;sp|P0CF74|IGLC6_HUMAN;sp|P0CG04|IGLC1_HUMAN;sp|P0DOX8|IGL1_HUMAN;sp|P0DOY2|IGLC2_HUMAN;sp|P0DOY3|IGLC3_HUMAN	0.0025806453	1.0	0.9064432299447625	512934.23978631344
MLEEIMK	2	sp|P02679|FIBG_HUMAN	0.0025806453	0.9797881705057813	0.9353610629404335	13427.892630114784
IYMYGGK	1	sp|O75882|ATRN_HUMAN	0.0025806453	1.0	0.9103897490830981	23341.857766596528
FMPLSDVLYGR	2	sp|Q10588|BST1_HUMAN	0.0025806453	1.0	0.9752706198585163	22435.87045880317
LNSQRLVFNRPFLMFIVDNNILFLGKVNRP	5	sp|P05154|IPSP_HUMAN	0.0025806453	1.0	0.9692634049246655	176190.43452245602
INHGILYDEEK	2	sp|P36980|FHR2_HUMAN;sp|Q03591|FHR1_HUMAN	0.0025806453	1.0	0.8824731724674504	5335.647631743209
FTDSENVC[+57.021465]QER	2	sp|P43652|AFAM_HUMAN	0.0025806453	0.9933552810135716	0.9399202668826795	9261.608386353148
FSISATYDLGATLLK	2	sp|P05543|THBG_HUMAN	0.0025806453	1.0	0.9709055723771477	148042.3829321527
GFGGLTGQIVAALSTAK	2	sp|Q92954|PRG4_HUMAN	0.0025806453	1.0	0.8928121378424458	549085.5344007523
TEGQFVDLTGNR	2	sp|P11226|MBL2_HUMAN	0.0025806453	0.9933552810135716	0.8730104278768325	15045.897667829886
SASNMAIVDVK	2	sp|P01023|A2MG_HUMAN	0.006904488	0.9933552810135716	0.9356431759518536	16282.902079094143
QLVEIEK	2	sp|P00738|HPT_HUMAN;sp|P00739|HPTR_HUMAN	0.0025806453	0.9728591838590949	0.97800127994793	310711.2002259724
FQSVFTVTR	2	sp|P02747|C1QC_HUMAN	0.0025806453	1.0	0.8943112344091309	42649.01607411873
GPALTTPK	1	sp|Q92954|PRG4_HUMAN	0.004651163	0.9586923939928679	0.758008194007981	184.04242462860816
EWFWDLATGTMK	2	sp|P02790|HEMO_HUMAN	0.0025806453	0.9866190731264982	0.963999343683845	3913755.4805608867
REPAVGEPAEVTTTVLVR	3	sp|P05362|ICAM1_HUMAN	0.0025806453	1.0	0.9640271040419947	50962.27399970146
LTPTLYVGK	2	sp|O75460|ERN1_HUMAN	0.0025806453	0.9866190731264982	0.8984522178999855	8703.701015732096
EMEDTLNHLK	2	sp|P17936|IBP3_HUMAN	0.0025806453	1.0	0.8587616783456851	93330.57947059906
DAVEDLESVGK	3	sp|P81605|DCD_HUMAN	0.021158129	0.5462099337781654	0.9554082440316687	8186.056519853117
DYQELMNTK	2	sp|P04264|K2C1_HUMAN	0.0025806453	1.0	0.8954493565479228	16043.706854656695
KGIYSFSFHVIK	3	sp|Q9NTU7|CBLN4_HUMAN	0.0025806453	0.9866190731264982	0.921876069113009	18071.191362618316
SETEIHQGFQHLHQLFAK	5	sp|P08185|CBG_HUMAN	0.0025806453	1.0	0.9414850535367745	14212093.951317761
LMVELHNLYR	2	sp|Q6UXB8|PI16_HUMAN	0.0025806453	1.0	0.9551406587236884	29016.590142549365
FKLDDDLEHQGGHVLDHGHK	3	sp|P01042|KNG1_HUMAN	0.0025806453	0.9866190731264982	0.9243980787557162	10325.096355241276
DLWVNIDQMEK	2	sp|Q6UX71|PXDC2_HUMAN	0.0025806453	0.9933552810135716	0.9432483264950398	32061.207999846265
ITC[+57.021465]TEEGWSPTPK	2	sp|Q03591|FHR1_HUMAN;sp|Q9BXR6|FHR5_HUMAN	0.0025806453	0.9866190731264982	0.8803612596679028	2524.9289568748272
YDVDTQMWTILK	3	sp|O75882|ATRN_HUMAN	0.006904488	0.9134157281067091	0.8508781212269905	6744.929344335176
TGLFQDVGPQR	2	sp|Q86SQ4|AGRG6_HUMAN	0.0025806453	1.0	0.7836652292820881	6680.256284851662
SFMLLILER	2	sp|P05543|THBG_HUMAN	0.0025806453	0.9933552810135716	0.9484431332503612	1781.465539967139
LLDSLPSDTR	2	sp|P05155|IC1_HUMAN	0.0025806453	1.0	0.9728266891655325	2000242.358739672
TNLESILSYPK	2	sp|P05155|IC1_HUMAN	0.0025806453	1.0	0.9790002233534909	240577.04454040222
YVMLPVADQDQC[+57.021465]IR	3	sp|P00738|HPT_HUMAN	0.0025806453	1.0	0.7413329470787099	88996.83528889954
ALYVHGGYK	2	sp|O75882|ATRN_HUMAN	0.0025806453	1.0	0.9616352983519113	626566.4886118788
RVWELSK	1	sp|P01008|ANT3_HUMAN	0.0025806453	0.9797881705057813	0.9114623041112927	1532.2888069088895
QPAVEEPAEVTATVLASR	2	sp|P32942|ICAM3_HUMAN	0.0036855037	0.9658285256870233	0.9634980713714411	11802.129190912574
DWHGVPGQVDAAMAGR	2	sp|P04004|VTNC_HUMAN	0.0025806453	1.0	0.9160415423239477	638311.3291056114
EQQALQTVC[+57.021465]LK	3	sp|P05452|TETN_HUMAN	0.004651163	0.9290085173289965	0.7642284307696555	4843.866162411589
AVVFLEPQWYR	3	sp|P08637|FCG3A_HUMAN	0.0025806453	0.9933552810135716	0.9515100777359418	15895.620078730191
MSSINADFAFNLYR	3	sp|P05543|THBG_HUMAN	0.007972665	0.9054124614333342	0.7384366306148917	8670.45505365234
TMIIYFDQVLVNIGNNFDSER	3	sp|P23435|CBLN1_HUMAN	0.0025806453	1.0	0.9867622258205297	265233.47098417324
SGTASVVC[+57.021465]LLNNFYPR	3	sp|P01834|IGKC_HUMAN;sp|P0DOX7|IGK_HUMAN	0.0025806453	0.9933552810135716	0.9378824277399558	110715.15915977785
VGYVSGWGQSDNFK	2	sp|P00739|HPTR_HUMAN	0.0025806453	0.9866190731264982	0.8312521293175236	3188.7437348470494
SYFEKSK	2	sp|P02652|APOA2_HUMAN	0.012429379	0.9797881705057813	0.9259974772720203	1609.289355676175
TEGDGVYTLNDKK	3	sp|P00738|HPT_HUMAN;sp|P00739|HPTR_HUMAN	0.0025806453	1.0	0.9518508434515308	121666.82522311975
LLGIETPLPK	2	sp|P05362|ICAM1_HUMAN	0.0025806453	1.0	0.8478468799993957	102441.17530377187
GILTVDELLAIR	2	sp|P13473|LAMP2_HUMAN	0.0025806453	1.0	0.9861355954832918	2183632.9355559917
SYQDFFEAIR	2	sp|P18850|ATF6A_HUMAN	0.0025806453	1.0	0.8835261527400267	20368.607993197435
AIGPSQTHTIR	2	sp|Q92954|PRG4_HUMAN	0.0025806453	0.9933552810135716	0.9720942906762736	22669.2709100866
RHPDYSVVLLLR	3	sp|P02768|ALBU_HUMAN	0.0025806453	1.0	0.9600906160913855	430799.79240925884
TSDQIHFFFAK	2	sp|P01008|ANT3_HUMAN	0.0025806453	0.9797881705057813	0.9378062312927502	19776.145504431664
GWVTDGFSSLK	2	sp|P02656|APOC3_HUMAN	0.0025806453	0.9933552810135716	0.9702797442615531	581997.9058395564
LHMLQISYFR	2	sp|Q9UNN8|EPCR_HUMAN	0.0025806453	1.0	0.9723370557975531	101612.34492726454
EPC[+57.021465]VESLVSQYFQTVTDYGK	3	sp|P02652|APOA2_HUMAN	0.0025806453	0.9797881705057813	0.9342559449687404	4189285.3151989146
YTIAALLSPYSYSTTAVVTNPK	3	sp|P02766|TTHY_HUMAN	0.0025806453	0.9797881705057813	0.9065708738871177	237265.9625928104
EHAVEGDC[+57.021465]DFQLLK	2	sp|P02765|FETUA_HUMAN	0.0025806453	1.0	0.984573636819074	361152.1998662322
TLMFGSYLDDEK	2	sp|P19652|A1AG2_HUMAN	0.0025806453	0.9866190731264982	0.9553139341114882	8593313.233108683
KGEVLPLPEANFPSFPLPHHK	4	sp|P04196|HRG_HUMAN	0.0025806453	0.9933552810135716	0.8749419728692588	331711.6663344844
RYTIAALLSPYSYSTTAVVTNPK	4	sp|P02766|TTHY_HUMAN	0.0036855037	0.9728591838590949	0.931955938340168	2036506.32800928
SPLFMGK	2	sp|P01009|A1AT_HUMAN	0.0036855037	0.9728591838590949	0.9619080381010413	279841.19376048923
FNWYVDGVEVHNAK	3	sp|P01857|IGHG1_HUMAN;sp|P0DOX5|IGG1_HUMAN	0.0025806453	1.0	0.9552449662753842	1189623.7933093146
YVGGQEHFAHLLILRDTK	4	sp|P02763|A1AG1_HUMAN	0.0025806453	0.9933552810135716	0.9438164574082366	4332.949750012827
AYLEEEC[+57.021465]PATLR	3	sp|P25311|ZA2G_HUMAN	0.0025806453	1.0	0.9221216619195239	10973.236504480223
FQNALLVR	2	sp|P02768|ALBU_HUMAN	0.0025806453	1.0	0.9589160051411187	801654.4236983308
GDSVVYGLR	2	sp|P10451|OSTP_HUMAN	0.0025806453	1.0	0.9174667333873594	63960.05460859319
GDTFSC[+57.021465]MVGHEALPLAFTQK	4	sp|P01876|IGHA1_HUMAN	0.0025806453	1.0	0.7738815147811101	55188.48970564709
KNIFISPVSISMALAMLSLGTC[+57.021465]GHTR	4	sp|P08185|CBG_HUMAN	0.0025806453	0.9933552810135716	0.9094056038495999	6544.0201086381
DYWSTVK	2	sp|P02656|APOC3_HUMAN	0.004651163	0.9658285256870233	0.9923569678394726	345708.08794955135
KAADDTWEPFASGK	2	sp|P02766|TTHY_HUMAN	0.0025806453	1.0	0.9007063236678822	258625.18306829536
VTSIQDWVQK	2	sp|P00738|HPT_HUMAN	0.0025806453	0.9933552810135716	0.9671288405959315	154551.6846596466
LQHLENELTHDIITK	2	sp|P01009|A1AT_HUMAN	0.004651163	0.9658285256870233	0.9946594197460975	82733.68792177572
VLLDGVQNPR	2	sp|P01024|CO3_HUMAN	0.0025806453	1.0	0.9761675908319616	40531.6728673291
WVMVPMMSLHHLTIPYFR	3	sp|P01011|AACT_HUMAN	0.012429379	0.8354707271418766	0.7459183436425595	47290.80883589137
GLASANVDFAFSLYK	3	sp|P08185|CBG_HUMAN	0.004651163	0.9514467542496609	0.8451607303367731	94188.88578642193
QNC[+57.021465]ELFEQLGEYK	2	sp|P02768|ALBU_HUMAN	0.0025806453	1.0	0.8151147949993678	373246.18030330626
YTIAALLSPYSYSTTAVVTNPK	4	sp|P02766|TTHY_HUMAN	0.0025806453	0.9797881705057813	0.9777649296401715	10211.710082274441
IC[+57.021465]LDLQAPLYK	3	sp|P02776|PLF4_HUMAN	0.0025806453	1.0	0.9277124760875552	77175.84553500962
TPSSTGPSPVFDIK	2	sp|Q12913|PTPRJ_HUMAN	0.0025806453	1.0	0.9345747053707193	237763.84994511667
FDTISEK	2	sp|P01008|ANT3_HUMAN	0.0025806453	1.0	0.9898809655847137	499293.1311746814
YSLTYIYTGLSK	2	sp|P25311|ZA2G_HUMAN	0.0025806453	0.9933552810135716	0.9017895112121401	966.197829903037
EIPVLVTQISSTNHPVK	3	sp|Q6UX71|PXDC2_HUMAN	0.0025806453	1.0	0.9358020081850797	8616.645830464084
QGHNSVFLIK	3	sp|P02790|HEMO_HUMAN	0.0025806453	1.0	0.9685812606692817	2971685.226488577
NTWSILHTQGALVQGGYGHSSVYDHR	3	sp|O75882|ATRN_HUMAN	0.0036855037	0.9728591838590949	0.86866209382654	19227.684459611017
IVDLFSGLDSPAILVLVNYIFFK	3	sp|P08185|CBG_HUMAN	0.0025806453	1.0	0.9597156447258299	1030483.2113537394
SASLHLPK	2	sp|P01009|A1AT_HUMAN	0.0025806453	1.0	0.9783521455539427	231031.1954573759
FSGSILGNK	2	sp|A0A075B6I0|LV861_HUMAN	0.0025806453	0.9797881705057813	0.8428417505562881	8224.707205210916
MEEVEAMLLPETLK	2	sp|P01011|AACT_HUMAN	0.0025806453	1.0	0.9077903896100576	1547179.3790094696
FRIEDGFSLK	2	sp|P01008|ANT3_HUMAN	0.0025806453	1.0	0.9841938673292376	746182.2460277892
EQLGEFYEALDC[+57.021465]LC[+57.021465]IPR	4	sp|P19652|A1AG2_HUMAN	0.0025806453	0.9866190731264982	0.9403459692082925	342818.681102301
GDDITMVLILPKPEK	3	sp|P01008|ANT3_HUMAN	0.0025806453	1.0	0.9758094431407333	1634037.8796141294
GDTFSC[+57.021465]MVGHEALPLAFTQK	3	sp|P01876|IGHA1_HUMAN	0.0025806453	1.0	0.9113738332297683	861918.0745762127
EHVAHLLFLRDTK	4	sp|P19652|A1AG2_HUMAN	0.0036855037	0.9728591838590949	0.9525684382813723	195553.4252758256
AQWANPFDPSK	2	sp|P05543|THBG_HUMAN	0.0025806453	1.0	0.9513132724553475	260810.05456684317
YIFSDDSSQLTIK	2	sp|P13591|NCAM1_HUMAN	0.0025806453	1.0	0.8564662966121394	77548.50853028105
FNKPFVFLMIEQNTK	2	sp|P01009|A1AT_HUMAN	0.0025806453	1.0	0.9604284742846664	46345.184065242414
SDVVYTDWK	2	sp|P02763|A1AG1_HUMAN	0.0025806453	1.0	0.9836011983045312	726399.1520763251
GLPNVVTSAISLPNIR	3	sp|Q92954|PRG4_HUMAN	0.0025806453	1.0	0.8992741694907098	721084.1729650452
VGEYSLYIGR	2	sp|P02743|SAMP_HUMAN	0.0025806453	1.0	0.735490966786815	8094.823514598315
VPQVSTPTLVEVSR	2	sp|P02768|ALBU_HUMAN	0.0025806453	0.9866190731264982	0.9554131778873218	894733.9813039062
EVPLNTIIFM[+15.994915]GR	2	sp|P01008|ANT3_HUMAN	0.0025806453	0.9933552810135716	0.9095843392920213	5923.751939279105
HIIVAC[+57.021465]EGSPYVPVHFDASVEDST	3	sp|P07998|RNAS1_HUMAN	0.0036855037	0.9728591838590949	0.8978283680547956	86422.49811592168
VSLATVDK	2	sp|P49908|SEPP1_HUMAN	0.0025806453	1.0	0.952972559145776	39027.53037640515
GWVDLFVPK	2	sp|P05543|THBG_HUMAN	0.0025806453	1.0	0.9450508232717387	427433.90836795047
FLEDVKK	2	sp|P01009|A1AT_HUMAN	0.0025806453	1.0	0.9833389879852138	835221.4349372736
YAASSYLSLTPEQWK	2	sp|A0M8Q6|IGLC7_HUMAN;sp|B9A064|IGLL5_HUMAN;sp|P0CF74|IGLC6_HUMAN;sp|P0CG04|IGLC1_HUMAN;sp|P0DOX8|IGL1_HUMAN;sp|P0DOY2|IGLC2_HUMAN;sp|P0DOY3|IGLC3_HUMAN	0.0036855037	0.9728591838590949	0.9603036555805954	168057.84321376268
LSSWVLLM[+15.994915]K	2	sp|P01009|A1AT_HUMAN	0.0025806453	1.0	0.9533953935428738	217023.83423892403
LTSLPLGALR	2	sp|P07359|GP1BA_HUMAN	0.0025806453	0.9866190731264982	0.9557308511310076	49098.68105193134
SSEDPNEDIVER	2	sp|P01591|IGJ_HUMAN	0.0025806453	0.9933552810135716	0.9441927020816796	7560.263445044194
ELTPEVLQEWLDELEEMMLVVHMPR	4	sp|P01008|ANT3_HUMAN	0.0025806453	0.9866190731264982	0.9573254221128723	16528.858849151522
TMLLQPAGSLGSYSYR	3	sp|P41222|PTGDS_HUMAN	0.0036855037	0.9728591838590949	0.8278294443636893	21466.07371248833
VILPQTSDAYQVSVAK	2	sp|Q86SQ4|AGRG6_HUMAN	0.0036855037	0.9728591838590949	0.8785101981880272	25849.26836613235
LVNEVTEFAK	2	sp|P02768|ALBU_HUMAN	0.0025806453	1.0	0.9172491167540228	18127.54604097373
LLDNWDSVTSTFSK	2	sp|P02647|APOA1_HUMAN	0.0025806453	0.9797881705057813	0.8853778401325891	29027.30695193847
DVWGIEGPIDAAFTR	3	sp|P04004|VTNC_HUMAN	0.004651163	0.9212790999005022	0.7284359106916792	13715.07390114838
KAGTELVNFLSYFVELGTQPATQ	4	sp|P02652|APOA2_HUMAN	0.0036855037	0.9728591838590949	0.9550888994498326	132529.64701086516
AVSISPTNVILTWK	3	sp|Q12913|PTPRJ_HUMAN	0.0025806453	0.9866190731264982	0.753724125536819	4211.634827081833
TFYEPGEEITYSC[+57.021465]KPGYVSR	3	sp|P02749|APOH_HUMAN	0.0025806453	1.0	0.9279476258847656	1251151.5209539477
YVGGQEHFAHLLILR	2	sp|P02763|A1AG1_HUMAN	0.0036855037	0.9728591838590949	0.9385665962805813	342490.03384746844
LPGIVAEGR	1	sp|P01008|ANT3_HUMAN	0.0025806453	0.9797881705057813	0.9275359577415444	2672.0648333223207
NKEDC[+57.021465]VEIYIK	3	sp|P14151|LYAM1_HUMAN	0.0025806453	0.9933552810135716	0.8974623604365997	1101.3110169854058
EHVAHLLFLRDTK	3	sp|P19652|A1AG2_HUMAN	0.0036855037	0.9728591838590949	0.9397421924721144	95042.14510210948
RLGMFNIQHC[+57.021465]K	2	sp|P01009|A1AT_HUMAN	0.0025806453	0.9866190731264982	0.9685927895872217	286.25431620996847
EFTPPVQAAYQK	3	sp|P68871|HBB_HUMAN	0.016759777	0.7138053936648634	0.8362661126214064	2556.1029252229996
SAGSVESPSVSSTHR	3	sp|P17936|IBP3_HUMAN	0.0025806453	0.9866190731264982	0.9501603153922523	12934.163243715728
NSLYLQMNSLR	2	sp|A0A0B4J1V1|HV321_HUMAN;sp|A0A0B4J1X8|HV343_HUMAN;sp|A0A0C4DH32|HV320_HUMAN;sp|P01762|HV311_HUMAN;sp|P01763|HV348_HUMAN;sp|P01766|HV313_HUMAN;sp|P01780|HV307_HUMAN;sp|P01782|HV309_HUMAN;sp|P0DP04|HV43D_HUMAN	0.0025806453	1.0	0.8248428097299219	910.9990937176901
IPKSDVVYTDWK	2	sp|P02763|A1AG1_HUMAN	0.0025806453	1.0	0.9867906046177828	184021.9096394151
KATVVYQGER	2	sp|P02749|APOH_HUMAN	0.0025806453	1.0	0.9798175434418701	278828.1981927379
QGLLPVLESFK	2	sp|P02647|APOA1_HUMAN	0.0025806453	1.0	0.9704742517505696	591339.4866262386
MREWFSETFQK	2	sp|P02654|APOC1_HUMAN	0.0025806453	1.0	0.958790446261898	225135.32680713583
TYFPHFDLSHGSAQVK	4	sp|P69905|HBA_HUMAN	0.0025806453	0.9797881705057813	0.8942023403919708	61331.65240093047
EYTDASFTNR	2	sp|P00450|CERU_HUMAN	0.0025806453	0.9933552810135716	0.899224803503968	5311.5590094599165
GGEGTGYFVDFSVR	2	sp|P04196|HRG_HUMAN	0.0025806453	1.0	0.9877107644117943	1118675.7399181805
AGALQLLLVGDK	2	sp|P55058|PLTP_HUMAN	0.0025806453	0.9933552810135716	0.875835028724639	32801.34535358295
DTEEEDFHVDQVTTVK	2	sp|P01009|A1AT_HUMAN	0.0025806453	1.0	0.8353322849574141	1968028.5560644171
WKNFPSPVDAAFR	3	sp|P02790|HEMO_HUMAN	0.0025806453	0.9866190731264982	0.7684435668750319	4317.094245087666
TAFYLAEFFVNEAR	2	sp|Q92820|GGH_HUMAN	0.006904488	0.9134157281067091	0.7436884368644631	134371.58831682958
ATVVYQGER	2	sp|P02749|APOH_HUMAN	0.0025806453	0.9866190731264982	0.9544603121983259	2459033.4358448684
YNSQNQSNNQFVLYR	2	sp|P01042|KNG1_HUMAN	0.004651163	0.9658285256870233	0.8149443998064492	68619.77399249711
KAGTELVNFLSYFVELGTQPATQ	3	sp|P02652|APOA2_HUMAN	0.0036855037	0.9728591838590949	0.947255582899056	11794470.783093296
DYVSQFEGSALGK	2	sp|P02647|APOA1_HUMAN	0.0025806453	0.9933552810135716	0.9924558786433938	119337.04797222262
IDSLLENDR	2	sp|P10909|CLUS_HUMAN	0.0025806453	1.0	0.7188283193235342	379513.6457571648
HPDEAAFFDTASTGK	2	sp|P02671|FIBA_HUMAN	0.0025806453	1.0	0.8825225802982292	90138.68672918163
EHVAHLLFLR	2	sp|P19652|A1AG2_HUMAN	0.0036855037	0.9728591838590949	0.9780283927106552	1125074.0276931452
GTEAAGAMFLEAIPMSIPPEVK	4	sp|P01009|A1AT_HUMAN	0.0025806453	0.9866190731264982	0.887154611547616	29301.53274032058
TVAAC[+57.021465]NLPIVR	3	sp|P02760|AMBP_HUMAN	0.0025806453	0.9933552810135716	0.8863898796281954	11509.489916743007
ETYGEMADC[+57.021465]C[+57.021465]AK	2	sp|P02768|ALBU_HUMAN	0.0025806453	1.0	0.9134262463664572	26007.855363314153
AEAESLYQSK	2	sp|P04264|K2C1_HUMAN	0.004651163	0.9366095275687156	0.7681149720783326	1231.6936973199006
LLIYGASTR	2	sp|A0A075B6H7|KV37_HUMAN;sp|A0A0C4DH55|KVD07_HUMAN;sp|P01624|KV315_HUMAN	0.0025806453	0.9866190731264982	0.9265003697724392	44556.21879971691
DFVQPPTK	1	sp|P01042|KNG1_HUMAN	0.004651163	0.9440873193926883	0.9293248797689092	3501.965469891957
SGTASEMGTER	2	sp|Q9ULI3|HEG1_HUMAN	0.0025806453	0.9866190731264982	0.9560733245783217	13453.980430219985
NEC[+57.021465]FLQHK	2	sp|P02768|ALBU_HUMAN	0.0025806453	1.0	0.9647488691485274	115016.17880712073
AADDTWEPFASGKTSESGELHGLTTEEEFVEGIYK	4	sp|P02766|TTHY_HUMAN	0.0025806453	1.0	0.8858973623802331	2509338.6769829197
DKC[+57.021465]EPLEKQHEK	2	sp|P02763|A1AG1_HUMAN;sp|P19652|A1AG2_HUMAN	0.0025806453	1.0	0.7585094303664185	10147.535452046846
STAAMSTYTGIFTDQVLSVLK	3	sp|P02655|APOC2_HUMAN	0.0025806453	1.0	0.9658495648618858	2339789.9215526427
LWWLDLK	2	sp|P02790|HEMO_HUMAN	0.0025806453	1.0	0.9579023779140422	1359551.1802871178
YYTYLIMNK	2	sp|P01024|CO3_HUMAN	0.0025806453	0.9933552810135716	0.9685703615398286	28997.48210807129
ALDLINK	2	sp|P04196|HRG_HUMAN	0.0036855037	0.9728591838590949	0.9695617491166876	28649.446243391172
DIPMNPMC[+57.021465]IYR	2	sp|P01008|ANT3_HUMAN	0.0025806453	0.9933552810135716	0.9347567824257096	103465.05920645196
TEGDGVYTLNNEK	2	sp|P00738|HPT_HUMAN	0.0025806453	1.0	0.9029229264854909	130353.58813925834
DTVQIHDITGK	2	sp|P02679|FIBG_HUMAN	0.0025806453	1.0	0.9689135182108214	11694.011346775571
GPLQLER	1	sp|P02750|A2GL_HUMAN	0.0025806453	1.0	0.7620928291422185	22398.037706915835
VPTVEPLDSLTLFLFR	2	sp|P13598|ICAM2_HUMAN	0.004651163	0.9658285256870233	0.9472323621108021	266545.46608513646
LVAASQAALGL	2	sp|P02768|ALBU_HUMAN	0.0025806453	1.0	0.971469149709953	913707.2467665466
SGGLC[+57.021465]QPC[+57.021465]R	2	sp|P27918|PROP_HUMAN	0.015748031	1.0	0.9006649705046494	29534.361334259705
ITLLSALVETR	3	sp|P01011|AACT_HUMAN	0.0025806453	1.0	0.9299211959474344	1049.2718086150726
FLENEDR	1	sp|P01009|A1AT_HUMAN	0.0025806453	0.9797881705057813	0.9742876038791376	8733.39362416534
ALGISPFHEHAEVVFTANDSGPR	5	sp|P02766|TTHY_HUMAN	0.0025806453	1.0	0.9333137977616195	119587.09427766438
ALPAPIEK	2	sp|P01857|IGHG1_HUMAN;sp|P01860|IGHG3_HUMAN;sp|P0DOX5|IGG1_HUMAN	0.0025806453	1.0	0.9829643470043825	1263210.8351567497
FDPVRGEVPPR	3	sp|P02790|HEMO_HUMAN	0.0036855037	0.9728591838590949	0.9620824321267957	383094.5178683502
MADEAGSEADHEGTHSTK	3	sp|P02671|FIBA_HUMAN	0.0025806453	1.0	0.9577553301908734	12058.939856195198
TLLVFEVQQPFLFVLWDQQHK	3	sp|P05155|IC1_HUMAN	0.004651163	0.9586923939928679	0.9471550391037673	138099.84784959105
YLYEIAR	2	sp|P02768|ALBU_HUMAN	0.0025806453	0.9797881705057813	0.9524207130209514	137130.54806019145
FLSTLTIDGVTR	2	sp|P35968|VGFR2_HUMAN	0.0025806453	1.0	0.7984931665033802	24230.4933388116
ALGISPFHEHAEVVFTANDSGPRR	5	sp|P02766|TTHY_HUMAN	0.0025806453	0.9866190731264982	0.8296897654096222	23631.457744668467
AADDTWEPFASGK	2	sp|P02766|TTHY_HUMAN	0.0025806453	0.9933552810135716	0.956987693421599	354630.82451602235
EDLIWELLNQAQEHFGK	3	sp|P02787|TRFE_HUMAN	0.0025806453	1.0	0.9417786736926042	59834.59114926243
LVLLNAIYLSAK	3	sp|P05155|IC1_HUMAN	0.0025806453	1.0	0.7890907967166586	826.1740726182262
LYLVQGTQVYVFLTK	2	sp|P02790|HEMO_HUMAN	0.0036855037	0.9728591838590949	0.9610246486322143	956210.3925790661
LNSQRLVFNRPFLMFIVDNNILFLGKVNRP	6	sp|P05154|IPSP_HUMAN	0.0025806453	1.0	0.8982497193151205	33417.5335083144
EQYAVVGHSAHIVTLK	2	sp|O75882|ATRN_HUMAN	0.0025806453	1.0	0.789044107524946	29639.59932966245
VNVDEVGGEALGR	2	sp|P68871|HBB_HUMAN	0.0025806453	1.0	0.9540486597508963	10354.199891749451
GDPLGTEGGLDASNTER	2	sp|Q12913|PTPRJ_HUMAN	0.0036855037	0.9728591838590949	0.9278536301493862	119443.06478436086
LGNQEPGGQTALK	2	sp|P08697|A2AP_HUMAN	0.0025806453	1.0	0.8868257333713183	533.8370150951004
GLYDVVSVLR	2	sp|O75144|ICOSL_HUMAN	0.0025806453	0.9933552810135716	0.9900807554043364	179144.19731264297
GSPAINVAVHVFRK	2	sp|P02766|TTHY_HUMAN	0.0025806453	0.9866190731264982	0.8555716331058837	5231.4786179267
AVLHIGEK	2	sp|P05543|THBG_HUMAN	0.0025806453	1.0	0.9775874548517185	864917.2286403198
DGNPFYFTDHR	3	sp|O00533|NCHL1_HUMAN	0.0025806453	0.9797881705057813	0.8224458909275553	18693.100284739696
DNENVVNEYSSELEK	2	sp|P02675|FIBB_HUMAN	0.004651163	0.9658285256870233	0.9428773574053619	42557.98643521768
MADEAGSEADHEGTHSTK	4	sp|P02671|FIBA_HUMAN	0.016759777	0.7266555365444503	0.8628607675588027	309.80935142000567
ALLAFQESK	2	sp|P20851|C4BPB_HUMAN	0.0025806453	1.0	0.8915037205326624	40493.26021335627
TDTSHHDQDHPTFNK	4	sp|P01009|A1AT_HUMAN	0.0025806453	1.0	0.9464649517085822	12651222.21987028
LYHSEAFTVNFGDTEEAKK	3	sp|P01009|A1AT_HUMAN	0.0025806453	1.0	0.9577364045913801	785847.5939946023
GPALTTPK	2	sp|Q92954|PRG4_HUMAN	0.0036855037	0.9728591838590949	0.9853336258721559	27966.092078444322
VEIDTKSYWK	2	sp|P02766|TTHY_HUMAN	0.0025806453	1.0	0.9539418220715938	38785.63078195521
DYFMPC[+57.021465]PGR	2	sp|P02790|HEMO_HUMAN	0.0025806453	1.0	0.8779406949869226	23031466.11020139
GPMFELLPGESNK	2	sp|P10124|SRGN_HUMAN	0.0025806453	0.9933552810135716	0.9535368444043928	386.12219296176977
LIC[+57.021465]QATGFSPR	3	sp|P01871|IGHM_HUMAN;sp|P0DOX6|IGM_HUMAN	0.0025806453	1.0	0.8715569994294439	437.10628179058574
ANRPFLVFIR	3	sp|P01008|ANT3_HUMAN	0.0036855037	0.9728591838590949	0.9647452532822626	1073273.6205994391
FLASVSTVLTSK	2	sp|P69905|HBA_HUMAN	0.0025806453	1.0	0.9678521216146367	94168.30641310074
TEHPFTVEEFVLPK	3	sp|P01023|A2MG_HUMAN	0.0025806453	1.0	0.9775500776151554	148422.12622458953
FKLDDDLEHQGGHVLDHGHK	6	sp|P01042|KNG1_HUMAN	0.0025806453	0.9866190731264982	0.9617923492974574	4181.0785297599305
GLGELQELYLK	2	sp|P07359|GP1BA_HUMAN	0.0025806453	1.0	0.9752604264076162	102110.255812041
LPTDSELAPR	2	sp|P49908|SEPP1_HUMAN	0.0025806453	1.0	0.9676699106871249	104415.78315398692
GTHC[+57.021465]NQVEVIATLK	2	sp|P02775|CXCL7_HUMAN	0.0025806453	0.9797881705057813	0.95957329994403	416863.43114289705
SDVVYTDWKKDK	2	sp|P02763|A1AG1_HUMAN	0.0025806453	0.9866190731264982	0.9355406733910979	15026.233201842566
GLGEISAASEFK	2	sp|P13591|NCAM1_HUMAN	0.0025806453	0.9933552810135716	0.9405739652239787	31044.109734125945
AVMDDFAAFVEK	3	sp|P02768|ALBU_HUMAN	0.0025806453	0.9797881705057813	0.966912942022149	123573.12682372035
EESLDSDLYAELR	2	sp|P02775|CXCL7_HUMAN	0.0025806453	0.9866190731264982	0.9224079779549336	146813.63351949633
RIPIEDGSGEVVLSR	2	sp|P01024|CO3_HUMAN	0.006904488	0.9134157281067091	0.8484346898696636	8561.009529421855
VIVVSMNYR	2	sp|P06276|CHLE_HUMAN	0.0025806453	1.0	0.9502165856701672	243091.07356357208
MTVTDQVNC[+57.021465]PK	2	sp|P05090|APOD_HUMAN	0.0025806453	1.0	0.9427552616485643	105142.79004893504
VVAGVANALAHK	3	sp|P02042|HBD_HUMAN;sp|P68871|HBB_HUMAN	0.0025806453	1.0	0.9812385368302394	464036.9716953741
DGYLFQLLR	2	sp|P04196|HRG_HUMAN	0.0025806453	0.9933552810135716	0.9427293015390303	236281.89814251818
NFPSPVDAAFR	2	sp|P02790|HEMO_HUMAN	0.0025806453	1.0	0.9837524693298383	8962862.284679685
AEDTAVYYC[+57.021465]AR	2	sp|A0A0B4J1V1|HV321_HUMAN;sp|A0A0B4J1X5|HV374_HUMAN;sp|A0A0C4DH42|HV366_HUMAN;sp|A0A0J9YVY3|HV741_HUMAN;sp|P01762|HV311_HUMAN;sp|P01763|HV348_HUMAN;sp|P01767|HV353_HUMAN;sp|P01772|HV333_HUMAN;sp|P01780|HV307_HUMAN;sp|P0DOX2|IGA2_HUMAN;sp|P0DP02|HVC33_HUMAN	0.0025806453	1.0	0.8562687797453845	3339.161793521397
AVLTIDEK	2	sp|P01009|A1AT_HUMAN	0.004651163	0.9658285256870233	0.9640903140473132	3976216.5273764348
GVTSVSQIFHSPDLAIR	2	sp|P05155|IC1_HUMAN	0.0025806453	1.0	0.8050427711280858	20069.269125107345
RYTIAALLSPYSYSTTAVVTNPKE	4	sp|P02766|TTHY_HUMAN	0.007972665	0.8804971228634604	0.7955615946271638	26869.493797743267
TWQDC[+57.021465]EYK	2	sp|P01042|KNG1_HUMAN	0.0025806453	0.9933552810135716	0.9586796361028365	3527.3921575185454
DQYYNIDVPSR	3	sp|Q92954|PRG4_HUMAN	0.0025806453	0.9933552810135716	0.8628221189653505	28536.21196016973
C[+57.021465]TWLIEGQPNR	2	sp|O75882|ATRN_HUMAN	0.0025806453	0.9933552810135716	0.960640382396204	34730.553348189125
VVHFIYIAILSQK	3	sp|P43652|AFAM_HUMAN	0.004651163	0.9440873193926883	0.8281045870998631	14704.902748680735
STSESTAALGC[+57.021465]LVK	2	sp|P01859|IGHG2_HUMAN;sp|P01861|IGHG4_HUMAN	0.0025806453	0.9933552810135716	0.938139820434508	1036.119423625091
VADALTNAVAHVDDMPNALSALSDLHAHK	5	sp|P69905|HBA_HUMAN	0.0025806453	0.9933552810135716	0.7177214947003727	40733.37660407735
EQLTPLIK	1	sp|P02652|APOA2_HUMAN	0.0025806453	1.0	0.9836123217845552	2843527.0904430537
ADLFYDVEALDLESPK	3	sp|P04196|HRG_HUMAN	0.0025806453	1.0	0.9337349675492103	417322.4154452183
QPAVEEPAEVTATVLASR	4	sp|P32942|ICAM3_HUMAN	0.004651163	0.9658285256870233	0.8926645893869768	2713.7320860031127
SKEQLTPLIK	3	sp|P02652|APOA2_HUMAN	0.0025806453	1.0	0.9786012450707552	191460.45903786045
GDSVVYGLR	1	sp|P10451|OSTP_HUMAN	0.0025806453	1.0	0.718041054092474	8527.158484781032
LRTEGDGVYTLNNEK	2	sp|P00738|HPT_HUMAN	0.0025806453	1.0	0.9591698307808456	527673.0642148976
TYMLAFDVNDEK	3	sp|P02763|A1AG1_HUMAN	0.004651163	0.9366095275687156	0.9426832027290477	2249.530975366847
SEAAC[+57.021465]LAAGPGIR	2	sp|O75882|ATRN_HUMAN	0.0025806453	1.0	0.9749110179485871	86776.44277541633
LEQGENVFLQATDK	2	sp|P02746|C1QB_HUMAN	0.006904488	0.9134157281067091	0.8694884750240653	9189.472873586226
TVESITDIR	2	sp|P11279|LAMP1_HUMAN	0.0025806453	1.0	0.9808300373935493	254898.61880033583
FATTFYQHLADSK	2	sp|P01008|ANT3_HUMAN	0.0025806453	0.9866190731264982	0.9541340340353416	63080.847273005624
ATLVC[+57.021465]LISDFYPGAVTVAWK	3	sp|B9A064|IGLL5_HUMAN;sp|P0CG04|IGLC1_HUMAN;sp|P0DOX8|IGL1_HUMAN;sp|P0DOY2|IGLC2_HUMAN;sp|P0DOY3|IGLC3_HUMAN	0.0025806453	1.0	0.9515269767234633	589694.2416261301
LYGSEAFATDFQDSAAAK	2	sp|P01011|AACT_HUMAN	0.0025806453	1.0	0.9611613919170879	360227.3741970681
STSGGTAALGC[+57.021465]LVK	3	sp|P01857|IGHG1_HUMAN;sp|P01860|IGHG3_HUMAN;sp|P0DOX5|IGG1_HUMAN	0.010204081	0.8448700454299841	0.8841540266807103	9322.170056245763
EQLGEFYEALDC[+57.021465]LR	2	sp|P02763|A1AG1_HUMAN	0.0036855037	0.9728591838590949	0.9474239712420369	848243.5336157109
C[+57.021465]EDLETQTQSEK	2	sp|O00592|PODXL_HUMAN	0.0025806453	0.9866190731264982	0.7405721659017686	3704.636143111121
KWQEEMELYR	3	sp|P02647|APOA1_HUMAN	0.0025806453	0.9933552810135716	0.7550633337251896	1138.132816958347
LEDMEQALSPSVFK	3	sp|P05155|IC1_HUMAN	0.0025806453	0.9797881705057813	0.9182078272996239	27723.024055839916
YLDFVFAVK	2	sp|P13473|LAMP2_HUMAN	0.016759777	0.7138053936648634	0.7241948497389303	70765.94501430931
EDC[+57.021465]VEIYIK	2	sp|P14151|LYAM1_HUMAN	0.0025806453	1.0	0.9789518675025187	348958.02490290924
VLDAVRGSPAINVAVHVFR	3	sp|P02766|TTHY_HUMAN	0.0025806453	0.9933552810135716	0.9069117113198915	550199.1509977708
YAATSQVLLPSK	2	sp|P01871|IGHM_HUMAN;sp|P0DOX6|IGM_HUMAN	0.0025806453	1.0	0.8722859597573411	42325.73522210245
EPQVYTLPPSR	3	sp|P01857|IGHG1_HUMAN;sp|P01859|IGHG2_HUMAN;sp|P01860|IGHG3_HUMAN;sp|P0DOX5|IGG1_HUMAN	0.012429379	0.8354707271418766	0.8250134316538665	3696.3227135180305
ITPNLAEFAFSLYR	2	sp|P01009|A1AT_HUMAN	0.006904488	0.9134157281067091	0.8111410214028005	12128.697520397054
ALDLINKR	2	sp|P04196|HRG_HUMAN	0.0025806453	0.9866190731264982	0.8616724499666331	648.3199296578305
NSVIKVPMMNSK	3	sp|P05155|IC1_HUMAN	0.0025806453	0.9797881705057813	0.9670045057007931	26860.689525849935
EILSVDC[+57.021465]STNNPSQAK	2	sp|P10909|CLUS_HUMAN	0.0025806453	1.0	0.9191634987971934	279709.9153834584
AIMEKLEMSK	3	sp|P05155|IC1_HUMAN	0.004651163	0.9366095275687156	0.8214811119679156	48.18465602686952
DDLYVSDAFHK	2	sp|P01008|ANT3_HUMAN	0.0025806453	1.0	0.9208471067726416	212835.38542719168
LTQLNLDR	2	sp|P07359|GP1BA_HUMAN	0.020089285	1.0	0.9526304054257021	240195.1302991103
DYFM[+15.994915]PC[+57.021465]PGR	2	sp|P02790|HEMO_HUMAN	0.0025806453	1.0	0.9859119849785499	207182.5471668868
DVSSSVYSTWK	2	sp|P10721|KIT_HUMAN	0.0025806453	1.0	0.8739497850579131	21151.30051851832
VQPYLDDFQK	3	sp|P02647|APOA1_HUMAN	0.0025806453	1.0	0.856875950194472	889.0120473364885
C[+57.021465]SPHLVLSALTSDNHGATYAFSGTHYWR	4	sp|P02790|HEMO_HUMAN	0.0025806453	0.9797881705057813	0.9431828537105784	1515631.982932179
EDVYVVGTVLR	2	sp|P04003|C4BPA_HUMAN	0.0025806453	1.0	0.9565757798074932	15623.740681517826
SGAQATWTELPWPHEK	3	sp|P02790|HEMO_HUMAN	0.0025806453	1.0	0.9499338093742401	2045682.3342203284
YWNDC[+57.021465]EPPDSR	2	sp|P04196|HRG_HUMAN	0.010204081	1.0	0.8765352461731727	23731.577546982375
GNLMGGWK	2	sp|P23435|CBLN1_HUMAN;sp|Q8IUK8|CBLN2_HUMAN	0.0036855037	0.9728591838590949	0.9339922670803547	44504.24066022682
QNQC[+57.021465]FYNSSYLNVQR	2	sp|P19652|A1AG2_HUMAN	0.004651163	0.9658285256870233	0.8783243651887743	9262.417089941153
TNQVNSGGVLLR	2	sp|P02747|C1QC_HUMAN	0.0025806453	1.0	0.9359429282042306	15279.452648630579
ASVDSGSSEEQGGSSR	2	sp|P01833|PIGR_HUMAN	0.0025806453	0.9797881705057813	0.8481289851261772	9652.939816732962
VLDAVRGSPAINVAVHVFR	4	sp|P02766|TTHY_HUMAN	0.0025806453	0.9933552810135716	0.9137884704825258	716427.1499734994
TLM[+15.994915]FGSYLDDEK	2	sp|P19652|A1AG2_HUMAN	0.0025806453	1.0	0.9108362942266297	66119.28030214712
MEPFHFK	2	sp|P05155|IC1_HUMAN	0.0025806453	0.9797881705057813	0.9765115628260098	1754637.2035914895
ALGHLDLSGNR	3	sp|P02750|A2GL_HUMAN	0.016759777	0.7266555365444503	0.8681257951856102	284.25781816114784
ALFLETEQLK	2	sp|Q13740|CD166_HUMAN	0.0025806453	0.9933552810135716	0.8863617585658684	22613.722696502387
YTIAALLSPYSYSTTAVVTNPKE	4	sp|P02766|TTHY_HUMAN	0.0025806453	1.0	0.9494391396360966	31911.478735572284
GGSIQQYIYK	2	sp|Q92954|PRG4_HUMAN	0.0025806453	1.0	0.9684532247331726	251496.2126147234
HTFMGVVSLGSPSGEVSHPR	3	sp|P02765|FETUA_HUMAN	0.0025806453	0.9933552810135716	0.9455734221863612	85435.08891988275
GEFVWKSHK	2	sp|P02790|HEMO_HUMAN	0.0025806453	1.0	0.9093693892731388	11527.481885940098
SGFPQVSMFFTHTFPK	3	sp|P04196|HRG_HUMAN	0.0025806453	1.0	0.8755646772112798	16104.604333577496
HTLNQIDEVK	3	sp|P02765|FETUA_HUMAN	0.0025806453	0.9933552810135716	0.9590229088473295	31956.33837955794
GLEWVGFIR	2	sp|A0A0A0MS15|HV349_HUMAN	0.0025806453	1.0	0.8302885814007734	80425.29939570895
TFYEPGEEITYSC[+57.021465]KPGYVSR	4	sp|P02749|APOH_HUMAN	0.0025806453	1.0	0.8231513851959185	65658.96122388612
LPGIVAEGR	2	sp|P01008|ANT3_HUMAN	0.0025806453	0.9797881705057813	0.9467605337808744	10370.369262858994
QVILTLQPTLVAVGK	3	sp|P13598|ICAM2_HUMAN	0.0025806453	1.0	0.923528458191532	534740.3641170037
TVGSDTFYSFK	2	sp|P01042|KNG1_HUMAN	0.0025806453	1.0	0.958097743286937	23259.21232725334
LTGSSGFVTDGPGNYK	2	sp|O75882|ATRN_HUMAN	0.0025806453	0.9797881705057813	0.934710609892211	92814.38732514046
TLYSSSPR	1	sp|P05155|IC1_HUMAN	0.0025806453	0.9797881705057813	0.8998060882549864	1392.6332788687182
DGWHSWPIAHQWPQGPSAVDAAFSWEEK	5	sp|P02790|HEMO_HUMAN	0.0025806453	0.9797881705057813	0.8862877909963442	16722.864344482903
SHALQLNNR	2	sp|P0C0L4|CO4A_HUMAN;sp|P0C0L5|CO4B_HUMAN	0.0025806453	0.9866190731264982	0.9764425243535367	4998.585311780093
ITDVIPSEAINELTVLVLVNTIYFK	4	sp|P01008|ANT3_HUMAN	0.0025806453	0.9933552810135716	0.8945960573338753	26108.598797378454
SGAQATWTELPWPHEK	4	sp|P02790|HEMO_HUMAN	0.0025806453	1.0	0.9294796457154318	1053379.1823415714
YFIDFVAR	2	sp|P01042|KNG1_HUMAN	0.0025806453	1.0	0.977823029010904	3028880.921649675
SYYWIGIR	2	sp|P14151|LYAM1_HUMAN	0.0025806453	1.0	0.9826444216155997	3742548.3421649155
AEELSIQVSC[+57.021465]R	2	sp|Q9Y5Y7|LYVE1_HUMAN	0.0025806453	1.0	0.9520750376220817	157566.3584575382
YVSELHLTR	2	sp|P10721|KIT_HUMAN	0.0025806453	1.0	0.9521540209053128	53120.477292218995
YEGSYALTSEEAER	2	sp|O95810|CAVN2_HUMAN	0.0025806453	0.9797881705057813	0.9131260278590335	5635.47726042468
GFSGIFEDR	2	sp|P09619|PGFRB_HUMAN	0.0025806453	1.0	0.7922417322999982	32617.44368783899
DIAPTLTLYVGK	2	sp|P00738|HPT_HUMAN;sp|P00739|HPTR_HUMAN	0.0025806453	1.0	0.9786695425361092	1193555.6930269338
TVALGSNVEFMC[+57.021465]K	2	sp|P11362|FGFR1_HUMAN	0.0025806453	1.0	0.8549117586326489	171590.26701259238
VDNALQSGNSQESVTEQDSK	3	sp|P01834|IGKC_HUMAN;sp|P0DOX7|IGK_HUMAN	0.0025806453	1.0	0.86063489142169	29476.163247179415
SDVMYTDWKK	3	sp|P19652|A1AG2_HUMAN	0.0025806453	1.0	0.8730210690297768	11470.108227958486
FSGSNSGNTATLTISR	2	sp|A0A075B6K5|LV39_HUMAN;sp|P80748|LV321_HUMAN	0.0025806453	0.9797881705057813	0.8703040078232245	3017.0214227722454
DPTFIPAPIQAK	2	sp|P01019|ANGT_HUMAN	0.0025806453	1.0	0.9259861085757031	8372.241388477221
DYELLC[+57.021465]LDGTR	2	sp|P02787|TRFE_HUMAN	0.0025806453	1.0	0.7501972397409457	45653.92003785614
WQEEMELYR	2	sp|P02647|APOA1_HUMAN	0.0025806453	1.0	0.984175847423976	26418.52239059707
IASFSQNC[+57.021465]DIYPGK	2	sp|P01042|KNG1_HUMAN	0.0025806453	0.9797881705057813	0.9675103380803272	443762.5658136975
EENFYVDETTVVK	3	sp|P08185|CBG_HUMAN	0.0025806453	0.9797881705057813	0.9661017229183896	142302.1234634822
LINDYVK	2	sp|P01011|AACT_HUMAN	0.0025806453	1.0	0.9784181014777176	1082698.1182766522
IHWESASLLR	3	sp|P01024|CO3_HUMAN	0.0025806453	0.9933552810135716	0.9788102612743301	107577.58787212132
AFIQLWAFDAVK	2	sp|P02760|AMBP_HUMAN	0.0025806453	0.9933552810135716	0.9716855095882282	13415.740518984618
AFQVQQAVDLR	2	sp|P13497|BMP1_HUMAN	0.0025806453	1.0	0.852767012847309	3169.1891136910144
WTFEILDETNENK	2	sp|P10721|KIT_HUMAN	0.0025806453	1.0	0.8980853878921271	637579.0716461735
HRLEDMEQALSPSVFK	4	sp|P05155|IC1_HUMAN	0.0025806453	1.0	0.9565236575770344	311721.9751365653
FIC[+57.021465]PLTGLWPINTLK	3	sp|P02749|APOH_HUMAN	0.004651163	0.9658285256870233	0.8561684299381783	83670.72900617903
AVLDVFEEGTEASAATAVK	4	sp|P01011|AACT_HUMAN	0.0025806453	1.0	0.8053555261509363	2761.4002334978513
GPLQLER	2	sp|P02750|A2GL_HUMAN	0.0025806453	1.0	0.9669314992273856	277800.115045379
THLAPYSDELR	3	sp|P02647|APOA1_HUMAN	0.0025806453	1.0	0.9337514008450215	412653.06815705955
RPSEIVIGQC[+57.021465]K	2	sp|P04196|HRG_HUMAN	0.0025806453	1.0	0.9256447423756212	21659.581710317874
VDAETGDVFAIER	2	sp|P33151|CADH5_HUMAN	0.004651163	0.9366095275687156	0.7749007203629587	19167.13928160236
NIQSLEVIGK	2	sp|P02775|CXCL7_HUMAN	0.0025806453	1.0	0.9818339692248594	177694.2915955351
HPYFYAPELLFFAK	2	sp|P02768|ALBU_HUMAN	0.0025806453	0.9933552810135716	0.9611391022045707	44137.42274873534
QGFGNVATNTDGK	2	sp|P02675|FIBB_HUMAN	0.0025806453	1.0	0.8942629453458387	4317.319963583945
VDLSFSPSQSLPASHAHLR	3	sp|P01023|A2MG_HUMAN	0.0025806453	1.0	0.7691141411873038	76605.87822110252
AATGEC[+57.021465]TATVGK	2	sp|P01042|KNG1_HUMAN	0.0025806453	0.9933552810135716	0.9196833308413455	2594.617849026406
VADFLSWC[+57.021465]R	2	sp|Q10588|BST1_HUMAN	0.0025806453	1.0	0.8821944310332747	23110.77083466321
SKLPGIVAEGRDDLYVSDAFHK	4	sp|P01008|ANT3_HUMAN	0.0025806453	1.0	0.8933051848050437	40657.299514028964
VMTPAVYAPYDVK	2	sp|O00533|NCHL1_HUMAN	0.0025806453	1.0	0.8221002215255853	109714.06242356179
NHNALLASLTTQK	3	sp|O75882|ATRN_HUMAN	0.0025806453	0.9933552810135716	0.9690853930863819	9726.908646156091
TTPPVLDSDGSFFLYSK	3	sp|P01857|IGHG1_HUMAN;sp|P0DOX5|IGG1_HUMAN	0.0025806453	1.0	0.9470015095364299	97970.14771155965
DLMEKVK	2	sp|P02652|APOA2_HUMAN	0.0036855037	0.9728591838590949	0.9004177857359481	11340.26458166664
AAFTEC[+57.021465]C[+57.021465]QAADK	2	sp|P02768|ALBU_HUMAN	0.0025806453	0.9933552810135716	0.9189525517018902	10149.39000953502
TSESGELHGLTTEEEFVEGIYK	3	sp|P02766|TTHY_HUMAN	0.0025806453	1.0	0.9366347259692374	20974282.870509133
LDDDLEHQGGHVLDHGHK	4	sp|P01042|KNG1_HUMAN	0.0025806453	1.0	0.7867332420767966	38020.77813464857
WYNLAIGSTC[+57.021465]PWLK	2	sp|P02760|AMBP_HUMAN	0.0025806453	1.0	0.9485181637589222	103729.93696480514
AGSPTAPVHDESLVGPVDPSSGQQSR	3	sp|Q12913|PTPRJ_HUMAN	0.0036855037	0.9728591838590949	0.8982622149409519	33421.542547686986
AVLDVFEEGTEASAATAVK	3	sp|P01011|AACT_HUMAN	0.0025806453	1.0	0.9609923201627858	492640.14277968643
NWGLSFYADKPETTK	3	sp|P19652|A1AG2_HUMAN	0.0036855037	0.9728591838590949	0.7168614028204322	3840.9157916822937
ILGGHLDAK	2	sp|P00738|HPT_HUMAN;sp|P00739|HPTR_HUMAN	0.0025806453	0.9797881705057813	0.9890007270030795	144748.95955292077
NPNLPPETVDSLK	3	sp|P05090|APOD_HUMAN	0.0025806453	0.9933552810135716	0.8373785116315411	1453.5910742337057
ELELQIGNALFIGK	3	sp|P05543|THBG_HUMAN	0.0025806453	0.9797881705057813	0.8484419299276914	39815.5716968796
ILLDEQAQWK	2	sp|P13598|ICAM2_HUMAN	0.0025806453	1.0	0.9769881648685764	4128.924343966418
GAQTQTEEEMTR	2	sp|Q12841|FSTL1_HUMAN	0.0025806453	1.0	0.9605377568979211	15075.4348774858
LLGLSLAGK	2	sp|Q9Y5Y7|LYVE1_HUMAN	0.0025806453	1.0	0.9746505659833553	7771957.490911153
KLYHSEAFTVNFGDTEEAKK	4	sp|P01009|A1AT_HUMAN	0.0025806453	1.0	0.7546911521177289	91732.41358722856
DLATVYVDVLK	2	sp|P02647|APOA1_HUMAN	0.0025806453	1.0	0.9732726260799651	1084664.7157996132
SVNNVVVR	2	sp|O75882|ATRN_HUMAN	0.0025806453	0.9797881705057813	0.976128883569822	6046.967065870795
TLMFGSYLDDEKNWGLSFYADKPETTK	4	sp|P19652|A1AG2_HUMAN	0.0025806453	1.0	0.9829474014978798	4146661.0993792703
VTTSQDMLSIMEK	3	sp|P05155|IC1_HUMAN	0.004651163	0.9440873193926883	0.8344218600388728	1791.5086918928098
VMPIC[+57.021465]LPSK	2	sp|P00738|HPT_HUMAN;sp|P00739|HPTR_HUMAN	0.0025806453	0.9866190731264982	0.9668552378583165	119180.75486863095
AVLHIGEK	1	sp|P05543|THBG_HUMAN	0.0025806453	1.0	0.8442795864424146	33029.1987821989
VAEGTQVLELPFK	3	sp|P01008|ANT3_HUMAN	0.0025806453	1.0	0.8277716756073433	106822.17528279638
GTWTQPFDLASTR	3	sp|P08185|CBG_HUMAN	0.0025806453	0.9866190731264982	0.9223791307772771	144965.20810177014
LSFQEFLK	2	sp|Q12841|FSTL1_HUMAN	0.0025806453	1.0	0.8943566826794522	42897.62397008805
DEELSC[+57.021465]TVVELK	2	sp|P01011|AACT_HUMAN	0.0025806453	0.9933552810135716	0.957482519463428	12965.697213497075
ETC[+57.021465]FAEEGKK	2	sp|P02768|ALBU_HUMAN	0.0025806453	1.0	0.9174743451515285	58661.70031338032
SETEIHQGFQHLHQLFAK	3	sp|P08185|CBG_HUMAN	0.0025806453	1.0	0.9692465517072374	729415.7163548046
STDYGIFQINSR	2	sp|P61626|LYSC_HUMAN	0.014623172	0.7510559064272662	0.8068381444479503	4823.628409078438
SPELQAEAK	2	sp|P02652|APOA2_HUMAN	0.0025806453	1.0	0.9713002599465312	265034.7057957012
EGQMESVEAAMSSK	2	sp|P05543|THBG_HUMAN	0.0025806453	0.9866190731264982	0.9742049651198653	403984.3420428858
TGLQEVEVK	2	sp|P01024|CO3_HUMAN	0.0025806453	1.0	0.9519118956665462	128251.01615623343
ALQATVGNSYK	2	sp|P11279|LAMP1_HUMAN	0.0025806453	1.0	0.9076996874860005	35274.56742395024
LNSQRLVFNRPFLMFIVDNNILFLGKVNRP	4	sp|P05154|IPSP_HUMAN	0.0025806453	1.0	0.8446841348995471	158692.55341047404
DLDMFINASK	2	sp|O75882|ATRN_HUMAN	0.0025806453	1.0	0.938978833313675	139358.75454099214
EQYAVVGHSAHIVTLK	4	sp|O75882|ATRN_HUMAN	0.0025806453	1.0	0.9380492355055576	1630511.4407617336
ESLSSYWESAK	2	sp|P02655|APOC2_HUMAN	0.0025806453	1.0	0.9306524248860862	159507.3080546062
SDGDPVQPAVLQVHQTS	3	sp|O95810|CAVN2_HUMAN	0.007972665	0.897262926642552	0.7098793296367837	4960.176361034067
FLQSFAR	2	sp|Q13201|MMRN1_HUMAN	0.0025806453	1.0	0.9293221250958835	191657.88682355388
DWHGVPGQVDAAMAGR	4	sp|P04004|VTNC_HUMAN	0.017857144	0.686593192055836	0.8082319533424999	1088.9266605961327
VWPQQPSGELFEIEIDTLETTC[+57.021465]HVLDPTPVAR	5	sp|P02765|FETUA_HUMAN	0.0025806453	1.0	0.833132644414856	97311.16282133144
TEDSSSFLIDK	2	sp|P05543|THBG_HUMAN	0.0025806453	1.0	0.9878624085683493	18330.851303930653
TYM[+15.994915]LAFDVNDEK	2	sp|P02763|A1AG1_HUMAN	0.0025806453	1.0	0.9560409372879208	12053784.47868127
TLLVFEVQQPFLFVLWDQQHK	4	sp|P05155|IC1_HUMAN	0.004651163	0.9586923939928679	0.9816135753063067	194799.95692742575
LYHSEAFTVNFGDTEEAKK	5	sp|P01009|A1AT_HUMAN	0.0025806453	1.0	0.7595334347713169	9053.137185947668
LADELSGWVQR	2	sp|Q99941|ATF6B_HUMAN	0.0025806453	1.0	0.8832637880970269	17461.50265125578
REPAVGEPAEVTTTVLVR	2	sp|P05362|ICAM1_HUMAN	0.0025806453	1.0	0.7218906065664551	4515.480476940238
NIFISPVSISMALAMLSLGTC[+57.021465]GHTR	3	sp|P08185|CBG_HUMAN	0.0025806453	1.0	0.9338647694177179	3291331.368726307
ILDYEVTLTR	2	sp|P40189|IL6RB_HUMAN	0.0025806453	1.0	0.7545028479822417	41996.203624180984
AQVSPTASDMLHMR	3	sp|Q6UXB8|PI16_HUMAN	0.0025806453	1.0	0.9658648387194118	1167262.7849746407
LSSVTAADTAVYYC[+57.021465]AR	2	sp|A0A075B6R2|HV404_HUMAN;sp|A0A087WSY4|HV432_HUMAN;sp|A0A0C4DH41|HV461_HUMAN;sp|P01824|HV439_HUMAN;sp|P01825|HV459_HUMAN;sp|P06331|HV434_HUMAN;sp|P0DP06|HVD34_HUMAN;sp|P0DP07|HV431_HUMAN;sp|P0DP08|HVD82_HUMAN	0.0025806453	1.0	0.8100795894028275	153059.72596745408
DAVEDLESVGK	2	sp|P81605|DCD_HUMAN	0.0025806453	0.9933552810135716	0.9120254870512167	8158.21537991194
GSPAINVAVHVFR	2	sp|P02766|TTHY_HUMAN	0.0025806453	0.9933552810135716	0.9621300139384514	572675.2855888954
SC[+57.021465]AVAEYGVYVK	3	sp|P00738|HPT_HUMAN;sp|P00739|HPTR_HUMAN	0.0025806453	0.9933552810135716	0.8347776332148579	34583.31066349372
KGIYSFSFHVIK	2	sp|Q9NTU7|CBLN4_HUMAN	0.0025806453	0.9866190731264982	0.7848638481136606	3601.4071057382534
EVPLNTIIFMGR	3	sp|P01008|ANT3_HUMAN	0.0025806453	0.9933552810135716	0.950807396463674	39836.30738698036
SETEIHQGFQHLHQLFAK	4	sp|P08185|CBG_HUMAN	0.0025806453	1.0	0.9506770977302993	376449.479828344
YDVDTQMWTILK	2	sp|O75882|ATRN_HUMAN	0.0025806453	1.0	0.9266438309060234	263138.94684744993
ENEGFTVTAEGK	2	sp|P01024|CO3_HUMAN	0.0025806453	1.0	0.9271837171511886	6505.141719817995
GSFPWQAK	1	sp|P00738|HPT_HUMAN;sp|P00739|HPTR_HUMAN	0.0025806453	0.9797881705057813	0.8855813368677754	11753.03743006113
LGNFPWQAFTSIHGR	3	sp|Q9NZP8|C1RL_HUMAN	0.0025806453	1.0	0.8434510197848409	140997.94182583567
YVMLPVADQDQC[+57.021465]IR	2	sp|P00738|HPT_HUMAN	0.0025806453	1.0	0.9487447583508711	7890268.139778232
ESNEELTESC[+57.021465]ETK	2	sp|P01042|KNG1_HUMAN	0.004651163	0.9440873193926883	0.8662980000498339	1462.348034438356
RVWELSK	2	sp|P01008|ANT3_HUMAN	0.0025806453	0.9797881705057813	0.9726970975356112	124168.12185677122
QPAVEEPAEVTATVLASR	3	sp|P32942|ICAM3_HUMAN	0.004651163	0.9658285256870233	0.9525050663639846	22523.45513502557
AVVFLEPQWYR	2	sp|P08637|FCG3A_HUMAN	0.0025806453	0.9933552810135716	0.9475158521797956	305807.5766993042
VPGLYYFTYHASSR	3	sp|P02746|C1QB_HUMAN	0.0025806453	1.0	0.8454871272304839	46046.17091185049
TEGDGVYTLNDKK	2	sp|P00738|HPT_HUMAN;sp|P00739|HPTR_HUMAN	0.0025806453	1.0	0.9053475972220331	35417.54353065896
QEPSQGTTTFAVTSILR	3	sp|P01876|IGHA1_HUMAN	0.0025806453	1.0	0.9439199886197569	584308.5832704294
DASGATFTWTPSSGK	2	sp|P01877|IGHA2_HUMAN;sp|P0DOX2|IGA2_HUMAN	0.0025806453	1.0	0.9567801968012838	383455.81402983225
LLQDEFPGIPSPLDAAVEC[+57.021465]HR	3	sp|P02790|HEMO_HUMAN	0.0025806453	0.9933552810135716	0.9398863030780186	6462347.522446988
ELLESYIDGR	2	sp|P00734|THRB_HUMAN	0.0025806453	0.9933552810135716	0.8692194147197589	8682.914109049736
RHPDYSVVLLLR	2	sp|P02768|ALBU_HUMAN	0.0025806453	1.0	0.9146055279140035	226089.7778657162
NIFISPVSISMALAMLSLGTC[+57.021465]GHTR	4	sp|P08185|CBG_HUMAN	0.0025806453	1.0	0.9376044638204943	105903.57997586121
ISVFIQTDK	2	sp|Q6YHK3|CD109_HUMAN	0.004651163	0.9366095275687156	0.8995686874736754	5780.456787044999
GVTSVSQIFHSPDLAIR	4	sp|P05155|IC1_HUMAN	0.0025806453	1.0	0.8818205579237874	75041.54878971176
KYPVAHFIDQTLK	2	sp|P05155|IC1_HUMAN	0.0025806453	0.9797881705057813	0.9475682973031541	214045.59911655026
DDFLIYDR	2	sp|P49908|SEPP1_HUMAN	0.006904488	0.9134157281067091	0.9985150078800585	192198.69100577192
VKSPELQAEAK	3	sp|P02652|APOA2_HUMAN	0.0036855037	0.9728591838590949	0.9528772507499911	17929.148116310545
LHMLQISYFR	3	sp|Q9UNN8|EPCR_HUMAN	0.0025806453	1.0	0.8805882736315217	108337.82507290917
GDEC[+57.021465]QLC[+57.021465]EVENR	2	sp|O75882|ATRN_HUMAN	0.014623172	0.9866190731264982	0.9328424048659473	3125.4702925728357
ALDLLDK	2	sp|P28482|MK01_HUMAN	0.0036855037	0.9728591838590949	0.9398564227876889	6528.710719955899
KGEVLPLPEANFPSFPLPHHK	3	sp|P04196|HRG_HUMAN	0.0025806453	0.9933552810135716	0.8764778264250619	93388.85903184357
RYTIAALLSPYSYSTTAVVTNPK	5	sp|P02766|TTHY_HUMAN	0.0036855037	0.9728591838590949	0.8615260054387194	30174.475276305842
SPLFMGK	1	sp|P01009|A1AT_HUMAN	0.012429379	0.8058999028144878	0.7444556543496585	762.9287718713823
IADAHLDR	2	sp|P04196|HRG_HUMAN	0.0025806453	0.9797881705057813	0.9414014690829932	8446.473069104582
YVGGQEHFAHLLILRDTK	5	sp|P02763|A1AG1_HUMAN	0.0025806453	0.9933552810135716	0.9653824478427384	178777.67246130004
GPSVFPLAPSSK	2	sp|P01857|IGHG1_HUMAN;sp|P0DOX5|IGG1_HUMAN	0.0025806453	0.9933552810135716	0.9798897151319126	779032.5560859253
AYLEEEC[+57.021465]PATLR	2	sp|P25311|ZA2G_HUMAN	0.0025806453	1.0	0.9595339119458411	269342.6445906467
QQTHMLDVMQDHFSR	2	sp|P10909|CLUS_HUMAN	0.004651163	0.9440873193926883	0.7830564307476562	2508.2773136648566
LLQDEFPGIPSPLDAAVEC[+57.021465]HR	4	sp|P02790|HEMO_HUMAN	0.0025806453	0.9933552810135716	0.9034911853204233	274974.8108011182
DYWSTVK	1	sp|P02656|APOC3_HUMAN	0.004651163	0.9658285256870233	0.9770151158332452	92178.16524100373
DLQFVEVTDVK	2	sp|P02751|FINC_HUMAN	0.0025806453	1.0	0.8893657123011351	7708.868896736947
LLSHC[+57.021465]LLVTLAAHLPAEFTPAVHASLDK	5	sp|P69905|HBA_HUMAN	0.0025806453	1.0	0.8828984988700859	94472.1817449474
RYTIAALLSPYSYSTTAVVTNPKE	3	sp|P02766|TTHY_HUMAN	0.0025806453	1.0	0.9661770139673364	14249632.925694043
KPDGYDYYAFSK	2	sp|Q92954|PRG4_HUMAN	0.0025806453	1.0	0.9209398334267492	101121.98037029461
DYNLNDILLQLGIEEAFTSK	3	sp|P01011|AACT_HUMAN	0.0025806453	0.9866190731264982	0.7429178180837626	678.0721206849543
LQHLENELTHDIITK	3	sp|P01009|A1AT_HUMAN	0.004651163	0.9658285256870233	0.8948740768342314	16744.480107250656
ITGKWFYIASAFR	2	sp|P02763|A1AG1_HUMAN;sp|P19652|A1AG2_HUMAN	0.0025806453	0.9797881705057813	0.9204586782250882	226115.92190940218
SFTIEC[+57.021465]R	2	sp|P13598|ICAM2_HUMAN	0.0025806453	0.9797881705057813	0.9020892919646026	4242.507889428416
IEDGFSLK	2	sp|P01008|ANT3_HUMAN	0.0025806453	0.9797881705057813	0.7241889869351577	6076.290329645725
DDNPNLPR	1	sp|P02768|ALBU_HUMAN	0.0025806453	0.9797881705057813	0.7426284448836304	1695.8124991609716
GLASANVDFAFSLYK	2	sp|P08185|CBG_HUMAN	0.0025806453	0.9797881705057813	0.9233526284093938	55108.837355459415
FSAIC[+57.021465]QGDGTWSPR	2	sp|P04003|C4BPA_HUMAN	0.0025806453	1.0	0.8924375797610036	76925.99668370244
NQVSLTC[+57.021465]LVK	2	sp|P01857|IGHG1_HUMAN;sp|P01859|IGHG2_HUMAN;sp|P01860|IGHG3_HUMAN;sp|P01861|IGHG4_HUMAN;sp|P0DOX5|IGG1_HUMAN	0.0025806453	0.9933552810135716	0.987410568844106	112513.65787300878
VGFYESDVMGR	2	sp|P01023|A2MG_HUMAN	0.0025806453	1.0	0.8978481477597714	7645.403801498179
MEPFHFK	1	sp|P05155|IC1_HUMAN	0.0025806453	0.9797881705057813	0.9023738488881051	22325.650662312954
FDTISEK	1	sp|P01008|ANT3_HUMAN	0.0025806453	1.0	0.9507286547873528	30535.979350324407
IMGITLVSK	2	sp|Q9Y5Y7|LYVE1_HUMAN	0.0025806453	1.0	0.9665525307472996	100104.85367269574
SILFLGK	2	sp|P05543|THBG_HUMAN	0.0036855037	0.9728591838590949	0.9691056136391365	54575.725951249995
VLNQELR	1	sp|P05090|APOD_HUMAN	0.0025806453	1.0	0.7493499896789674	20159.712991862358
NTWSILHTQGALVQGGYGHSSVYDHR	4	sp|O75882|ATRN_HUMAN	0.0036855037	0.9728591838590949	0.972917201640193	154788.2384885228
IVDLFSGLDSPAILVLVNYIFFK	4	sp|P08185|CBG_HUMAN	0.0025806453	1.0	0.8410065449704189	50127.76504542152
SASLHLPK	1	sp|P01009|A1AT_HUMAN	0.0025806453	1.0	0.9679055179757249	144068.7778814466
MEEVEAMLLPETLK	3	sp|P01011|AACT_HUMAN	0.0025806453	1.0	0.9327532064421259	449350.8009377484
TLYSSSPR	2	sp|P05155|IC1_HUMAN	0.0025806453	0.9797881705057813	0.9886078100592475	31531.92566661886
FLNVLSPR	2	sp|P17936|IBP3_HUMAN	0.0025806453	0.9866190731264982	0.961871114881013	77124.53047859248
C[+57.021465]SPHLVLSALTSDNHGATYAFSGTHYWR	6	sp|P02790|HEMO_HUMAN	0.0025806453	0.9797881705057813	0.7876698311840652	57786.08591647183
ATEHLSTLSEK	2	sp|P02647|APOA1_HUMAN	0.0025806453	0.9933552810135716	0.8955585053390209	70197.55111047463
SDVMYTDWKKDK	3	sp|P19652|A1AG2_HUMAN	0.0025806453	1.0	0.9225687594260552	45513.06952124396
KLVAASQAALGL	2	sp|P02768|ALBU_HUMAN	0.0025806453	1.0	0.9725759199471389	2340375.175373395
LSPLGEEMR	2	sp|P02647|APOA1_HUMAN	0.0025806453	1.0	0.9752393906051442	1304784.9406639491
EVGTPHGIILDSVDAAFIC[+57.021465]PGSSR	4	sp|P02790|HEMO_HUMAN	0.0025806453	1.0	0.9347554439530803	15503035.568935215
TVVQPSVGAAAGPVVPPC[+57.021465]PGR	3	sp|P02765|FETUA_HUMAN	0.0025806453	0.9933552810135716	0.9178817231837784	366805.1652789242
QEINSHVEMQTK	2	sp|P05543|THBG_HUMAN	0.0025806453	0.9866190731264982	0.8912067593313434	20275.72326543396
TC[+57.021465]PKPDDLPFSTVVPLK	3	sp|P02749|APOH_HUMAN	0.0025806453	1.0	0.9159956499777037	414566.0528261651
RPC[+57.021465]FSALEVDETYVPK	2	sp|P02768|ALBU_HUMAN	0.0025806453	1.0	0.843102526548921	17961.96548902632
VILPQTSDAYQVSVAK	3	sp|Q86SQ4|AGRG6_HUMAN	0.0036855037	0.9728591838590949	0.8223765674999302	6470.173554457964
DTKTYMLAFDVNDEK	2	sp|P02763|A1AG1_HUMAN	0.0025806453	1.0	0.9559502637655365	666412.9346583266
ELTPEVLQEWLDELEEMMLVVHMPR	5	sp|P01008|ANT3_HUMAN	0.0025806453	0.9866190731264982	0.7105690182506567	4326.563666086919
KGDTFSC[+57.021465]MVGHEALPLAFTQK	4	sp|P01876|IGHA1_HUMAN	0.0025806453	1.0	0.9215952621933701	647422.1104821917
YPNC[+57.021465]AYR	2	sp|P07998|RNAS1_HUMAN	0.0025806453	0.9797881705057813	0.9597408717202961	11285.57219116143
WFYIASAFR	2	sp|P02763|A1AG1_HUMAN;sp|P19652|A1AG2_HUMAN	0.0025806453	0.9933552810135716	0.9786431017536523	3070397.045482209
GGGALLGDR	2	sp|P00736|C1R_HUMAN;sp|Q9NZP8|C1RL_HUMAN	0.0025806453	1.0	0.982494648066536	128842.18010819332
VTTVASHTSDSDVPSGVTEVVVK	3	sp|P10909|CLUS_HUMAN	0.0025806453	0.9866190731264982	0.9697711298139902	41558.72716406227
AKPALEDLR	2	sp|P02647|APOA1_HUMAN	0.0025806453	1.0	0.974744599275676	433124.28956075426
LSSWVLLMK	2	sp|P01009|A1AT_HUMAN	0.0025806453	1.0	0.987760494334359	949209.8509051711
EQQC[+57.021465]VIMAENR	2	sp|P00747|PLMN_HUMAN;sp|Q02325|PLGB_HUMAN	0.0025806453	1.0	0.7912062448350521	9778.395084614793
NKEDC[+57.021465]VEIYIK	2	sp|P14151|LYAM1_HUMAN	0.0025806453	0.9933552810135716	0.9431325800235638	6504.661356983418
AEDTAVYYC[+57.021465]AK	2	sp|P01764|HV323_HUMAN;sp|P01768|HV330_HUMAN;sp|P0DP03|HVC05_HUMAN	0.0025806453	1.0	0.8598109421008221	9944.932834943242
HYYESEVLAMNFQDWATASR	4	sp|P08185|CBG_HUMAN	0.0025806453	0.9797881705057813	0.8388114261011516	9943.273593264928
NALALFVLPK	2	sp|P05543|THBG_HUMAN	0.0025806453	1.0	0.9702567076892694	608048.0510216953
ELISERWK	2	sp|P02790|HEMO_HUMAN	0.0025806453	1.0	0.9679064801210987	178221.4006576379
ALEESNYELEGK	2	sp|P13645|K1C10_HUMAN	0.0025806453	1.0	0.763992273229803	9138.281129469422
ADLSGITGAR	2	sp|P01011|AACT_HUMAN	0.0025806453	1.0	0.9873241328645639	568727.36065772
KATVVYQGER	3	sp|P02749|APOH_HUMAN	0.0025806453	1.0	0.7775465418467036	4470.99577984134
SDVVYTDWKK	3	sp|P02763|A1AG1_HUMAN	0.0025806453	1.0	0.9207551044912987	3641.9194599948164
VWFELTQGSITK	2	sp|Q9H8L6|MMRN2_HUMAN	0.0025806453	0.9933552810135716	0.9793539102064496	20920.761958054118
EWFSETFQK	2	sp|P02654|APOC1_HUMAN	0.0025806453	0.9933552810135716	0.9721425808574391	387916.53976475535
KMTVTDQVNC[+57.021465]PK	2	sp|P05090|APOD_HUMAN	0.0025806453	0.9866190731264982	0.9333103262833929	28073.11593609249
GPGEDFR	1	sp|P41222|PTGDS_HUMAN	0.0036855037	0.9728591838590949	0.7737495746383609	621.8576848832863
EHSSLAFWK	2	sp|P02749|APOH_HUMAN	0.0025806453	1.0	0.9833088172148495	437984.507627296
NLMIDIQK	2	sp|Q9BY67|CADM1_HUMAN	0.0025806453	1.0	0.9719640541023801	670503.0850026548
DSGSYFC[+57.021465]R	2	sp|O75015|FCG3B_HUMAN;sp|P08637|FCG3A_HUMAN	0.0025806453	0.9866190731264982	0.9636652722372429	17007.293932546832
FNQPFIIMIFDHFTWSSLFLAR	3	sp|P08185|CBG_HUMAN	0.004651163	0.9658285256870233	0.9634384429828701	76455.21876100244
YEGGREHVAHLLFLR	2	sp|P19652|A1AG2_HUMAN	0.0025806453	0.9797881705057813	0.8444204477799909	14677.270935850254
ENFLFLTPDC[+57.021465]K	2	sp|P01042|KNG1_HUMAN	0.0025806453	1.0	0.9461039473221199	700104.7849661787
ALGISPFHEHAEVVFTANDSGPR	3	sp|P02766|TTHY_HUMAN	0.0025806453	1.0	0.9332875543932491	3492341.01840851
ITDVIPSEAINELTVLVLVNTIYFK	3	sp|P01008|ANT3_HUMAN	0.0025806453	0.9933552810135716	0.9402225561364964	8255.400652526765
GKEESLDSDLYAELR	2	sp|P02775|CXCL7_HUMAN	0.0025806453	1.0	0.949632303497051	7274153.1976467855
LSITGTYDLK	2	sp|P01009|A1AT_HUMAN	0.0025806453	1.0	0.9223698677696116	194798.72397911112
MYLGYEYVTAIR	2	sp|P02787|TRFE_HUMAN	0.0025806453	1.0	0.9219513757136604	112702.659759398
DFTC[+57.021465]VHQALK	2	sp|P05155|IC1_HUMAN	0.0025806453	1.0	0.9497814140174207	41716.793957855174
DFVQPPTK	2	sp|P01042|KNG1_HUMAN	0.0025806453	0.9797881705057813	0.9661027954107342	65013.687736641696
DLMEKVK	1	sp|P02652|APOA2_HUMAN	0.004651163	0.9514467542496609	0.7380706733975974	743.8185473655002
YGFIEGHVVIPR	3	sp|P16070|CD44_HUMAN	0.0025806453	0.9933552810135716	0.9592628913764346	7406124.913195644
AADDTWEPFASGKTSESGELHGLTTEEEFVEGIYK	5	sp|P02766|TTHY_HUMAN	0.0025806453	1.0	0.8017531343525535	188693.8010220265
HITSLEVIK	2	sp|P02776|PLF4_HUMAN;sp|P10720|PF4V_HUMAN	0.0025806453	1.0	0.9699169611671484	1015186.8535358711
DKC[+57.021465]EPLEKQHEK	3	sp|P02763|A1AG1_HUMAN;sp|P19652|A1AG2_HUMAN	0.0025806453	1.0	0.8410443840376869	12470.530219572966
YLTLNTESTR	2	sp|P06276|CHLE_HUMAN	0.0025806453	0.9933552810135716	0.9508842421972642	12651.781270300417
DLGEENFK	2	sp|P02768|ALBU_HUMAN	0.0025806453	0.9866190731264982	0.9739945533741162	37181.04085721316
TAAQNLYEK	2	sp|P02655|APOC2_HUMAN	0.0025806453	1.0	0.9795758269993905	60783.15442010193
ETSLTVNK	2	sp|Q92954|PRG4_HUMAN	0.0025806453	0.9797881705057813	0.9233683754675147	3674.387724277624
HRLEDMEQALSPSVFK	2	sp|P05155|IC1_HUMAN	0.0025806453	1.0	0.7920235693012208	7351.082654638009
ALGISPFHEHAEVVFTANDSGPRR	3	sp|P02766|TTHY_HUMAN	0.004651163	0.9440873193926883	0.8187959227626455	2931.8782455135406
