peptide	charge	proteins	q_value	score	spectral_angle	20241028_OA2_Evo08_ViAl_SA_FAIMS40_IO26_A556_MOMI_APEM_P186_G12_R01.mzML
MTVSTLVLGEGATEAEISMTSTR	3	sp|P02760|AMBP_HUMAN	0.007490637	1.0	0.9638986248215857	530785.6051331123
LQQDVLQFQK	2	sp|Q8NBJ4|GOLM1_HUMAN	0.007490637	1.0	0.8983564365042974	2365.363812118298
TEGDGVYTLNNEK	3	sp|P00738|HPT_HUMAN	0.015186916	0.9134157281067091	0.8849831205937548	4315.191347143534
VPTVEPLDSLTLFLFR	3	sp|P13598|ICAM2_HUMAN	0.013414634	0.9658285256870233	0.9878573387908979	129928.97678060456
ILGGHLDAK	1	sp|P00738|HPT_HUMAN;sp|P00739|HPTR_HUMAN	0.012178619	0.9797881705057813	0.9351568794130617	4779.525249885196
SSNTYTLTDVR	2	sp|Q13740|CD166_HUMAN	0.007490637	1.0	0.9794496647032085	10359.531548957435
LGFTDLFSK	2	sp|P29622|KAIN_HUMAN	0.007490637	1.0	0.8868772915904216	41330.512966282644
TSLTVVLLR	2	sp|P32942|ICAM3_HUMAN	0.007490637	1.0	0.9043714805583435	191178.1722473997
ITLLSALVETR	2	sp|P01011|AACT_HUMAN	0.007490637	1.0	0.9681370415597699	10889.371368675871
DEGTAFLVYGAPGFSK	2	sp|P06276|CHLE_HUMAN	0.007490637	1.0	0.9241229840263511	690832.2014057754
FPVFMGR	2	sp|P05155|IC1_HUMAN	0.007490637	1.0	0.9547512130849629	1335456.9367591345
C[+57.021465]AGQQQDIR	2	sp|P27918|PROP_HUMAN	0.007490637	1.0	0.9749621351457984	44727.378535478
FDPVRGEVPPR	2	sp|P02790|HEMO_HUMAN	0.012178619	0.9728591838590949	0.951474299206147	796383.3058440643
VQLTGEPVPMAR	3	sp|P15151|PVR_HUMAN	0.007490637	1.0	0.7898143670249065	3666.7497749329286
ATVVYQGERVK	3	sp|P02749|APOH_HUMAN	0.007490637	1.0	0.9612443339244666	188672.76655916573
GFSSGSAVVSGGSR	2	sp|P35908|K22E_HUMAN	0.007490637	1.0	0.9072417309085136	4316.7717449441025
MADEAGSEADHEGTHSTK	2	sp|P02671|FIBA_HUMAN	0.007490637	1.0	0.8663301602110689	48.69134630908067
ASDTAMYYC[+57.021465]AR	2	sp|A0A0C4DH38|HV551_HUMAN;sp|A0A0J9YXX1|HV5X1_HUMAN	0.007490637	1.0	0.8025541539557501	5250.6572908548105
QIQVFEDEPAR	2	sp|Q9NPH3|IL1AP_HUMAN	0.007490637	1.0	0.9558710944724764	104443.16747476456
IGPDNLPYVQILK	3	sp|P11362|FGFR1_HUMAN	0.018120045	0.7626747761196712	0.796138967455687	7371.216426200945
EETNEIQVVNEEPQR	2	sp|Q8NBJ4|GOLM1_HUMAN	0.007490637	1.0	0.9591147282647075	269900.3423109805
LDELRDEGK	2	sp|P02768|ALBU_HUMAN	0.007490637	1.0	0.9468652666979257	150799.32600840685
TFTC[+57.021465]TAAYPESK	2	sp|P01876|IGHA1_HUMAN	0.00984252	0.9933552810135716	0.9279322140425049	134014.81562775496
VPMMLQDQEHHWYLHDR	5	sp|P29622|KAIN_HUMAN	0.012178619	0.9797881705057813	0.8841147162630758	20216.47094036449
EFGNTLEDK	2	sp|P02654|APOC1_HUMAN	0.010752688	0.9866190731264982	0.9551346321171605	221844.87904438534
GEVLPLPEANFPSFPLPHHK	4	sp|P04196|HRG_HUMAN	0.010752688	0.9866190731264982	0.8765963087733148	97366.28469286821
SISTAYLQWSSLK	2	sp|A0A0C4DH38|HV551_HUMAN;sp|A0A0J9YXX1|HV5X1_HUMAN	0.010752688	0.9866190731264982	0.9090017602673538	62132.65759291671
LYLVQGTQVYVFLTK	3	sp|P02790|HEMO_HUMAN	0.013414634	0.9658285256870233	0.8781761844675839	10007.599842253048
C[+57.021465]PNPPVQENFDVNK	2	sp|P05090|APOD_HUMAN	0.007490637	1.0	0.9138150002006792	1393800.0103178264
GPLDQLEK	2	sp|P05546|HEP2_HUMAN	0.012178619	0.9797881705057813	0.8948673273970883	15518.126715883143
EGDC[+57.021465]PVQSGK	2	sp|P01042|KNG1_HUMAN	0.007490637	1.0	0.9696607660921341	22218.313673664696
GEC[+57.021465]QAEGVLFFQGDR	3	sp|P02790|HEMO_HUMAN	0.012178619	0.9728591838590949	0.9360114358868158	29550.68165523161
VGSALFLSHNLK	3	sp|P29622|KAIN_HUMAN	0.012178619	0.9728591838590949	0.9319766938503511	82197.04463817828
ETSNFGFSLLR	2	sp|Q9UK55|ZPI_HUMAN	0.007490637	1.0	0.892397890254175	5924.82876087358
YYC[+57.021465]FQGNQFLR	3	sp|P02790|HEMO_HUMAN	0.019165726	0.7138053936648634	0.7836443057369399	312.5295959232181
DTVFALVNYIFFK	3	sp|P01009|A1AT_HUMAN	0.010752688	0.9866190731264982	0.9021540125848384	9090.680101928461
LGNQEPGGQTALK	3	sp|P08697|A2AP_HUMAN	0.007490637	1.0	0.8839444654121745	85.84990836727744
DALSSVQESQVAQQAR	3	sp|P02656|APOC3_HUMAN	0.012178619	0.9728591838590949	0.8385832817947702	7393.875077841525
GTYSTTVTGR	2	sp|P08519|APOA_HUMAN	0.010752688	0.9866190731264982	0.9712659402059328	61101.36082905576
TDTSHHDQDHPTFNK	3	sp|P01009|A1AT_HUMAN	0.012178619	0.9797881705057813	0.9386843503029559	6662.838956565592
IDVHWTR	2	sp|P25311|ZA2G_HUMAN	0.012178619	0.9797881705057813	0.8793980895024741	18769.829955670295
EIGELYLPK	2	sp|P01011|AACT_HUMAN	0.007490637	1.0	0.9559225843751018	590785.596607989
YPPTVSMVEGQGEK	2	sp|P27918|PROP_HUMAN	0.007490637	1.0	0.9568040026572372	431876.11407493846
VEIDTKSYWK	3	sp|P02766|TTHY_HUMAN	0.007490637	1.0	0.958860670331996	48505.778428716316
IMQSSQSMSK	2	sp|O75882|ATRN_HUMAN	0.010752688	0.9866190731264982	0.9872416972535595	180290.21082547793
KVPQVSTPTLVEVSR	2	sp|P02768|ALBU_HUMAN	0.007490637	1.0	0.9372351299607455	1270402.7807861806
DIEEGAIVNPGR	2	sp|P23471|PTPRZ_HUMAN	0.007490637	1.0	0.784931512887916	1533.5183149917984
ASSIIDELFQDR	3	sp|P10909|CLUS_HUMAN	0.014184397	0.9366095275687156	0.9056530336225138	17891.33043188409
GGVGPFSDPVK	2	sp|Q12866|MERTK_HUMAN	0.007490637	1.0	0.7251060919251009	34239.096933948604
DSYETSQLDDQSAETHSHK	4	sp|P10451|OSTP_HUMAN	0.015186916	0.9134157281067091	0.7910498419524652	2731.641910227743
SYSC[+57.021465]QVTHEGSTVEK	3	sp|B9A064|IGLL5_HUMAN;sp|P0CF74|IGLC6_HUMAN;sp|P0CG04|IGLC1_HUMAN;sp|P0DOX8|IGL1_HUMAN;sp|P0DOY2|IGLC2_HUMAN;sp|P0DOY3|IGLC3_HUMAN	0.007490637	1.0	0.9281747881887258	4730723.035763623
NWGLSFYADKPETTK	4	sp|P19652|A1AG2_HUMAN	0.012178619	0.9728591838590949	0.8396217044558282	5338.752320603697
LRTEGDGVYTLNDKK	4	sp|P00738|HPT_HUMAN;sp|P00739|HPTR_HUMAN	0.007490637	1.0	0.9554253811037611	362672.1974440711
GTHC[+57.021465]NQVEVIATLK	3	sp|P02775|CXCL7_HUMAN	0.012178619	0.9797881705057813	0.9311993094532091	493591.9601354142
VDGALC[+57.021465]M[+15.994915]EK	2	sp|P02790|HEMO_HUMAN	0.007490637	1.0	0.9931005044919966	80378.58382732172
FSISATYDLGATLLK	3	sp|P05543|THBG_HUMAN	0.007490637	1.0	0.8553618666019316	46967.91482107267
GFGGLTGQIVAALSTAK	3	sp|Q92954|PRG4_HUMAN	0.007490637	1.0	0.9236846594235327	2235879.319147167
GGYTLVSGYPK	2	sp|P02790|HEMO_HUMAN	0.007490637	1.0	0.9783968812857475	943050.4631089345
ASFHIPQVQVR	3	sp|Q9BQ51|PD1L2_HUMAN	0.007490637	1.0	0.9685741633362304	198271.36936820598
LLIYDASNR	2	sp|A0A0A0MRZ8|KVD11_HUMAN;sp|P04433|KV311_HUMAN	0.007490637	1.0	0.9551596449733637	224475.362134264
WELLQQVDTSTR	2	sp|P04264|K2C1_HUMAN	0.007490637	1.0	0.8510029155909837	169143.94354804687
LRTEGDGVYTLNNEK	4	sp|P00738|HPT_HUMAN	0.007490637	1.0	0.83996743951828	48775.1283419592
GILNEIK	1	sp|P07358|CO8B_HUMAN	0.012178619	0.9797881705057813	0.9295719403076569	25329.157337996527
QLVEIEK	1	sp|P00738|HPT_HUMAN;sp|P00739|HPTR_HUMAN	0.012178619	0.9728591838590949	0.9633053242118361	23192.09246897661
TYLPAVDEK	2	sp|P02655|APOC2_HUMAN	0.007490637	1.0	0.9749465351023741	1748977.4992859391
ADGESC[+57.021465]SASMMYQEGK	2	sp|P01008|ANT3_HUMAN	0.007490637	1.0	0.9606536401666566	1054667.640723932
REPAVGEPAEVTTTVLVR	4	sp|P05362|ICAM1_HUMAN	0.007490637	1.0	0.8113768713568958	1193.0650943604935
ESLLNHFLYEVAR	3	sp|P43652|AFAM_HUMAN	0.007490637	1.0	0.9674772891862622	258952.47639878542
VITEPIPVSDLR	2	sp|Q12913|PTPRJ_HUMAN	0.007490637	1.0	0.9639326062784882	40610.00602102208
EMEDTLNHLK	3	sp|P17936|IBP3_HUMAN	0.007490637	1.0	0.9947088558041383	149731.01740838328
AVLTIDEK	1	sp|P01009|A1AT_HUMAN	0.012178619	0.9797881705057813	0.7362973194121305	1527.5398434278475
EWFWDLATGTMK	3	sp|P02790|HEMO_HUMAN	0.010752688	0.9866190731264982	0.9267163255388612	27283.023401216076
VLDELTLTK	2	sp|P13645|K1C10_HUMAN	0.007490637	1.0	0.9661481738764298	513765.80299728626
GQYC[+57.021465]YELDEK	2	sp|P04004|VTNC_HUMAN	0.007490637	1.0	0.9100420708438366	22969.213503624593
ALSIGFETC[+57.021465]R	2	sp|P16070|CD44_HUMAN	0.007490637	1.0	0.9491378682527939	144809.10587378644
STSESTAALGC[+57.021465]LVK	3	sp|P01859|IGHG2_HUMAN;sp|P01861|IGHG4_HUMAN	0.010752688	0.9866190731264982	0.793842239875258	10890.721761580706
EMEVLHLR	2	sp|P11362|FGFR1_HUMAN	0.007490637	1.0	0.8646375149638245	114225.86280080037
EQLSLLDR	1	sp|P01011|AACT_HUMAN	0.007490637	1.0	0.7242853841147104	31787.021024922018
VPLQQNFQDNQFQGK	2	sp|P80188|NGAL_HUMAN	0.007490637	1.0	0.9017524845111562	1419017.3528856072
YFHHNSDFHIPK	4	sp|O75015|FCG3B_HUMAN	0.007490637	1.0	0.9560386964230848	1150515.8855916949
SKEQLTPLIK	2	sp|P02652|APOA2_HUMAN	0.007490637	1.0	0.9302985710470182	77180.47750162185
MSSINADFAFNLYR	2	sp|P05543|THBG_HUMAN	0.007490637	1.0	0.9372172923312705	2676469.531917242
NLAVSQVVHK	2	sp|P01011|AACT_HUMAN	0.007490637	1.0	0.9711670504488679	2064675.5901848376
ASVGQDSPEPR	2	sp|Q6UX71|PXDC2_HUMAN	0.007490637	1.0	0.9087530818541205	6695.774246514011
GILTVDELLAIR	3	sp|P13473|LAMP2_HUMAN	0.007490637	1.0	0.8416615772873911	3109.9334415838384
ATLVC[+57.021465]LISDFYPGAVTVAWK	4	sp|B9A064|IGLL5_HUMAN;sp|P0CG04|IGLC1_HUMAN;sp|P0DOX8|IGL1_HUMAN;sp|P0DOY2|IGLC2_HUMAN;sp|P0DOY3|IGLC3_HUMAN	0.007490637	1.0	0.820047013648141	60955.07368576704
QQLQALSEPQPR	2	sp|Q8NBJ4|GOLM1_HUMAN	0.00984252	0.9933552810135716	0.972298650887395	4087.9421736446816
NDNDNIFLSPLSISTAFAMTK	3	sp|P01008|ANT3_HUMAN	0.01208981	0.9866190731264982	0.8870380777217288	1596.9906912728027
TEGDGVYTLNDK	2	sp|P00738|HPT_HUMAN;sp|P00739|HPTR_HUMAN	0.007490637	1.0	0.9597396886276275	187152.8753362921
GTQEQDFYVTSETVVR	3	sp|P05154|IPSP_HUMAN	0.013414634	0.9658285256870233	0.7188992473467001	8788.148795306239
EQLGEFYEALDC[+57.021465]LR	3	sp|P02763|A1AG1_HUMAN	0.012987013	0.9728591838590949	0.9391498134621503	3305489.1369496444
WLQGSQELPR	2	sp|P01876|IGHA1_HUMAN;sp|P01877|IGHA2_HUMAN;sp|P0DOX2|IGA2_HUMAN	0.00984252	0.9933552810135716	0.9753462059344377	1659064.3297899486
VYSTSVTGSR	2	sp|Q9H299|SH3L3_HUMAN	0.007490637	1.0	0.9600229317876179	97500.88182232782
SISC[+57.021465]QEIPGQQSR	2	sp|P27918|PROP_HUMAN	0.007490637	1.0	0.9447568712996562	130845.86766475085
TSDQIHFFFAK	3	sp|P01008|ANT3_HUMAN	0.00984252	0.9933552810135716	0.9731215632274515	217713.71297524782
DDNPNLPR	2	sp|P02768|ALBU_HUMAN	0.012178619	0.9797881705057813	0.9047517466959472	12184.106720747317
EPQVYTLPPSR	2	sp|P01857|IGHG1_HUMAN;sp|P01859|IGHG2_HUMAN;sp|P01860|IGHG3_HUMAN;sp|P0DOX5|IGG1_HUMAN	0.007490637	1.0	0.8748951439299267	14784.854546704542
SAVQGPPER	2	sp|P01876|IGHA1_HUMAN;sp|P01877|IGHA2_HUMAN	0.012178619	0.9797881705057813	0.9712792744657892	39633.2616474036
NSVIKVPMMNSK	2	sp|P05155|IC1_HUMAN	0.012178619	0.9797881705057813	0.8948805360721396	15914.004733517771
ASVSVTAEDEGTQR	2	sp|P05362|ICAM1_HUMAN	0.007490637	1.0	0.8278553393250896	41448.718624282
YFHHNSDFHIPK	3	sp|O75015|FCG3B_HUMAN	0.007490637	1.0	0.7914047699634806	78761.9392172676
ESGTDDFNVWIGLHDPK	3	sp|P05451|REG1A_HUMAN	0.007490637	1.0	0.9367069890639294	48658.61063927855
RYTIAALLSPYSYSTTAVVTNPK	3	sp|P02766|TTHY_HUMAN	0.012987013	0.9728591838590949	0.9379542295700319	26101397.492687836
FNWYVDGVEVHNAK	2	sp|P01857|IGHG1_HUMAN;sp|P0DOX5|IGG1_HUMAN	0.015186916	0.9212790999005022	0.8255512765747002	13448.876085018324
KGEVLPLPEANFPSFPLPHHK	5	sp|P04196|HRG_HUMAN	0.00984252	0.9933552810135716	0.7939105346851203	11916.660345462189
LPGIVAEGRDDLYVSDAFHK	3	sp|P01008|ANT3_HUMAN	0.01208981	0.9866190731264982	0.8893612711740141	185180.46837250394
SILFLGK	1	sp|P05543|THBG_HUMAN	0.013414634	0.9586923939928679	0.7426772437122096	1908.6065844042575
VLNQELR	2	sp|P05090|APOD_HUMAN	0.007490637	1.0	0.9806401116850888	1825473.2118633278
FQNALLVR	1	sp|P02768|ALBU_HUMAN	0.018120045	0.8718655118414741	0.7055595305389607	2294.553321232504
LYIEYGIQR	2	sp|Q9NPH3|IL1AP_HUMAN	0.007490637	1.0	0.9467703381061465	75208.53254903667
HTFM[+15.994915]GVVSLGSPSGEVSHPR	4	sp|P02765|FETUA_HUMAN	0.00984252	0.9933552810135716	0.8878099083866109	7454.156469966146
VQPYLDDFQK	2	sp|P02647|APOA1_HUMAN	0.007490637	1.0	0.9658629901695569	407540.57817397965
C[+57.021465]SPHLVLSALTSDNHGATYAFSGTHYWR	5	sp|P02790|HEMO_HUMAN	0.012178619	0.9797881705057813	0.8847517515799403	394503.3094471507
LGMFNIQHC[+57.021465]K	3	sp|P01009|A1AT_HUMAN	0.007490637	1.0	0.9878912118827099	644526.2972827326
SGAQATWTELPWPHEK	2	sp|P02790|HEMO_HUMAN	0.007490637	1.0	0.889563119384919	4285329.762325776
DNPMYYC[+57.021465]NK	2	sp|O75882|ATRN_HUMAN	0.00984252	0.9933552810135716	0.823744563886986	5936.0482082521585
LLGNVLVC[+57.021465]VLAHHFGK	4	sp|P68871|HBB_HUMAN	0.012178619	0.9797881705057813	0.7833698487095883	6205.738064813845
WEMPFDPQDTHQSR	2	sp|P01011|AACT_HUMAN	0.012987013	0.9728591838590949	0.7597592597787363	3668.7852758415456
TAFQEALDAAGDK	2	sp|P10599|THIO_HUMAN	0.007490637	1.0	0.7973835425477319	19694.326400077
DSTYSLSSTLTLSK	2	sp|P01834|IGKC_HUMAN;sp|P0DOX7|IGK_HUMAN	0.007490637	1.0	0.9663253159795657	412582.79379955534
IC[+57.021465]LDLQAPLYK	2	sp|P02776|PLF4_HUMAN	0.007490637	1.0	0.9374613660502089	114861.59564119257
HTFMGVVSLGSPSGEVSHPR	4	sp|P02765|FETUA_HUMAN	0.00984252	0.9933552810135716	0.9308220625988723	266577.74975740147
ESTLHLVLR	2	sp|P0CG47|UBB_HUMAN;sp|P0CG48|UBC_HUMAN;sp|P62979|RS27A_HUMAN;sp|P62987|RL40_HUMAN	0.007490637	1.0	0.9152013808595112	1899365.3477706101
LTLTPWVGLR	2	sp|O75882|ATRN_HUMAN	0.007490637	1.0	0.9702934903392293	2457258.7772675925
HTLNQIDEVK	2	sp|P02765|FETUA_HUMAN	0.00984252	0.9933552810135716	0.9761168538786624	354000.33880510303
SLHTLFGDK	2	sp|P02768|ALBU_HUMAN	0.01208981	0.9866190731264982	0.9581776005046949	29644.179147404077
QGHNSVFLIK	2	sp|P02790|HEMO_HUMAN	0.007490637	1.0	0.9786862725594712	446785.02601461194
SC[+57.021465]ALDQNC[+57.021465]QWEPR	2	sp|O75882|ATRN_HUMAN	0.018120045	1.0	0.9160728812330408	207436.4157439893
VDNALQSGNSQESVTEQDSK	5	sp|P01834|IGKC_HUMAN;sp|P0DOX7|IGK_HUMAN	0.019165726	0.7138053936648634	0.7995730969971968	302.0977916758791
IAPQLSTEELVSLGEK	3	sp|P43652|AFAM_HUMAN	0.013414634	0.9586923939928679	0.7799647987646715	5540.275357499548
QVILTLQPTLVAVGK	2	sp|P13598|ICAM2_HUMAN	0.024691358	1.0	0.9590068223184716	4925052.937981167
NVQDAIADAEQR	2	sp|P35908|K22E_HUMAN	0.007490637	1.0	0.9338730134370394	53277.61947635515
AELQEGAR	2	sp|P02647|APOA1_HUMAN	0.007490637	1.0	0.9663028648605557	45422.62539727414
FTVNNLAEPQK	3	sp|P12259|FA5_HUMAN	0.007490637	1.0	0.8289442697440158	1233.8031890765933
VTTVASHTSDSDVPSGVTEVVVK	4	sp|P10909|CLUS_HUMAN	0.01208981	0.9866190731264982	0.85593573247442	20864.85460679192
FRIEDGFSLK	3	sp|P01008|ANT3_HUMAN	0.007490637	1.0	0.992759736827782	1547593.8129005104
EQVTNVGGAVVTGVTAVAQK	3	sp|P37840|SYUA_HUMAN	0.007490637	1.0	0.9699697016197076	70493.40066864714
LDSSEFLK	2	sp|Q12841|FSTL1_HUMAN	0.01208981	0.9866190731264982	0.894933745896239	2059.898971472373
RTIAVLLDDILQR	3	sp|Q96EE4|CC126_HUMAN	0.01208981	0.9866190731264982	0.8369902756214285	18039.158177867044
LLIYWASTR	2	sp|P06312|KV401_HUMAN	0.00984252	0.9933552810135716	0.9578619878107976	45210.00856575142
DGWHSWPIAHQWPQGPSAVDAAFSWEEK	6	sp|P02790|HEMO_HUMAN	0.018120045	0.8159995903747699	0.719437074869335	1822.6349967569772
AGVETTTPSK	2	sp|P0DOY2|IGLC2_HUMAN;sp|P0DOY3|IGLC3_HUMAN	0.01208981	0.9866190731264982	0.9636960610743958	5963.242396127134
HYYESEVLAMNFQDWATASR	3	sp|P08185|CBG_HUMAN	0.012178619	0.9797881705057813	0.9420836071415148	120432.07728049239
IILEDENDAMADADR	2	sp|Q9BUN1|MENT_HUMAN	0.012987013	0.9728591838590949	0.810927051619798	16664.427612502397
ADLSGITGAR	1	sp|P01011|AACT_HUMAN	0.007490637	1.0	0.9255826720204297	41190.80753720217
VPQVSTPTLVEVSR	3	sp|P02768|ALBU_HUMAN	0.014184397	0.9440873193926883	0.8681901269276847	4957.166501368429
MFLSFPTTK	2	sp|P69905|HBA_HUMAN	0.007490637	1.0	0.9867058934019375	928681.1073375909
GLPNVVTSAISLPNIR	2	sp|Q92954|PRG4_HUMAN	0.007490637	1.0	0.9794033746743591	180053.9543156823
QVVAGLNFR	2	sp|P01042|KNG1_HUMAN	0.007490637	1.0	0.9495773464509605	810399.1541948586
TLTLLSVTR	2	sp|P06731|CEAM5_HUMAN;sp|P13688|CEAM1_HUMAN;sp|P31997|CEAM8_HUMAN	0.007490637	1.0	0.9645126599403476	167779.88622682582
LQHLENELTHDIITK	4	sp|P01009|A1AT_HUMAN	0.013414634	0.9658285256870233	0.9526469276952397	2682858.25522442
YENEVALR	2	sp|P13645|K1C10_HUMAN	0.014184397	0.9440873193926883	0.9985108539186606	1973.8640547179914
VGYVSGWGR	2	sp|P00738|HPT_HUMAN	0.007490637	1.0	0.9972815151964798	3256558.487785918
LVRPEVDVMC[+57.021465]TAFHDNEETFLK	3	sp|P02768|ALBU_HUMAN	0.007490637	1.0	0.9553134276777174	123145.92034618207
DASGVTFTWTPSSGK	2	sp|P01876|IGHA1_HUMAN	0.01208981	0.9866190731264982	0.9645457888885761	31198.116328780383
VYIASSSGSTAIK	2	sp|O75368|SH3L1_HUMAN	0.007490637	1.0	0.9474449276220779	10119.085250259739
TMLLQPAGSLGSYSYR	2	sp|P41222|PTGDS_HUMAN	0.00984252	0.9933552810135716	0.9283609129786169	537487.248320908
DVWGIEGPIDAAFTR	2	sp|P04004|VTNC_HUMAN	0.007490637	1.0	0.89650414029948	1426839.9352313087
DIAPTLTLYVGK	3	sp|P00738|HPT_HUMAN;sp|P00739|HPTR_HUMAN	0.007490637	1.0	0.8997156305396109	11229.73403849206
AVSISPTNVILTWK	2	sp|Q12913|PTPRJ_HUMAN	0.01208981	0.9866190731264982	0.9421875333191739	122677.4161684189
YVGGQEHFAHLLILR	3	sp|P02763|A1AG1_HUMAN	0.012987013	0.9728591838590949	0.9835566505478839	396005.7164081632
SDVM[+15.994915]YTDWK	2	sp|P19652|A1AG2_HUMAN	0.00984252	0.9933552810135716	0.9714112060823833	5705.642546474361
SDVMYTDWK	2	sp|P19652|A1AG2_HUMAN	0.007490637	1.0	0.9885744944547067	6570766.975896609
YIC[+57.021465]ENQDSISSK	2	sp|P02768|ALBU_HUMAN	0.01208981	0.9866190731264982	0.9550519323235398	26260.4216062779
AQYEEIAQR	2	sp|P02538|K2C6A_HUMAN;sp|P04259|K2C6B_HUMAN;sp|P19013|K2C4_HUMAN;sp|P35908|K22E_HUMAN;sp|P48668|K2C6C_HUMAN;sp|Q01546|K22O_HUMAN	0.007490637	1.0	0.9307920838750656	48647.83741739849
SEAYNTFSER	2	sp|P12259|FA5_HUMAN	0.00984252	0.9933552810135716	0.9094309536947309	19583.26339074477
GGSTSYGTGSETESPR	2	sp|P02671|FIBA_HUMAN	0.012178619	0.9797881705057813	0.9514605944336635	43584.83556992987
EHVAHLLFLRDTK	2	sp|P19652|A1AG2_HUMAN	0.01208981	0.9866190731264982	0.921042387489744	52016.10926598909
RLGMFNIQHC[+57.021465]K	3	sp|P01009|A1AT_HUMAN	0.01208981	0.9866190731264982	0.975656896898275	76071.21446761793
EFTPPVQAAYQK	2	sp|P68871|HBB_HUMAN	0.007490637	1.0	0.9261804846803933	147559.00329086138
EENFYVDETTVVK	2	sp|P08185|CBG_HUMAN	0.012178619	0.9797881705057813	0.9169382426612335	395972.2559205177
SAGSVESPSVSSTHR	2	sp|P17936|IBP3_HUMAN	0.01208981	0.9866190731264982	0.9311801361435651	5617.280775529962
IHWESASLLR	2	sp|P01024|CO3_HUMAN	0.00984252	0.9933552810135716	0.965366152494165	52602.12835740706
EVGTPHGIILDSVDAAFIC[+57.021465]PGSSR	3	sp|P02790|HEMO_HUMAN	0.007490637	1.0	0.9275253709924192	7086453.409538442
VC[+57.021465]PFAGILENGAVR	2	sp|P02749|APOH_HUMAN	0.007490637	1.0	0.8434196236213152	2523799.2832660247
AFIQLWAFDAVK	3	sp|P02760|AMBP_HUMAN	0.01208981	0.9866190731264982	0.955248906097914	790.000420258886
TLLSNLEEAK	2	sp|P10909|CLUS_HUMAN	0.007490637	1.0	0.9654786350893383	100525.82695860346
VDGALC[+57.021465]MEK	2	sp|P02790|HEMO_HUMAN	0.01208981	0.9866190731264982	0.9683067330593482	230122.50560212144
FIC[+57.021465]PLTGLWPINTLK	2	sp|P02749|APOH_HUMAN	0.012987013	0.9728591838590949	0.9193551183303901	43860.892865399306
VIEHIMEDLDTNADK	2	sp|P06702|S10A9_HUMAN	0.012987013	0.9728591838590949	0.9055634780438002	7673.024060417134
SVLGQLGITK	2	sp|P01009|A1AT_HUMAN	0.007490637	1.0	0.9465435793435908	1338750.4620846135
WKNFPSPVDAAFR	2	sp|P02790|HEMO_HUMAN	0.01208981	0.9866190731264982	0.8736079359321678	23845.503541772036
TM[+15.994915]LLQPAGSLGSYSYR	3	sp|P41222|PTGDS_HUMAN	0.007490637	1.0	0.851454758360986	26665.061617370313
HPDEAAFFDTASTGK	3	sp|P02671|FIBA_HUMAN	0.012178619	0.9797881705057813	0.9730626259033087	31950.066085295206
EGIVEYPR	2	sp|Q02985|FHR3_HUMAN;sp|Q92496|FHR4_HUMAN	0.007490637	1.0	0.8505702209907448	64781.49837063045
NWPESVYFFK	2	sp|Q92954|PRG4_HUMAN	0.007490637	1.0	0.9677146402523372	12836.907484468264
EHVAHLLFLR	3	sp|P19652|A1AG2_HUMAN	0.012987013	0.9728591838590949	0.959736230611633	12929471.293815488
KLINDYVK	2	sp|P01011|AACT_HUMAN	0.01208981	0.9866190731264982	0.8962615352010878	6897.4882427681805
YEGGREHVAHLLFLR	4	sp|P19652|A1AG2_HUMAN	0.012178619	0.9797881705057813	0.8926899035168285	16922.00498586805
KVETNMAFSPFSIASLLTQVLLGAGENTK	4	sp|P05155|IC1_HUMAN	0.01208981	0.9866190731264982	0.8414970650439239	19655.404725614662
TEDTIFLR	2	sp|P02763|A1AG1_HUMAN;sp|P19652|A1AG2_HUMAN	0.01208981	0.9866190731264982	0.9631031508485773	1967941.3172225032
DFLQSLK	2	sp|P08697|A2AP_HUMAN	0.007490637	1.0	0.9312066257849104	418382.64859358
LC[+57.021465]TPLLPK	2	sp|P27918|PROP_HUMAN	0.01208981	0.9866190731264982	0.9610948440221738	5446.788751202225
YTDLVAIQNK	2	sp|P16109|LYAM3_HUMAN	0.00984252	0.9933552810135716	0.9044176044043345	14805.919803733657
AFSVNIFK	2	sp|P11279|LAMP1_HUMAN	0.012178619	0.9797881705057813	0.8863996945798914	91236.61781536437
TVAAC[+57.021465]NLPIVR	2	sp|P02760|AMBP_HUMAN	0.00984252	0.9933552810135716	0.9818620880118022	486930.1118517919
IPLNDLFR	2	sp|P13473|LAMP2_HUMAN	0.01208981	0.9866190731264982	0.9832471957868341	64862.638496855776
SKLPGIVAEGRDDLYVSDAFHK	3	sp|P01008|ANT3_HUMAN	0.00984252	0.9933552810135716	0.9815155856321915	70820.65547440363
GKEESLDSDLYAELR	4	sp|P02775|CXCL7_HUMAN	0.016260162	0.9054124614333342	0.7972671484444889	5720.153161861402
TYFPHFDLSHGSAQVK	2	sp|P69905|HBA_HUMAN	0.014184397	0.9514467542496609	0.8307615047217013	382.50732569741956
TSESGELHGLTTEEEFVEGIYK	4	sp|P02766|TTHY_HUMAN	0.007490637	1.0	0.9441140090967294	1484766.5177965593
ALTDMPQMR	2	sp|P02671|FIBA_HUMAN	0.007490637	1.0	0.9503328822881992	318382.24785096984
QINDYVEK	2	sp|P01009|A1AT_HUMAN	0.007490637	1.0	0.9761476146638137	956671.8330729188
ELDRDTVFALVNYIFFK	3	sp|P01009|A1AT_HUMAN	0.00984252	0.9933552810135716	0.8823753423434804	41934.50837233694
LDDDLEHQGGHVLDHGHK	5	sp|P01042|KNG1_HUMAN	0.007490637	1.0	0.9433846669434407	2435745.7036307524
RLWWLDLK	2	sp|P02790|HEMO_HUMAN	0.00984252	0.9933552810135716	0.9776291522078819	60755.553066217275
DIPMNPMC[+57.021465]IYR	3	sp|P01008|ANT3_HUMAN	0.00984252	0.9933552810135716	0.7923833954566899	1208.5373122357498
NPNLPPETVDSLK	2	sp|P05090|APOD_HUMAN	0.00984252	0.9933552810135716	0.9481161569355748	137318.83920796384
SPELQAEAKSYFEK	4	sp|P02652|APOA2_HUMAN	0.024691358	0.5879493283318651	0.8378208607164829	1954.9363755185254
ALGISPFHEHAEVVFTANDSGPR	4	sp|P02766|TTHY_HUMAN	0.007490637	1.0	0.9372304995529195	17077370.84649079
WLQDNAENVYVWK	2	sp|P07359|GP1BA_HUMAN	0.007490637	1.0	0.8999711340995377	803374.3068026411
YKEENDDFASFR	2	sp|P04196|HRG_HUMAN	0.007490637	1.0	0.9451237795577135	393600.63575094496
DSVGQLQLYR	2	sp|Q99941|ATF6B_HUMAN	0.014184397	0.9366095275687156	0.9312063834489438	4473.989406902266
SVNNVVVR	1	sp|O75882|ATRN_HUMAN	0.012987013	0.9728591838590949	0.7815841315612566	2596.3712554196736
ALVLIAFAQYLQQC[+57.021465]PFEDHVK	4	sp|P02768|ALBU_HUMAN	0.007490637	1.0	0.8779108924332183	2449.5808570523077
VAEGTQVLELPFK	2	sp|P01008|ANT3_HUMAN	0.007490637	1.0	0.9573510311577672	4108424.5358387027
GIYSFSFHVIK	3	sp|Q9NTU7|CBLN4_HUMAN	0.007490637	1.0	0.9492022279033239	450891.8740387905
GTWTQPFDLASTR	2	sp|P08185|CBG_HUMAN	0.007490637	1.0	0.9238135456777088	316931.36088406417
DKC[+57.021465]EPLEKQHEK	4	sp|P02763|A1AG1_HUMAN;sp|P19652|A1AG2_HUMAN	0.007490637	1.0	0.9422239822544746	85386.97634369113
LNDLEDALQQAK	2	sp|P04264|K2C1_HUMAN	0.007490637	1.0	0.8861123415847576	32204.266893935946
WQQGNVFSC[+57.021465]SVMHEALHNHYTQK	5	sp|P01857|IGHG1_HUMAN;sp|P01859|IGHG2_HUMAN;sp|P0DOX5|IGG1_HUMAN	0.013414634	0.9658285256870233	0.8253807682749239	8890.798834502299
ALGISPFHEHAEVVFTANDSGPRR	4	sp|P02766|TTHY_HUMAN	0.018120045	0.8258516653955662	0.9499102112877278	36265.4918613419
LLIYGASSR	2	sp|P01619|KV320_HUMAN	0.007490637	1.0	0.9758394506220108	773120.3843644569
FNALQYLR	2	sp|P51884|LUM_HUMAN	0.015186916	0.9134157281067091	0.7965990088923063	426.52155028647877
EPNAQEILQR	2	sp|Q02747|GUC2A_HUMAN	0.00984252	0.9933552810135716	0.8295033994182288	5108.3961637322345
EEDPIHLR	2	sp|O75015|FCG3B_HUMAN;sp|P08637|FCG3A_HUMAN	0.007490637	1.0	0.9630494279502754	736442.075846605
EALQGVGDMGR	2	sp|P35542|SAA4_HUMAN	0.00984252	0.9933552810135716	0.9558568082032689	4994.477334484711
LVLLNAIYLSAK	2	sp|P05155|IC1_HUMAN	0.007490637	1.0	0.9560148413808681	76546.76996712793
EQYAVVGHSAHIVTLK	3	sp|O75882|ATRN_HUMAN	0.007490637	1.0	0.7423082581645523	31617.48019717759
QSLEASLAETEGR	2	sp|P13645|K1C10_HUMAN	0.00984252	0.9933552810135716	0.8237402813164514	37008.5612398808
MNTVIAALSR	2	sp|P08185|CBG_HUMAN	0.007490637	1.0	0.9685956439449135	942531.4069667748
SDGDPVQPAVLQVHQTS	2	sp|O95810|CAVN2_HUMAN	0.007490637	1.0	0.9463598494035372	731022.088468778
TFVLPVTPPR	2	sp|P32942|ICAM3_HUMAN	0.00984252	0.9933552810135716	0.9593734622217635	49012.39088369479
VTTPDTSTTQHNK	3	sp|Q92954|PRG4_HUMAN	0.007490637	1.0	0.8929180217253125	126976.1325852531
KQINDYVEK	2	sp|P01009|A1AT_HUMAN	0.007490637	1.0	0.9833600900456696	217812.46619817684
NWGLSVYADKPETTK	2	sp|P02763|A1AG1_HUMAN	0.007490637	1.0	0.9373463522385046	1834522.9269761674
GSSSSPLGISVR	2	sp|Q9NTU7|CBLN4_HUMAN	0.007490637	1.0	0.924466657966832	105396.71546099347
VWPQQPSGELFEIEIDTLETTC[+57.021465]HVLDPTPVAR	4	sp|P02765|FETUA_HUMAN	0.007490637	1.0	0.8862497830784885	1391342.3124626176
SQYEQLAEQNRK	3	sp|P13645|K1C10_HUMAN	0.014184397	0.9440873193926883	0.9229339590619897	18316.856914064047
GSPAINVAVHVFRK	3	sp|P02766|TTHY_HUMAN	0.012178619	0.9866190731264982	0.9526344249612807	143231.2157460964
TYM[+15.994915]LAFDVNDEK	3	sp|P02763|A1AG1_HUMAN	0.019165726	0.7138053936648634	0.8106054597365843	14509.071936075727
FWTSFFPK	2	sp|P06276|CHLE_HUMAN	0.007490637	1.0	0.786857983970382	60190.32400769149
LYHSEAFTVNFGDTEEAKK	4	sp|P01009|A1AT_HUMAN	0.007490637	1.0	0.9056777573791204	1013028.1936090859
DYFMPC[+57.021465]PGR	3	sp|P02790|HEMO_HUMAN	0.007490637	1.0	0.8519507076404295	14932.893570740674
GSPAINVAVHVFR	3	sp|P02766|TTHY_HUMAN	0.00984252	0.9933552810135716	0.9471382641840456	14353408.510160144
ANRPFLVFIR	2	sp|P01008|ANT3_HUMAN	0.012987013	0.9728591838590949	0.977518439114394	65665.78851705011
SSGQWQTPGATR	2	sp|P06681|CO2_HUMAN	0.007490637	1.0	0.8809334304716361	6754.916741876828
EAEPLVDIR	2	sp|Q9H8L6|MMRN2_HUMAN	0.014184397	0.9366095275687156	0.9841177130905722	205726.87078879125
EVPLNTIIFMGR	2	sp|P01008|ANT3_HUMAN	0.00984252	0.9933552810135716	0.964382747389201	2556757.1042663753
WSAGLTSSQVDLYIPK	2	sp|P08185|CBG_HUMAN	0.007490637	1.0	0.8786419984027501	2137307.246900432
SC[+57.021465]AVAEYGVYVK	2	sp|P00738|HPT_HUMAN;sp|P00739|HPTR_HUMAN	0.025755879	0.9933552810135716	0.9628822964723479	606187.1213557365
FKLDDDLEHQGGHVLDHGHK	5	sp|P01042|KNG1_HUMAN	0.012178619	0.9866190731264982	0.9569823716800063	51142.81361546096
IDPSHTQGYR	3	sp|P40189|IL6RB_HUMAN	0.012987013	0.9728591838590949	0.9012206363765781	11436.173024180916
GEVLPLPEANFPSFPLPHHK	3	sp|P04196|HRG_HUMAN	0.012178619	0.9866190731264982	0.9462911745204583	139758.15541208826
VVSTNYNQHAMVFFK	2	sp|P80188|NGAL_HUMAN	0.00984252	0.9933552810135716	0.791017882499601	15324.855556560113
SDVVYTDWKKDK	3	sp|P02763|A1AG1_HUMAN	0.012178619	0.9866190731264982	0.9371539410952984	16173.264884479411
GSFPWQAK	2	sp|P00738|HPT_HUMAN;sp|P00739|HPTR_HUMAN	0.012178619	0.9797881705057813	0.996856693983433	292578.9478672397
ETLLQDFR	2	sp|P02760|AMBP_HUMAN	0.012178619	0.9866190731264982	0.9801592317087798	733482.3293816298
AVMDDFAAFVEK	2	sp|P02768|ALBU_HUMAN	0.012178619	0.9797881705057813	0.9590920448349795	2648769.996614811
VFEVHVRPK	2	sp|P13598|ICAM2_HUMAN	0.007490637	1.0	0.9592867769109519	137573.33585555968
ALMSPAGMLR	2	sp|O75144|ICOSL_HUMAN	0.012178619	0.9866190731264982	0.9177798775372568	152184.44634079502
YVGGQEHFAHLLILRDTK	3	sp|P02763|A1AG1_HUMAN	0.00984252	0.9933552810135716	0.9334408009064773	210571.8616968676
QISNLQQSISDAEQR	3	sp|P04264|K2C1_HUMAN	0.012987013	0.9728591838590949	0.9693906876105552	14369.700867143018
EESLDSDLYAELR	3	sp|P02775|CXCL7_HUMAN	0.014184397	0.9440873193926883	0.8544526345402791	25860.820493162304
GGSADAAWK	1	sp|Q9ULI3|HEG1_HUMAN	0.012987013	0.9728591838590949	0.748829803604297	1343.537714481918
QQTHMLDVMQDHFSR	4	sp|P10909|CLUS_HUMAN	0.007490637	1.0	0.9233490794201745	20616.060395767425
VVAGVANALAHK	2	sp|P02042|HBD_HUMAN;sp|P68871|HBB_HUMAN	0.007490637	1.0	0.8723806694987585	59543.0807398446
NFPSPVDAAFR	3	sp|P02790|HEMO_HUMAN	0.007490637	1.0	0.8547546964138579	140531.9644377401
EGVAAPLQYR	2	sp|Q8IYS5|OSCAR_HUMAN	0.007490637	1.0	0.956603918736264	90094.46641186469
DSYETSQLDDQSAETHSHK	3	sp|P10451|OSTP_HUMAN	0.015186916	0.9134157281067091	0.7931240362861236	12090.676001468328
DQYYNIDVPSR	2	sp|Q92954|PRG4_HUMAN	0.00984252	0.9933552810135716	0.9436419355337915	929031.7327143169
KYPVAHFIDQTLK	3	sp|P05155|IC1_HUMAN	0.012178619	0.9797881705057813	0.8529263620423148	5352.570581982624
ALTFELTLR	2	sp|P07333|CSF1R_HUMAN	0.007490637	1.0	0.9452482944420686	284287.91149878805
SKLPGIVAEGR	2	sp|P01008|ANT3_HUMAN	0.012178619	0.9866190731264982	0.9848325882460284	311417.3899082901
FDPSLTQR	2	sp|P08697|A2AP_HUMAN	0.007490637	1.0	0.9326603981502023	115909.481512136
EYC[+57.021465]GVPGDGDEELLR	2	sp|P02760|AMBP_HUMAN	0.007490637	1.0	0.9438845992271172	2558573.0533819427
VADALTNAVAHVDDMPNALSALSDLHAHK	4	sp|P69905|HBA_HUMAN	0.00984252	0.9933552810135716	0.9321359857214658	189637.33378832793
EQLTPLIK	2	sp|P02652|APOA2_HUMAN	0.012178619	0.9797881705057813	0.9273720720074217	215817.45107917834
ADLFYDVEALDLESPK	2	sp|P04196|HRG_HUMAN	0.007490637	1.0	0.8686070444070125	95614.93435590297
LRTEGDGVYTLNNEK	3	sp|P00738|HPT_HUMAN	0.007490637	1.0	0.7576991757546062	82206.64391821821
QQTHMLDVMQDHFSR	3	sp|P10909|CLUS_HUMAN	0.007490637	1.0	0.9304119345495477	6154.918577461788
TYMLAFDVNDEK	2	sp|P02763|A1AG1_HUMAN	0.012178619	0.9866190731264982	0.7289732040440894	4683213.803903131
SVQEIQATFFYFTPNK	3	sp|P02763|A1AG1_HUMAN;sp|P19652|A1AG2_HUMAN	0.007490637	1.0	0.9457667851199885	71222.79455283309
SLTEEAENWGDGEPNNK	2	sp|P14151|LYAM1_HUMAN	0.007490637	1.0	0.8790107172851522	330244.0968251947
EQLGEFYEALDC[+57.021465]LC[+57.021465]IPR	3	sp|P19652|A1AG2_HUMAN	0.00984252	0.9933552810135716	0.9269225636940358	495186.2165157935
DMPASEDLQDLQK	2	sp|P49908|SEPP1_HUMAN	0.007490637	1.0	0.9601144095925168	3810088.8370160195
STSTAYMELSSLR	2	sp|P01742|HV169_HUMAN	0.012178619	0.9866190731264982	0.8606940948135777	95603.98967667775
LAADDFR	2	sp|O76013|KRT36_HUMAN;sp|O76014|KRT37_HUMAN;sp|O76015|KRT38_HUMAN;sp|P02533|K1C14_HUMAN;sp|P05783|K1C18_HUMAN;sp|P08727|K1C19_HUMAN;sp|P08779|K1C16_HUMAN;sp|P13645|K1C10_HUMAN;sp|P13646|K1C13_HUMAN;sp|P19012|K1C15_HUMAN;sp|Q04695|K1C17_HUMAN;sp|Q14525|KT33B_HUMAN;sp|Q14532|K1H2_HUMAN;sp|Q15323|K1H1_HUMAN;sp|Q2M2I5|K1C24_HUMAN;sp|Q7Z3Y7|K1C28_HUMAN;sp|Q92764|KRT35_HUMAN	0.012987013	0.9728591838590949	0.9471420772836708	35707.37689298035
STSGGTAALGC[+57.021465]LVK	2	sp|P01857|IGHG1_HUMAN;sp|P01860|IGHG3_HUMAN;sp|P0DOX5|IGG1_HUMAN	0.007490637	1.0	0.9646800982213999	350746.8470743818
KPDGYDYYAFSK	3	sp|Q92954|PRG4_HUMAN	0.007490637	1.0	0.9812978234384225	72355.55547629956
LYHAFSAMK	2	sp|P05155|IC1_HUMAN	0.007490637	1.0	0.941819623442052	263134.65457361535
GWSEEELQGVLR	2	sp|Q9H4A9|DPEP2_HUMAN	0.00984252	0.9933552810135716	0.8582689865016864	4205.893538794204
KWQEEMELYR	2	sp|P02647|APOA1_HUMAN	0.00984252	0.9933552810135716	0.9704117134904675	162972.64844930504
ALQDQLVLVAAK	2	sp|P01019|ANGT_HUMAN	0.007490637	1.0	0.7944349880405338	7023.304025910865
LEDMEQALSPSVFK	2	sp|P05155|IC1_HUMAN	0.012178619	0.9797881705057813	0.9432719634405137	1193984.6832774533
NSGSELQVYYASPR	2	sp|P18850|ATF6A_HUMAN	0.012178619	0.9797881705057813	0.8240495397628472	13364.295119424023
ITPNLAEFAFSLYR	3	sp|P01009|A1AT_HUMAN	0.007490637	1.0	0.950684502277695	2198688.211411376
VWVYPPEK	2	sp|P02790|HEMO_HUMAN	0.012178619	0.9866190731264982	0.9793499531758736	1072698.700077656
DDLYVSDAFHK	3	sp|P01008|ANT3_HUMAN	0.007490637	1.0	0.9549483879585798	171817.5674544424
NTWSILHTQGALVQGGYGHSSVYDHR	5	sp|O75882|ATRN_HUMAN	0.013414634	0.9658285256870233	0.9296368729054787	1481435.2470952424
LVYHLGLPFSFLTFPYVEEAIK	3	sp|P49908|SEPP1_HUMAN	0.007490637	1.0	0.972983556460992	12650549.717204712
VEEVKPLEGR	3	sp|O00533|NCHL1_HUMAN	0.007490637	1.0	0.9575156155034881	153343.9633312079
SLTEEAENWGDGEPNNKK	3	sp|P14151|LYAM1_HUMAN	0.00984252	0.9933552810135716	0.9470129283059573	253237.79351962198
SDVMYTDWKKDK	2	sp|P19652|A1AG2_HUMAN	0.007490637	1.0	0.8949016842002148	84162.82629221244
VGAHAGEYGAEALER	2	sp|P69905|HBA_HUMAN	0.012178619	0.9866190731264982	0.8526055904857947	9489.988655518462
DGTFPLPIGESVTVTR	3	sp|P05362|ICAM1_HUMAN	0.012987013	0.9728591838590949	0.8109781049510011	4354.149314862044
DTINLLDQR	2	sp|Q8NBJ4|GOLM1_HUMAN	0.007490637	1.0	0.9396135059121462	108314.77437899711
AEIEYLEK	2	sp|P14151|LYAM1_HUMAN	0.012178619	0.9866190731264982	0.9003606364857847	16588.164264181887
AEGAATEEEGTPK	2	sp|P80723|BASP1_HUMAN	0.007490637	1.0	0.79803782892256	1820.8077446906364
RPC[+57.021465]FSALEVDETYVPK	3	sp|P02768|ALBU_HUMAN	0.007490637	1.0	0.8963125730805388	31954.79965485874
DTKTYMLAFDVNDEK	3	sp|P02763|A1AG1_HUMAN	0.007490637	1.0	0.9696702479692171	931903.0079171783
RVAEGTQVLELPFK	2	sp|P01008|ANT3_HUMAN	0.007490637	1.0	0.946036245054932	2749840.485643944
YTIAALLSPYSYSTTAVVTNPKE	3	sp|P02766|TTHY_HUMAN	0.007490637	1.0	0.9362088829662555	3215940.477617232
GGSIQQYIYK	3	sp|Q92954|PRG4_HUMAN	0.015186916	0.9212790999005022	0.8496094842372659	43648.59740860062
SGFPQVSMFFTHTFPK	2	sp|P04196|HRG_HUMAN	0.014184397	0.9290085173289965	0.7541143853168096	8261.551749031187
TAVTANLDIR	2	sp|O00533|NCHL1_HUMAN	0.007490637	1.0	0.956088946231675	129319.8211611791
YVGGQEHFAHLLILR	4	sp|P02763|A1AG1_HUMAN	0.012987013	0.9728591838590949	0.9602994427224534	29989747.724108737
GGGALLGDR	1	sp|P00736|C1R_HUMAN;sp|Q9NZP8|C1RL_HUMAN	0.007490637	1.0	0.7748912822693838	7556.418000727578
VSFLSALEEYTK	2	sp|P02647|APOA1_HUMAN	0.00984252	0.9933552810135716	0.9261190475653821	52198.10563099629
DKC[+57.021465]EPLEK	2	sp|P02763|A1AG1_HUMAN;sp|P19652|A1AG2_HUMAN	0.012178619	0.9866190731264982	0.9635082175694147	96238.56800807509
DGWHSWPIAHQWPQGPSAVDAAFSWEEK	4	sp|P02790|HEMO_HUMAN	0.012178619	0.9797881705057813	0.9368269846324122	4411711.16324671
GTEAAGAMFLEAIPMSIPPEVK	3	sp|P01009|A1AT_HUMAN	0.012178619	0.9866190731264982	0.9563009424008573	49138.93888180336
SPSQDEMLPTYLK	2	sp|Q8IZF2|AGRF5_HUMAN	0.012178619	0.9866190731264982	0.9633681330678072	18537.256403842788
SGAEAQTPEDSPNR	2	sp|O43493|TGON2_HUMAN	0.007490637	1.0	0.9562619554741703	56815.85423951994
GTSAVNVVLSLK	2	sp|P20061|TCO1_HUMAN	0.00984252	0.9933552810135716	0.8444393250904711	4626.196382061311
GVC[+57.021465]EETSGAYEK	2	sp|P02760|AMBP_HUMAN	0.007490637	1.0	0.9643328104536321	158483.84945175974
SDVVYTDWKK	2	sp|P02763|A1AG1_HUMAN	0.007490637	1.0	0.9689195517085589	10586.607220373244
VQALEEANNDLENK	2	sp|P35527|K1C9_HUMAN	0.007490637	1.0	0.9159868990945158	52688.49063343233
C[+57.021465]DDWGLDTMR	2	sp|Q9NPH3|IL1AP_HUMAN	0.007490637	1.0	0.9354164855050353	6500.511530859785
FLEDVKK	1	sp|P01009|A1AT_HUMAN	0.016260162	0.897262926642552	0.9502906120068956	5774.921409076951
NILTSNNIDVK	2	sp|P05090|APOD_HUMAN	0.007490637	1.0	0.9224623445380765	5955745.231508725
GPGEDFR	2	sp|P41222|PTGDS_HUMAN	0.012987013	0.9728591838590949	0.9721905886560503	53921.007513526114
LFDSDPITVTVPVEVSR	3	sp|P10909|CLUS_HUMAN	0.007490637	1.0	0.876895776563411	172635.64539880303
TVAAPSVFIFPPSDEQLK	4	sp|P01834|IGKC_HUMAN	0.024691358	0.5879493283318651	0.701554389777551	77.14613097264743
ELDESLQVAER	2	sp|P10909|CLUS_HUMAN	0.007490637	1.0	0.9619670068790588	281808.75046146393
YPVAHFIDQTLK	2	sp|P05155|IC1_HUMAN	0.007490637	1.0	0.9936454202037158	347152.8992785359
FEDGVLDPDYPR	2	sp|P04004|VTNC_HUMAN	0.00984252	0.9933552810135716	0.9469629003293261	844.8970820220354
FQPTLLTLPR	2	sp|P05155|IC1_HUMAN	0.00984252	0.9933552810135716	0.9588001546393669	5512912.923530687
SDVMYTDWKK	2	sp|P19652|A1AG2_HUMAN	0.007490637	1.0	0.9627757465819685	170328.14223806304
LTLEQIDLIR	2	sp|Q9H4A9|DPEP2_HUMAN	0.00984252	0.9933552810135716	0.8318050110957158	26115.964078355788
FNQPFIIMIFDHFTWSSLFLAR	4	sp|P08185|CBG_HUMAN	0.013414634	0.9658285256870233	0.8999318679567055	4211.119783180675
DYQELMNVK	2	sp|P12035|K2C3_HUMAN;sp|P35908|K22E_HUMAN;sp|Q01546|K22O_HUMAN;sp|Q5XKE5|K2C79_HUMAN	0.007490637	1.0	0.9862447756028824	75966.49991502806
GSESGIFTNTK	2	sp|P02671|FIBA_HUMAN	0.007490637	1.0	0.9620877581855638	49328.67290970801
TPVC[+57.021465]TTGQGSGSTATVFAMAELQK	3	sp|Q9H8L6|MMRN2_HUMAN	0.012178619	0.9797881705057813	0.9356920802245506	53942.19995100314
LINDYVK	1	sp|P01011|AACT_HUMAN	0.007490637	1.0	0.7305002079309391	27815.14145572729
GKEESLDSDLYAELR	3	sp|P02775|CXCL7_HUMAN	0.007490637	1.0	0.9642218786059656	222983.83201153786
SDDSVIQLLNPNR	2	sp|Q9BY67|CADM1_HUMAN	0.012178619	0.9866190731264982	0.9887634136686958	50910.82731605589
YGFIEGHVVIPR	2	sp|P16070|CD44_HUMAN	0.00984252	0.9933552810135716	0.8496840209637398	14512.437404717075
VTVLGQPK	2	sp|B9A064|IGLL5_HUMAN;sp|P0DOX8|IGL1_HUMAN	0.012987013	0.9728591838590949	0.9738031634869397	40709.339169900464
DLGEENFK	1	sp|P02768|ALBU_HUMAN	0.012178619	0.9866190731264982	0.9136425973059978	129.77186959836607
LVRPEVDVMC[+57.021465]TAFHDNEETFLK	4	sp|P02768|ALBU_HUMAN	0.007490637	1.0	0.9459453998748182	102022.07101716349
GLEEELQFSLGSK	2	sp|P0C0L4|CO4A_HUMAN;sp|P0C0L5|CO4B_HUMAN	0.007490637	1.0	0.8966452545444131	222254.60171803852
HRLEDMEQALSPSVFK	3	sp|P05155|IC1_HUMAN	0.007490637	1.0	0.9057108435853084	48584.49544304458
ELDRDTVFALVNYIFFK	4	sp|P01009|A1AT_HUMAN	0.018120045	0.8258516653955662	0.7204311373015263	3410.1865514002147
AGTELVNFLSYFVELGTQPATQ	3	sp|P02652|APOA2_HUMAN	0.007490637	1.0	0.9411668260992342	6008392.962353265
LENEIQTYR	2	sp|P13645|K1C10_HUMAN	0.00984252	0.9933552810135716	0.9093828257591476	14813.2348628724
TVAAPSVFIFPPSDEQLK	3	sp|P01834|IGKC_HUMAN	0.007490637	1.0	0.8991952780847743	20216.021727997013
KGPGPGGPGGAGVAR	3	sp|Q92686|NEUG_HUMAN	0.012987013	0.9728591838590949	0.89158144137232	10985.881930232204
EFLEDTC[+57.021465]VQYVQK	2	sp|Q9UNN8|EPCR_HUMAN	0.007490637	1.0	0.9010666973404462	209861.88188439902
THLAPYSDELR	2	sp|P02647|APOA1_HUMAN	0.007490637	1.0	0.943988746839257	1764362.1712166185
C[+57.021465]PNPPVQENFDVNK	4	sp|P05090|APOD_HUMAN	0.018120045	0.8630568252698203	0.8319884064753502	1224.5037255029588
FPVFMGR	1	sp|P05155|IC1_HUMAN	0.018120045	0.8540617215638593	0.7138020347875684	5230.954831652817
SGAEEQGPIDGPSK	2	sp|O43493|TGON2_HUMAN	0.00984252	0.9933552810135716	0.9353782262163809	20381.320767160694
NHNALLASLTTQK	2	sp|O75882|ATRN_HUMAN	0.00984252	0.9933552810135716	0.948407401184224	168335.21221331335
VQLTGEPVPMAR	2	sp|P15151|PVR_HUMAN	0.007490637	1.0	0.9859990887860989	270380.86039843527
SKLPGIVAEGRDDLYVSDAFHK	5	sp|P01008|ANT3_HUMAN	0.00984252	0.9933552810135716	0.846784363834571	108631.80658178008
VLSYVDWIK	2	sp|Q9NZP8|C1RL_HUMAN	0.00984252	0.9933552810135716	0.9559531851357896	23631.139967837633
SQYEQLAEQNR	2	sp|P13645|K1C10_HUMAN	0.00984252	0.9933552810135716	0.9861650190265251	20883.33294321269
TTPPVLDSDGSFFLYSK	2	sp|P01857|IGHG1_HUMAN;sp|P0DOX5|IGG1_HUMAN	0.007490637	1.0	0.9294300665730763	16693.815597782064
IGPDNLPYVQILK	2	sp|P11362|FGFR1_HUMAN	0.012178619	0.9866190731264982	0.9344994157993156	56788.93932441893
EGYYGYTGAFR	2	sp|P02787|TRFE_HUMAN	0.007490637	1.0	0.8854141351398458	28380.295345151062
ALDLINK	1	sp|P04196|HRG_HUMAN	0.012987013	0.9728591838590949	0.9542293832156987	2739.0733246534387
LDDDLEHQGGHVLDHGHK	3	sp|P01042|KNG1_HUMAN	0.007490637	1.0	0.8746485570782665	185232.74650351744
AVLDVFEEGTEASAATAVK	2	sp|P01011|AACT_HUMAN	0.007490637	1.0	0.9024079360703758	235492.26989824863
NWGLSFYADKPETTK	2	sp|P19652|A1AG2_HUMAN	0.012987013	0.9728591838590949	0.9852813995767591	70527.07918921288
TC[+57.021465]VADESAENC[+57.021465]DK	2	sp|P02768|ALBU_HUMAN	0.007490637	1.0	0.9744035647405	20908.74434430047
SPELQAEAKSYFEK	2	sp|P02652|APOA2_HUMAN	0.007490637	1.0	0.9085604259067442	258629.98298439605
GEC[+57.021465]QAEGVLFFQGDR	2	sp|P02790|HEMO_HUMAN	0.012987013	0.9728591838590949	0.9801004081818956	209703.6229296926
GLAGAVSELLR	2	sp|Q9Y490|TLN1_HUMAN	0.007490637	1.0	0.8064917614474089	14057.540179202464
ELELQIGNALFIGK	2	sp|P05543|THBG_HUMAN	0.012178619	0.9866190731264982	0.8153822412429275	199.27426347222416
SLSGTAFGGFLMFK	2	sp|Q9H8L6|MMRN2_HUMAN	0.007490637	1.0	0.888710667624985	99018.99735660783
FLENEDR	2	sp|P01009|A1AT_HUMAN	0.012178619	0.9797881705057813	0.97809619925255	117306.121868542
AIPVTQYLK	2	sp|P43652|AFAM_HUMAN	0.007490637	1.0	0.9924230628724394	330929.5610776656
GPSVFPLAPC[+57.021465]SR	2	sp|P01859|IGHG2_HUMAN;sp|P01860|IGHG3_HUMAN;sp|P01861|IGHG4_HUMAN	0.007490637	1.0	0.9689490516508128	56973.54392555869
YYC[+57.021465]FQGNQFLR	2	sp|P02790|HEMO_HUMAN	0.007490637	1.0	0.9732282973099121	1988766.4177972435
DTVFALVNYIFFK	2	sp|P01009|A1AT_HUMAN	0.014184397	0.9366095275687156	0.9760985048868411	137643.56915219428
VLLESIGSHEELTQDSR	3	sp|Q12913|PTPRJ_HUMAN	0.007490637	1.0	0.8402624156046637	6750.069295220804
TDASDVKPC[+57.021465]	2	sp|P02749|APOH_HUMAN	0.012178619	0.9866190731264982	0.7337342643383331	435.5447661233078
VTTSQDMLSIMEK	2	sp|P05155|IC1_HUMAN	0.012178619	0.9866190731264982	0.9616170648437393	2454711.4713196885
DALSSVQESQVAQQAR	2	sp|P02656|APOC3_HUMAN	0.012987013	0.9728591838590949	0.9811991934624299	34731.30537595228
GSEAINAPGDNPAK	2	sp|Q9NZP8|C1RL_HUMAN	0.00984252	0.9933552810135716	0.7633630200400201	18289.683100186012
QFTSSTSYNR	2	sp|P02671|FIBA_HUMAN	0.00984252	0.9933552810135716	0.9478878996804392	36951.424543090725
ITQDAQLK	2	sp|P08185|CBG_HUMAN	0.012178619	0.9797881705057813	0.9801170604256513	11661.530511556912
TDTSHHDQDHPTFNK	2	sp|P01009|A1AT_HUMAN	0.012178619	0.9797881705057813	0.9218049531319099	13331.195751610878
LALDIEIATYR	2	sp|P05787|K2C8_HUMAN;sp|P08729|K2C7_HUMAN;sp|P14136|GFAP_HUMAN;sp|P19013|K2C4_HUMAN;sp|Q6KB66|K2C80_HUMAN	0.007490637	1.0	0.97073950007857	36252.998429048166
WQQGNVFSC[+57.021465]SVMHEALHNHYTQK	3	sp|P01857|IGHG1_HUMAN;sp|P01859|IGHG2_HUMAN;sp|P0DOX5|IGG1_HUMAN	0.013414634	0.9658285256870233	0.9335931143870597	20533.820318891412
YPPTVSMVEGQGEK	3	sp|P27918|PROP_HUMAN	0.007490637	1.0	0.8389876727394492	12925.08775591751
KVPQVSTPTLVEVSR	3	sp|P02768|ALBU_HUMAN	0.007490637	1.0	0.9229117491286452	364515.1481120841
SLLEGEGSSGGGGR	2	sp|P13645|K1C10_HUMAN	0.007490637	1.0	0.9604405080948167	8618.149272982917
ASSIIDELFQDR	2	sp|P10909|CLUS_HUMAN	0.00984252	0.9933552810135716	0.773684795568851	25118.412456633076
ETC[+57.021465]FAEEGKK	3	sp|P02768|ALBU_HUMAN	0.00984252	0.9933552810135716	0.9626281920852212	13091.688856039558
LVVQSSIDSSAFK	2	sp|P10721|KIT_HUMAN	0.007490637	1.0	0.9215171383138159	108098.92199837531
SYSC[+57.021465]QVTHEGSTVEK	2	sp|B9A064|IGLL5_HUMAN;sp|P0CF74|IGLC6_HUMAN;sp|P0CG04|IGLC1_HUMAN;sp|P0DOX8|IGL1_HUMAN;sp|P0DOY2|IGLC2_HUMAN;sp|P0DOY3|IGLC3_HUMAN	0.007490637	1.0	0.9513287741751164	992347.1412474064
AANEVSSADVK	2	sp|Q13449|LSAMP_HUMAN	0.007490637	1.0	0.9218034226642716	20274.60088626819
EGQMESVEAAMSSK	3	sp|P05543|THBG_HUMAN	0.014184397	0.9440873193926883	0.8068855748364199	4456.994029403741
FMPLSDVLYGR	2	sp|Q10588|BST1_HUMAN	0.007490637	1.0	0.9907058082715944	16476.43212928552
FSISATYDLGATLLK	2	sp|P05543|THBG_HUMAN	0.007490637	1.0	0.8383630384210862	82464.0902385829
GFGGLTGQIVAALSTAK	2	sp|Q92954|PRG4_HUMAN	0.007490637	1.0	0.9354664573436114	2285875.1335320203
NWGLSVYADKPETTK	4	sp|P02763|A1AG1_HUMAN	0.018120045	0.8718655118414741	0.877979894205215	92693.99269355871
SASNMAIVDVK	2	sp|P01023|A2MG_HUMAN	0.021396397	0.9933552810135716	0.9757208066139259	2603.031647643538
QLVEIEK	2	sp|P00738|HPT_HUMAN;sp|P00739|HPTR_HUMAN	0.012987013	0.9728591838590949	0.992982397762336	830321.9823069246
EPAPTTPK	1	sp|Q92954|PRG4_HUMAN	0.018120045	0.8058999028144878	0.9453577959459116	336.7129841190932
GPALTTPK	1	sp|Q92954|PRG4_HUMAN	0.018120045	0.7739449743159442	0.762008377138229	6431.6995487934655
EWFWDLATGTMK	2	sp|P02790|HEMO_HUMAN	0.012178619	0.9866190731264982	0.9550704016675593	6490001.083632099
REPAVGEPAEVTTTVLVR	3	sp|P05362|ICAM1_HUMAN	0.007490637	1.0	0.8986079552288259	11394.659507815875
LTPTLYVGK	2	sp|O75460|ERN1_HUMAN	0.012178619	0.9866190731264982	0.9453453670770167	24285.586335905307
EMEDTLNHLK	2	sp|P17936|IBP3_HUMAN	0.007490637	1.0	0.7450451899875196	150025.17159427173
DAVEDLESVGK	3	sp|P81605|DCD_HUMAN	0.018120045	0.8258516653955662	0.9657714863926766	25679.694550208813
DYQELMNTK	2	sp|P04264|K2C1_HUMAN	0.007490637	1.0	0.9465447258683267	90872.92321377489
SETEIHQGFQHLHQLFAK	5	sp|P08185|CBG_HUMAN	0.012178619	0.9797881705057813	0.9323603615332625	2170937.921511921
FKLDDDLEHQGGHVLDHGHK	3	sp|P01042|KNG1_HUMAN	0.012178619	0.9866190731264982	0.9779518726703272	26090.833663572208
DLWVNIDQMEK	2	sp|Q6UX71|PXDC2_HUMAN	0.00984252	0.9933552810135716	0.939464454370645	24409.21619644633
ITC[+57.021465]TEEGWSPTPK	2	sp|Q03591|FHR1_HUMAN;sp|Q9BXR6|FHR5_HUMAN	0.014184397	0.9440873193926883	0.8285126322790056	3702.508986397936
YDVDTQMWTILK	3	sp|O75882|ATRN_HUMAN	0.007490637	1.0	0.9282900314709176	173279.1064978812
TGLFQDVGPQR	2	sp|Q86SQ4|AGRG6_HUMAN	0.007490637	1.0	0.959864822406319	19405.336466473684
SFMLLILER	2	sp|P05543|THBG_HUMAN	0.012178619	0.9866190731264982	0.947851416623272	59717.868560459676
LLDSLPSDTR	2	sp|P05155|IC1_HUMAN	0.007490637	1.0	0.9630484921895667	18630933.48616208
TNLESILSYPK	2	sp|P05155|IC1_HUMAN	0.007490637	1.0	0.9548322816732713	503034.2121482361
ALYVHGGYK	2	sp|O75882|ATRN_HUMAN	0.007490637	1.0	0.8972094505645773	368385.71554988343
RVWELSK	1	sp|P01008|ANT3_HUMAN	0.014184397	0.9440873193926883	0.7178013199309906	2215.8428857552058
QPAVEEPAEVTATVLASR	2	sp|P32942|ICAM3_HUMAN	0.013414634	0.9658285256870233	0.9640172283773728	6449.841444058583
DWHGVPGQVDAAMAGR	2	sp|P04004|VTNC_HUMAN	0.007490637	1.0	0.9399208150340883	1212210.3833076106
SYFEKSK	2	sp|P02652|APOA2_HUMAN	0.012178619	0.9797881705057813	0.9789656256567665	5702.929049992501
AVVFLEPQWYR	3	sp|P08637|FCG3A_HUMAN	0.012178619	0.9866190731264982	0.952586458555661	4152.986123529072
MSSINADFAFNLYR	3	sp|P05543|THBG_HUMAN	0.007490637	1.0	0.7583240445201671	145793.77324922365
TMIIYFDQVLVNIGNNFDSER	3	sp|P23435|CBLN1_HUMAN	0.007490637	1.0	0.9567667420007805	1263156.3853703006
WNDDAC[+57.021465]HK	2	sp|P14151|LYAM1_HUMAN	0.012178619	0.9866190731264982	0.8906016835254424	2114.106486745142
SGTASVVC[+57.021465]LLNNFYPR	3	sp|P01834|IGKC_HUMAN;sp|P0DOX7|IGK_HUMAN	0.007490637	1.0	0.8842136448286796	7688.312951656001
TEGDGVYTLNDKK	3	sp|P00738|HPT_HUMAN;sp|P00739|HPTR_HUMAN	0.007490637	1.0	0.978755402661758	390909.45669978653
YLTWASR	1	sp|P01876|IGHA1_HUMAN;sp|P01877|IGHA2_HUMAN;sp|P0DOX2|IGA2_HUMAN	0.012178619	0.9797881705057813	0.9380485097867389	10356.447105073148
LLGIETPLPK	2	sp|P05362|ICAM1_HUMAN	0.007490637	1.0	0.8958502692049284	74871.20781048533
GILTVDELLAIR	2	sp|P13473|LAMP2_HUMAN	0.007490637	1.0	0.9707746877322272	23505.111368173773
SYQDFFEAIR	2	sp|P18850|ATF6A_HUMAN	0.007490637	1.0	0.8974183906929029	25298.84876314607
AIGPSQTHTIR	2	sp|Q92954|PRG4_HUMAN	0.00984252	0.9933552810135716	0.9698319804736772	28781.52748877076
RHPDYSVVLLLR	3	sp|P02768|ALBU_HUMAN	0.007490637	1.0	0.835784857108072	216597.27687221637
NIFISPVSISMALAMLSLGTC[+57.021465]GHTR	5	sp|P08185|CBG_HUMAN	0.007490637	1.0	0.7655355369291946	74316.48061859136
TSDQIHFFFAK	2	sp|P01008|ANT3_HUMAN	0.00984252	0.9933552810135716	0.9493121237302118	382598.55704208376
TLSDYNIQK	2	sp|P0CG47|UBB_HUMAN;sp|P0CG48|UBC_HUMAN;sp|P62979|RS27A_HUMAN;sp|P62987|RL40_HUMAN	0.007490637	1.0	0.9732286770066109	87280.06416716755
GWVTDGFSSLK	2	sp|P02656|APOC3_HUMAN	0.00984252	0.9933552810135716	0.96572111307734	4417767.090876554
LHMLQISYFR	2	sp|Q9UNN8|EPCR_HUMAN	0.007490637	1.0	0.9142063069304073	32270.831150142712
EPC[+57.021465]VESLVSQYFQTVTDYGK	3	sp|P02652|APOA2_HUMAN	0.012178619	0.9797881705057813	0.9488935184495486	17941004.665785547
YTIAALLSPYSYSTTAVVTNPK	3	sp|P02766|TTHY_HUMAN	0.012178619	0.9797881705057813	0.9468598112217315	1308849.3579044202
EHAVEGDC[+57.021465]DFQLLK	2	sp|P02765|FETUA_HUMAN	0.007490637	1.0	0.944497820205212	644891.4423408093
TLMFGSYLDDEK	2	sp|P19652|A1AG2_HUMAN	0.012178619	0.9866190731264982	0.9680527617887832	3787052.154760305
KGEVLPLPEANFPSFPLPHHK	4	sp|P04196|HRG_HUMAN	0.00984252	0.9933552810135716	0.9475037689550904	435449.9582185204
RYTIAALLSPYSYSTTAVVTNPK	4	sp|P02766|TTHY_HUMAN	0.012987013	0.9728591838590949	0.9393131256055346	3560375.21866918
SPLFMGK	2	sp|P01009|A1AT_HUMAN	0.012987013	0.9728591838590949	0.9575953442202102	755924.2241900838
FNWYVDGVEVHNAK	3	sp|P01857|IGHG1_HUMAN;sp|P0DOX5|IGG1_HUMAN	0.007490637	1.0	0.9466087111028404	406960.53595442267
YVGGQEHFAHLLILRDTK	4	sp|P02763|A1AG1_HUMAN	0.014184397	0.9366095275687156	0.7080743797324397	3630.330050838479
AYLEEEC[+57.021465]PATLR	3	sp|P25311|ZA2G_HUMAN	0.018120045	0.8540617215638593	0.7207688549458875	1044.2247687007846
FQNALLVR	2	sp|P02768|ALBU_HUMAN	0.007490637	1.0	0.8828430149728814	108657.32918611691
GDSVVYGLR	2	sp|P10451|OSTP_HUMAN	0.007490637	1.0	0.9166384006206328	134714.5935125273
VDLLNQEIEFLK	2	sp|P35908|K22E_HUMAN	0.007490637	1.0	0.9068520583472248	186851.7730015112
GDTFSC[+57.021465]MVGHEALPLAFTQK	4	sp|P01876|IGHA1_HUMAN	0.015186916	0.9134157281067091	0.9220622771738567	9256.365112394788
DYWSTVK	2	sp|P02656|APOC3_HUMAN	0.013414634	0.9658285256870233	0.9820480675731512	1119203.7862484988
KAADDTWEPFASGK	2	sp|P02766|TTHY_HUMAN	0.007490637	1.0	0.9275097641247876	912906.2877549701
VTSIQDWVQK	2	sp|P00738|HPT_HUMAN	0.00984252	0.9933552810135716	0.9575640081065075	159480.48066014284
LQHLENELTHDIITK	2	sp|P01009|A1AT_HUMAN	0.013414634	0.9658285256870233	0.9313812526191946	185410.470296951
LILVDYILFK	2	sp|Q9UK55|ZPI_HUMAN	0.007490637	1.0	0.9472452189539943	47199.06873169831
GLASANVDFAFSLYK	3	sp|P08185|CBG_HUMAN	0.012178619	0.9797881705057813	0.8883485273996474	29114.114808631708
MSLSSFSVNRPFLFFIFEDTTGLPLFVGSVRNPNPSAPR	5	sp|P08697|A2AP_HUMAN	0.012987013	0.9728591838590949	0.9455594574946811	8056.419415127787
QNC[+57.021465]ELFEQLGEYK	2	sp|P02768|ALBU_HUMAN	0.007490637	1.0	0.9401843506047979	1807633.307594872
YTIAALLSPYSYSTTAVVTNPK	4	sp|P02766|TTHY_HUMAN	0.012178619	0.9797881705057813	0.9297554390076945	32925.14640707221
IC[+57.021465]LDLQAPLYK	3	sp|P02776|PLF4_HUMAN	0.007490637	1.0	0.8436602963547211	7962.735341822523
TPSSTGPSPVFDIK	2	sp|Q12913|PTPRJ_HUMAN	0.007490637	1.0	0.9362065603326286	382466.20844684285
FDTISEK	2	sp|P01008|ANT3_HUMAN	0.007490637	1.0	0.9755984041360316	196108.43864564694
YSLTYIYTGLSK	2	sp|P25311|ZA2G_HUMAN	0.00984252	0.9933552810135716	0.9236617943541361	34666.8061912305
EIPVLVTQISSTNHPVK	3	sp|Q6UX71|PXDC2_HUMAN	0.007490637	1.0	0.8520050976398261	4839.690069731302
QGHNSVFLIK	3	sp|P02790|HEMO_HUMAN	0.007490637	1.0	0.876040096939305	28175.065481083886
NTWSILHTQGALVQGGYGHSSVYDHR	3	sp|O75882|ATRN_HUMAN	0.013414634	0.9658285256870233	0.9403972923352185	375941.2304448216
IVDLFSGLDSPAILVLVNYIFFK	3	sp|P08185|CBG_HUMAN	0.007490637	1.0	0.9579168607889681	1194385.98057913
SASLHLPK	2	sp|P01009|A1AT_HUMAN	0.007490637	1.0	0.9646845665073627	239174.1745457042
IAPQLSTEELVSLGEK	2	sp|P43652|AFAM_HUMAN	0.012987013	0.9728591838590949	0.9380590644540111	26137.44497412102
FTVNNLAEPQK	2	sp|P12259|FA5_HUMAN	0.007490637	1.0	0.9701096582441616	7292.794892673909
MEEVEAMLLPETLK	2	sp|P01011|AACT_HUMAN	0.007490637	1.0	0.9504032210664881	4464764.746784935
FRIEDGFSLK	2	sp|P01008|ANT3_HUMAN	0.007490637	1.0	0.9608105169807538	785396.9602192149
EQLGEFYEALDC[+57.021465]LC[+57.021465]IPR	4	sp|P19652|A1AG2_HUMAN	0.00984252	0.9933552810135716	0.8195940604420395	13540.801541309473
GDDITMVLILPKPEK	3	sp|P01008|ANT3_HUMAN	0.007490637	1.0	0.8907774256300096	67252.35344081011
GDTFSC[+57.021465]MVGHEALPLAFTQK	3	sp|P01876|IGHA1_HUMAN	0.007490637	1.0	0.9389274020390507	643625.0121329172
EHVAHLLFLRDTK	4	sp|P19652|A1AG2_HUMAN	0.012178619	0.9866190731264982	0.9768322858866986	449024.569181675
AQWANPFDPSK	2	sp|P05543|THBG_HUMAN	0.007490637	1.0	0.9628969510531723	251153.10457525126
SDVVYTDWK	2	sp|P02763|A1AG1_HUMAN	0.007490637	1.0	0.9855053381660961	1361569.1695264215
GLPNVVTSAISLPNIR	3	sp|Q92954|PRG4_HUMAN	0.007490637	1.0	0.9249302186520618	1114801.3810694255
VGEYSLYIGR	2	sp|P02743|SAMP_HUMAN	0.007490637	1.0	0.878275189091754	16793.291144018058
VPQVSTPTLVEVSR	2	sp|P02768|ALBU_HUMAN	0.012178619	0.9866190731264982	0.9135228554345377	74852.11865162387
WVQDYIK	2	sp|Q16627|CCL14_HUMAN	0.012178619	0.9866190731264982	0.9810486991605626	47470.34926797657
GWVDLFVPK	2	sp|P05543|THBG_HUMAN	0.007490637	1.0	0.9593277440991048	549644.6442435954
FLEDVKK	2	sp|P01009|A1AT_HUMAN	0.007490637	1.0	0.9587967014522094	152675.36064828376
YAASSYLSLTPEQWK	2	sp|A0M8Q6|IGLC7_HUMAN;sp|B9A064|IGLL5_HUMAN;sp|P0CF74|IGLC6_HUMAN;sp|P0CG04|IGLC1_HUMAN;sp|P0DOX8|IGL1_HUMAN;sp|P0DOY2|IGLC2_HUMAN;sp|P0DOY3|IGLC3_HUMAN	0.012987013	0.9728591838590949	0.9070731176601641	149887.2249107606
LSSWVLLM[+15.994915]K	2	sp|P01009|A1AT_HUMAN	0.007490637	1.0	0.9577257473470815	157086.45453293563
LTSLPLGALR	2	sp|P07359|GP1BA_HUMAN	0.012178619	0.9866190731264982	0.9465984064978504	68404.4591866242
SSEDPNEDIVER	2	sp|P01591|IGJ_HUMAN	0.00984252	0.9933552810135716	0.861298281294877	8601.27137262244
ELTPEVLQEWLDELEEMMLVVHMPR	4	sp|P01008|ANT3_HUMAN	0.014184397	0.9440873193926883	0.9376473942061478	381200.61763191
TMLLQPAGSLGSYSYR	3	sp|P41222|PTGDS_HUMAN	0.00984252	0.9933552810135716	0.9496214754242015	395095.4024596112
LLDNWDSVTSTFSK	2	sp|P02647|APOA1_HUMAN	0.014184397	0.9514467542496609	0.9291647804066475	69196.8866560355
DVWGIEGPIDAAFTR	3	sp|P04004|VTNC_HUMAN	0.007490637	1.0	0.8978756398667681	74342.49922825952
AVSISPTNVILTWK	3	sp|Q12913|PTPRJ_HUMAN	0.012178619	0.9866190731264982	0.7379650175304855	5365.039248332343
ANQQLNFTEAK	2	sp|Q9Y5Y7|LYVE1_HUMAN	0.007490637	1.0	0.9432475751932275	10398.422245771386
YVGGQEHFAHLLILR	2	sp|P02763|A1AG1_HUMAN	0.012987013	0.9728591838590949	0.9349894998522267	287421.2554561493
LPGIVAEGR	1	sp|P01008|ANT3_HUMAN	0.012178619	0.9797881705057813	0.7303125351125526	3413.704292371472
TFYEPGEEITYSC[+57.021465]KPGYVSR	3	sp|P02749|APOH_HUMAN	0.007490637	1.0	0.9131245286813228	322129.51268734137
NKEDC[+57.021465]VEIYIK	3	sp|P14151|LYAM1_HUMAN	0.012178619	0.9866190731264982	0.9754686843240374	135164.7518627688
EHVAHLLFLRDTK	3	sp|P19652|A1AG2_HUMAN	0.012178619	0.9866190731264982	0.8875686695763777	147654.66225798306
RLGMFNIQHC[+57.021465]K	2	sp|P01009|A1AT_HUMAN	0.012178619	0.9866190731264982	0.9787722360811343	16300.075387223329
EFTPPVQAAYQK	3	sp|P68871|HBB_HUMAN	0.007490637	1.0	0.7904312532177556	7922.329454982738
SAGSVESPSVSSTHR	3	sp|P17936|IBP3_HUMAN	0.012178619	0.9866190731264982	0.8992221983548319	31080.73267191594
NSLYLQMNSLR	2	sp|A0A0B4J1V1|HV321_HUMAN;sp|A0A0B4J1X8|HV343_HUMAN;sp|A0A0C4DH32|HV320_HUMAN;sp|P01762|HV311_HUMAN;sp|P01763|HV348_HUMAN;sp|P01766|HV313_HUMAN;sp|P01780|HV307_HUMAN;sp|P01782|HV309_HUMAN;sp|P0DP04|HV43D_HUMAN	0.00984252	0.9933552810135716	0.9403730423638759	52726.373466950085
IPKSDVVYTDWK	2	sp|P02763|A1AG1_HUMAN	0.007490637	1.0	0.9184318369811015	654544.9897754613
KATVVYQGER	2	sp|P02749|APOH_HUMAN	0.007490637	1.0	0.9756670132895671	473128.69928092445
QGLLPVLESFK	2	sp|P02647|APOA1_HUMAN	0.007490637	1.0	0.963619252916317	483814.1417952945
MREWFSETFQK	2	sp|P02654|APOC1_HUMAN	0.007490637	1.0	0.9666952371954746	2437018.1740677687
AREDIFMETLK	3	sp|P25311|ZA2G_HUMAN	0.007490637	1.0	0.9156660599104922	117215.45697765063
TYFPHFDLSHGSAQVK	4	sp|P69905|HBA_HUMAN	0.012178619	0.9797881705057813	0.9419750944481026	80526.66157055333
GGEGTGYFVDFSVR	2	sp|P04196|HRG_HUMAN	0.007490637	1.0	0.9115535720961293	438436.892237537
AGALQLLLVGDK	2	sp|P55058|PLTP_HUMAN	0.014184397	0.9366095275687156	0.8174386181012612	4162.056386343627
DTEEEDFHVDQVTTVK	2	sp|P01009|A1AT_HUMAN	0.007490637	1.0	0.933887549547584	5718097.039084857
WKNFPSPVDAAFR	3	sp|P02790|HEMO_HUMAN	0.012178619	0.9866190731264982	0.7974729834559287	2595.4552851919507
ATVVYQGER	2	sp|P02749|APOH_HUMAN	0.012178619	0.9866190731264982	0.9615713953001999	23295339.864672538
KAGTELVNFLSYFVELGTQPATQ	3	sp|P02652|APOA2_HUMAN	0.012987013	0.9728591838590949	0.936073455030392	239087.27635661094
IDSLLENDR	2	sp|P10909|CLUS_HUMAN	0.007490637	1.0	0.866952978332348	56269.4804954301
DYVSQFEGSALGK	2	sp|P02647|APOA1_HUMAN	0.00984252	0.9933552810135716	0.9305536924842285	187367.4896320899
TM[+15.994915]LLQPAGSLGSYSYR	2	sp|P41222|PTGDS_HUMAN	0.007490637	1.0	0.8535464472753506	79274.5028455671
HPDEAAFFDTASTGK	2	sp|P02671|FIBA_HUMAN	0.012178619	0.9797881705057813	0.9699990490006505	50840.37535909209
EHVAHLLFLR	2	sp|P19652|A1AG2_HUMAN	0.013414634	0.9728591838590949	0.9650989150728878	8922821.970036333
IAQWQSFQLEGGLK	2	sp|P01023|A2MG_HUMAN	0.014184397	0.9514467542496609	0.834580596930972	15394.669292829714
GTEAAGAMFLEAIPMSIPPEVK	4	sp|P01009|A1AT_HUMAN	0.025755879	0.5226635955578876	0.862428316430439	2928.9115220463195
TVAAC[+57.021465]NLPIVR	3	sp|P02760|AMBP_HUMAN	0.00984252	0.9933552810135716	0.958399779081746	62167.77364752842
ETYGEMADC[+57.021465]C[+57.021465]AK	2	sp|P02768|ALBU_HUMAN	0.007490637	1.0	0.9455263561854845	23783.179629520742
AEAESLYQSK	2	sp|P04264|K2C1_HUMAN	0.012178619	0.9866190731264982	0.9517493430005031	26719.312259064372
LLIYDNNK	2	sp|P01701|LV151_HUMAN	0.012178619	0.9866190731264982	0.9701346339124786	23913.47116836955
LLIYGASTR	2	sp|A0A075B6H7|KV37_HUMAN;sp|A0A0C4DH55|KVD07_HUMAN;sp|P01624|KV315_HUMAN	0.012178619	0.9866190731264982	0.9958074075431412	127398.32323913099
DFVQPPTK	1	sp|P01042|KNG1_HUMAN	0.014184397	0.9440873193926883	0.7116272299198032	2028.2054204455574
FIVLSNNYLQIR	2	sp|P13591|NCAM1_HUMAN	0.00984252	1.0	0.9789195739054212	227083.20587889783
NEC[+57.021465]FLQHK	2	sp|P02768|ALBU_HUMAN	0.00984252	1.0	0.9235887280313705	62155.3897289622
AADDTWEPFASGKTSESGELHGLTTEEEFVEGIYK	4	sp|P02766|TTHY_HUMAN	0.00984252	1.0	0.8870617840207196	5823791.145927345
DKC[+57.021465]EPLEKQHEK	2	sp|P02763|A1AG1_HUMAN;sp|P19652|A1AG2_HUMAN	0.018120045	0.8718655118414741	0.8261309259782552	1036.6987892556126
TYFPHFDLSHGSAQVK	3	sp|P69905|HBA_HUMAN	0.014184397	0.9514467542496609	0.8174023585801347	529.642797256432
LWWLDLK	2	sp|P02790|HEMO_HUMAN	0.00984252	1.0	0.9252640193430426	528928.9712738406
SGTASEMGTER	2	sp|Q9ULI3|HEG1_HUMAN	0.012178619	0.9866190731264982	0.9199119927797645	16332.068287502381
ALDLINK	2	sp|P04196|HRG_HUMAN	0.013414634	0.9728591838590949	0.9672481863707804	117447.68106220629
DIPMNPMC[+57.021465]IYR	2	sp|P01008|ANT3_HUMAN	0.00984252	0.9933552810135716	0.9631254081547529	71126.46181450006
TEGDGVYTLNNEK	2	sp|P00738|HPT_HUMAN	0.00984252	1.0	0.9547319406659687	562041.9575279431
VPTVEPLDSLTLFLFR	2	sp|P13598|ICAM2_HUMAN	0.013414634	0.9658285256870233	0.9509889053759012	529242.9729626809
LVAASQAALGL	2	sp|P02768|ALBU_HUMAN	0.00984252	1.0	0.9322470282379945	736321.9936485445
ITLLSALVETR	3	sp|P01011|AACT_HUMAN	0.00984252	1.0	0.8101292534175863	214.106848796865
DLDSQTMMVLVNYIFFK	3	sp|P01011|AACT_HUMAN	0.00984252	1.0	0.9054329705129373	185385.38654798258
FLENEDR	1	sp|P01009|A1AT_HUMAN	0.012178619	0.9797881705057813	0.8958533632435144	3685.083968642826
VNSDGGLVALR	2	sp|P55290|CAD13_HUMAN	0.00984252	1.0	0.9227586895100858	47169.54919021798
ALGISPFHEHAEVVFTANDSGPR	5	sp|P02766|TTHY_HUMAN	0.00984252	1.0	0.8353861747083414	111021.12687844166
FDPVRGEVPPR	3	sp|P02790|HEMO_HUMAN	0.013414634	0.9728591838590949	0.9544659758860629	237644.54813396846
GSSSGGGYSSGSSSYGSGGR	2	sp|P35908|K22E_HUMAN	0.013414634	0.9728591838590949	0.8735810714482957	819.37689127968
MADEAGSEADHEGTHSTK	3	sp|P02671|FIBA_HUMAN	0.00984252	1.0	0.9562317028396256	2024.9425389161722
TLLVFEVQQPFLFVLWDQQHK	3	sp|P05155|IC1_HUMAN	0.00984252	1.0	0.9463299872284303	1365342.0480314018
YLYEIAR	2	sp|P02768|ALBU_HUMAN	0.012178619	0.9797881705057813	0.9807111279713977	173855.01631902912
FLSTLTIDGVTR	2	sp|P35968|VGFR2_HUMAN	0.00984252	1.0	0.8781273886256973	30949.209643437534
ALGISPFHEHAEVVFTANDSGPRR	5	sp|P02766|TTHY_HUMAN	0.012178619	0.9866190731264982	0.8498256924453358	125608.05240228144
SLNNQFASFIDK	2	sp|P04264|K2C1_HUMAN	0.00984252	1.0	0.964561525212285	450608.92881857493
AADDTWEPFASGK	2	sp|P02766|TTHY_HUMAN	0.00984252	0.9933552810135716	0.9561201796315404	221543.82985940116
LVLLNAIYLSAK	3	sp|P05155|IC1_HUMAN	0.018120045	0.8448700454299841	0.932271246621848	17870.808855566756
LYLVQGTQVYVFLTK	2	sp|P02790|HEMO_HUMAN	0.013414634	0.9658285256870233	0.9773772177694361	152998.55128699107
EQYAVVGHSAHIVTLK	2	sp|O75882|ATRN_HUMAN	0.00984252	1.0	0.8696344407358804	106339.59107868084
EQLTPLIKK	2	sp|P02652|APOA2_HUMAN	0.00984252	1.0	0.9650158184572183	348485.2517568838
VNVDEVGGEALGR	2	sp|P68871|HBB_HUMAN	0.00984252	1.0	0.9474196171519316	4950.524587495803
NWGLSVYADKPETTK	3	sp|P02763|A1AG1_HUMAN	0.018120045	0.8718655118414741	0.8779304252487002	78127.60573805483
GDPLGTEGGLDASNTER	2	sp|Q12913|PTPRJ_HUMAN	0.013414634	0.9728591838590949	0.9330380569082896	137028.06849059573
LLGLSLAGK	1	sp|Q9Y5Y7|LYVE1_HUMAN	0.016260162	0.897262926642552	0.7302910889004327	3102.58210756689
LGNQEPGGQTALK	2	sp|P08697|A2AP_HUMAN	0.00984252	1.0	0.9186074867161103	5844.149441151738
GLYDVVSVLR	2	sp|O75144|ICOSL_HUMAN	0.00984252	0.9933552810135716	0.9612720217553692	40880.718549846424
GSPAINVAVHVFRK	2	sp|P02766|TTHY_HUMAN	0.012178619	0.9866190731264982	0.859538456802741	5405.270462887716
ETPAATEAPSSTPK	2	sp|P80723|BASP1_HUMAN	0.00984252	0.9933552810135716	0.9427018082250416	5757.407100489749
AVLHIGEK	2	sp|P05543|THBG_HUMAN	0.00984252	1.0	0.9293203562788983	184251.9068147093
MADEAGSEADHEGTHSTK	4	sp|P02671|FIBA_HUMAN	0.015186916	0.9290085173289965	0.8605576958923704	3292.5781883610325
TDTSHHDQDHPTFNK	4	sp|P01009|A1AT_HUMAN	0.012178619	0.9797881705057813	0.9354583420083317	1111015.9169566364
LYHSEAFTVNFGDTEEAKK	3	sp|P01009|A1AT_HUMAN	0.00984252	1.0	0.9294829100174613	790052.3861387256
FAGVFHVEK	2	sp|P16070|CD44_HUMAN	0.00984252	1.0	0.7930348894572791	41546.01344471916
GPALTTPK	2	sp|Q92954|PRG4_HUMAN	0.013414634	0.9728591838590949	0.9886643005946962	53141.88886355804
VTMQNLNDR	2	sp|P02533|K1C14_HUMAN;sp|P08779|K1C16_HUMAN;sp|P13645|K1C10_HUMAN;sp|Q7Z3Y7|K1C28_HUMAN;sp|Q7Z3Y8|K1C27_HUMAN;sp|Q7Z3Y9|K1C26_HUMAN;sp|Q7Z3Z0|K1C25_HUMAN	0.00984252	1.0	0.9805689222381638	252732.8307995273
EDMSEPQEK	2	sp|Q14515|SPRL1_HUMAN	0.00984252	1.0	0.9011092174643972	21075.508124847573
DYFMPC[+57.021465]PGR	2	sp|P02790|HEMO_HUMAN	0.00984252	1.0	0.947349677667788	16834987.328384925
VEIDTKSYWK	2	sp|P02766|TTHY_HUMAN	0.00984252	1.0	0.9518662344272449	741077.2672484813
VTGNPGDEEFIEPSTENEFGLTSLR	4	sp|Q9ULI3|HEG1_HUMAN	0.013414634	0.9658285256870233	0.9571565624520798	8188.7058140573345
ANRPFLVFIR	3	sp|P01008|ANT3_HUMAN	0.013414634	0.9728591838590949	0.9747469687874991	1012739.6165985117
WSAGLTSSQVDLYIPK	3	sp|P08185|CBG_HUMAN	0.018120045	0.8804971228634604	0.727849724323559	6781.096051913531
FLASVSTVLTSK	2	sp|P69905|HBA_HUMAN	0.00984252	1.0	0.9835891375676328	53552.7077705675
GLGELQELYLK	2	sp|P07359|GP1BA_HUMAN	0.00984252	1.0	0.9981980261304665	57793.94291047209
FKLDDDLEHQGGHVLDHGHK	6	sp|P01042|KNG1_HUMAN	0.012178619	0.9866190731264982	0.9169036154681397	12933.223801487758
LPTDSELAPR	2	sp|P49908|SEPP1_HUMAN	0.00984252	1.0	0.9520949356934197	269962.9460952953
GTHC[+57.021465]NQVEVIATLK	2	sp|P02775|CXCL7_HUMAN	0.012178619	0.9797881705057813	0.9466274796281376	965769.4312587905
SDVVYTDWKKDK	2	sp|P02763|A1AG1_HUMAN	0.012178619	0.9866190731264982	0.9366486703485638	9033.673686561531
VVSTNYNQHAMVFFK	3	sp|P80188|NGAL_HUMAN	0.00984252	0.9933552810135716	0.8817865449134914	73917.41023268622
AVMDDFAAFVEK	3	sp|P02768|ALBU_HUMAN	0.012178619	0.9797881705057813	0.9908338749397203	100453.21722169152
EESLDSDLYAELR	2	sp|P02775|CXCL7_HUMAN	0.012178619	0.9866190731264982	0.884109719686064	44846.85874846172
QISNLQQSISDAEQR	2	sp|P04264|K2C1_HUMAN	0.013414634	0.9728591838590949	0.9225141837435505	73686.16175599246
VIVVSMNYR	2	sp|P06276|CHLE_HUMAN	0.00984252	1.0	0.936053471958438	230581.3860510044
MTVTDQVNC[+57.021465]PK	2	sp|P05090|APOD_HUMAN	0.00984252	1.0	0.9462033010539537	171212.0966522394
VVAGVANALAHK	3	sp|P02042|HBD_HUMAN;sp|P68871|HBB_HUMAN	0.00984252	1.0	0.9197326305975215	84740.07440894296
DGYLFQLLR	2	sp|P04196|HRG_HUMAN	0.010752688	0.9933552810135716	0.9495156332430383	27395.442419813895
FMETVAEK	2	sp|P10909|CLUS_HUMAN	0.00984252	1.0	0.8792193154369015	15519.63029000188
NFPSPVDAAFR	2	sp|P02790|HEMO_HUMAN	0.00984252	1.0	0.9833845030298939	12731504.453441564
AEDTAVYYC[+57.021465]AR	2	sp|A0A0B4J1V1|HV321_HUMAN;sp|A0A0B4J1X5|HV374_HUMAN;sp|A0A0C4DH42|HV366_HUMAN;sp|A0A0J9YVY3|HV741_HUMAN;sp|P01762|HV311_HUMAN;sp|P01763|HV348_HUMAN;sp|P01767|HV353_HUMAN;sp|P01772|HV333_HUMAN;sp|P01780|HV307_HUMAN;sp|P0DOX2|IGA2_HUMAN;sp|P0DP02|HVC33_HUMAN	0.00984252	1.0	0.8643083266783238	4811.974987974188
AVLTIDEK	2	sp|P01009|A1AT_HUMAN	0.015186916	0.9797881705057813	0.9815228877576849	139124.1118541987
RYTIAALLSPYSYSTTAVVTNPKE	4	sp|P02766|TTHY_HUMAN	0.00984252	1.0	0.9549207372275472	4113297.9642112916
TWQDC[+57.021465]EYK	2	sp|P01042|KNG1_HUMAN	0.010752688	0.9933552810135716	0.9675287461847581	10688.586299532211
DQYYNIDVPSR	3	sp|Q92954|PRG4_HUMAN	0.010752688	0.9933552810135716	0.9140273725352371	28608.981628242247
GFMQTYYDDHLR	3	sp|P55056|APOC4_HUMAN	0.00984252	1.0	0.8343357981504864	26551.185692904794
C[+57.021465]TWLIEGQPNR	2	sp|O75882|ATRN_HUMAN	0.010752688	0.9933552810135716	0.9752678154710209	105688.00195733293
VVHFIYIAILSQK	3	sp|P43652|AFAM_HUMAN	0.012178619	0.9866190731264982	0.8362848819364874	51907.36884228024
FSGSGSGTDFTLK	2	sp|A0A075B6P5|KV228_HUMAN;sp|A0A075B6S2|KVD29_HUMAN;sp|A0A075B6S6|KVD30_HUMAN;sp|A0A087WW87|KV240_HUMAN;sp|A0A0A0MRZ7|KVD26_HUMAN;sp|A2NJV5|KV229_HUMAN;sp|P01614|KVD40_HUMAN;sp|P01615|KVD28_HUMAN;sp|P06310|KV230_HUMAN	0.012178619	1.0	0.8488074658198975	13138.558939272583
STSESTAALGC[+57.021465]LVK	2	sp|P01859|IGHG2_HUMAN;sp|P01861|IGHG4_HUMAN	0.012178619	0.9866190731264982	0.9392934863635694	295791.30475160887
VADALTNAVAHVDDMPNALSALSDLHAHK	5	sp|P69905|HBA_HUMAN	0.010752688	0.9933552810135716	0.9236843495153481	339307.17873119924
EQLTPLIK	1	sp|P02652|APOA2_HUMAN	0.014184397	0.9440873193926883	0.7115726342402734	1754.9712242394914
ADLFYDVEALDLESPK	3	sp|P04196|HRG_HUMAN	0.00984252	1.0	0.9155094797839226	702137.8463104634
QPAVEEPAEVTATVLASR	4	sp|P32942|ICAM3_HUMAN	0.013414634	0.9658285256870233	0.7915082537229601	668.857259090126
SKEQLTPLIK	3	sp|P02652|APOA2_HUMAN	0.00984252	1.0	0.9856229960381248	67462.1578890121
GDSVVYGLR	1	sp|P10451|OSTP_HUMAN	0.016260162	0.9054124614333342	0.7100769401104532	88.22672422803433
LRTEGDGVYTLNNEK	2	sp|P00738|HPT_HUMAN	0.00984252	1.0	0.9341746340923079	1154808.1205007199
TYMLAFDVNDEK	3	sp|P02763|A1AG1_HUMAN	0.012178619	0.9866190731264982	0.8383556765130596	4028.4625714522217
SEAAC[+57.021465]LAAGPGIR	2	sp|O75882|ATRN_HUMAN	0.00984252	1.0	0.9852371871261436	52910.88131715787
TVESITDIR	2	sp|P11279|LAMP1_HUMAN	0.00984252	1.0	0.9694365306168751	90892.36986134836
FATTFYQHLADSK	2	sp|P01008|ANT3_HUMAN	0.012178619	0.9866190731264982	0.9457096220757538	18372.72747944132
ATLVC[+57.021465]LISDFYPGAVTVAWK	3	sp|B9A064|IGLL5_HUMAN;sp|P0CG04|IGLC1_HUMAN;sp|P0DOX8|IGL1_HUMAN;sp|P0DOY2|IGLC2_HUMAN;sp|P0DOY3|IGLC3_HUMAN	0.00984252	1.0	0.9739015270453584	840155.5575754218
QQDVLGFLEANK	2	sp|O75368|SH3L1_HUMAN	0.010752688	0.9933552810135716	0.7741592570627079	12412.23381989616
LAADDFR	1	sp|O76013|KRT36_HUMAN;sp|O76014|KRT37_HUMAN;sp|O76015|KRT38_HUMAN;sp|P02533|K1C14_HUMAN;sp|P05783|K1C18_HUMAN;sp|P08727|K1C19_HUMAN;sp|P08779|K1C16_HUMAN;sp|P13645|K1C10_HUMAN;sp|P13646|K1C13_HUMAN;sp|P19012|K1C15_HUMAN;sp|Q04695|K1C17_HUMAN;sp|Q14525|KT33B_HUMAN;sp|Q14532|K1H2_HUMAN;sp|Q15323|K1H1_HUMAN;sp|Q2M2I5|K1C24_HUMAN;sp|Q7Z3Y7|K1C28_HUMAN;sp|Q92764|KRT35_HUMAN	0.013414634	0.9728591838590949	0.761655808076306	1616.9455438592754
LYGSEAFATDFQDSAAAK	2	sp|P01011|AACT_HUMAN	0.00984252	1.0	0.9759930280618563	920856.8753510572
DTATLSWGLPK	2	sp|O00533|NCHL1_HUMAN	0.014184397	0.9366095275687156	0.8223998988261307	3180.1503043456682
GTQEQDFYVTSETVVR	2	sp|P05154|IPSP_HUMAN	0.013414634	0.9658285256870233	0.8179540515832612	2233.8701029348804
EQLGEFYEALDC[+57.021465]LR	2	sp|P02763|A1AG1_HUMAN	0.013414634	0.9728591838590949	0.9414625237132372	18219986.848103095
C[+57.021465]EDLETQTQSEK	2	sp|O00592|PODXL_HUMAN	0.012178619	0.9866190731264982	0.8477093802613866	10402.680063726295
KWQEEMELYR	3	sp|P02647|APOA1_HUMAN	0.010752688	0.9933552810135716	0.7958020445022591	1757.737020986209
LEDMEQALSPSVFK	3	sp|P05155|IC1_HUMAN	0.012178619	0.9797881705057813	0.8969753981792785	70925.82245166056
YLDFVFAVK	2	sp|P13473|LAMP2_HUMAN	0.015186916	0.9212790999005022	0.8027031769326658	2840.585135574651
EDC[+57.021465]VEIYIK	2	sp|P14151|LYAM1_HUMAN	0.00984252	1.0	0.9778709071424192	250194.87651120033
VLDAVRGSPAINVAVHVFR	3	sp|P02766|TTHY_HUMAN	0.010752688	0.9933552810135716	0.9345747670998545	468798.7197518313
EPQVYTLPPSR	3	sp|P01857|IGHG1_HUMAN;sp|P01859|IGHG2_HUMAN;sp|P01860|IGHG3_HUMAN;sp|P0DOX5|IGG1_HUMAN	0.00984252	1.0	0.794759406965373	2052.394208224012
ITPNLAEFAFSLYR	2	sp|P01009|A1AT_HUMAN	0.00984252	1.0	0.9480811302944522	4850111.045547432
MSLSSFSVNRPFLFFIFEDTTGLPLFVGSVRNPNPSAPR	6	sp|P08697|A2AP_HUMAN	0.013414634	0.9728591838590949	0.872301663764762	1409.814606633071
NSVIKVPMMNSK	3	sp|P05155|IC1_HUMAN	0.012178619	0.9797881705057813	0.9448195496744342	11959.449860801464
ALDLINKR	2	sp|P04196|HRG_HUMAN	0.012178619	0.9797881705057813	0.8568398355079682	14300.748642407498
EILSVDC[+57.021465]STNNPSQAK	2	sp|P10909|CLUS_HUMAN	0.00984252	1.0	0.9316042713274199	375897.8195819227
KGDTFSC[+57.021465]MVGHEALPLAFTQK	3	sp|P01876|IGHA1_HUMAN	0.00984252	1.0	0.94931099386614	52079.840042130854
YFHHNSDFHIPK	2	sp|O75015|FCG3B_HUMAN	0.018120045	0.8804971228634604	0.8301456630717491	2546.98091278992
DDLYVSDAFHK	2	sp|P01008|ANT3_HUMAN	0.00984252	1.0	0.9385441539400368	218952.64630782395
LTQLNLDR	2	sp|P07359|GP1BA_HUMAN	0.00984252	1.0	0.9805332800327462	287808.4959315167
DYFM[+15.994915]PC[+57.021465]PGR	2	sp|P02790|HEMO_HUMAN	0.00984252	1.0	0.9304380677464524	163657.84455367672
DVSSSVYSTWK	2	sp|P10721|KIT_HUMAN	0.00984252	1.0	0.8860068614929218	5594.413845038735
VQPYLDDFQK	3	sp|P02647|APOA1_HUMAN	0.00984252	1.0	0.7886329009666341	1399.4589774026033
C[+57.021465]SPHLVLSALTSDNHGATYAFSGTHYWR	4	sp|P02790|HEMO_HUMAN	0.012178619	0.9797881705057813	0.9463043134076023	472231.6811325558
LGMFNIQHC[+57.021465]K	2	sp|P01009|A1AT_HUMAN	0.00984252	1.0	0.9318422506613335	9145.973473352076
LVVEWQLQDDK	2	sp|P61916|NPC2_HUMAN	0.018120045	0.8354707271418766	0.7418185394915375	5068.508792471069
SGAQATWTELPWPHEK	3	sp|P02790|HEMO_HUMAN	0.00984252	1.0	0.9905393943522516	5008549.34794357
YWNDC[+57.021465]EPPDSR	2	sp|P04196|HRG_HUMAN	0.00984252	1.0	0.8746454718884603	78256.16341123059
GNLMGGWK	2	sp|P23435|CBLN1_HUMAN;sp|Q8IUK8|CBLN2_HUMAN	0.012178619	0.9797881705057813	0.7612805634154242	81.51282994011444
ASVDSGSSEEQGGSSR	2	sp|P01833|PIGR_HUMAN	0.012178619	0.9797881705057813	0.9285520889103185	24319.977732629624
VLDAVRGSPAINVAVHVFR	4	sp|P02766|TTHY_HUMAN	0.010752688	0.9933552810135716	0.987823256055008	637511.619707844
TLM[+15.994915]FGSYLDDEK	2	sp|P19652|A1AG2_HUMAN	0.00984252	1.0	0.8351633164799119	59393.51977377858
VAAEDWK	2	sp|P01876|IGHA1_HUMAN;sp|P01877|IGHA2_HUMAN;sp|P0DOX2|IGA2_HUMAN	0.00984252	1.0	0.749180323991518	3622.092083210595
MEPFHFK	2	sp|P05155|IC1_HUMAN	0.014184397	0.9440873193926883	0.9345964984010116	260845.1529902528
FLEQQNQVLQTK	2	sp|P04264|K2C1_HUMAN;sp|P35908|K22E_HUMAN;sp|Q7Z794|K2C1B_HUMAN	0.00984252	1.0	0.9162483334697796	89179.29190755784
RVAEGTQVLELPFK	3	sp|P01008|ANT3_HUMAN	0.00984252	1.0	0.9202878499918646	471569.8347727165
YTIAALLSPYSYSTTAVVTNPKE	4	sp|P02766|TTHY_HUMAN	0.00984252	1.0	0.779287700156681	114086.1565986917
GGSIQQYIYK	2	sp|Q92954|PRG4_HUMAN	0.00984252	1.0	0.926924760441453	292292.1992167748
ALFLETEQLK	2	sp|Q13740|CD166_HUMAN	0.010752688	0.9933552810135716	0.9706814500830891	38807.79209711939
GEFVWKSHK	2	sp|P02790|HEMO_HUMAN	0.00984252	1.0	0.9585954099654395	8339.893203296613
HTLNQIDEVK	3	sp|P02765|FETUA_HUMAN	0.010752688	0.9933552810135716	0.9641279450125336	58384.07153285083
SGFPQVSMFFTHTFPK	3	sp|P04196|HRG_HUMAN	0.00984252	1.0	0.9456879362376327	186617.73371482512
HTFMGVVSLGSPSGEVSHPR	3	sp|P02765|FETUA_HUMAN	0.010752688	0.9933552810135716	0.9251915722468965	169466.17628726375
TFYEPGEEITYSC[+57.021465]KPGYVSR	4	sp|P02749|APOH_HUMAN	0.016260162	0.9054124614333342	0.9382275151941367	14907.068423978588
LPGIVAEGR	2	sp|P01008|ANT3_HUMAN	0.012178619	0.9797881705057813	0.9791994410417153	23418.105971977046
QVILTLQPTLVAVGK	3	sp|P13598|ICAM2_HUMAN	0.00984252	1.0	0.9575530212110006	266422.6730172667
TVPLAVLQLR	2	sp|P23467|PTPRB_HUMAN	0.00984252	1.0	0.8793145186132127	52356.382853535004
TVGSDTFYSFK	2	sp|P01042|KNG1_HUMAN	0.00984252	1.0	0.9650809684825505	135882.1022333938
LTGSSGFVTDGPGNYK	2	sp|O75882|ATRN_HUMAN	0.012178619	0.9797881705057813	0.9489690110789292	224058.71739469335
TLYSSSPR	1	sp|P05155|IC1_HUMAN	0.012178619	0.9797881705057813	0.9502071214022063	4537.323947288456
DGWHSWPIAHQWPQGPSAVDAAFSWEEK	5	sp|P02790|HEMO_HUMAN	0.012178619	0.9797881705057813	0.9591129116912559	55960.98567485454
ITDVIPSEAINELTVLVLVNTIYFK	4	sp|P01008|ANT3_HUMAN	0.010752688	0.9933552810135716	0.9822398075267884	5040.1812777079895
SGAQATWTELPWPHEK	4	sp|P02790|HEMO_HUMAN	0.00984252	1.0	0.9267324456189557	478297.65070748987
YFIDFVAR	2	sp|P01042|KNG1_HUMAN	0.00984252	1.0	0.973909041654516	6533916.910786658
NMQDMVEDYR	2	sp|P04264|K2C1_HUMAN	0.00984252	1.0	0.829751771997309	7342.137577160492
SYYWIGIR	2	sp|P14151|LYAM1_HUMAN	0.00984252	1.0	0.976094398648616	4955071.944433906
AEELSIQVSC[+57.021465]R	2	sp|Q9Y5Y7|LYVE1_HUMAN	0.00984252	1.0	0.9417479397962846	46254.235155113965
YVSELHLTR	2	sp|P10721|KIT_HUMAN	0.00984252	1.0	0.9526754729943437	164612.78640536798
YEGSYALTSEEAER	2	sp|O95810|CAVN2_HUMAN	0.014184397	0.9514467542496609	0.9326074138352214	16662.74102808937
GFSGIFEDR	2	sp|P09619|PGFRB_HUMAN	0.00984252	1.0	0.919568360964806	39265.54452647937
DIAPTLTLYVGK	2	sp|P00738|HPT_HUMAN;sp|P00739|HPTR_HUMAN	0.00984252	1.0	0.9631646748719429	1841730.7874199783
VDNALQSGNSQESVTEQDSK	3	sp|P01834|IGKC_HUMAN;sp|P0DOX7|IGK_HUMAN	0.00984252	1.0	0.9507316741209563	103380.05547421575
NTLYLQMNSLR	2	sp|A0A0B4J1X5|HV374_HUMAN;sp|A0A0C4DH42|HV366_HUMAN;sp|P01764|HV323_HUMAN;sp|P01767|HV353_HUMAN;sp|P01768|HV330_HUMAN;sp|P01772|HV333_HUMAN;sp|P0DP02|HVC33_HUMAN;sp|P0DP03|HVC05_HUMAN	0.00984252	1.0	0.8170030349329019	70828.40825717227
SDVMYTDWKK	3	sp|P19652|A1AG2_HUMAN	0.00984252	1.0	0.9082592194959309	22404.80064791825
FSGSNSGNTATLTISR	2	sp|A0A075B6K5|LV39_HUMAN;sp|P80748|LV321_HUMAN	0.012178619	0.9797881705057813	0.9410840872254472	2297.449289740573
WQEEMELYR	2	sp|P02647|APOA1_HUMAN	0.00984252	1.0	0.9292061763978732	56058.32809771451
IASFSQNC[+57.021465]DIYPGK	2	sp|P01042|KNG1_HUMAN	0.012178619	0.9797881705057813	0.9420439959251573	1174819.3101291282
EENFYVDETTVVK	3	sp|P08185|CBG_HUMAN	0.012178619	0.9797881705057813	0.7678020264427331	10680.558431606925
M[+15.994915]TVTDQVNC[+57.021465]PK	2	sp|P05090|APOD_HUMAN	0.00984252	1.0	0.9121368972290583	3528.116923398463
LINDYVK	2	sp|P01011|AACT_HUMAN	0.00984252	1.0	0.9901583587456289	2019384.1224001434
IHWESASLLR	3	sp|P01024|CO3_HUMAN	0.010752688	0.9933552810135716	0.9940785450357295	134273.59630716196
AFIQLWAFDAVK	2	sp|P02760|AMBP_HUMAN	0.012178619	0.9866190731264982	0.980316621334139	2744.790808803939
WTFEILDETNENK	2	sp|P10721|KIT_HUMAN	0.00984252	1.0	0.9410031162719733	647907.2281134799
HRLEDMEQALSPSVFK	4	sp|P05155|IC1_HUMAN	0.00984252	1.0	0.961520597652626	80836.21922913386
FIC[+57.021465]PLTGLWPINTLK	3	sp|P02749|APOH_HUMAN	0.013414634	0.9728591838590949	0.9716181687544326	238999.74154833079
GPLQLER	2	sp|P02750|A2GL_HUMAN	0.00984252	1.0	0.9660119789044033	302719.25259439455
THLAPYSDELR	3	sp|P02647|APOA1_HUMAN	0.00984252	1.0	0.9722891456693062	975074.0747580589
VDAETGDVFAIER	2	sp|P33151|CADH5_HUMAN	0.012178619	0.9866190731264982	0.954870181841696	33165.54284142274
SVDIWLR	2	sp|P15151|PVR_HUMAN	0.012178619	0.9797881705057813	0.9394894924040008	8422.16871263548
NIQSLEVIGK	2	sp|P02775|CXCL7_HUMAN	0.00984252	1.0	0.9706039100225593	2154247.793981365
AATGEC[+57.021465]TATVGK	2	sp|P01042|KNG1_HUMAN	0.010752688	0.9933552810135716	0.9722317264407507	27688.854871595675
DVYVVTDQIPVFVTMFQK	3	sp|Q14956|GPNMB_HUMAN	0.012178619	0.9866190731264982	0.8611850750555007	14930.126321728334
SKLPGIVAEGRDDLYVSDAFHK	4	sp|P01008|ANT3_HUMAN	0.010752688	0.9933552810135716	0.951791559984514	109127.55213431182
NHNALLASLTTQK	3	sp|O75882|ATRN_HUMAN	0.010752688	0.9933552810135716	0.9740458930134951	137683.26822731178
TTPPVLDSDGSFFLYSK	3	sp|P01857|IGHG1_HUMAN;sp|P0DOX5|IGG1_HUMAN	0.00984252	1.0	0.946122103686386	95207.52759782586
DLMEKVK	2	sp|P02652|APOA2_HUMAN	0.013414634	0.9728591838590949	0.9796142387078283	30373.30809872466
VTM[+15.994915]QNLNDR	2	sp|P02533|K1C14_HUMAN;sp|P08779|K1C16_HUMAN;sp|P13645|K1C10_HUMAN;sp|Q7Z3Y7|K1C28_HUMAN;sp|Q7Z3Y8|K1C27_HUMAN;sp|Q7Z3Y9|K1C26_HUMAN;sp|Q7Z3Z0|K1C25_HUMAN	0.00984252	1.0	0.9087016508712216	11977.721563535255
TSESGELHGLTTEEEFVEGIYK	3	sp|P02766|TTHY_HUMAN	0.00984252	1.0	0.9224436740323746	4627877.742670046
LDDDLEHQGGHVLDHGHK	4	sp|P01042|KNG1_HUMAN	0.00984252	1.0	0.8548350798528077	116740.1621268403
AGSPTAPVHDESLVGPVDPSSGQQSR	3	sp|Q12913|PTPRJ_HUMAN	0.013414634	0.9728591838590949	0.8596830353929459	69479.25850678362
AVLDVFEEGTEASAATAVK	3	sp|P01011|AACT_HUMAN	0.00984252	1.0	0.9509481151974397	673286.9502022287
NWGLSFYADKPETTK	3	sp|P19652|A1AG2_HUMAN	0.013414634	0.9728591838590949	0.8235791039565894	6995.760505335663
ILGGHLDAK	2	sp|P00738|HPT_HUMAN;sp|P00739|HPTR_HUMAN	0.012178619	0.9797881705057813	0.9679774440142975	120896.22038601131
LRTEGDGVYTLNDKK	3	sp|P00738|HPT_HUMAN;sp|P00739|HPTR_HUMAN	0.00984252	1.0	0.8285987495338407	38699.140807777454
NPNLPPETVDSLK	3	sp|P05090|APOD_HUMAN	0.010752688	0.9933552810135716	0.819276915935205	3532.030942896199
SPELQAEAKSYFEK	3	sp|P02652|APOA2_HUMAN	0.00984252	1.0	0.9100422121718802	82184.71463572916
LISLIC[+57.021465]R	2	sp|O00592|PODXL_HUMAN	0.00984252	1.0	0.8615997621575822	190536.73981844258
ELELQIGNALFIGK	3	sp|P05543|THBG_HUMAN	0.012178619	0.9866190731264982	0.7842790499322707	30.6820649408939
ILLDEQAQWK	2	sp|P13598|ICAM2_HUMAN	0.00984252	1.0	0.9639412248758309	120933.72939749548
HIQETEWQSQEGK	2	sp|Q14515|SPRL1_HUMAN	0.012178619	0.9797881705057813	0.8904394234989907	15882.91374015825
GAQTQTEEEMTR	2	sp|Q12841|FSTL1_HUMAN	0.00984252	1.0	0.894094699266236	16707.401160196812
LLGLSLAGK	2	sp|Q9Y5Y7|LYVE1_HUMAN	0.00984252	1.0	0.9977476452468775	5771749.439512059
MEEVEAMLLPETLKR	3	sp|P01011|AACT_HUMAN	0.010752688	0.9933552810135716	0.9870678226845878	183848.07069371841
DLATVYVDVLK	2	sp|P02647|APOA1_HUMAN	0.00984252	1.0	0.9682538099692393	576093.4679608397
TLMFGSYLDDEKNWGLSFYADKPETTK	4	sp|P19652|A1AG2_HUMAN	0.00984252	1.0	0.9348025618331878	5424785.80675768
VTTSQDMLSIMEK	3	sp|P05155|IC1_HUMAN	0.012178619	0.9866190731264982	0.7833719199723724	8850.909633416471
SVNNVVVR	2	sp|O75882|ATRN_HUMAN	0.013414634	0.9728591838590949	0.9792894932085074	227000.04625703816
VLLESIGSHEELTQDSR	4	sp|Q12913|PTPRJ_HUMAN	0.019165726	0.7266555365444503	0.8194712956736999	2574.578764313237
VMPIC[+57.021465]LPSK	2	sp|P00738|HPT_HUMAN;sp|P00739|HPTR_HUMAN	0.012178619	0.9866190731264982	0.9640901709297909	140490.6236727964
GQC[+57.021465]IINSNK	2	sp|P43652|AFAM_HUMAN	0.00984252	1.0	0.9083070708639315	34588.1457013757
VAEGTQVLELPFK	3	sp|P01008|ANT3_HUMAN	0.00984252	1.0	0.9052289384062868	99933.59538172955
AVLHIGEK	1	sp|P05543|THBG_HUMAN	0.018120045	0.8718655118414741	0.9458899853359322	2492.5379838247936
ITQDAQLK	1	sp|P08185|CBG_HUMAN	0.012178619	0.9797881705057813	0.9433421968098864	2411.987332387567
GTWTQPFDLASTR	3	sp|P08185|CBG_HUMAN	0.00984252	1.0	0.7943379613983671	28572.344596797426
LSFQEFLK	2	sp|Q12841|FSTL1_HUMAN	0.00984252	1.0	0.9841532138886937	266753.33292899077
VC[+57.021465]TAELSC[+57.021465]K	2	sp|Q92954|PRG4_HUMAN	0.00984252	1.0	0.870793875213706	37932.002544873336
VTGNPGDEEFIEPSTENEFGLTSLR	3	sp|Q9ULI3|HEG1_HUMAN	0.013414634	0.9658285256870233	0.9358982982834212	182916.9168577636
DEELSC[+57.021465]TVVELK	2	sp|P01011|AACT_HUMAN	0.010752688	0.9933552810135716	0.9958928925137436	37484.79046376731
YEELQITAGR	2	sp|P04259|K2C6B_HUMAN;sp|P04264|K2C1_HUMAN	0.010752688	0.9933552810135716	0.9862804274412579	13360.844114679352
ETC[+57.021465]FAEEGKK	2	sp|P02768|ALBU_HUMAN	0.010752688	0.9933552810135716	0.9076574935945902	6789.893707847472
SETEIHQGFQHLHQLFAK	3	sp|P08185|CBG_HUMAN	0.012178619	0.9797881705057813	0.938832029220716	299408.93446094095
SPELQAEAK	2	sp|P02652|APOA2_HUMAN	0.00984252	1.0	0.9438517855482333	156987.85225241564
EGQMESVEAAMSSK	2	sp|P05543|THBG_HUMAN	0.012178619	0.9866190731264982	0.9549005686159706	223386.6004004183
EQYAVVGHSAHIVTLK	4	sp|O75882|ATRN_HUMAN	0.00984252	1.0	0.9623854333817413	1935738.6562433664
ALQATVGNSYK	2	sp|P11279|LAMP1_HUMAN	0.00984252	1.0	0.9669189429312967	119485.62429060263
DLDMFINASK	2	sp|O75882|ATRN_HUMAN	0.00984252	1.0	0.9599546139251477	220507.24391548408
ESLSSYWESAK	2	sp|P02655|APOC2_HUMAN	0.00984252	1.0	0.974686905253364	352880.7363689276
SDGDPVQPAVLQVHQTS	3	sp|O95810|CAVN2_HUMAN	0.00984252	1.0	0.7888560638972542	93418.12771444842
TEDSSSFLIDK	2	sp|P05543|THBG_HUMAN	0.00984252	1.0	0.9500737785997317	62076.02136648076
TYM[+15.994915]LAFDVNDEK	2	sp|P02763|A1AG1_HUMAN	0.022522522	1.0	0.9794772155124116	554352.7763261765
TLLVFEVQQPFLFVLWDQQHK	4	sp|P05155|IC1_HUMAN	0.00984252	1.0	0.9644397649606867	1652026.2055005818
LVDKFLEDVK	3	sp|P01009|A1AT_HUMAN	0.013414634	0.9728591838590949	0.801123823130905	12410.60656111821
ISC[+57.021465]PEGTNAYR	2	sp|P05451|REG1A_HUMAN;sp|P48304|REG1B_HUMAN	0.00984252	1.0	0.9283369165411812	11906.462389216427
LADELSGWVQR	2	sp|Q99941|ATF6B_HUMAN	0.00984252	1.0	0.8886029719124648	22874.461392504334
NIFISPVSISMALAMLSLGTC[+57.021465]GHTR	3	sp|P08185|CBG_HUMAN	0.00984252	1.0	0.9080625285808535	2012606.5729267166
AQVSPTASDMLHMR	3	sp|Q6UXB8|PI16_HUMAN	0.00984252	1.0	0.9676366297350003	1034325.7307944731
DAVEDLESVGK	2	sp|P81605|DCD_HUMAN	0.010752688	0.9933552810135716	0.9847399486856129	22859.7786841164
GSPAINVAVHVFR	2	sp|P02766|TTHY_HUMAN	0.010752688	0.9933552810135716	0.9568726171467552	1103098.3334540655
SC[+57.021465]AVAEYGVYVK	3	sp|P00738|HPT_HUMAN;sp|P00739|HPTR_HUMAN	0.010752688	0.9933552810135716	0.8084105716871018	9640.247413878695
EVPLNTIIFMGR	3	sp|P01008|ANT3_HUMAN	0.010752688	0.9933552810135716	0.9430157655581575	41342.083215570754
SETEIHQGFQHLHQLFAK	4	sp|P08185|CBG_HUMAN	0.012178619	0.9797881705057813	0.9287701325914652	259885.15479787294
FKLDDDLEHQGGHVLDHGHK	4	sp|P01042|KNG1_HUMAN	0.012178619	0.9866190731264982	0.8479683148972986	952.5306801140368
YDVDTQMWTILK	2	sp|O75882|ATRN_HUMAN	0.00984252	1.0	0.9544989475637133	5271882.393160802
ENEGFTVTAEGK	2	sp|P01024|CO3_HUMAN	0.00984252	1.0	0.8293897903228804	3651.4902939804674
GSFPWQAK	1	sp|P00738|HPT_HUMAN;sp|P00739|HPTR_HUMAN	0.012178619	0.9797881705057813	0.7055974835678522	2617.782333682745
LGNFPWQAFTSIHGR	3	sp|Q9NZP8|C1RL_HUMAN	0.00984252	1.0	0.9033419599522643	125250.55461861339
YVMLPVADQDQC[+57.021465]IR	2	sp|P00738|HPT_HUMAN	0.00984252	1.0	0.8502541465400877	204023.76087144882
ESNEELTESC[+57.021465]ETK	2	sp|P01042|KNG1_HUMAN	0.012178619	0.9797881705057813	0.8633185575115508	1519.4644382376794
RVWELSK	2	sp|P01008|ANT3_HUMAN	0.012178619	0.9797881705057813	0.9988814212788264	231523.07417897758
QPAVEEPAEVTATVLASR	3	sp|P32942|ICAM3_HUMAN	0.013414634	0.9658285256870233	0.808225115644705	1692.4938093050139
AVVFLEPQWYR	2	sp|P08637|FCG3A_HUMAN	0.012178619	0.9866190731264982	0.952191439262497	94376.77298560225
GGSADAAWK	2	sp|Q9ULI3|HEG1_HUMAN	0.013414634	0.9728591838590949	0.9408936145132959	13274.464999020995
HTFM[+15.994915]GVVSLGSPSGEVSHPR	3	sp|P02765|FETUA_HUMAN	0.010752688	0.9933552810135716	0.9636056117857492	12625.321686730807
TEGDGVYTLNDKK	2	sp|P00738|HPT_HUMAN;sp|P00739|HPTR_HUMAN	0.00984252	1.0	0.8498760359838582	39290.07194155478
YLTWASR	2	sp|P01876|IGHA1_HUMAN;sp|P01877|IGHA2_HUMAN;sp|P0DOX2|IGA2_HUMAN	0.012178619	0.9797881705057813	0.8890838685831641	57219.70667721276
DASGATFTWTPSSGK	2	sp|P01877|IGHA2_HUMAN;sp|P0DOX2|IGA2_HUMAN	0.00984252	1.0	0.9585265995658903	387979.9414435271
LLQDEFPGIPSPLDAAVEC[+57.021465]HR	3	sp|P02790|HEMO_HUMAN	0.00984252	1.0	0.9329528362340598	39545083.483532846
RHPDYSVVLLLR	2	sp|P02768|ALBU_HUMAN	0.00984252	1.0	0.8136644023703974	98346.65604245737
NIFISPVSISMALAMLSLGTC[+57.021465]GHTR	4	sp|P08185|CBG_HUMAN	0.00984252	1.0	0.9567470293026231	271842.5300087577
KYPVAHFIDQTLK	2	sp|P05155|IC1_HUMAN	0.012178619	0.9797881705057813	0.9680219754109997	296175.2579157155
LHMLQISYFR	3	sp|Q9UNN8|EPCR_HUMAN	0.00984252	1.0	0.8526263190330949	30270.763716809284
LALDLEIATYR	2	sp|P04264|K2C1_HUMAN	0.00984252	1.0	0.9022050332972129	13036.026815014815
LLGNVLVC[+57.021465]VLAHHFGK	3	sp|P68871|HBB_HUMAN	0.012178619	0.9797881705057813	0.7660527573409738	6558.911073774474
EQLSLLDR	2	sp|P01011|AACT_HUMAN	0.00984252	1.0	0.9405527721963934	44319.11192767558
GDEC[+57.021465]QLC[+57.021465]EVENR	2	sp|O75882|ATRN_HUMAN	0.012178619	0.9866190731264982	0.9103000164201999	7939.66192525891
KGEVLPLPEANFPSFPLPHHK	3	sp|P04196|HRG_HUMAN	0.010752688	0.9933552810135716	0.9165065672133924	112430.39513663994
RYTIAALLSPYSYSTTAVVTNPK	5	sp|P02766|TTHY_HUMAN	0.013414634	0.9728591838590949	0.7849064169484304	23393.936003427836
SPLFMGK	1	sp|P01009|A1AT_HUMAN	0.013414634	0.9728591838590949	0.9121782733240356	15274.120797841526
IADAHLDR	2	sp|P04196|HRG_HUMAN	0.012178619	0.9797881705057813	0.9420202655935274	18276.364275959495
YVGGQEHFAHLLILRDTK	5	sp|P02763|A1AG1_HUMAN	0.010752688	0.9933552810135716	0.7078190162675796	27690.539730606382
GPSVFPLAPSSK	2	sp|P01857|IGHG1_HUMAN;sp|P0DOX5|IGG1_HUMAN	0.010752688	0.9933552810135716	0.9702566883367623	719345.1774640793
AYLEEEC[+57.021465]PATLR	2	sp|P25311|ZA2G_HUMAN	0.00984252	1.0	0.975849599336367	50257.620249740234
YGEGDSLTLQQLK	2	sp|Q15043|S39AE_HUMAN	0.00984252	1.0	0.8656684050291902	18557.56186446425
LLQDEFPGIPSPLDAAVEC[+57.021465]HR	4	sp|P02790|HEMO_HUMAN	0.00984252	1.0	0.9407551754667861	1539789.5812244057
DYWSTVK	1	sp|P02656|APOC3_HUMAN	0.013414634	0.9658285256870233	0.9864525342271337	191370.34871222524
KAADDTWEPFASGK	3	sp|P02766|TTHY_HUMAN	0.021396397	0.7138053936648634	0.8156033331336404	1455.280900465589
RYTIAALLSPYSYSTTAVVTNPKE	3	sp|P02766|TTHY_HUMAN	0.00984252	1.0	0.9455865905043611	15803392.657663299
KPDGYDYYAFSK	2	sp|Q92954|PRG4_HUMAN	0.00984252	1.0	0.981298802645469	131516.26264210156
LQHLENELTHDIITK	3	sp|P01009|A1AT_HUMAN	0.013414634	0.9658285256870233	0.9398267793369106	838114.3894547304
ITGKWFYIASAFR	2	sp|P02763|A1AG1_HUMAN;sp|P19652|A1AG2_HUMAN	0.012178619	0.9797881705057813	0.9732055925987813	220821.3238897906
GLASANVDFAFSLYK	2	sp|P08185|CBG_HUMAN	0.012178619	0.9797881705057813	0.9555228559282194	777279.5115608094
SAVQGPPER	1	sp|P01876|IGHA1_HUMAN;sp|P01877|IGHA2_HUMAN	0.014184397	0.9440873193926883	0.7337714249325419	243.94729884237015
NQVSLTC[+57.021465]LVK	2	sp|P01857|IGHG1_HUMAN;sp|P01859|IGHG2_HUMAN;sp|P01860|IGHG3_HUMAN;sp|P01861|IGHG4_HUMAN;sp|P0DOX5|IGG1_HUMAN	0.010752688	0.9933552810135716	0.9663481544440572	115825.95810336158
VAAEDWK	1	sp|P01876|IGHA1_HUMAN;sp|P01877|IGHA2_HUMAN;sp|P0DOX2|IGA2_HUMAN	0.00984252	1.0	0.9455140975163894	42392.85490934564
C[+57.021465]INQLLC[+57.021465]K	2	sp|P49908|SEPP1_HUMAN	0.012178619	0.9866190731264982	0.8661580693656112	8024.686333516331
TPSSTGPSPVFDIK	3	sp|Q12913|PTPRJ_HUMAN	0.018120045	0.8540617215638593	0.8257707794805017	711.6700291223065
FDTISEK	1	sp|P01008|ANT3_HUMAN	0.023622047	0.6244097987733555	0.7481978897845195	629.1233582060137
IMGITLVSK	2	sp|Q9Y5Y7|LYVE1_HUMAN	0.00984252	1.0	0.9895404596300076	1435770.7511893865
SILFLGK	2	sp|P05543|THBG_HUMAN	0.013414634	0.9728591838590949	0.8824020126535561	11707.876701634374
VLNQELR	1	sp|P05090|APOD_HUMAN	0.00984252	1.0	0.8246867440946793	11881.608216145392
NTWSILHTQGALVQGGYGHSSVYDHR	4	sp|O75882|ATRN_HUMAN	0.013414634	0.9658285256870233	0.9381863783768052	1771057.9083274077
IVDLFSGLDSPAILVLVNYIFFK	4	sp|P08185|CBG_HUMAN	0.00984252	1.0	0.9574881167236254	44003.06617930914
LPGIVAEGRDDLYVSDAFHK	4	sp|P01008|ANT3_HUMAN	0.012178619	0.9866190731264982	0.7384917916005229	5093.073312416453
SASLHLPK	1	sp|P01009|A1AT_HUMAN	0.00984252	1.0	0.9317854141960095	141389.3666067184
MEEVEAMLLPETLK	3	sp|P01011|AACT_HUMAN	0.00984252	1.0	0.8756475271407551	1010483.0580293273
TLYSSSPR	2	sp|P05155|IC1_HUMAN	0.012178619	0.9797881705057813	0.9820597676778705	61447.38123634596
FLNVLSPR	2	sp|P17936|IBP3_HUMAN	0.012178619	0.9866190731264982	0.9832769922660766	143318.23281506664
C[+57.021465]SPHLVLSALTSDNHGATYAFSGTHYWR	6	sp|P02790|HEMO_HUMAN	0.012178619	0.9797881705057813	0.7551544339533441	17660.162705194394
ATEHLSTLSEK	2	sp|P02647|APOA1_HUMAN	0.010752688	0.9933552810135716	0.939808221133561	74466.51891631108
SDVMYTDWKKDK	3	sp|P19652|A1AG2_HUMAN	0.00984252	1.0	0.7706376379116473	51183.421528456485
KLVAASQAALGL	2	sp|P02768|ALBU_HUMAN	0.00984252	1.0	0.9693500752698663	1015462.9249579941
LSPLGEEMR	2	sp|P02647|APOA1_HUMAN	0.00984252	1.0	0.9723836316240145	2402008.56496565
EVGTPHGIILDSVDAAFIC[+57.021465]PGSSR	4	sp|P02790|HEMO_HUMAN	0.00984252	1.0	0.915379352076206	497277.97988928674
DGTFPLPIGESVTVTR	2	sp|P05362|ICAM1_HUMAN	0.013414634	0.9728591838590949	0.9239022974074587	47346.32567389304
TGLEAISNHK	2	sp|Q14515|SPRL1_HUMAN	0.00984252	1.0	0.8527207051613135	59186.103910242484
TVVQPSVGAAAGPVVPPC[+57.021465]PGR	3	sp|P02765|FETUA_HUMAN	0.010752688	0.9933552810135716	0.9768831471289546	878346.4321600557
QEINSHVEMQTK	2	sp|P05543|THBG_HUMAN	0.012178619	0.9866190731264982	0.9370650778212121	74765.96913311895
TC[+57.021465]PKPDDLPFSTVVPLK	3	sp|P02749|APOH_HUMAN	0.00984252	1.0	0.9068973935258391	282182.14503454854
RPC[+57.021465]FSALEVDETYVPK	2	sp|P02768|ALBU_HUMAN	0.00984252	1.0	0.8634091706979076	30231.773971766997
YPNC[+57.021465]AYR	2	sp|P07998|RNAS1_HUMAN	0.012178619	0.9797881705057813	0.9423743671456716	46350.916003692226
DTKTYMLAFDVNDEK	2	sp|P02763|A1AG1_HUMAN	0.00984252	1.0	0.7764717232083603	108949.74962167755
ELTPEVLQEWLDELEEMMLVVHMPR	5	sp|P01008|ANT3_HUMAN	0.014184397	0.9440873193926883	0.716587731302106	43572.39921153447
KGDTFSC[+57.021465]MVGHEALPLAFTQK	4	sp|P01876|IGHA1_HUMAN	0.00984252	1.0	0.9193758328899814	736989.4804567181
WFYIASAFR	2	sp|P02763|A1AG1_HUMAN;sp|P19652|A1AG2_HUMAN	0.010752688	0.9933552810135716	0.9455052721178385	124216.71366474793
GGGALLGDR	2	sp|P00736|C1R_HUMAN;sp|Q9NZP8|C1RL_HUMAN	0.00984252	1.0	0.9507240853742935	104588.04373190443
VTTVASHTSDSDVPSGVTEVVVK	3	sp|P10909|CLUS_HUMAN	0.012178619	0.9866190731264982	0.9438789448718083	46065.42619418182
AKPALEDLR	2	sp|P02647|APOA1_HUMAN	0.00984252	1.0	0.9643539002310555	170021.80456300674
LSSWVLLMK	2	sp|P01009|A1AT_HUMAN	0.00984252	1.0	0.9536122666658696	684700.2593567197
NKEDC[+57.021465]VEIYIK	2	sp|P14151|LYAM1_HUMAN	0.012178619	0.9866190731264982	0.9627884480484454	750654.5309543086
AEDTAVYYC[+57.021465]AK	2	sp|P01764|HV323_HUMAN;sp|P01768|HV330_HUMAN;sp|P0DP03|HVC05_HUMAN	0.00984252	1.0	0.9048201942393511	12091.831231944163
HYYESEVLAMNFQDWATASR	4	sp|P08185|CBG_HUMAN	0.012178619	0.9797881705057813	0.7940238597765167	919.8731479354274
NALALFVLPK	2	sp|P05543|THBG_HUMAN	0.00984252	1.0	0.975156146428657	3504668.608175866
ELISERWK	2	sp|P02790|HEMO_HUMAN	0.00984252	1.0	0.9355970698688367	63048.954570276386
ALEESNYELEGK	2	sp|P13645|K1C10_HUMAN	0.00984252	1.0	0.9923878309417045	241979.8521283366
ADLSGITGAR	2	sp|P01011|AACT_HUMAN	0.00984252	1.0	0.9702857599910202	1431745.3900099127
DAEAWFNEK	2	sp|P13645|K1C10_HUMAN;sp|Q7Z3Y7|K1C28_HUMAN;sp|Q7Z3Y8|K1C27_HUMAN;sp|Q7Z3Z0|K1C25_HUMAN	0.00984252	1.0	0.923543444916975	86926.73137372287
SDVVYTDWKK	3	sp|P02763|A1AG1_HUMAN	0.00984252	1.0	0.9152480208406043	1549.782792402879
AREDIFMETLK	2	sp|P25311|ZA2G_HUMAN	0.00984252	1.0	0.9589623158273465	238273.08323329213
VWFELTQGSITK	2	sp|Q9H8L6|MMRN2_HUMAN	0.010752688	0.9933552810135716	0.9641567647329645	25561.282393249883
EWFSETFQK	2	sp|P02654|APOC1_HUMAN	0.010752688	0.9933552810135716	0.9529760423030181	67965.85680074767
KMTVTDQVNC[+57.021465]PK	2	sp|P05090|APOD_HUMAN	0.012178619	0.9866190731264982	0.9631570506030328	59045.17972142116
GPGEDFR	1	sp|P41222|PTGDS_HUMAN	0.013414634	0.9728591838590949	0.9289414731553652	2207.066911891484
LFDSDPITVTVPVEVSR	2	sp|P10909|CLUS_HUMAN	0.015186916	0.9290085173289965	0.8023341824491845	15338.210292766005
ELDESLQVAER	3	sp|P10909|CLUS_HUMAN	0.025755879	0.5678582329614409	0.7685874092761998	461.1911677255408
EHSSLAFWK	2	sp|P02749|APOH_HUMAN	0.00984252	1.0	0.9701875197308026	440713.2941147803
NLMIDIQK	2	sp|Q9BY67|CADM1_HUMAN	0.00984252	1.0	0.9795342029098897	740087.5002463402
DSGSYFC[+57.021465]R	2	sp|O75015|FCG3B_HUMAN;sp|P08637|FCG3A_HUMAN	0.012178619	0.9866190731264982	0.915240583675548	25883.481640938277
FQPTLLTLPR	3	sp|P05155|IC1_HUMAN	0.010752688	0.9933552810135716	0.8015165035094928	6091.609837000042
FNQPFIIMIFDHFTWSSLFLAR	3	sp|P08185|CBG_HUMAN	0.013414634	0.9658285256870233	0.9412532790997558	169174.62930200048
YEGGREHVAHLLFLR	2	sp|P19652|A1AG2_HUMAN	0.018120045	0.7626747761196712	0.7610222110973126	3482.644147122072
ENFLFLTPDC[+57.021465]K	2	sp|P01042|KNG1_HUMAN	0.010752688	0.9933552810135716	0.9681714899644334	313873.9133878266
ALGISPFHEHAEVVFTANDSGPR	3	sp|P02766|TTHY_HUMAN	0.00984252	1.0	0.9681046508982573	7093670.719829316
ITDVIPSEAINELTVLVLVNTIYFK	3	sp|P01008|ANT3_HUMAN	0.010752688	0.9933552810135716	0.8710593408115466	2573.8431132720116
GKEESLDSDLYAELR	2	sp|P02775|CXCL7_HUMAN	0.00984252	1.0	0.9111375568461844	2737232.782452538
LSITGTYDLK	2	sp|P01009|A1AT_HUMAN	0.00984252	1.0	0.9490637385187941	226985.8394879203
ALVLIAFAQYLQQC[+57.021465]PFEDHVK	3	sp|P02768|ALBU_HUMAN	0.018120045	0.8354707271418766	0.7790520086598949	6420.736410115876
SDDSVIQLLNPNR	3	sp|Q9BY67|CADM1_HUMAN	0.012178619	0.9866190731264982	0.7785548244539194	4563.521682538611
DFTC[+57.021465]VHQALK	2	sp|P05155|IC1_HUMAN	0.00984252	1.0	0.9426444937078229	253076.487695455
DFVQPPTK	2	sp|P01042|KNG1_HUMAN	0.012178619	0.9797881705057813	0.9979093109078192	34222.938606620344
DLMEKVK	1	sp|P02652|APOA2_HUMAN	0.013414634	0.9728591838590949	0.737960102340783	669.1430641303668
YGFIEGHVVIPR	3	sp|P16070|CD44_HUMAN	0.010752688	0.9933552810135716	0.95548326092635	114176.21616806948
VTVLGQPK	1	sp|B9A064|IGLL5_HUMAN;sp|P0DOX8|IGL1_HUMAN	0.013414634	0.9728591838590949	0.7425722771275687	1502.9189289374197
HITSLEVIK	2	sp|P02776|PLF4_HUMAN;sp|P10720|PF4V_HUMAN	0.00984252	1.0	0.9707870689450007	2102598.384132052
DKC[+57.021465]EPLEKQHEK	3	sp|P02763|A1AG1_HUMAN;sp|P19652|A1AG2_HUMAN	0.00984252	1.0	0.8198736136335841	5388.407065304825
DSYVGDEAQSK	2	sp|P60709|ACTB_HUMAN;sp|P62736|ACTA_HUMAN;sp|P63261|ACTG_HUMAN;sp|P63267|ACTH_HUMAN;sp|P68032|ACTC_HUMAN;sp|P68133|ACTS_HUMAN	0.010752688	0.9933552810135716	0.9736954971452919	3173.738594449934
YLTLNTESTR	2	sp|P06276|CHLE_HUMAN	0.010752688	0.9933552810135716	0.9430375830478153	23637.16033413824
TAAQNLYEK	2	sp|P02655|APOC2_HUMAN	0.00984252	1.0	0.9821274364229824	2349503.170616477
ETSLTVNK	2	sp|Q92954|PRG4_HUMAN	0.012178619	0.9797881705057813	0.9759635398006886	3341.61153024213
DLGEENFK	2	sp|P02768|ALBU_HUMAN	0.012178619	0.9866190731264982	0.9593976884546019	863.4705036097222
ALGISPFHEHAEVVFTANDSGPRR	3	sp|P02766|TTHY_HUMAN	0.012178619	0.9866190731264982	0.9060371217758886	74146.39595253105
