peptide	charge	proteins	q_value	score	spectral_angle	20241028_OA3_Evo02_ViAl_SA_FAIMS40_IO27_A556_MOMI_ABGD_P58_G12_R01.mzML
MTVSTLVLGEGATEAEISMTSTR	3	sp|P02760|AMBP_HUMAN	0.010224949	1.0	0.967604862978341	1619593.7540577105
LQQDVLQFQK	2	sp|Q8NBJ4|GOLM1_HUMAN	0.010224949	1.0	0.9217085006399689	32806.05108512286
TEGDGVYTLNNEK	3	sp|P00738|HPT_HUMAN	0.01523395	0.9212790999005022	0.8666872385384251	215.0551740035087
VPTVEPLDSLTLFLFR	3	sp|P13598|ICAM2_HUMAN	0.010514019	0.9658285256870233	0.9220982691072162	63123.56407750945
ILGGHLDAK	1	sp|P00738|HPT_HUMAN;sp|P00739|HPTR_HUMAN	0.010514019	0.9797881705057813	0.9578698977690872	10839.539009951326
SSNTYTLTDVR	2	sp|Q13740|CD166_HUMAN	0.010224949	1.0	0.9376652904916969	21215.474355432172
LGFTDLFSK	2	sp|P29622|KAIN_HUMAN	0.010224949	1.0	0.8129950812353444	41697.14163288321
MQILEGLGLNLQK	2	sp|P05154|IPSP_HUMAN	0.010224949	1.0	0.8385614530964395	63671.08755602661
DTKTLMFGSYLDDEK	2	sp|P19652|A1AG2_HUMAN	0.010224949	1.0	0.9347978745320829	3886901.244840379
GDKVWVYPPEK	2	sp|P02790|HEMO_HUMAN	0.010224949	1.0	0.8020712755557674	564.7977816385845
TSLTVVLLR	2	sp|P32942|ICAM3_HUMAN	0.016304348	0.9054124614333342	0.9142003761472545	15077.824224264483
ITLLSALVETR	2	sp|P01011|AACT_HUMAN	0.010224949	1.0	0.9614001938473584	178409.06156577775
DEGTAFLVYGAPGFSK	2	sp|P06276|CHLE_HUMAN	0.010224949	1.0	0.9426056154459955	854271.3044829922
FPVFMGR	2	sp|P05155|IC1_HUMAN	0.027659575	0.686593192055836	0.9133807476057981	17815.363619471886
C[+57.021465]AGQQQDIR	2	sp|P27918|PROP_HUMAN	0.010224949	1.0	0.9144844732149139	17908.180614481866
FDPVRGEVPPR	2	sp|P02790|HEMO_HUMAN	0.010514019	0.9728591838590949	0.9578503607374	903808.5536880788
VQLTGEPVPMAR	3	sp|P15151|PVR_HUMAN	0.010224949	1.0	0.8487583944184015	2831.226842931098
HGGLFHENMR	2	sp|Q02985|FHR3_HUMAN	0.010224949	1.0	0.8392116137763832	119812.80027281107
ASSHSVSIQWR	3	sp|P23467|PTPRB_HUMAN	0.010224949	1.0	0.9041470525210614	73476.48484908427
MADEAGSEADHEGTHSTK	2	sp|P02671|FIBA_HUMAN	0.010224949	1.0	0.8456060988289965	693.5828806214113
QIQVFEDEPAR	2	sp|Q9NPH3|IL1AP_HUMAN	0.010224949	1.0	0.8857829195327006	83572.2752760331
TMEIFQLLR	2	sp|Q96HR3|MED30_HUMAN	0.01523395	0.9212790999005022	0.8575894286649758	8277.823410797146
EETNEIQVVNEEPQR	2	sp|Q8NBJ4|GOLM1_HUMAN	0.010224949	1.0	0.9338005523064079	330675.05164204707
GVLHNEVK	2	sp|Q92954|PRG4_HUMAN	0.010514019	0.9797881705057813	0.9772167154138305	17510.758020476114
YVYIAELLAHK	3	sp|P27169|PON1_HUMAN	0.010514019	0.9797881705057813	0.8715130127875244	3769.427654795867
ALNSIIDVYHK	2	sp|P05109|S10A8_HUMAN	0.010224949	1.0	0.978529919545863	10860.542834361957
LDELRDEGK	2	sp|P02768|ALBU_HUMAN	0.010224949	1.0	0.9811459763031223	121078.08182887286
TFTC[+57.021465]TAAYPESK	2	sp|P01876|IGHA1_HUMAN	0.010224949	0.9933552810135716	0.9634897704734374	201473.7297069683
GEVLPLPEANFPSFPLPHHK	4	sp|P04196|HRG_HUMAN	0.010224949	1.0	0.9677100320808594	669137.2468064489
EFGNTLEDK	2	sp|P02654|APOC1_HUMAN	0.010514019	0.9866190731264982	0.9803703758543525	356485.259364175
SISTAYLQWSSLK	2	sp|A0A0C4DH38|HV551_HUMAN;sp|A0A0J9YXX1|HV5X1_HUMAN	0.010514019	0.9866190731264982	0.9509082254815583	49739.16116869027
LLVVYPWTQR	2	sp|P02042|HBD_HUMAN;sp|P02100|HBE_HUMAN;sp|P68871|HBB_HUMAN;sp|P69891|HBG1_HUMAN;sp|P69892|HBG2_HUMAN	0.010224949	1.0	0.9717838015622907	61887.86335263227
LYLVQGTQVYVFLTK	3	sp|P02790|HEMO_HUMAN	0.010514019	0.9728591838590949	0.8720364313810894	2439.612485831019
C[+57.021465]PNPPVQENFDVNK	2	sp|P05090|APOD_HUMAN	0.010224949	1.0	0.9364006803849156	1256920.6384206247
GPLDQLEK	2	sp|P05546|HEP2_HUMAN	0.010514019	0.9797881705057813	0.8151296433300774	13092.147927431133
FYYLIASETPGK	2	sp|P29622|KAIN_HUMAN	0.010224949	0.9933552810135716	0.8098293276821882	6155.831130335696
GEC[+57.021465]QAEGVLFFQGDR	3	sp|P02790|HEMO_HUMAN	0.0125284735	0.9586923939928679	0.8618712657468203	4876.826986090478
SSSQELGLK	2	sp|Q14515|SPRL1_HUMAN	0.010514019	0.9866190731264982	0.9145068143289746	4173.540402039316
AVM[+15.994915]DDFAAFVEK	2	sp|P02768|ALBU_HUMAN	0.016304348	1.0	0.9681065779379271	56055.80779567672
VGSALFLSHNLK	3	sp|P29622|KAIN_HUMAN	0.010514019	0.9797881705057813	0.9592828826181692	1785.4784275471295
SLSGTAFGGFLMFK	3	sp|Q9H8L6|MMRN2_HUMAN	0.010224949	1.0	0.8314781357437276	35696.09447346959
GDLYFANVEEK	2	sp|O00533|NCHL1_HUMAN	0.010224949	1.0	0.9601139431431273	10476.351271891059
GTQGKIVDLVK	3	sp|P01009|A1AT_HUMAN	0.010224949	1.0	0.8435560598804797	12397.25728906593
HSAQPWADFTLLGAR	3	sp|Q8IYS5|OSCAR_HUMAN	0.010224949	1.0	0.7805179929693203	130695.20232137226
RYLDGAESVLTVK	3	sp|Q8IZF2|AGRF5_HUMAN	0.010224949	1.0	0.8249835657101993	49695.35407460989
DALSSVQESQVAQQAR	3	sp|P02656|APOC3_HUMAN	0.010514019	0.9728591838590949	0.9219671692213964	8577.606770258088
GTYSTTVTGR	2	sp|P08519|APOA_HUMAN	0.010514019	0.9866190731264982	0.9790854408737634	83693.33010650545
IDVHWTR	2	sp|P25311|ZA2G_HUMAN	0.010514019	0.9797881705057813	0.8736672162817114	9384.085358077746
QGHNSVFLIKGDK	2	sp|P02790|HEMO_HUMAN	0.010224949	1.0	0.9463452470477149	50405.48768893202
EIGELYLPK	2	sp|P01011|AACT_HUMAN	0.010224949	1.0	0.9841124032649174	319775.1731985234
KVEFVLK	1	sp|O75882|ATRN_HUMAN	0.010514019	0.9728591838590949	0.9290632348038623	12376.871587024452
AGEQDATIHLK	3	sp|P13591|NCAM1_HUMAN	0.010514019	0.9728591838590949	0.9573858559106748	4144.827928909982
VEIDTKSYWK	3	sp|P02766|TTHY_HUMAN	0.010224949	1.0	0.7896861885781918	3078.3110467592574
IMQSSQSMSK	2	sp|O75882|ATRN_HUMAN	0.010514019	0.9933552810135716	0.9815739845226114	71495.04679196494
KVPQVSTPTLVEVSR	2	sp|P02768|ALBU_HUMAN	0.010224949	1.0	0.9223764994898853	227975.88871483467
YPPTVSMVEGQGEK	2	sp|P27918|PROP_HUMAN	0.010224949	1.0	0.9528788079369522	1876753.9863080434
GGVGPFSDPVK	2	sp|Q12866|MERTK_HUMAN	0.018299246	0.8630568252698203	0.7827381135050653	494.95722154506757
SYSC[+57.021465]QVTHEGSTVEK	3	sp|B9A064|IGLL5_HUMAN;sp|P0CF74|IGLC6_HUMAN;sp|P0CG04|IGLC1_HUMAN;sp|P0DOX8|IGL1_HUMAN;sp|P0DOY2|IGLC2_HUMAN;sp|P0DOY3|IGLC3_HUMAN	0.010224949	1.0	0.9298998122783738	9631405.689555319
NWGLSFYADKPETTK	4	sp|P19652|A1AG2_HUMAN	0.0125284735	0.9586923939928679	0.8895164135667138	5386.75200866099
LRTEGDGVYTLNDKK	4	sp|P00738|HPT_HUMAN;sp|P00739|HPTR_HUMAN	0.010224949	1.0	0.8699521780915128	608497.0666393493
GTHC[+57.021465]NQVEVIATLK	3	sp|P02775|CXCL7_HUMAN	0.021413276	0.8159995903747699	0.9024091779145724	59304.331192661375
VDGALC[+57.021465]M[+15.994915]EK	2	sp|P02790|HEMO_HUMAN	0.010224949	1.0	0.962235031860595	260373.4666129981
GFGGLTGQIVAALSTAK	3	sp|Q92954|PRG4_HUMAN	0.010224949	1.0	0.8796363505090248	84482.6801666989
GGYTLVSGYPK	2	sp|P02790|HEMO_HUMAN	0.010224949	1.0	0.9772665826227641	6043906.534594955
LLIYDASNR	2	sp|A0A0A0MRZ8|KVD11_HUMAN;sp|P04433|KV311_HUMAN	0.010224949	1.0	0.9245141093483332	95013.11084998814
LRTEGDGVYTLNNEK	4	sp|P00738|HPT_HUMAN	0.010224949	1.0	0.8661251785870758	55306.14463904038
QLVEIEK	1	sp|P00738|HPT_HUMAN;sp|P00739|HPTR_HUMAN	0.010514019	0.9728591838590949	0.8477714091362616	16486.445198015645
SDTSLEMTMGNALFLDGSLELLESFSADIK	4	sp|P08185|CBG_HUMAN	0.010224949	1.0	0.9146495431471651	513030.923709261
TYLPAVDEK	2	sp|P02655|APOC2_HUMAN	0.010224949	1.0	0.963335886245417	984303.4619177032
VWVYPPEKK	3	sp|P02790|HEMO_HUMAN	0.010224949	1.0	0.8549016245425027	83658.01970732068
ADGESC[+57.021465]SASMMYQEGK	2	sp|P01008|ANT3_HUMAN	0.010224949	1.0	0.9307502889921635	1600799.9220149599
VITEPIPVSDLR	2	sp|Q12913|PTPRJ_HUMAN	0.010224949	1.0	0.9368491752202011	539.7816164225197
REPAVGEPAEVTTTVLVR	4	sp|P05362|ICAM1_HUMAN	0.010224949	1.0	0.859523495887312	701.1861444992466
LVEVNPK	2	sp|Q92954|PRG4_HUMAN	0.010224949	1.0	0.9746063547386532	434259.41454874055
ESLLNHFLYEVAR	3	sp|P43652|AFAM_HUMAN	0.010224949	1.0	0.7628952092399459	41317.206446548844
EMEDTLNHLK	3	sp|P17936|IBP3_HUMAN	0.010224949	1.0	0.948763103531898	63990.61550097717
AVLTIDEK	1	sp|P01009|A1AT_HUMAN	0.010514019	0.9728591838590949	0.9665692799820752	16072.86485563399
STPLGQQQPAPR	2	sp|Q14767|LTBP2_HUMAN	0.010224949	1.0	0.8140960527223191	3883.302862068378
NPDAVAAPYC[+57.021465]YTR	2	sp|P08519|APOA_HUMAN	0.010224949	1.0	0.9348891070515367	119208.68571984307
GFMQTYYDDHLR	2	sp|P55056|APOC4_HUMAN	0.013651877	0.9797881705057813	0.9441724845853109	36026.83101681354
GQYC[+57.021465]YELDEK	2	sp|P04004|VTNC_HUMAN	0.010224949	1.0	0.8821185178870365	69018.48188701508
ALSIGFETC[+57.021465]R	2	sp|P16070|CD44_HUMAN	0.010224949	1.0	0.9528869552333252	82577.73136507026
EMEVLHLR	2	sp|P11362|FGFR1_HUMAN	0.010224949	1.0	0.9318774749068833	375342.9854715226
VPLQQNFQDNQFQGK	2	sp|P80188|NGAL_HUMAN	0.010224949	1.0	0.9348359108896371	2426753.4327081046
YFHHNSDFHIPK	4	sp|O75015|FCG3B_HUMAN	0.010224949	1.0	0.9223261171480415	1945248.041484648
YFHHNSDFYIPK	4	sp|P08637|FCG3A_HUMAN	0.010514019	0.9797881705057813	0.9554381398776929	33150.44330254392
SKEQLTPLIK	2	sp|P02652|APOA2_HUMAN	0.010224949	1.0	0.977328672284955	160241.5659263047
MSSINADFAFNLYR	2	sp|P05543|THBG_HUMAN	0.010224949	1.0	0.7944615789123527	752093.1010020099
NLAVSQVVHK	2	sp|P01011|AACT_HUMAN	0.010224949	1.0	0.9644078155138718	1826562.295403296
IMGITLVSKK	2	sp|Q9Y5Y7|LYVE1_HUMAN	0.010224949	1.0	0.967892646263636	158652.4023650886
RDPPQYPVVPVHLDR	3	sp|P10153|RNAS2_HUMAN	0.010514019	0.9797881705057813	0.8064758491491824	3660.2582515832546
FYNIGDQR	2	sp|Q7Z7G0|TARSH_HUMAN	0.010224949	1.0	0.9745363552950382	71985.0898231618
GILTVDELLAIR	3	sp|P13473|LAMP2_HUMAN	0.010224949	1.0	0.935806016304322	440066.5562165433
QQLQALSEPQPR	2	sp|Q8NBJ4|GOLM1_HUMAN	0.01523395	0.9366095275687156	0.8778331728040158	5876.183984145759
AIGPSQTHTIR	3	sp|Q92954|PRG4_HUMAN	0.01523395	0.9366095275687156	0.9046830752749107	80.58314618181163
NDNDNIFLSPLSISTAFAMTK	3	sp|P01008|ANT3_HUMAN	0.010514019	0.9866190731264982	0.9787282604756743	123204.48259888259
TEGDGVYTLNDK	2	sp|P00738|HPT_HUMAN;sp|P00739|HPTR_HUMAN	0.010224949	1.0	0.9742112880221314	196594.09527371652
SSTTKPPFKPHGSR	4	sp|P04196|HRG_HUMAN	0.010224949	1.0	0.8935518171470377	226731.16610349668
WLQGSQELPR	2	sp|P01876|IGHA1_HUMAN;sp|P01877|IGHA2_HUMAN;sp|P0DOX2|IGA2_HUMAN	0.010514019	0.9933552810135716	0.9676894931269373	1289011.0799449729
VYSTSVTGSR	2	sp|Q9H299|SH3L3_HUMAN	0.010224949	1.0	0.983400004916311	73994.74062490453
SISC[+57.021465]QEIPGQQSR	2	sp|P27918|PROP_HUMAN	0.010224949	1.0	0.9572415065833513	1020935.5655167783
TSDQIHFFFAK	3	sp|P01008|ANT3_HUMAN	0.010514019	0.9933552810135716	0.893352940703527	497520.516457236
EPQVYTLPPSR	2	sp|P01857|IGHG1_HUMAN;sp|P01859|IGHG2_HUMAN;sp|P01860|IGHG3_HUMAN;sp|P0DOX5|IGG1_HUMAN	0.010224949	1.0	0.7918731900726004	4122.1986222837395
SAVQGPPER	2	sp|P01876|IGHA1_HUMAN;sp|P01877|IGHA2_HUMAN	0.010514019	0.9797881705057813	0.9801886254229704	59176.75207656433
NSVIKVPMMNSK	2	sp|P05155|IC1_HUMAN	0.010514019	0.9797881705057813	0.9433223937507138	151840.54873018776
AIMEKLEMSK	2	sp|P05155|IC1_HUMAN	0.010514019	0.9933552810135716	0.9255166706528385	4775.351855215134
ASVSVTAEDEGTQR	2	sp|P05362|ICAM1_HUMAN	0.010224949	1.0	0.9274302569083815	182841.62153956154
YFHHNSDFHIPK	3	sp|O75015|FCG3B_HUMAN	0.010224949	1.0	0.8202528876820926	48793.20793412508
KGEVLPLPEANFPSFPLPHHK	5	sp|P04196|HRG_HUMAN	0.010514019	0.9933552810135716	0.7754370269608524	38245.796785832405
RYTIAALLSPYSYSTTAVVTNPK	3	sp|P02766|TTHY_HUMAN	0.010514019	0.9797881705057813	0.92247382362546	52481.96265522123
LPGIVAEGRDDLYVSDAFHK	3	sp|P01008|ANT3_HUMAN	0.010514019	0.9866190731264982	0.7486106263822558	54142.71429633013
VLNQELR	2	sp|P05090|APOD_HUMAN	0.010224949	1.0	0.9711615352977911	696002.8345052035
LYIEYGIQR	2	sp|Q9NPH3|IL1AP_HUMAN	0.010224949	1.0	0.9603804238345687	147142.70090719592
HTFM[+15.994915]GVVSLGSPSGEVSHPR	4	sp|P02765|FETUA_HUMAN	0.010514019	0.9933552810135716	0.8725269658210973	3493.3875447765377
VQPYLDDFQK	2	sp|P02647|APOA1_HUMAN	0.010224949	1.0	0.9029061346768925	33166.19221636716
SSAEAQTPEDTPNK	2	sp|O43493|TGON2_HUMAN	0.010224949	1.0	0.9641958798066143	106589.5199112428
C[+57.021465]SPHLVLSALTSDNHGATYAFSGTHYWR	5	sp|P02790|HEMO_HUMAN	0.010514019	0.9797881705057813	0.9150713865608211	493493.4218953507
TFTDKWEDYPK	2	sp|P10721|KIT_HUMAN	0.010224949	1.0	0.9547512010817448	139851.01781001716
LGMFNIQHC[+57.021465]K	3	sp|P01009|A1AT_HUMAN	0.010224949	1.0	0.8453873954268404	104770.36853223413
SGAQATWTELPWPHEK	2	sp|P02790|HEMO_HUMAN	0.010224949	1.0	0.9629739064607221	1835014.436420137
DNPMYYC[+57.021465]NK	2	sp|O75882|ATRN_HUMAN	0.010514019	0.9933552810135716	0.8394309266921912	3910.1398265349126
ADGNQLTLEER	2	sp|Q6YHK3|CD109_HUMAN	0.010224949	1.0	0.8443317215106504	12.864586534548549
SGTSASLAISGLR	2	sp|P01700|LV147_HUMAN	0.010224949	1.0	0.8752735206404911	13444.731201554016
WEMPFDPQDTHQSR	2	sp|P01011|AACT_HUMAN	0.010514019	0.9728591838590949	0.978899257096301	4944.635168485068
DSTYSLSSTLTLSK	2	sp|P01834|IGKC_HUMAN;sp|P0DOX7|IGK_HUMAN	0.010224949	1.0	0.9539749327737302	367659.22161009663
IC[+57.021465]LDLQAPLYK	2	sp|P02776|PLF4_HUMAN	0.010224949	1.0	0.928302552104987	923967.3409745223
HTFMGVVSLGSPSGEVSHPR	4	sp|P02765|FETUA_HUMAN	0.010514019	0.9933552810135716	0.9359223017258884	417675.3661310264
LAIPQQSDFHNNR	2	sp|P07333|CSF1R_HUMAN	0.010514019	0.9797881705057813	0.8490808631233334	19498.02176165075
LTLTPWVGLR	2	sp|O75882|ATRN_HUMAN	0.010224949	1.0	0.9341310202883408	60922.67718355724
HTLNQIDEVK	2	sp|P02765|FETUA_HUMAN	0.010514019	0.9933552810135716	0.8720757398683217	86294.48025382319
WKTTFDPKK	3	sp|P05155|IC1_HUMAN	0.010224949	1.0	0.9083413780783707	20742.278531630593
ESTLHLVLR	2	sp|P0CG47|UBB_HUMAN;sp|P0CG48|UBC_HUMAN;sp|P62979|RS27A_HUMAN;sp|P62987|RL40_HUMAN	0.010224949	1.0	0.8794959429773824	390469.91454998817
QGHNSVFLIK	2	sp|P02790|HEMO_HUMAN	0.010224949	1.0	0.8972314446483012	263885.08546096797
AQSQLVAGIK	2	sp|Q15828|CYTM_HUMAN	0.010224949	1.0	0.9416811393793104	99279.37417359455
SC[+57.021465]ALDQNC[+57.021465]QWEPR	2	sp|O75882|ATRN_HUMAN	0.010224949	1.0	0.9375842495537736	256830.31294366642
QVILTLQPTLVAVGK	2	sp|P13598|ICAM2_HUMAN	0.010224949	1.0	0.9670206627757599	7029710.3925091885
LVYHLGLPFSFLTFPYVEEAIK	4	sp|P49908|SEPP1_HUMAN	0.010224949	1.0	0.8874544196246703	265017.7901265401
EQVTNVGGAVVTGVTAVAQK	3	sp|P37840|SYUA_HUMAN	0.010224949	1.0	0.933307354646289	74255.11066357089
ALSLAPLAGAGLELQLER	3	sp|Q9ULI3|HEG1_HUMAN	0.010224949	1.0	0.7987765940352602	77.98857882506067
FRIEDGFSLK	3	sp|P01008|ANT3_HUMAN	0.010224949	1.0	0.9737337473883474	8592711.080232376
GDDITMVLILPKPEK	2	sp|P01008|ANT3_HUMAN	0.010224949	1.0	0.7634151722000627	43748.209391151
LDSSEFLK	2	sp|Q12841|FSTL1_HUMAN	0.010514019	0.9866190731264982	0.8362158322022252	597.6382536899318
DNYTDLVAIQNK	2	sp|P14151|LYAM1_HUMAN	0.010514019	0.9933552810135716	0.8507991581658991	5954.532922588842
APEQEQAAPGPAAGGEAPK	3	sp|P80723|BASP1_HUMAN	0.010514019	0.9728591838590949	0.9645167793349719	581.7577641571136
LLIYWASTR	2	sp|P06312|KV401_HUMAN	0.010514019	0.9933552810135716	0.954407840705416	126745.69577569106
AGVETTTPSK	2	sp|P0DOY2|IGLC2_HUMAN;sp|P0DOY3|IGLC3_HUMAN	0.010514019	0.9866190731264982	0.9763091595257101	15041.22288370824
FNKPFVFLMIEQNTK	3	sp|P01009|A1AT_HUMAN	0.010224949	1.0	0.703031793368951	19007.107409636392
HYYESEVLAMNFQDWATASR	3	sp|P08185|CBG_HUMAN	0.010514019	0.9797881705057813	0.9068809841937724	31126.81355419016
IILEDENDAMADADR	2	sp|Q9BUN1|MENT_HUMAN	0.010514019	0.9728591838590949	0.9367259593039524	81809.58857858917
ADLSGITGAR	1	sp|P01011|AACT_HUMAN	0.010224949	1.0	0.7367549716174701	30240.82364883549
SGVQQLIQYYQDQK	2	sp|Q13790|APOF_HUMAN	0.010224949	1.0	0.89478749262303	384375.5578292032
MFLSFPTTK	2	sp|P69905|HBA_HUMAN	0.010224949	1.0	0.8900704740746467	333210.74744740885
GLPNVVTSAISLPNIR	2	sp|Q92954|PRG4_HUMAN	0.010224949	1.0	0.9789959873087337	206062.57482477085
QVVAGLNFR	2	sp|P01042|KNG1_HUMAN	0.010224949	1.0	0.9696366838082899	562666.9591067753
TLTLLSVTR	2	sp|P06731|CEAM5_HUMAN;sp|P13688|CEAM1_HUMAN;sp|P31997|CEAM8_HUMAN	0.010224949	1.0	0.9161121905052334	149403.7190459452
LQHLENELTHDIITK	4	sp|P01009|A1AT_HUMAN	0.010514019	0.9658285256870233	0.9673753886355921	1330597.1114853013
VGYVSGWGR	2	sp|P00738|HPT_HUMAN	0.010224949	1.0	0.9098997968167676	849813.7795410921
DLAPTSK	1	sp|Q92954|PRG4_HUMAN	0.010224949	1.0	0.9161229959282499	26713.62957634016
GIYSFNFHVVK	3	sp|P23435|CBLN1_HUMAN	0.01523395	0.9290085173289965	0.8558835551764512	1290.5472760378234
DASGVTFTWTPSSGK	2	sp|P01876|IGHA1_HUMAN	0.010514019	0.9866190731264982	0.9911193100246145	24246.85721372234
QDQC[+57.021465]IYNTTYLNVQR	3	sp|P02763|A1AG1_HUMAN	0.010224949	1.0	0.8155985898000181	115155.5317218666
VYIASSSGSTAIK	2	sp|O75368|SH3L1_HUMAN	0.010224949	1.0	0.9776470178731661	15396.999849673852
EGEEFTVTC[+57.021465]TIK	2	sp|P10721|KIT_HUMAN	0.010514019	0.9933552810135716	0.9306583915723723	1567.5512620018
TMLLQPAGSLGSYSYR	2	sp|P41222|PTGDS_HUMAN	0.010514019	0.9728591838590949	0.9639704316962587	683140.9350425043
RGENLFAITDEGMDVPLAMEEWHHER	6	sp|Q6UXB8|PI16_HUMAN	0.010224949	1.0	0.9357359248339674	5073.000530296133
YSPSFQGQVTISADK	2	sp|A0A0C4DH38|HV551_HUMAN	0.014755959	0.9514467542496609	0.8448441582158375	36434.80921973576
DVWGIEGPIDAAFTR	2	sp|P04004|VTNC_HUMAN	0.010224949	1.0	0.8838743437821387	173522.84216233733
GGNIFHK	2	sp|P13598|ICAM2_HUMAN	0.010224949	1.0	0.7621103722681399	46239.35374870826
DIAPTLTLYVGK	3	sp|P00738|HPT_HUMAN;sp|P00739|HPTR_HUMAN	0.010224949	1.0	0.8847742911427815	3766.810572571412
AVSISPTNVILTWK	2	sp|Q12913|PTPRJ_HUMAN	0.010514019	0.9866190731264982	0.9737510088438807	42800.569305306824
YVGGQEHFAHLLILR	3	sp|P02763|A1AG1_HUMAN	0.010514019	0.9728591838590949	0.9481051522546348	517820.3756639214
SDVM[+15.994915]YTDWK	2	sp|P19652|A1AG2_HUMAN	0.010514019	0.9933552810135716	0.9423819258663488	2912.9338595269087
FSGSGSGTDFTLTISR	2	sp|A0A0C4DH25|KVD20_HUMAN;sp|P01619|KV320_HUMAN	0.010224949	1.0	0.9236781251068024	1060947.8231618656
SDVMYTDWK	2	sp|P19652|A1AG2_HUMAN	0.010224949	1.0	0.9650525222029227	289684.6103349488
YIC[+57.021465]ENQDSISSK	2	sp|P02768|ALBU_HUMAN	0.010514019	0.9866190731264982	0.9868531581667844	38043.67061332924
SEAYNTFSER	2	sp|P12259|FA5_HUMAN	0.030720338	0.5678582329614409	0.8585173403492543	1401.385934286892
GGSTSYGTGSETESPR	2	sp|P02671|FIBA_HUMAN	0.010514019	0.9797881705057813	0.9270124551225645	17891.23364368458
SYPGLTSYLVR	2	sp|P80188|NGAL_HUMAN	0.010224949	1.0	0.9301787275164415	76454.54296260644
EHVAHLLFLRDTK	2	sp|P19652|A1AG2_HUMAN	0.010224949	1.0	0.9562883721258497	800372.8729798417
RLGMFNIQHC[+57.021465]K	3	sp|P01009|A1AT_HUMAN	0.010514019	0.9797881705057813	0.9428560284591505	890829.7659630558
DM[+15.994915]PASEDLQDLQK	2	sp|P49908|SEPP1_HUMAN	0.010514019	0.9866190731264982	0.8061675346630797	20099.08739704412
EENFYVDETTVVK	2	sp|P08185|CBG_HUMAN	0.010514019	0.9797881705057813	0.9573870353619435	4728469.520143558
SAGSVESPSVSSTHR	2	sp|P17936|IBP3_HUMAN	0.010514019	0.9866190731264982	0.9089702675402237	14290.0106050478
EFTPPVQAAYQK	2	sp|P68871|HBB_HUMAN	0.010224949	1.0	0.9421771512312155	132365.03399615028
EVGTPHGIILDSVDAAFIC[+57.021465]PGSSR	3	sp|P02790|HEMO_HUMAN	0.010224949	1.0	0.9323466282240105	10134339.034310428
VC[+57.021465]PFAGILENGAVR	2	sp|P02749|APOH_HUMAN	0.010224949	1.0	0.9527533438898195	8046588.648200958
AFIQLWAFDAVK	3	sp|P02760|AMBP_HUMAN	0.01523395	0.9366095275687156	0.9823210756052285	58955.250562583504
TLLSNLEEAK	2	sp|P10909|CLUS_HUMAN	0.010224949	1.0	0.9728668803277619	2040116.3537065624
VDGALC[+57.021465]MEK	2	sp|P02790|HEMO_HUMAN	0.010514019	0.9866190731264982	0.9547780633876902	1140678.812961044
ESSSHHPGIAEFPSR	3	sp|P02671|FIBA_HUMAN	0.010224949	1.0	0.9253823391295776	52268.36304725197
FIC[+57.021465]PLTGLWPINTLK	2	sp|P02749|APOH_HUMAN	0.010514019	0.9728591838590949	0.9286224584044888	30585.8572496878
VIEHIMEDLDTNADK	2	sp|P06702|S10A9_HUMAN	0.010514019	0.9728591838590949	0.9341205203219286	31087.686074465862
GYWSDWSEEASGITYEDRPSK	3	sp|P40189|IL6RB_HUMAN	0.010224949	1.0	0.9663481979965374	412137.66436019645
EPQDTYHYLPFSLPHR	3	sp|P10909|CLUS_HUMAN	0.010224949	1.0	0.8767658425775999	134317.45660472076
VVLHPNYHQVDIGLIK	4	sp|P00739|HPTR_HUMAN	0.010514019	0.9797881705057813	0.8933530998072025	106008.76587003536
DLSPDDPQVQK	2	sp|Q15828|CYTM_HUMAN	0.010224949	1.0	0.9752562340912455	113.27162678127814
SVLGQLGITK	2	sp|P01009|A1AT_HUMAN	0.010224949	1.0	0.9743263672364971	10129669.826129237
WKNFPSPVDAAFR	2	sp|P02790|HEMO_HUMAN	0.010514019	0.9866190731264982	0.942580492397685	86826.31710734249
TM[+15.994915]LLQPAGSLGSYSYR	3	sp|P41222|PTGDS_HUMAN	0.010224949	1.0	0.8874840279970739	300824.94418539596
EGIVEYPR	2	sp|Q02985|FHR3_HUMAN;sp|Q92496|FHR4_HUMAN	0.010224949	1.0	0.9711813350971814	98584.52547412709
FLENEDRR	2	sp|P01009|A1AT_HUMAN	0.010224949	1.0	0.9494703202288317	1669940.3477672369
DLEGTYLC[+57.021465]R	2	sp|P05362|ICAM1_HUMAN	0.010514019	0.9933552810135716	0.9560474280893325	1075.932189379103
FIQSQDYQC[+57.021465]SALMGGR	2	sp|P07333|CSF1R_HUMAN	0.010514019	0.9658285256870233	0.8958720740429744	6344.6744357439
MYATIYELK	2	sp|P80188|NGAL_HUMAN	0.010514019	0.9933552810135716	0.8752661149212984	3451.7819236824093
EHVAHLLFLR	3	sp|P19652|A1AG2_HUMAN	0.010224949	1.0	0.9661015083623429	15957146.517566971
YEGGREHVAHLLFLR	4	sp|P19652|A1AG2_HUMAN	0.010514019	0.9797881705057813	0.9414571810293519	466583.83218039875
TEDTIFLR	2	sp|P02763|A1AG1_HUMAN;sp|P19652|A1AG2_HUMAN	0.010514019	0.9866190731264982	0.9442568519470974	90047.96482790263
DFLQSLK	2	sp|P08697|A2AP_HUMAN	0.010224949	1.0	0.894532374098712	190608.39610040069
LC[+57.021465]TPLLPK	2	sp|P27918|PROP_HUMAN	0.010514019	0.9866190731264982	0.9671143850404856	5093.336355222151
YTDLVAIQNK	2	sp|P16109|LYAM3_HUMAN	0.01523395	0.9366095275687156	0.9462056026948511	10449.9919911278
AFSVNIFK	2	sp|P11279|LAMP1_HUMAN	0.01523395	0.9440873193926883	0.8948066020453415	133188.5863140397
EVLLLVHNLPQQLFGYSWYK	3	sp|P13688|CEAM1_HUMAN	0.010224949	1.0	0.9352956301241897	918380.1842607306
TVAAC[+57.021465]NLPIVR	2	sp|P02760|AMBP_HUMAN	0.010514019	0.9933552810135716	0.9426092198584585	165756.02652367868
SKLPGIVAEGRDDLYVSDAFHK	3	sp|P01008|ANT3_HUMAN	0.010224949	1.0	0.9437678212902488	103.64876572236618
IPLNDLFR	2	sp|P13473|LAMP2_HUMAN	0.010514019	0.9866190731264982	0.9762910433966443	14488.311577713463
GKEESLDSDLYAELR	4	sp|P02775|CXCL7_HUMAN	0.017334778	0.897262926642552	0.8066441492518861	5232.702783564141
AVVFLEPQWYSVLEK	3	sp|O75015|FCG3B_HUMAN	0.011547344	0.9658285256870233	0.9582400294374016	19575.88542746449
DSPVLIDFFEDTER	2	sp|P04196|HRG_HUMAN	0.010514019	0.9728591838590949	0.9822099473952816	961612.4632124377
TSESGELHGLTTEEEFVEGIYK	4	sp|P02766|TTHY_HUMAN	0.010224949	1.0	0.8921015793587985	637994.8700983163
QINDYVEK	2	sp|P01009|A1AT_HUMAN	0.010224949	1.0	0.9764476209675295	76714.00562230122
ESSSHHPGIAEFPSR	4	sp|P02671|FIBA_HUMAN	0.010224949	1.0	0.9219494767962543	495604.9229789763
ELDRDTVFALVNYIFFK	3	sp|P01009|A1AT_HUMAN	0.010514019	0.9933552810135716	0.9478679116700022	2680386.955362241
RLWWLDLK	2	sp|P02790|HEMO_HUMAN	0.010514019	0.9933552810135716	0.9624024703136663	31792.223845363726
HSWTIPEDGNSQK	2	sp|Q13201|MMRN1_HUMAN	0.010224949	1.0	0.9598056357206914	198660.53448592406
NPNLPPETVDSLK	2	sp|P05090|APOD_HUMAN	0.010514019	0.9866190731264982	0.9695023645249664	1426220.838712328
ALGISPFHEHAEVVFTANDSGPR	4	sp|P02766|TTHY_HUMAN	0.010224949	1.0	0.9500986572458766	100141353.25877118
WLQDNAENVYVWK	2	sp|P07359|GP1BA_HUMAN	0.010224949	1.0	0.9478589472010756	276411.9920103217
YKEENDDFASFR	2	sp|P04196|HRG_HUMAN	0.010224949	1.0	0.9382891971708153	308006.0157729615
DLATVYVDVLK	3	sp|P02647|APOA1_HUMAN	0.01523395	0.9290085173289965	0.8661343208857264	2202.45497150108
SVNNVVVR	1	sp|O75882|ATRN_HUMAN	0.010514019	0.9728591838590949	0.9357281829356398	2551.3527596835065
DSVGQLQLYR	2	sp|Q99941|ATF6B_HUMAN	0.010514019	0.9933552810135716	0.9768106462671624	11402.486903860528
VAEGTQVLELPFK	2	sp|P01008|ANT3_HUMAN	0.010224949	1.0	0.9607068702299142	9165503.382177467
GIYSFSFHVIK	3	sp|Q9NTU7|CBLN4_HUMAN	0.010224949	1.0	0.8672310202964464	89869.87548810898
GTWTQPFDLASTR	2	sp|P08185|CBG_HUMAN	0.010224949	1.0	0.9642456114279935	12635077.092537394
DKC[+57.021465]EPLEKQHEK	4	sp|P02763|A1AG1_HUMAN;sp|P19652|A1AG2_HUMAN	0.010224949	1.0	0.8965578885698965	123898.63433922756
KVEFVLK	2	sp|O75882|ATRN_HUMAN	0.010514019	0.9728591838590949	0.7179698834118926	4620.823250518006
WQQGNVFSC[+57.021465]SVMHEALHNHYTQK	5	sp|P01857|IGHG1_HUMAN;sp|P01859|IGHG2_HUMAN;sp|P0DOX5|IGG1_HUMAN	0.011547344	0.9658285256870233	0.7688687068097303	7919.705861563993
ALGISPFHEHAEVVFTANDSGPRR	4	sp|P02766|TTHY_HUMAN	0.010514019	0.9866190731264982	0.9486407281771825	28359.032239910382
LLIYGASSR	2	sp|P01619|KV320_HUMAN	0.010224949	1.0	0.8425510607161567	299442.8712730564
FNALQYLR	2	sp|P51884|LUM_HUMAN	0.018299246	0.8630568252698203	0.841311643170104	2944.7809631140453
EEDPIHLR	2	sp|O75015|FCG3B_HUMAN;sp|P08637|FCG3A_HUMAN	0.010224949	1.0	0.9715802411155705	550904.5079626923
SPELQAEAK	1	sp|P02652|APOA2_HUMAN	0.010514019	0.9728591838590949	0.9784758200081015	10019.017295913301
VATTVISK	1	sp|P05155|IC1_HUMAN	0.010224949	1.0	0.7556717542998621	10943.71791875034
EALQGVGDMGR	2	sp|P35542|SAA4_HUMAN	0.010514019	0.9933552810135716	0.9071499376980523	4311.592786861715
LVLLNAIYLSAK	2	sp|P05155|IC1_HUMAN	0.010224949	1.0	0.9704311284593853	174746.24921139804
MNTVIAALSR	2	sp|P08185|CBG_HUMAN	0.010224949	1.0	0.9030187401029119	59586.99919337524
TFVLPVTPPR	2	sp|P32942|ICAM3_HUMAN	0.010514019	0.9933552810135716	0.9530898327865006	6520.290357581202
VTTPDTSTTQHNK	3	sp|Q92954|PRG4_HUMAN	0.010224949	1.0	0.950766371453219	107764.83085971723
NWGLSVYADKPETTK	2	sp|P02763|A1AG1_HUMAN	0.010224949	1.0	0.9539196917557147	10728403.700032042
GSSSSPLGISVR	2	sp|Q9NTU7|CBLN4_HUMAN	0.010224949	1.0	0.973633978517725	217826.80535483352
VWPQQPSGELFEIEIDTLETTC[+57.021465]HVLDPTPVAR	4	sp|P02765|FETUA_HUMAN	0.010224949	1.0	0.9364655771705296	5814063.582024107
GSPAINVAVHVFRK	3	sp|P02766|TTHY_HUMAN	0.010514019	0.9866190731264982	0.9744437298989359	282020.84247988014
VYLKLEK	2	sp|Q9NTU7|CBLN4_HUMAN	0.010514019	0.9797881705057813	0.9132886410511815	4030.400324570853
DGNPFYFTDHR	2	sp|O00533|NCHL1_HUMAN	0.010514019	0.9797881705057813	0.9531553249158877	31824.051178684906
LYHSEAFTVNFGDTEEAKK	4	sp|P01009|A1AT_HUMAN	0.010224949	1.0	0.9544166923456974	331158.0778715312
LVEVNPK	1	sp|Q92954|PRG4_HUMAN	0.010224949	1.0	0.859624343152084	29981.66665589544
DYFMPC[+57.021465]PGR	3	sp|P02790|HEMO_HUMAN	0.018299246	0.8540617215638593	0.8927291035336976	3760.476831768802
AVEPQLQEEER	2	sp|P55058|PLTP_HUMAN	0.010224949	1.0	0.9260756582794784	17945.327949389863
GSPAINVAVHVFR	3	sp|P02766|TTHY_HUMAN	0.010514019	0.9933552810135716	0.9647826368181773	1042798.5146523028
ANRPFLVFIR	2	sp|P01008|ANT3_HUMAN	0.010514019	0.9728591838590949	0.8782750386163624	48006.71950124411
SSGQWQTPGATR	2	sp|P06681|CO2_HUMAN	0.010224949	1.0	0.9354541538096743	10412.265972818208
EAEPLVDIR	2	sp|Q9H8L6|MMRN2_HUMAN	0.010514019	0.9866190731264982	0.9463071293506095	56366.93788800864
EVPLNTIIFMGR	2	sp|P01008|ANT3_HUMAN	0.010514019	0.9797881705057813	0.967830865804103	2399268.9426168054
VVEQMC[+57.021465]ITQYER	2	sp|P04156|PRIO_HUMAN	0.010514019	0.9797881705057813	0.8643231447391118	9997.079402294763
WSAGLTSSQVDLYIPK	2	sp|P08185|CBG_HUMAN	0.010224949	1.0	0.9457457805909466	9653969.526121894
SC[+57.021465]AVAEYGVYVK	2	sp|P00738|HPT_HUMAN;sp|P00739|HPTR_HUMAN	0.010514019	0.9933552810135716	0.9650507060847976	722431.2432976308
IDPSHTQGYR	3	sp|P40189|IL6RB_HUMAN	0.010514019	0.9728591838590949	0.9142301119431678	4495.439492416308
GEVLPLPEANFPSFPLPHHK	3	sp|P04196|HRG_HUMAN	0.010224949	1.0	0.972940731516097	394517.0292794399
VVSTNYNQHAMVFFK	2	sp|P80188|NGAL_HUMAN	0.010224949	1.0	0.8472157772628913	655305.039043996
DGEQIEQEEDDEK	2	sp|P13591|NCAM1_HUMAN	0.010514019	0.9797881705057813	0.9906692792015483	13541.649273912757
GSFPWQAK	2	sp|P00738|HPT_HUMAN;sp|P00739|HPTR_HUMAN	0.010514019	0.9797881705057813	0.8648793694238042	28809.7595836706
ETLLQDFR	2	sp|P02760|AMBP_HUMAN	0.010514019	0.9866190731264982	0.9790193145890146	140486.60773624756
AVMDDFAAFVEK	2	sp|P02768|ALBU_HUMAN	0.010514019	0.9797881705057813	0.9917248978232113	737209.0941206644
VFEVHVRPK	2	sp|P13598|ICAM2_HUMAN	0.010224949	1.0	0.9564420764930702	235976.06282116254
ALMSPAGMLR	2	sp|O75144|ICOSL_HUMAN	0.010514019	0.9866190731264982	0.8590605289531715	48520.221090216124
YVGGQEHFAHLLILRDTK	3	sp|P02763|A1AG1_HUMAN	0.010514019	0.9933552810135716	0.9398207993000148	741808.0522073628
EESLDSDLYAELR	3	sp|P02775|CXCL7_HUMAN	0.010514019	0.9866190731264982	0.793475467225555	886.1129011211312
SNSSMHITDC[+57.021465]R	2	sp|P07998|RNAS1_HUMAN	0.010224949	1.0	0.9440815607735104	20539.81546321047
QQTHMLDVMQDHFSR	4	sp|P10909|CLUS_HUMAN	0.010224949	1.0	0.8946580985828564	24111.71712419783
NIDVFNVEDQK	2	sp|Q8NBJ4|GOLM1_HUMAN	0.010224949	1.0	0.8815912063483764	56401.6702389717
VVAGVANALAHK	2	sp|P02042|HBD_HUMAN;sp|P68871|HBB_HUMAN	0.010224949	1.0	0.9538175156015318	40601.604089763314
QEPSQGTTTFAVTSILR	2	sp|P01876|IGHA1_HUMAN	0.010224949	1.0	0.9522688576614895	8341787.569844477
ISVVIQNILR	2	sp|Q86SQ4|AGRG6_HUMAN	0.010224949	1.0	0.9181765325736988	32446.027704816453
VIQDC[+57.021465]EDENIQR	2	sp|P56199|ITA1_HUMAN	0.010224949	1.0	0.86615205911443	15433.920474656214
DSYETSQLDDQSAETHSHK	3	sp|P10451|OSTP_HUMAN	0.010224949	1.0	0.735587278899201	53844.408201030645
DQYYNIDVPSR	2	sp|Q92954|PRG4_HUMAN	0.010514019	0.9933552810135716	0.9947286344069606	247259.55110683176
ALTFELTLR	2	sp|P07333|CSF1R_HUMAN	0.010224949	1.0	0.9116324742755015	104755.59941008194
SKLPGIVAEGR	2	sp|P01008|ANT3_HUMAN	0.010514019	0.9866190731264982	0.9719808702945139	215292.49320023102
FDPSLTQR	2	sp|P08697|A2AP_HUMAN	0.010224949	1.0	0.7181031727139392	32511.380837528035
VGSPFELVVSGNK	2	sp|Q6YHK3|CD109_HUMAN	0.01523395	0.9212790999005022	0.7795373503865914	14247.568059126292
VKSPELQAEAK	2	sp|P02652|APOA2_HUMAN	0.010514019	0.9933552810135716	0.9451341488775512	39877.90780441631
EYC[+57.021465]GVPGDGDEELLR	2	sp|P02760|AMBP_HUMAN	0.010224949	1.0	0.9395999010960435	6889351.136104821
FGQTPVQER	2	sp|O95497|VNN1_HUMAN	0.010224949	1.0	0.9084978725737648	39454.910342687755
VADALTNAVAHVDDMPNALSALSDLHAHK	4	sp|P69905|HBA_HUMAN	0.010514019	0.9933552810135716	0.9817224251637893	220446.02195482055
QC[+57.021465]VWGHNK	2	sp|Q6UXB8|PI16_HUMAN	0.02561366	1.0	0.9795493562304859	28924.69829418016
EQLTPLIK	2	sp|P02652|APOA2_HUMAN	0.010514019	0.9866190731264982	0.9750607519569052	9035.606062170891
ADLFYDVEALDLESPK	2	sp|P04196|HRG_HUMAN	0.030720338	0.606735609642813	0.8094065966931387	28065.8687967574
IIMLFTDGGEER	2	sp|P54289|CA2D1_HUMAN	0.010224949	1.0	0.8597876613443495	23078.304434415066
LRTEGDGVYTLNNEK	3	sp|P00738|HPT_HUMAN	0.010224949	1.0	0.7181017320848991	72027.75447719863
QQTHMLDVMQDHFSR	3	sp|P10909|CLUS_HUMAN	0.010224949	1.0	0.8884520290219053	12304.225860217068
TYMLAFDVNDEK	2	sp|P02763|A1AG1_HUMAN	0.010514019	0.9866190731264982	0.9580910201707342	27673689.777241338
SVQEIQATFFYFTPNK	3	sp|P02763|A1AG1_HUMAN;sp|P19652|A1AG2_HUMAN	0.010224949	1.0	0.8205065686352925	36142.89819113632
SLTEEAENWGDGEPNNK	2	sp|P14151|LYAM1_HUMAN	0.010224949	1.0	0.9564155877346954	2311604.5969928224
EQLGEFYEALDC[+57.021465]LC[+57.021465]IPR	3	sp|P19652|A1AG2_HUMAN	0.010514019	0.9866190731264982	0.9500681443056536	1902970.499578855
DMPASEDLQDLQK	2	sp|P49908|SEPP1_HUMAN	0.010224949	1.0	0.9551384921561081	7604418.11478027
STSGGTAALGC[+57.021465]LVK	2	sp|P01857|IGHG1_HUMAN;sp|P01860|IGHG3_HUMAN;sp|P0DOX5|IGG1_HUMAN	0.010224949	1.0	0.9593012218621253	57563.44625771179
KPDGYDYYAFSK	3	sp|Q92954|PRG4_HUMAN	0.010224949	1.0	0.8513235562411314	23427.65673906302
GWSEEELQGVLR	2	sp|Q9H4A9|DPEP2_HUMAN	0.01523395	0.9366095275687156	0.7940672083888757	17648.714360934173
KWQEEMELYR	2	sp|P02647|APOA1_HUMAN	0.010514019	0.9933552810135716	0.9746957000506963	38380.040905776914
ALQDQLVLVAAK	2	sp|P01019|ANGT_HUMAN	0.010224949	1.0	0.8792165261019691	7502.259413966925
LEDMEQALSPSVFK	2	sp|P05155|IC1_HUMAN	0.010514019	0.9797881705057813	0.9722289998276314	652082.1375494259
NSGSELQVYYASPR	2	sp|P18850|ATF6A_HUMAN	0.014755959	0.9514467542496609	0.807171373435223	736.0228574500481
ITPNLAEFAFSLYR	3	sp|P01009|A1AT_HUMAN	0.010224949	1.0	0.9104880273512568	250221.73451075473
VWVYPPEK	2	sp|P02790|HEMO_HUMAN	0.020386266	0.9866190731264982	0.9712315698907327	62064.75694102318
RVC[+57.021465]TAELSC[+57.021465]K	2	sp|Q92954|PRG4_HUMAN	0.010514019	0.9728591838590949	0.858414578058231	19197.820350399164
VLHPLEGAVVIIFK	3	sp|Q13740|CD166_HUMAN	0.010514019	0.9866190731264982	0.8129401633385201	34340.58371446164
YFHHNSDFYIPK	3	sp|P08637|FCG3A_HUMAN	0.010514019	0.9797881705057813	0.9345309581701581	4721.146568804912
DDLYVSDAFHK	3	sp|P01008|ANT3_HUMAN	0.010224949	1.0	0.9658134965069906	43289.26993098088
FEHC[+57.021465]NFNDVTTR	2	sp|P13987|CD59_HUMAN	0.01523395	0.9866190731264982	0.9207452218389517	942.5660919485084
NTWSILHTQGALVQGGYGHSSVYDHR	5	sp|O75882|ATRN_HUMAN	0.010514019	0.9728591838590949	0.8292964094290327	9406.017253748363
LVYHLGLPFSFLTFPYVEEAIK	3	sp|P49908|SEPP1_HUMAN	0.010224949	1.0	0.9541835433368143	7816995.458107218
VEEVKPLEGR	3	sp|O00533|NCHL1_HUMAN	0.010224949	1.0	0.8857963857308568	518671.5346356922
SLTEEAENWGDGEPNNKK	3	sp|P14151|LYAM1_HUMAN	0.010514019	0.9933552810135716	0.9679487438807574	176787.7842806314
DFTFDLYR	2	sp|P05154|IPSP_HUMAN	0.010224949	1.0	0.9120113803616604	81564.53690775108
NTLYLQMNSLK	2	sp|A0A0B4J1V0|HV315_HUMAN	0.010224949	1.0	0.8746579331800175	41983.47100967923
SDVMYTDWKKDK	2	sp|P19652|A1AG2_HUMAN	0.010224949	1.0	0.9559307343518768	79650.3418395516
QNQC[+57.021465]FYNSSYLNVQR	3	sp|P19652|A1AG2_HUMAN	0.0125284735	0.9586923939928679	0.873726990486031	7278.0237808057145
VGAHAGEYGAEALER	2	sp|P69905|HBA_HUMAN	0.010514019	0.9866190731264982	0.8437172813656387	10621.227380472516
SLDFTELDVAAEK	2	sp|P01019|ANGT_HUMAN	0.010224949	1.0	0.8595130630894348	58364.993451907925
DTINLLDQR	2	sp|Q8NBJ4|GOLM1_HUMAN	0.010224949	1.0	0.9744911105434505	126354.59498298954
AEIEYLEK	2	sp|P14151|LYAM1_HUMAN	0.010514019	0.9866190731264982	0.8971681634429595	20064.435049373005
AEGAATEEEGTPK	2	sp|P80723|BASP1_HUMAN	0.010224949	1.0	0.9157812682924716	4942.659204881456
YPNC[+57.021465]AYR	1	sp|P07998|RNAS1_HUMAN	0.010514019	0.9797881705057813	0.7259946363352281	1670.2043945250168
DTKTYMLAFDVNDEK	3	sp|P02763|A1AG1_HUMAN	0.02869288	0.6569951299919323	0.7717175148016632	7439.705626911914
YTIAALLSPYSYSTTAVVTNPKE	3	sp|P02766|TTHY_HUMAN	0.010224949	1.0	0.9627705024562859	23012047.402879693
DIPTNSPELEETLTHTITK	3	sp|P01042|KNG1_HUMAN	0.010224949	1.0	0.9638376703678293	4132622.245678653
LMC[+57.021465]AESNR	2	sp|P00746|CFAD_HUMAN	0.010224949	1.0	0.8538034259026767	28637.814133622673
LGQSLDC[+57.021465]NAEVYVVPWEK	3	sp|P01042|KNG1_HUMAN	0.010514019	0.9933552810135716	0.8481442542002239	9075.964578770843
YVGGQEHFAHLLILR	4	sp|P02763|A1AG1_HUMAN	0.010514019	0.9728591838590949	0.9551961665475494	31911761.242817946
WNNYMMDWK	2	sp|P06276|CHLE_HUMAN	0.010224949	1.0	0.90740135217611	17620.261085085975
GEAEYQEIR	2	sp|Q15223|NECT1_HUMAN	0.010224949	1.0	0.9275041666137912	14893.782044247713
VSFLSALEEYTK	2	sp|P02647|APOA1_HUMAN	0.010514019	0.9933552810135716	0.9081611217938351	239463.9190149966
DKC[+57.021465]EPLEK	2	sp|P02763|A1AG1_HUMAN;sp|P19652|A1AG2_HUMAN	0.010514019	0.9866190731264982	0.885097881738926	3766.515932981767
AEDTAVYYC[+57.021465]AK	3	sp|P01764|HV323_HUMAN;sp|P01768|HV330_HUMAN;sp|P0DP03|HVC05_HUMAN	0.030720338	0.9212790999005022	0.7473207206513965	1721.8221647648393
DGWHSWPIAHQWPQGPSAVDAAFSWEEK	4	sp|P02790|HEMO_HUMAN	0.010514019	0.9797881705057813	0.9372836824744715	225746.91869921776
SPSQDEMLPTYLK	2	sp|Q8IZF2|AGRF5_HUMAN	0.010514019	0.9866190731264982	0.9663335715261703	24485.76588205242
SGAEAQTPEDSPNR	2	sp|O43493|TGON2_HUMAN	0.010224949	1.0	0.9578553556080815	150368.7126920188
GVC[+57.021465]EETSGAYEK	2	sp|P02760|AMBP_HUMAN	0.010224949	1.0	0.9106986678973303	60266.607998147665
TIAVLLDDILQR	3	sp|Q96EE4|CC126_HUMAN	0.010514019	0.9933552810135716	0.8380928024525875	4311.19953404309
SDVVYTDWKK	2	sp|P02763|A1AG1_HUMAN	0.010224949	1.0	0.9447882324247803	126352.33179095911
TEDTIFLREYQTR	3	sp|P02763|A1AG1_HUMAN;sp|P19652|A1AG2_HUMAN	0.010224949	1.0	0.9692706904931002	352477.180275661
RHSLEYSLR	3	sp|Q13449|LSAMP_HUMAN	0.010224949	1.0	0.9451356904056619	541817.0911333181
MATLYSR	1	sp|P41222|PTGDS_HUMAN	0.010514019	0.9728591838590949	0.745209215874832	3353.3987807662825
VQALEEANNDLENK	2	sp|P35527|K1C9_HUMAN	0.010224949	1.0	0.8453569162052202	43636.59717270418
C[+57.021465]DDWGLDTMR	2	sp|Q9NPH3|IL1AP_HUMAN	0.010224949	1.0	0.8622381341307777	3385.9630034072134
FLEDVKK	1	sp|P01009|A1AT_HUMAN	0.010224949	1.0	0.9488082925587815	199551.0489347548
NILTSNNIDVK	2	sp|P05090|APOD_HUMAN	0.01523395	0.9212790999005022	0.8746106025315789	113438.34336119366
STC[+57.021465]QSFEPPETPVVK	2	sp|P09603|CSF1_HUMAN	0.010224949	1.0	0.8985071927871285	156688.7857993815
GPGEDFR	2	sp|P41222|PTGDS_HUMAN	0.010514019	0.9728591838590949	0.9403501896325195	4373.551043680996
LFDSDPITVTVPVEVSR	3	sp|P10909|CLUS_HUMAN	0.010224949	1.0	0.928267611466196	59222.82172115949
EPQDTYHYLPFSLPHR	4	sp|P10909|CLUS_HUMAN	0.010224949	1.0	0.9529262681512011	61446.451222376316
RGENLFAITDEGMDVPLAMEEWHHER	4	sp|Q6UXB8|PI16_HUMAN	0.010224949	1.0	0.9414944241618346	153194.51158978176
ELDESLQVAER	2	sp|P10909|CLUS_HUMAN	0.010224949	1.0	0.9486939002583654	337966.082835568
TLLVFEVQQPFLFVLWDQQHKFPVFMGR	4	sp|P05155|IC1_HUMAN	0.010224949	1.0	0.9126635757424836	309717.2621824889
YPVAHFIDQTLK	2	sp|P05155|IC1_HUMAN	0.010224949	1.0	0.9557077477007943	387266.7171233787
FEDGVLDPDYPR	2	sp|P04004|VTNC_HUMAN	0.010514019	0.9866190731264982	0.945664656823811	187647.97499762525
FQPTLLTLPR	2	sp|P05155|IC1_HUMAN	0.010514019	0.9933552810135716	0.9648022284913468	1119478.8510398814
SDVMYTDWKK	2	sp|P19652|A1AG2_HUMAN	0.010224949	1.0	0.9868905172507028	90967.3615650614
FNQPFIIMIFDHFTWSSLFLAR	4	sp|P08185|CBG_HUMAN	0.011547344	0.9658285256870233	0.9892630574261442	23357.155569394265
NLQEILHGAVR	2	sp|P00533|EGFR_HUMAN	0.010224949	1.0	0.9391930886439543	4495.0731975932995
GSESGIFTNTK	2	sp|P02671|FIBA_HUMAN	0.010224949	1.0	0.9701113237279145	549562.1686393601
TPVC[+57.021465]TTGQGSGSTATVFAMAELQK	3	sp|Q9H8L6|MMRN2_HUMAN	0.010514019	0.9797881705057813	0.8320339307431875	20207.008228047092
GKEESLDSDLYAELR	3	sp|P02775|CXCL7_HUMAN	0.017334778	0.897262926642552	0.8310618183199748	14024.967175619433
SDDSVIQLLNPNR	2	sp|Q9BY67|CADM1_HUMAN	0.010514019	0.9866190731264982	0.7328361674120346	82865.83816892773
YGFIEGHVVIPR	2	sp|P16070|CD44_HUMAN	0.010514019	0.9933552810135716	0.9520464661235915	83018.16345272331
VTVLGQPK	2	sp|B9A064|IGLL5_HUMAN;sp|P0DOX8|IGL1_HUMAN	0.010514019	0.9728591838590949	0.9723391376948287	30312.37257386316
DLGEENFK	1	sp|P02768|ALBU_HUMAN	0.010514019	0.9866190731264982	0.9316188254266282	1539.480830196465
GLEEELQFSLGSK	2	sp|P0C0L4|CO4A_HUMAN;sp|P0C0L5|CO4B_HUMAN	0.010224949	1.0	0.990408943955097	260826.07358997854
HRLEDMEQALSPSVFK	3	sp|P05155|IC1_HUMAN	0.010514019	0.9866190731264982	0.865863502838676	6080.492895932184
ELDRDTVFALVNYIFFK	4	sp|P01009|A1AT_HUMAN	0.010514019	0.9933552810135716	0.8909619616677678	6473.4105927548635
TVAAPSVFIFPPSDEQLK	3	sp|P01834|IGKC_HUMAN	0.010224949	1.0	0.9627545766074781	73779.28339166028
TFLTVYWTPER	2	sp|P05362|ICAM1_HUMAN	0.010514019	0.9866190731264982	0.9791107951948198	213172.68655362722
KGPGPGGPGGAGVAR	3	sp|Q92686|NEUG_HUMAN	0.010514019	0.9728591838590949	0.8854271190699489	13115.381294310404
AVGEEVWHSK	3	sp|P13591|NCAM1_HUMAN	0.010224949	1.0	0.9058531196735231	4880.300155679905
EFLEDTC[+57.021465]VQYVQK	2	sp|Q9UNN8|EPCR_HUMAN	0.010224949	1.0	0.8362015818768801	356866.643815925
THLAPYSDELR	2	sp|P02647|APOA1_HUMAN	0.010224949	1.0	0.9353450657939836	1801267.7277216173
RPSEIVIGQC[+57.021465]K	3	sp|P04196|HRG_HUMAN	0.010514019	0.9728591838590949	0.9327228140989332	22268.214857847524
AAC[+57.021465]LLPK	2	sp|P02768|ALBU_HUMAN	0.010224949	1.0	0.9111532781249202	82552.09096927391
TGESAEFVC[+57.021465]K	2	sp|Q03591|FHR1_HUMAN	0.010514019	0.9933552810135716	0.7589315721134581	275.1114785409654
NEVWWTIDGK	2	sp|Q9NPH3|IL1AP_HUMAN	0.010224949	1.0	0.9100781292540391	32049.181126603424
IQSSHNFQLESVNK	2	sp|Q8NBJ4|GOLM1_HUMAN	0.010514019	0.9797881705057813	0.8813967990720442	733.0162090072391
SGAEEQGPIDGPSK	2	sp|O43493|TGON2_HUMAN	0.010514019	0.9933552810135716	0.8096878704039238	8281.198849076252
IENVSYQDK	2	sp|O00533|NCHL1_HUMAN	0.010224949	1.0	0.9195601260089182	76352.44821920388
VQLTGEPVPMAR	2	sp|P15151|PVR_HUMAN	0.010224949	1.0	0.9656423798280791	127416.54950353372
SKLPGIVAEGRDDLYVSDAFHK	5	sp|P01008|ANT3_HUMAN	0.010224949	1.0	0.9119731983425089	73.71355310345481
AATGEC[+57.021465]TATVGK	3	sp|P01042|KNG1_HUMAN	0.02561366	0.7390601692542802	0.8852160370876357	540.0215319544318
HGGLFHENMR	3	sp|Q02985|FHR3_HUMAN	0.010224949	1.0	0.9612805370945997	660542.9467612437
NHNALLASLTTQK	2	sp|O75882|ATRN_HUMAN	0.010514019	0.9933552810135716	0.9559151235529394	9139.941520340257
VLSYVDWIK	2	sp|Q9NZP8|C1RL_HUMAN	0.010514019	0.9933552810135716	0.900521273086228	4398.081639222547
VFSLQWGEVK	2	sp|P05156|CFAI_HUMAN	0.01523395	0.9366095275687156	0.8902879290318388	1180.1206399018408
RNPFVFAPTLLTVAVHFEEVAK	4	sp|P43652|AFAM_HUMAN	0.010224949	1.0	0.7816990795734586	15426.503764664434
IGPDNLPYVQILK	2	sp|P11362|FGFR1_HUMAN	0.010514019	0.9866190731264982	0.9502497472461608	87389.07092586158
SLEDLQLTHNK	3	sp|P51884|LUM_HUMAN	0.010224949	1.0	0.9329488701779556	93471.03978561495
IPTTFENGR	2	sp|P05090|APOD_HUMAN	0.010224949	1.0	0.8672325101957015	15835.72841157723
QLPSFQTFFAPALDVIR	3	sp|Q96AP7|ESAM_HUMAN	0.010224949	1.0	0.9632015848590787	6923.720468941323
AVLDVFEEGTEASAATAVK	2	sp|P01011|AACT_HUMAN	0.010224949	1.0	0.8696353568471158	346999.42163762497
NWGLSFYADKPETTK	2	sp|P19652|A1AG2_HUMAN	0.010514019	0.9728591838590949	0.9450607921406258	28241.427279265514
LRTEGDGVYTLNDKK	2	sp|P00738|HPT_HUMAN;sp|P00739|HPTR_HUMAN	0.018299246	0.8718655118414741	0.8407865961606498	2546.6578491738355
SPELQAEAKSYFEK	2	sp|P02652|APOA2_HUMAN	0.010514019	0.9728591838590949	0.9243135535163401	248943.0442940014
GEC[+57.021465]QAEGVLFFQGDR	2	sp|P02790|HEMO_HUMAN	0.010514019	0.9728591838590949	0.8962225827165001	84279.39863469331
ELELQIGNALFIGK	2	sp|P05543|THBG_HUMAN	0.010514019	0.9866190731264982	0.9691480857431364	6316.987229405713
SLSGTAFGGFLMFK	2	sp|Q9H8L6|MMRN2_HUMAN	0.010224949	1.0	0.9354705238008597	2297821.9790040837
FLENEDR	2	sp|P01009|A1AT_HUMAN	0.010514019	0.9797881705057813	0.9894351508062609	60198.709405327085
GPSVFPLAPC[+57.021465]SR	2	sp|P01859|IGHG2_HUMAN;sp|P01860|IGHG3_HUMAN;sp|P01861|IGHG4_HUMAN	0.010224949	1.0	0.8238691497784366	35863.51567895288
YYC[+57.021465]FQGNQFLR	2	sp|P02790|HEMO_HUMAN	0.010224949	1.0	0.9664238859270133	2288230.152268961
GTQGKIVDLVK	2	sp|P01009|A1AT_HUMAN	0.010224949	1.0	0.9718874298845551	57809.974108898554
DTVFALVNYIFFK	2	sp|P01009|A1AT_HUMAN	0.010224949	1.0	0.8342693106837583	63740.14571416946
HSAQPWADFTLLGAR	2	sp|Q8IYS5|OSCAR_HUMAN	0.010224949	1.0	0.8773003013308017	115532.05806675811
TDASDVKPC[+57.021465]	2	sp|P02749|APOH_HUMAN	0.010514019	0.9866190731264982	0.9585615938019313	7277.612395199652
VTTSQDMLSIMEK	2	sp|P05155|IC1_HUMAN	0.010514019	0.9866190731264982	0.9712155900338212	32194.70318482687
DALSSVQESQVAQQAR	2	sp|P02656|APOC3_HUMAN	0.010514019	0.9728591838590949	0.8967785241791899	50921.44275764763
GSEAINAPGDNPAK	2	sp|Q9NZP8|C1RL_HUMAN	0.010224949	1.0	0.8906008587832379	273.7145028584193
QFTSSTSYNR	2	sp|P02671|FIBA_HUMAN	0.010514019	0.9933552810135716	0.9598097143167232	15316.804699084962
TDTSHHDQDHPTFNK	2	sp|P01009|A1AT_HUMAN	0.031746034	0.4967407757382715	0.8171536425239356	4490.28903754
AGGSWDLAVQER	2	sp|P22792|CPN2_HUMAN	0.010224949	1.0	0.8988560733738675	13507.318360279547
QGHNSVFLIKGDK	3	sp|P02790|HEMO_HUMAN	0.010224949	1.0	0.9009513261309281	92488.87615673392
LALDIEIATYR	2	sp|P05787|K2C8_HUMAN;sp|P08729|K2C7_HUMAN;sp|P14136|GFAP_HUMAN;sp|P19013|K2C4_HUMAN;sp|Q6KB66|K2C80_HUMAN	0.010224949	1.0	0.8370727418157593	3832.009054896359
WQQGNVFSC[+57.021465]SVMHEALHNHYTQK	3	sp|P01857|IGHG1_HUMAN;sp|P01859|IGHG2_HUMAN;sp|P0DOX5|IGG1_HUMAN	0.011547344	0.9658285256870233	0.9523961429916583	120649.83979757699
AGEQDATIHLK	2	sp|P13591|NCAM1_HUMAN	0.010514019	0.9728591838590949	0.8676782634103539	4301.813850846077
YPPTVSMVEGQGEK	3	sp|P27918|PROP_HUMAN	0.010224949	1.0	0.8394515931560236	19771.52416155297
ATLLEEQLPLGK	2	sp|Q9BQ51|PD1L2_HUMAN	0.010224949	1.0	0.8795067548894892	3760.2617992027917
KVPQVSTPTLVEVSR	3	sp|P02768|ALBU_HUMAN	0.010224949	1.0	0.7069523655985176	24528.263429199404
ETC[+57.021465]FAEEGKK	3	sp|P02768|ALBU_HUMAN	0.010514019	0.9933552810135716	0.9277424225732128	19133.59249471591
LVVQSSIDSSAFK	2	sp|P10721|KIT_HUMAN	0.010224949	1.0	0.9933112949893265	95543.37805096866
SYSC[+57.021465]QVTHEGSTVEK	2	sp|B9A064|IGLL5_HUMAN;sp|P0CF74|IGLC6_HUMAN;sp|P0CG04|IGLC1_HUMAN;sp|P0DOX8|IGL1_HUMAN;sp|P0DOY2|IGLC2_HUMAN;sp|P0DOY3|IGLC3_HUMAN	0.010224949	1.0	0.9454022845053225	3659349.723853127
IYMYGGK	1	sp|O75882|ATRN_HUMAN	0.010224949	1.0	0.9028405828643451	42561.516463787346
INHGILYDEEK	2	sp|P36980|FHR2_HUMAN;sp|Q03591|FHR1_HUMAN	0.010224949	1.0	0.8735867725445012	20904.79161500417
FTDSENVC[+57.021465]QER	2	sp|P43652|AFAM_HUMAN	0.010514019	0.9933552810135716	0.875300328407067	13549.266655884863
GFGGLTGQIVAALSTAK	2	sp|Q92954|PRG4_HUMAN	0.010224949	1.0	0.9264784594134517	850372.831853037
NWGLSVYADKPETTK	4	sp|P02763|A1AG1_HUMAN	0.010224949	1.0	0.9593728323299182	1397697.7490059554
SASNMAIVDVK	2	sp|P01023|A2MG_HUMAN	0.010514019	0.9933552810135716	0.8808940955432394	2626.6222346593827
YLLLHPDFLR	2	sp|Q9NSC7|SIA7A_HUMAN	0.010514019	0.9797881705057813	0.8657576790589256	2371.519041960576
LGPLVEQGR	2	sp|P02649|APOE_HUMAN	0.010224949	1.0	0.9370974389692668	19058.480981795983
QLVEIEK	2	sp|P00738|HPT_HUMAN;sp|P00739|HPTR_HUMAN	0.021413276	0.9728591838590949	0.9876110802574602	1693139.3542614963
VWVYPPEKK	2	sp|P02790|HEMO_HUMAN	0.010224949	1.0	0.8949009470849599	56323.40340912636
GGEDAAVQEPR	2	sp|Q9HBR0|S38AA_HUMAN	0.010514019	0.9933552810135716	0.9089366161392403	246.0032625721887
GPALTTPK	1	sp|Q92954|PRG4_HUMAN	0.010514019	0.9728591838590949	0.7613755239634746	1013.370105147894
EWFWDLATGTMK	2	sp|P02790|HEMO_HUMAN	0.010514019	0.9866190731264982	0.9567253380883418	2310419.120397041
REPAVGEPAEVTTTVLVR	3	sp|P05362|ICAM1_HUMAN	0.010224949	1.0	0.9119662822402335	14309.519829924637
LTPTLYVGK	2	sp|O75460|ERN1_HUMAN	0.010514019	0.9866190731264982	0.9207105573550157	32859.12416919448
AQVSPTASDMLHMR	2	sp|Q6UXB8|PI16_HUMAN	0.01523395	0.9134157281067091	0.9549320307411909	11010.331977409773
EMEDTLNHLK	2	sp|P17936|IBP3_HUMAN	0.010224949	1.0	0.934403003287593	166638.32972144254
DYQELMNTK	2	sp|P04264|K2C1_HUMAN	0.01523395	0.9212790999005022	0.8831515184607894	71.14732201387635
KGIYSFSFHVIK	3	sp|Q9NTU7|CBLN4_HUMAN	0.010514019	0.9866190731264982	0.8533094737993098	7956.737992887202
SETEIHQGFQHLHQLFAK	5	sp|P08185|CBG_HUMAN	0.010514019	0.9728591838590949	0.9502859791506749	1463351.0990676754
LMVELHNLYR	2	sp|Q6UXB8|PI16_HUMAN	0.010224949	1.0	0.9348172833355082	21686.32199271795
DLWVNIDQMEK	2	sp|Q6UX71|PXDC2_HUMAN	0.010514019	0.9933552810135716	0.9459977913973028	24240.56256468273
ITC[+57.021465]TEEGWSPTPK	2	sp|Q03591|FHR1_HUMAN;sp|Q9BXR6|FHR5_HUMAN	0.010514019	0.9866190731264982	0.9392186206355092	2446.354563470344
YDVDTQMWTILK	3	sp|O75882|ATRN_HUMAN	0.01523395	0.9134157281067091	0.8263327992298413	16882.786814611005
TGLFQDVGPQR	2	sp|Q86SQ4|AGRG6_HUMAN	0.010224949	1.0	0.9599105179095642	31394.55667758298
VTATGFQQC[+57.021465]SLIDGR	2	sp|Q8NFT8|DNER_HUMAN	0.010224949	1.0	0.8491073295099573	76392.77229043699
SFMLLILER	2	sp|P05543|THBG_HUMAN	0.010514019	0.9933552810135716	0.9852411355788767	11349.513304152795
LLDSLPSDTR	2	sp|P05155|IC1_HUMAN	0.010224949	1.0	0.9561049462898595	4453295.6927906545
TNLESILSYPK	2	sp|P05155|IC1_HUMAN	0.010224949	1.0	0.9841793300840634	154270.75969643917
QSTQTLYVNVAPR	2	sp|P19320|VCAM1_HUMAN	0.018299246	0.8540617215638593	0.8710275204997626	11151.49464589328
YVMLPVADQDQC[+57.021465]IR	3	sp|P00738|HPT_HUMAN	0.010224949	1.0	0.744331373586644	108097.32722115872
ALYVHGGYK	2	sp|O75882|ATRN_HUMAN	0.010224949	1.0	0.9715709167186171	452274.44636724464
RVWELSK	1	sp|P01008|ANT3_HUMAN	0.010514019	0.9797881705057813	0.9643065083574298	4326.036099573011
QPAVEEPAEVTATVLASR	2	sp|P32942|ICAM3_HUMAN	0.011547344	0.9658285256870233	0.8267847468390714	57694.38086269071
DWHGVPGQVDAAMAGR	2	sp|P04004|VTNC_HUMAN	0.010224949	1.0	0.9101777252660425	1109527.7345796586
SYFEKSK	2	sp|P02652|APOA2_HUMAN	0.010514019	0.9797881705057813	0.9413392548953327	5972.454363225417
TMIIYFDQVLVNIGNNFDSER	3	sp|P23435|CBLN1_HUMAN	0.010224949	1.0	0.9350462841302204	608074.2393325894
VGYVSGWGQSDNFK	2	sp|P00739|HPTR_HUMAN	0.010514019	0.9866190731264982	0.955280837904357	689.5781454529402
TEGDGVYTLNDKK	3	sp|P00738|HPT_HUMAN;sp|P00739|HPTR_HUMAN	0.010514019	0.9866190731264982	0.9748941984381637	111120.60627411824
VLAKPTPK	1	sp|Q92954|PRG4_HUMAN	0.017334778	0.897262926642552	0.9342856453239652	9586.296227684632
LLGIETPLPK	2	sp|P05362|ICAM1_HUMAN	0.010224949	1.0	0.8617792204718819	80319.22711814947
GILTVDELLAIR	2	sp|P13473|LAMP2_HUMAN	0.010224949	1.0	0.960377792804601	12285676.894527882
AIGPSQTHTIR	2	sp|Q92954|PRG4_HUMAN	0.010514019	0.9933552810135716	0.9830731069081915	33886.837602324595
RHPDYSVVLLLR	3	sp|P02768|ALBU_HUMAN	0.010224949	1.0	0.8078632730239378	33686.24652342167
ASVTVGGEQISAIGR	2	sp|Q8TEA8|DTD1_HUMAN	0.010514019	0.9866190731264982	0.7166176442912667	7960.323822169894
EPFLSC[+57.021465]C[+57.021465]QFAESLR	2	sp|P0C0L4|CO4A_HUMAN;sp|P0C0L5|CO4B_HUMAN	0.0125284735	0.9586923939928679	0.8998486539081747	27827.659232574984
TSDQIHFFFAK	2	sp|P01008|ANT3_HUMAN	0.010514019	0.9933552810135716	0.9844544421982021	627295.3484391334
GWVTDGFSSLK	2	sp|P02656|APOC3_HUMAN	0.010514019	0.9933552810135716	0.9546867759087418	721237.5809496802
LHMLQISYFR	2	sp|Q9UNN8|EPCR_HUMAN	0.010224949	1.0	0.8488562546303646	73439.45573691654
EPC[+57.021465]VESLVSQYFQTVTDYGK	3	sp|P02652|APOA2_HUMAN	0.010514019	0.9797881705057813	0.9375362205050879	7391942.945942277
YTIAALLSPYSYSTTAVVTNPK	3	sp|P02766|TTHY_HUMAN	0.010514019	0.9797881705057813	0.9601725319048356	166725.32654938678
EHAVEGDC[+57.021465]DFQLLK	2	sp|P02765|FETUA_HUMAN	0.010224949	1.0	0.9783739989260477	1181647.8589663543
TLMFGSYLDDEK	2	sp|P19652|A1AG2_HUMAN	0.010514019	0.9866190731264982	0.9653145455398809	39295939.21972342
FNQPFIIM[+15.994915]IFDHFTWSSLFLAR	3	sp|P08185|CBG_HUMAN	0.011547344	0.9658285256870233	0.9675774381943134	149498.4998049097
RYTIAALLSPYSYSTTAVVTNPK	4	sp|P02766|TTHY_HUMAN	0.010514019	0.9797881705057813	0.810786370981916	15059.533407382489
SPLFMGK	2	sp|P01009|A1AT_HUMAN	0.010514019	0.9728591838590949	0.9255677370892611	14625.695363120545
FNWYVDGVEVHNAK	3	sp|P01857|IGHG1_HUMAN;sp|P0DOX5|IGG1_HUMAN	0.010224949	1.0	0.9789867400776464	460499.59382826637
YVGGQEHFAHLLILRDTK	4	sp|P02763|A1AG1_HUMAN	0.010514019	0.9933552810135716	0.9086977482487266	19055.435523470554
KGEVLPLPEANFPSFPLPHHK	4	sp|P04196|HRG_HUMAN	0.010514019	0.9933552810135716	0.9624372855747356	466055.54945062427
GDSVVYGLR	2	sp|P10451|OSTP_HUMAN	0.010224949	1.0	0.9710018676932826	103716.81531454119
TLILDVPPGVEK	2	sp|P08575|PTPRC_HUMAN	0.02561366	0.7266555365444503	0.8929581758943156	11330.934853756362
DYWSTVK	2	sp|P02656|APOC3_HUMAN	0.011547344	0.9658285256870233	0.9849638066447527	721211.5592110541
KAADDTWEPFASGK	2	sp|P02766|TTHY_HUMAN	0.010224949	1.0	0.933837023892098	583691.781648623
VTSIQDWVQK	2	sp|P00738|HPT_HUMAN	0.010514019	0.9933552810135716	0.9571863409347111	711639.6471887472
LQHLENELTHDIITK	2	sp|P01009|A1AT_HUMAN	0.011547344	0.9658285256870233	0.9310559479959173	358936.57803928404
LILVDYILFK	2	sp|Q9UK55|ZPI_HUMAN	0.01523395	0.9290085173289965	0.8734852474703771	436.6370522778346
GLASANVDFAFSLYK	3	sp|P08185|CBG_HUMAN	0.010514019	0.9797881705057813	0.9097314650981171	21337.750960602654
MSLSSFSVNRPFLFFIFEDTTGLPLFVGSVRNPNPSAPR	5	sp|P08697|A2AP_HUMAN	0.0125284735	0.9586923939928679	0.8734420909246252	31257.901646738257
YTIAALLSPYSYSTTAVVTNPK	4	sp|P02766|TTHY_HUMAN	0.021413276	0.7848914682405913	0.8534293603327219	38653.04521214276
IC[+57.021465]LDLQAPLYK	3	sp|P02776|PLF4_HUMAN	0.010224949	1.0	0.7833510906663204	10594.973633973459
TPSSTGPSPVFDIK	2	sp|Q12913|PTPRJ_HUMAN	0.010224949	1.0	0.9560200987791521	732151.6906215571
AAAATGTIFTFR	2	sp|P05154|IPSP_HUMAN	0.010224949	1.0	0.9564418596006076	21367.363013805414
FDTISEK	2	sp|P01008|ANT3_HUMAN	0.010224949	1.0	0.9631485336707009	595852.9360529224
WKTTFDPKK	2	sp|P05155|IC1_HUMAN	0.010224949	1.0	0.9770144497883	91908.69269897907
YSLTYIYTGLSK	2	sp|P25311|ZA2G_HUMAN	0.010514019	0.9933552810135716	0.9203992425920495	21767.541319902168
EIPVLVTQISSTNHPVK	3	sp|Q6UX71|PXDC2_HUMAN	0.010224949	1.0	0.8033925474643595	1626.5053627996829
QGHNSVFLIK	3	sp|P02790|HEMO_HUMAN	0.010224949	1.0	0.9596173958021225	4316882.419995682
NTWSILHTQGALVQGGYGHSSVYDHR	3	sp|O75882|ATRN_HUMAN	0.010514019	0.9728591838590949	0.8726207991143383	6622.95496108421
IAPQLSTEELVSLGEK	2	sp|P43652|AFAM_HUMAN	0.010514019	0.9728591838590949	0.9339580682748599	77056.74497509192
SDVM[+15.994915]YTDWKK	2	sp|P19652|A1AG2_HUMAN	0.010224949	1.0	0.9875804999297448	17727.873816514584
FSGSILGNK	2	sp|A0A075B6I0|LV861_HUMAN	0.010514019	0.9797881705057813	0.8953351984563375	8174.037772416216
GIQVEIYSFPK	2	sp|P19320|VCAM1_HUMAN	0.010224949	1.0	0.8814254324359897	3918.8147449136686
MEEVEAMLLPETLK	2	sp|P01011|AACT_HUMAN	0.010224949	1.0	0.9626635644139877	4799508.737978992
FTVNNLAEPQK	2	sp|P12259|FA5_HUMAN	0.010224949	1.0	0.900397304779597	14182.494967800436
ALSLAPLAGAGLELQLER	2	sp|Q9ULI3|HEG1_HUMAN	0.022459893	0.7510559064272662	0.813941223962914	19661.546210233188
FRIEDGFSLK	2	sp|P01008|ANT3_HUMAN	0.010224949	1.0	0.9197826148552368	564717.669118604
GDDITMVLILPKPEK	3	sp|P01008|ANT3_HUMAN	0.010224949	1.0	0.9695789240493399	799411.3454749932
GDTFSC[+57.021465]MVGHEALPLAFTQK	3	sp|P01876|IGHA1_HUMAN	0.010224949	1.0	0.9433629340593448	1240873.524054688
VTDPQLVVTLHEK	3	sp|P09619|PGFRB_HUMAN	0.010514019	0.9866190731264982	0.8474573898186019	4923.820824483306
EHVAHLLFLRDTK	4	sp|P19652|A1AG2_HUMAN	0.010224949	1.0	0.9833633598641287	2671999.3052338595
AQWANPFDPSK	2	sp|P05543|THBG_HUMAN	0.010224949	1.0	0.8758923564088745	55213.96080132498
YIFSDDSSQLTIK	2	sp|P13591|NCAM1_HUMAN	0.010224949	1.0	0.8178828536215431	41753.45418286546
FNKPFVFLMIEQNTK	2	sp|P01009|A1AT_HUMAN	0.01523395	0.9290085173289965	0.7715108547343527	27656.621111155022
SDVVYTDWK	2	sp|P02763|A1AG1_HUMAN	0.010224949	1.0	0.9535368763319326	415521.4814640944
GLPNVVTSAISLPNIR	3	sp|Q92954|PRG4_HUMAN	0.010224949	1.0	0.9878620462177438	511303.35141313437
LHIMAGR	2	sp|P02790|HEMO_HUMAN	0.010224949	1.0	0.9306940247955564	36902.43226166319
VGEYSLYIGR	2	sp|P02743|SAMP_HUMAN	0.010224949	1.0	0.8945213561502519	10699.609036696449
VELAPLPSWQPVGK	3	sp|P05362|ICAM1_HUMAN	0.010224949	1.0	0.7416669614165208	38805.91569673568
WVQDYIK	2	sp|Q16627|CCL14_HUMAN	0.010514019	0.9866190731264982	0.9219290327159767	30151.96153402707
EVPLNTIIFM[+15.994915]GR	2	sp|P01008|ANT3_HUMAN	0.010514019	0.9933552810135716	0.9746773778579386	15115.22633616648
GWVDLFVPK	2	sp|P05543|THBG_HUMAN	0.010224949	1.0	0.8860153201182381	50215.59599864762
MATLYSR	2	sp|P41222|PTGDS_HUMAN	0.010514019	0.9728591838590949	0.9738648322317573	14246.74790919893
FLEDVKK	2	sp|P01009|A1AT_HUMAN	0.010224949	1.0	0.967686441783007	1806141.4427159661
YAASSYLSLTPEQWK	2	sp|A0M8Q6|IGLC7_HUMAN;sp|B9A064|IGLL5_HUMAN;sp|P0CF74|IGLC6_HUMAN;sp|P0CG04|IGLC1_HUMAN;sp|P0DOX8|IGL1_HUMAN;sp|P0DOY2|IGLC2_HUMAN;sp|P0DOY3|IGLC3_HUMAN	0.010514019	0.9728591838590949	0.9401845199865957	850300.3810053628
TC[+57.021465]PKPDDLPFSTVVPLK	2	sp|P02749|APOH_HUMAN	0.010224949	1.0	0.9444231623564472	202999.0736986534
LSSWVLLM[+15.994915]K	2	sp|P01009|A1AT_HUMAN	0.010224949	1.0	0.9579424225479363	132086.56306634078
LTSLPLGALR	2	sp|P07359|GP1BA_HUMAN	0.010514019	0.9866190731264982	0.9080522920846787	31572.27718154852
SSEDPNEDIVER	2	sp|P01591|IGJ_HUMAN	0.010514019	0.9933552810135716	0.9841942178992414	15994.423161642626
ELTPEVLQEWLDELEEMMLVVHMPR	4	sp|P01008|ANT3_HUMAN	0.010514019	0.9866190731264982	0.9315389564785758	92732.51049116265
TMLLQPAGSLGSYSYR	3	sp|P41222|PTGDS_HUMAN	0.010514019	0.9728591838590949	0.7513976768212774	9101.894164314206
EFTFTDLVPGR	2	sp|P23467|PTPRB_HUMAN	0.010224949	1.0	0.7038191731105303	2792.216225300238
LLDNWDSVTSTFSK	2	sp|P02647|APOA1_HUMAN	0.010514019	0.9797881705057813	0.9629794228634506	108706.90115318784
AVSISPTNVILTWK	3	sp|Q12913|PTPRJ_HUMAN	0.010514019	0.9866190731264982	0.8139757223181919	837.7992110332207
ANQQLNFTEAK	2	sp|Q9Y5Y7|LYVE1_HUMAN	0.010224949	1.0	0.8308080397926465	7838.354210805286
YVGGQEHFAHLLILR	2	sp|P02763|A1AG1_HUMAN	0.010514019	0.9728591838590949	0.9574087736028276	558654.9211862292
LPGIVAEGR	1	sp|P01008|ANT3_HUMAN	0.010514019	0.9797881705057813	0.893242211174307	3090.861408412015
TFYEPGEEITYSC[+57.021465]KPGYVSR	3	sp|P02749|APOH_HUMAN	0.010224949	1.0	0.8274213639429979	596669.7064967373
VTTSQDM[+15.994915]LSIM[+15.994915]EK	2	sp|P05155|IC1_HUMAN	0.010224949	1.0	0.9395775428453542	20907.329358239076
NKEDC[+57.021465]VEIYIK	3	sp|P14151|LYAM1_HUMAN	0.010514019	0.9866190731264982	0.8638374786049093	6603.930315023508
EHVAHLLFLRDTK	3	sp|P19652|A1AG2_HUMAN	0.010224949	1.0	0.9062710148527873	422358.5302376683
RLGMFNIQHC[+57.021465]K	2	sp|P01009|A1AT_HUMAN	0.010514019	0.9797881705057813	0.955939743390962	371016.0446702514
SSDANLYR	2	sp|P49913|CAMP_HUMAN	0.010514019	0.9797881705057813	0.7428063181742891	2856.445646315711
SAGSVESPSVSSTHR	3	sp|P17936|IBP3_HUMAN	0.010514019	0.9866190731264982	0.94078800084256	33280.70053296344
NSLYLQMNSLR	2	sp|A0A0B4J1V1|HV321_HUMAN;sp|A0A0B4J1X8|HV343_HUMAN;sp|A0A0C4DH32|HV320_HUMAN;sp|P01762|HV311_HUMAN;sp|P01763|HV348_HUMAN;sp|P01766|HV313_HUMAN;sp|P01780|HV307_HUMAN;sp|P01782|HV309_HUMAN;sp|P0DP04|HV43D_HUMAN	0.010224949	1.0	0.897203046359352	44.80046593355722
IPKSDVVYTDWK	2	sp|P02763|A1AG1_HUMAN	0.010224949	1.0	0.9700436155865407	372968.7476184524
KATVVYQGER	2	sp|P02749|APOH_HUMAN	0.010224949	1.0	0.967167164240481	315291.1078057198
QGLLPVLESFK	2	sp|P02647|APOA1_HUMAN	0.010224949	1.0	0.8738550485000127	19611.635307703094
MREWFSETFQK	2	sp|P02654|APOC1_HUMAN	0.010224949	1.0	0.9834942791819986	3455348.972777941
AREDIFMETLK	3	sp|P25311|ZA2G_HUMAN	0.01523395	0.9514467542496609	0.7956017299412482	12364.858810879443
TYFPHFDLSHGSAQVK	4	sp|P69905|HBA_HUMAN	0.010514019	0.9797881705057813	0.9812179067392381	168005.52014995375
GGEGTGYFVDFSVR	2	sp|P04196|HRG_HUMAN	0.010224949	1.0	0.9060582481597457	1629878.335835713
ENDPIQGPDGK	2	sp|Q9NQ38|ISK5_HUMAN	0.010224949	1.0	0.9001916511946092	5672.820895211707
AGALQLLLVGDK	2	sp|P55058|PLTP_HUMAN	0.010514019	0.9933552810135716	0.8523754042329371	12351.7124773117
ESSSHHPGIAEFPSR	2	sp|P02671|FIBA_HUMAN	0.010224949	1.0	0.9403823167124508	166149.93716759374
DTEEEDFHVDQVTTVK	2	sp|P01009|A1AT_HUMAN	0.010224949	1.0	0.9409452860791564	53757081.49980366
ATVVYQGER	2	sp|P02749|APOH_HUMAN	0.010514019	0.9866190731264982	0.963841615009759	316010.9579053458
IDSLLENDR	2	sp|P10909|CLUS_HUMAN	0.010224949	1.0	0.9433513264068578	552574.2421858744
TM[+15.994915]LLQPAGSLGSYSYR	2	sp|P41222|PTGDS_HUMAN	0.010224949	1.0	0.943540390491749	2233337.860381428
DYVSQFEGSALGK	2	sp|P02647|APOA1_HUMAN	0.010514019	0.9933552810135716	0.9692147355908443	112588.57493642649
EGIVEYPR	1	sp|Q02985|FHR3_HUMAN;sp|Q92496|FHR4_HUMAN	0.010224949	1.0	0.7119115069446921	10691.218297596763
EHVAHLLFLR	2	sp|P19652|A1AG2_HUMAN	0.010224949	1.0	0.9443519554242249	4205474.704845889
TVAAC[+57.021465]NLPIVR	3	sp|P02760|AMBP_HUMAN	0.010514019	0.9933552810135716	0.8876495476300976	14024.515708950783
ETYGEMADC[+57.021465]C[+57.021465]AK	2	sp|P02768|ALBU_HUMAN	0.01523395	0.9212790999005022	0.9457378365978482	1235.806336435657
AVVFLEPQWYSVLEK	2	sp|O75015|FCG3B_HUMAN	0.011547344	0.9658285256870233	0.9390124742086919	337607.5535501782
LLIYDNNK	2	sp|P01701|LV151_HUMAN	0.010514019	0.9866190731264982	0.9114193700861893	13140.682632375285
LLIYGASTR	2	sp|A0A075B6H7|KV37_HUMAN;sp|A0A0C4DH55|KVD07_HUMAN;sp|P01624|KV315_HUMAN	0.010514019	0.9866190731264982	0.9095814973348787	41307.93146384516
DFVQPPTK	1	sp|P01042|KNG1_HUMAN	0.010514019	0.9797881705057813	0.9197151168516862	4142.026262892163
DESANQEEPEAR	2	sp|P50552|VASP_HUMAN	0.010514019	0.9933552810135716	0.8867012509900448	2692.1109827495766
FIVLSNNYLQIR	2	sp|P13591|NCAM1_HUMAN	0.010224949	1.0	0.8565650586653157	129353.68262226634
NEC[+57.021465]FLQHK	2	sp|P02768|ALBU_HUMAN	0.010224949	1.0	0.9273677743845936	48327.73765908535
AADDTWEPFASGKTSESGELHGLTTEEEFVEGIYK	4	sp|P02766|TTHY_HUMAN	0.010224949	1.0	0.9127450422156496	12018005.293013612
DKC[+57.021465]EPLEKQHEK	2	sp|P02763|A1AG1_HUMAN;sp|P19652|A1AG2_HUMAN	0.010224949	1.0	0.7478717271676683	18498.61084663609
STAAMSTYTGIFTDQVLSVLK	3	sp|P02655|APOC2_HUMAN	0.01523395	0.9134157281067091	0.908601684022385	78953.70218466691
LWWLDLK	2	sp|P02790|HEMO_HUMAN	0.010224949	1.0	0.9530709636572654	589874.8503456633
SGTASEMGTER	2	sp|Q9ULI3|HEG1_HUMAN	0.010514019	0.9866190731264982	0.9045142086554095	15832.096215797139
AEAESLYQSK	2	sp|P04264|K2C1_HUMAN	0.010514019	0.9866190731264982	0.991566731662648	6996.159083913523
VTISVDTSK	2	sp|A0A0C4DH41|HV461_HUMAN;sp|P01824|HV439_HUMAN;sp|P01825|HV459_HUMAN;sp|P06331|HV434_HUMAN;sp|P0DP06|HVD34_HUMAN;sp|P0DP08|HVD82_HUMAN	0.010514019	0.9866190731264982	0.7287814362596219	417.63156981861357
TLLDIDNTR	2	sp|P35527|K1C9_HUMAN	0.010224949	1.0	0.8344650525226182	15674.144600296582
DIPMNPMC[+57.021465]IYR	2	sp|P01008|ANT3_HUMAN	0.010514019	0.9933552810135716	0.9204141289907137	9170.621490308155
TEGDGVYTLNNEK	2	sp|P00738|HPT_HUMAN	0.010224949	1.0	0.9725522258790544	388035.01200576645
VPTVEPLDSLTLFLFR	2	sp|P13598|ICAM2_HUMAN	0.011547344	0.9658285256870233	0.9574269242053292	816746.1035119658
SVDIWLR	1	sp|P15151|PVR_HUMAN	0.010514019	0.9797881705057813	0.7239904553447344	2278.7465495314823
ENFAGEATLQR	2	sp|P04114|APOB_HUMAN	0.01523395	0.9212790999005022	0.837607654176628	4799.907351024775
AFLEVNEEGSEAAASTAVVIAGR	3	sp|P01008|ANT3_HUMAN	0.010224949	1.0	0.9117466259865734	248988.0228218197
GDKVWVYPPEK	3	sp|P02790|HEMO_HUMAN	0.010224949	1.0	0.7088235925925296	545.879530922643
ASNLIGTYR	2	sp|O75509|TNR21_HUMAN	0.01523395	0.9440873193926883	0.8699017642005135	3651.134945222799
DLDSQTMMVLVNYIFFK	3	sp|P01011|AACT_HUMAN	0.010224949	1.0	0.9394283324712851	688651.9904077051
FLENEDR	1	sp|P01009|A1AT_HUMAN	0.010514019	0.9797881705057813	0.9535907356655751	13160.636846044206
ITLLSALVETR	3	sp|P01011|AACT_HUMAN	0.010224949	1.0	0.7943065111387912	3415.8307742725765
ALGISPFHEHAEVVFTANDSGPR	5	sp|P02766|TTHY_HUMAN	0.010224949	1.0	0.9223805275022336	1735129.6733576325
FDPVRGEVPPR	3	sp|P02790|HEMO_HUMAN	0.010514019	0.9728591838590949	0.95870100588324	799413.674617338
QINSYVK	2	sp|P08185|CBG_HUMAN	0.010224949	1.0	0.7430462400862667	36923.83339206073
MADEAGSEADHEGTHSTK	3	sp|P02671|FIBA_HUMAN	0.010224949	1.0	0.9458627121729178	19818.21568473921
TLLVFEVQQPFLFVLWDQQHK	3	sp|P05155|IC1_HUMAN	0.010514019	0.9728591838590949	0.8602632330660349	13073.83122296969
FLSTLTIDGVTR	2	sp|P35968|VGFR2_HUMAN	0.010224949	1.0	0.8627103866601853	28255.848914031383
ALNSIIDVYHK	3	sp|P05109|S10A8_HUMAN	0.010224949	1.0	0.9434506631548103	15415.623257224092
ALGISPFHEHAEVVFTANDSGPRR	5	sp|P02766|TTHY_HUMAN	0.010514019	0.9866190731264982	0.9108754669750823	92265.83049596462
SLNNQFASFIDK	2	sp|P04264|K2C1_HUMAN	0.010224949	1.0	0.9339708337167124	71918.51031806576
AADDTWEPFASGK	2	sp|P02766|TTHY_HUMAN	0.010514019	0.9933552810135716	0.9507534964524875	303664.72029744537
FSSSSGYGGGSSR	2	sp|P35527|K1C9_HUMAN	0.01523395	0.9212790999005022	0.9070513569847404	4102.125038473961
IYMYGGK	2	sp|O75882|ATRN_HUMAN	0.02869288	1.0	0.9201980136082906	87658.61215180924
EQYAVVGHSAHIVTLK	2	sp|O75882|ATRN_HUMAN	0.010224949	1.0	0.7869995830529444	37750.198746886155
LYLVQGTQVYVFLTK	2	sp|P02790|HEMO_HUMAN	0.010514019	0.9728591838590949	0.7570552754916299	4685.736953195528
EQLTPLIKK	2	sp|P02652|APOA2_HUMAN	0.010224949	1.0	0.9576119318378602	273087.0928480988
VNVDEVGGEALGR	2	sp|P68871|HBB_HUMAN	0.010224949	1.0	0.9514799457167851	18797.257349242038
VTTPDTSTTQHNK	2	sp|Q92954|PRG4_HUMAN	0.010224949	1.0	0.9864463660333915	29418.11422989905
HC[+57.021465]YSIQHC[+57.021465]PLK	3	sp|P27918|PROP_HUMAN	0.010514019	0.9866190731264982	0.7608422751117163	3069.4510171604156
NWGLSVYADKPETTK	3	sp|P02763|A1AG1_HUMAN	0.010224949	1.0	0.9303774509393966	2607882.991616692
GDPLGTEGGLDASNTER	2	sp|Q12913|PTPRJ_HUMAN	0.010514019	0.9728591838590949	0.9621997912528653	191862.06734584205
LLLGSNQNEIVSLK	2	sp|Q86SQ4|AGRG6_HUMAN	0.010224949	1.0	0.9072290242578871	391356.3662600985
LGNQEPGGQTALK	2	sp|P08697|A2AP_HUMAN	0.010224949	1.0	0.9686306576397918	5240.465923790234
GLYDVVSVLR	2	sp|O75144|ICOSL_HUMAN	0.010514019	0.9933552810135716	0.9508175105368252	122869.46754948239
GSPAINVAVHVFRK	2	sp|P02766|TTHY_HUMAN	0.020386266	0.8258516653955662	0.8618657157895149	1448.756703442128
ETPAATEAPSSTPK	2	sp|P80723|BASP1_HUMAN	0.010514019	0.9933552810135716	0.9477651271187725	35112.611778400904
AVLHIGEK	2	sp|P05543|THBG_HUMAN	0.027659575	1.0	0.9439782702700215	278429.73140604247
DGNPFYFTDHR	3	sp|O00533|NCHL1_HUMAN	0.010514019	0.9797881705057813	0.9506564009856314	19826.026232574768
MADEAGSEADHEGTHSTK	4	sp|P02671|FIBA_HUMAN	0.01523395	0.9290085173289965	0.7861575855789453	576.6323802181919
TDTSHHDQDHPTFNK	4	sp|P01009|A1AT_HUMAN	0.010514019	0.9797881705057813	0.967267785569952	11887.201776598582
LYHSEAFTVNFGDTEEAKK	3	sp|P01009|A1AT_HUMAN	0.010224949	1.0	0.8889477469824268	208828.82519210072
IDVHWTR	1	sp|P25311|ZA2G_HUMAN	0.010514019	0.9797881705057813	0.7178000180536018	2206.969326963663
FAGVFHVEK	2	sp|P16070|CD44_HUMAN	0.010224949	1.0	0.9460114901423979	153604.86971992932
GPALTTPK	2	sp|Q92954|PRG4_HUMAN	0.010514019	0.9728591838590949	0.9883183331874685	77768.46027269078
VTMQNLNDR	2	sp|P02533|K1C14_HUMAN;sp|P08779|K1C16_HUMAN;sp|P13645|K1C10_HUMAN;sp|Q7Z3Y7|K1C28_HUMAN;sp|Q7Z3Y8|K1C27_HUMAN;sp|Q7Z3Y9|K1C26_HUMAN;sp|Q7Z3Z0|K1C25_HUMAN	0.010224949	1.0	0.8905739646293407	12384.853902322177
EDMSEPQEK	2	sp|Q14515|SPRL1_HUMAN	0.010224949	1.0	0.9113679121386504	20130.05513854865
DYFMPC[+57.021465]PGR	2	sp|P02790|HEMO_HUMAN	0.010224949	1.0	0.9589572718742567	12009707.027723812
GEIMFQYDK	2	sp|Q8IZP9|AGRG2_HUMAN	0.010514019	0.9933552810135716	0.8736137059439927	3176.148801127518
GPMFELLPGESNK	2	sp|P10124|SRGN_HUMAN	0.010514019	0.9866190731264982	0.9580238527635646	80586.6801208751
ANRPFLVFIR	3	sp|P01008|ANT3_HUMAN	0.010514019	0.9728591838590949	0.9838165880267605	1851995.533303639
VEIDTKSYWK	2	sp|P02766|TTHY_HUMAN	0.010224949	1.0	0.9602642246131495	369539.4725930436
WSAGLTSSQVDLYIPK	3	sp|P08185|CBG_HUMAN	0.027659575	0.686593192055836	0.80486218481578	3876.956173554239
FLASVSTVLTSK	2	sp|P69905|HBA_HUMAN	0.010224949	1.0	0.9556711231623043	129024.00257510354
GLGELQELYLK	2	sp|P07359|GP1BA_HUMAN	0.010224949	1.0	0.9588360813813678	53015.40581044696
LPTDSELAPR	2	sp|P49908|SEPP1_HUMAN	0.010224949	1.0	0.9373107405616067	76000.5962599481
GTHC[+57.021465]NQVEVIATLK	2	sp|P02775|CXCL7_HUMAN	0.010514019	0.9797881705057813	0.9614905638164153	115734.33282466742
SDVVYTDWKKDK	2	sp|P02763|A1AG1_HUMAN	0.010514019	0.9866190731264982	0.8678924531203343	39500.77993918739
AQLLVVGSPGPVPR	2	sp|P32004|L1CAM_HUMAN	0.010514019	0.9933552810135716	0.8172501239160447	10292.602394182555
VVSTNYNQHAMVFFK	3	sp|P80188|NGAL_HUMAN	0.010224949	1.0	0.78972802075915	502060.380899469
AVMDDFAAFVEK	3	sp|P02768|ALBU_HUMAN	0.010514019	0.9797881705057813	0.9150163923740579	16253.733240948002
EESLDSDLYAELR	2	sp|P02775|CXCL7_HUMAN	0.010514019	0.9866190731264982	0.9516070117389351	327437.531844813
QISNLQQSISDAEQR	2	sp|P04264|K2C1_HUMAN	0.010514019	0.9728591838590949	0.9785601794083768	14588.427166113552
MTVTDQVNC[+57.021465]PK	2	sp|P05090|APOD_HUMAN	0.010224949	1.0	0.9826251628232847	34569.257575301956
VVAGVANALAHK	3	sp|P02042|HBD_HUMAN;sp|P68871|HBB_HUMAN	0.010224949	1.0	0.9401185745104943	16382.611406014728
ESLLNHFLYEVAR	2	sp|P43652|AFAM_HUMAN	0.010224949	1.0	0.8108507484441031	71587.69477769764
NFPSPVDAAFR	2	sp|P02790|HEMO_HUMAN	0.010224949	1.0	0.8668363325677051	45955.6031095977
AEDTAVYYC[+57.021465]AR	2	sp|A0A0B4J1V1|HV321_HUMAN;sp|A0A0B4J1X5|HV374_HUMAN;sp|A0A0C4DH42|HV366_HUMAN;sp|A0A0J9YVY3|HV741_HUMAN;sp|P01762|HV311_HUMAN;sp|P01763|HV348_HUMAN;sp|P01767|HV353_HUMAN;sp|P01772|HV333_HUMAN;sp|P01780|HV307_HUMAN;sp|P0DOX2|IGA2_HUMAN;sp|P0DP02|HVC33_HUMAN	0.010224949	1.0	0.7487938687433878	467.50054318990817
AVLTIDEK	2	sp|P01009|A1AT_HUMAN	0.010514019	0.9728591838590949	0.9636664707044523	522853.4539874355
RYTIAALLSPYSYSTTAVVTNPKE	4	sp|P02766|TTHY_HUMAN	0.010224949	1.0	0.9511763467055429	19523869.029242467
TWQDC[+57.021465]EYK	2	sp|P01042|KNG1_HUMAN	0.010514019	0.9933552810135716	0.9720270921422305	22863.32426150891
GFMQTYYDDHLR	3	sp|P55056|APOC4_HUMAN	0.014755959	0.9797881705057813	0.9054014241690149	17700.960913913463
C[+57.021465]TWLIEGQPNR	2	sp|O75882|ATRN_HUMAN	0.010514019	0.9933552810135716	0.9464019605570483	85026.4537134793
VTMTTDTSTSTAYMELR	2	sp|A0A0C4DH31|HV118_HUMAN	0.010224949	1.0	0.8808426368989039	129801.54009402795
STSESTAALGC[+57.021465]LVK	2	sp|P01859|IGHG2_HUMAN;sp|P01861|IGHG4_HUMAN	0.010514019	0.9933552810135716	0.9467426700925445	3336.7733783361323
VADALTNAVAHVDDMPNALSALSDLHAHK	5	sp|P69905|HBA_HUMAN	0.010514019	0.9933552810135716	0.920959842984558	146475.3003910543
SGIIFAGHDK	2	sp|Q13449|LSAMP_HUMAN	0.010514019	0.9866190731264982	0.9085114516524854	31974.877059005215
ADLFYDVEALDLESPK	3	sp|P04196|HRG_HUMAN	0.010224949	1.0	0.8610890290933317	36475.3942008241
SGYFLSISDSK	2	sp|Q86SQ4|AGRG6_HUMAN	0.019375673	0.9290085173289965	0.9037701316704615	14312.85200651727
QPAVEEPAEVTATVLASR	4	sp|P32942|ICAM3_HUMAN	0.0125284735	0.9658285256870233	0.8425332785600493	7339.630475570625
SKEQLTPLIK	3	sp|P02652|APOA2_HUMAN	0.010224949	1.0	0.9702402056636495	60478.00875148461
GDSVVYGLR	1	sp|P10451|OSTP_HUMAN	0.010224949	1.0	0.9384568642685424	69397.32466321044
LRTEGDGVYTLNNEK	2	sp|P00738|HPT_HUMAN	0.010224949	1.0	0.9374769139015339	1948662.157543121
AQSIAYHLK	2	sp|Q14515|SPRL1_HUMAN	0.010224949	1.0	0.9504622117333094	106891.03409257803
SEAAC[+57.021465]LAAGPGIR	2	sp|O75882|ATRN_HUMAN	0.010224949	1.0	0.9758503185368179	86038.9335475741
GPPFSSSQSIPVVPR	2	sp|Q8IZP9|AGRG2_HUMAN	0.010514019	0.9797881705057813	0.9030598987783673	22787.174941867263
SIAGISYGQVR	2	sp|Q9ULI3|HEG1_HUMAN	0.010224949	1.0	0.9136501776554037	23788.533966500796
TVESITDIR	2	sp|P11279|LAMP1_HUMAN	0.010224949	1.0	0.9737618382671092	697851.5571951538
FATTFYQHLADSK	2	sp|P01008|ANT3_HUMAN	0.010514019	0.9866190731264982	0.9527299151210348	395069.85436170205
LYGSEAFATDFQDSAAAK	2	sp|P01011|AACT_HUMAN	0.010224949	1.0	0.8934448491734384	1609688.5062604726
DTATLSWGLPK	2	sp|O00533|NCHL1_HUMAN	0.010514019	0.9933552810135716	0.9055054509142391	60670.084551115746
GTQEQDFYVTSETVVR	2	sp|P05154|IPSP_HUMAN	0.0125284735	0.9658285256870233	0.8760996196465034	4250.888604076728
EQLGEFYEALDC[+57.021465]LR	2	sp|P02763|A1AG1_HUMAN	0.010514019	0.9728591838590949	0.9412519722221356	1111788.6913840594
C[+57.021465]EDLETQTQSEK	2	sp|O00592|PODXL_HUMAN	0.010514019	0.9866190731264982	0.8810849902048015	10862.360674537322
GTTVTVSSASPTSPK	2	sp|P0DOX2|IGA2_HUMAN	0.010514019	0.9866190731264982	0.84316442150874	2904.683162455967
YLDFVFAVK	2	sp|P13473|LAMP2_HUMAN	0.010224949	1.0	0.8726976010960257	69772.63329864945
EDC[+57.021465]VEIYIK	2	sp|P14151|LYAM1_HUMAN	0.010224949	1.0	0.9928146452339812	338117.2003202916
VLDAVRGSPAINVAVHVFR	3	sp|P02766|TTHY_HUMAN	0.010514019	0.9933552810135716	0.9873678455709481	240837.50192944112
EPQVYTLPPSR	3	sp|P01857|IGHG1_HUMAN;sp|P01859|IGHG2_HUMAN;sp|P01860|IGHG3_HUMAN;sp|P0DOX5|IGG1_HUMAN	0.020386266	0.8354707271418766	0.7879750766433335	2060.990583256318
ITPNLAEFAFSLYR	2	sp|P01009|A1AT_HUMAN	0.010224949	1.0	0.9176390243949382	1828592.842207408
MSLSSFSVNRPFLFFIFEDTTGLPLFVGSVRNPNPSAPR	6	sp|P08697|A2AP_HUMAN	0.0125284735	0.9586923939928679	0.716992990120323	4746.248039790524
NSVIKVPMMNSK	3	sp|P05155|IC1_HUMAN	0.010514019	0.9797881705057813	0.9666432678117706	55903.35463388953
ALDLINKR	2	sp|P04196|HRG_HUMAN	0.010514019	0.9797881705057813	0.9782376981747629	96639.06830604693
AIMEKLEMSK	3	sp|P05155|IC1_HUMAN	0.010514019	0.9933552810135716	0.9161616228755446	1397.037117566113
EILSVDC[+57.021465]STNNPSQAK	2	sp|P10909|CLUS_HUMAN	0.010224949	1.0	0.9343036220006585	1708843.725944053
YFHHNSDFHIPK	2	sp|O75015|FCG3B_HUMAN	0.010224949	1.0	0.8911489796656787	109133.5738486993
YFHHNSDFYIPK	2	sp|P08637|FCG3A_HUMAN	0.010514019	0.9797881705057813	0.9556352774353788	70148.93721421712
RVC[+57.021465]TAELSC[+57.021465]K	3	sp|Q92954|PRG4_HUMAN	0.010514019	0.9728591838590949	0.9882053681984477	6404.950145358765
DDLYVSDAFHK	2	sp|P01008|ANT3_HUMAN	0.010224949	1.0	0.9678855693306501	1597194.5452713626
LTQLNLDR	2	sp|P07359|GP1BA_HUMAN	0.010224949	1.0	0.9184698363174529	76629.65792865974
DYFM[+15.994915]PC[+57.021465]PGR	2	sp|P02790|HEMO_HUMAN	0.010224949	1.0	0.9494166917921902	393783.58382058155
DVSSSVYSTWK	2	sp|P10721|KIT_HUMAN	0.010224949	1.0	0.9513208658621671	18261.685008016557
C[+57.021465]SPHLVLSALTSDNHGATYAFSGTHYWR	4	sp|P02790|HEMO_HUMAN	0.010514019	0.9797881705057813	0.8632254896103414	546026.6258345388
LHIMAGR	1	sp|P02790|HEMO_HUMAN	0.010224949	1.0	0.7582080251746902	12556.526312458747
LGMFNIQHC[+57.021465]K	2	sp|P01009|A1AT_HUMAN	0.018299246	0.8718655118414741	0.9436596365737107	24236.878736008155
LVVEWQLQDDK	2	sp|P61916|NPC2_HUMAN	0.01523395	0.9366095275687156	0.718020065167296	3879.282946182352
SGAQATWTELPWPHEK	3	sp|P02790|HEMO_HUMAN	0.010224949	1.0	0.7861014378223912	329800.9862233927
YWNDC[+57.021465]EPPDSR	2	sp|P04196|HRG_HUMAN	0.010224949	1.0	0.9530889118825612	113347.88397401538
GNLMGGWK	2	sp|P23435|CBLN1_HUMAN;sp|Q8IUK8|CBLN2_HUMAN	0.010514019	0.9797881705057813	0.9318032869043569	2211.8327964099312
QNQC[+57.021465]FYNSSYLNVQR	2	sp|P19652|A1AG2_HUMAN	0.010514019	0.9728591838590949	0.7998056172538887	269.0725477406908
ASVDSGSSEEQGGSSR	2	sp|P01833|PIGR_HUMAN	0.010514019	0.9797881705057813	0.7748345880265335	4728.757094241415
VLDAVRGSPAINVAVHVFR	4	sp|P02766|TTHY_HUMAN	0.010514019	0.9933552810135716	0.9403672861419425	266813.6175199521
TLM[+15.994915]FGSYLDDEK	2	sp|P19652|A1AG2_HUMAN	0.010224949	1.0	0.9735813285884585	242585.82427163963
MEPFHFK	2	sp|P05155|IC1_HUMAN	0.010514019	0.9797881705057813	0.9728759136056367	1936975.774046099
FLEQQNQVLQTK	2	sp|P04264|K2C1_HUMAN;sp|P35908|K22E_HUMAN;sp|Q7Z794|K2C1B_HUMAN	0.01523395	0.9134157281067091	0.9601725289261607	10117.741150915377
ALFLETEQLK	2	sp|Q13740|CD166_HUMAN	0.010514019	0.9933552810135716	0.9276798421031108	23593.9593808982
YTIAALLSPYSYSTTAVVTNPKE	4	sp|P02766|TTHY_HUMAN	0.010224949	1.0	0.8352493835368865	396092.9022232295
GGSIQQYIYK	2	sp|Q92954|PRG4_HUMAN	0.010224949	1.0	0.9278238477948885	80017.83317050063
HTFMGVVSLGSPSGEVSHPR	3	sp|P02765|FETUA_HUMAN	0.010514019	0.9933552810135716	0.9223576810395169	770786.9371192398
GEFVWKSHK	2	sp|P02790|HEMO_HUMAN	0.010224949	1.0	0.906597835941205	21462.25586853165
SGFPQVSMFFTHTFPK	3	sp|P04196|HRG_HUMAN	0.010224949	1.0	0.9759989564834408	185297.5020821583
HTLNQIDEVK	3	sp|P02765|FETUA_HUMAN	0.010514019	0.9933552810135716	0.973066286811016	8692.393984513195
LPGIVAEGR	2	sp|P01008|ANT3_HUMAN	0.010514019	0.9797881705057813	0.9489272506072047	21953.17786516107
QVILTLQPTLVAVGK	3	sp|P13598|ICAM2_HUMAN	0.010224949	1.0	0.939157306781436	1009413.6993427617
TVPLAVLQLR	2	sp|P23467|PTPRB_HUMAN	0.010224949	1.0	0.8740770786492364	25279.59992390738
TVGSDTFYSFK	2	sp|P01042|KNG1_HUMAN	0.010224949	1.0	0.9316165935572595	11622.519790641429
LTGSSGFVTDGPGNYK	2	sp|O75882|ATRN_HUMAN	0.010514019	0.9797881705057813	0.9458697075967306	49720.15942821659
GLDTSLGAVQSDTGR	2	sp|Q13477|MADCA_HUMAN	0.010224949	1.0	0.8484952109272605	42817.01154581418
APEQEQAAPGPAAGGEAPK	2	sp|P80723|BASP1_HUMAN	0.010514019	0.9728591838590949	0.9471220713220434	3746.403779296204
DGWHSWPIAHQWPQGPSAVDAAFSWEEK	5	sp|P02790|HEMO_HUMAN	0.01523395	0.9514467542496609	0.9151632787544343	51609.861005237384
ITDVIPSEAINELTVLVLVNTIYFK	4	sp|P01008|ANT3_HUMAN	0.010514019	0.9933552810135716	0.7401602932994751	770.8383214386579
SGAQATWTELPWPHEK	4	sp|P02790|HEMO_HUMAN	0.02972399	0.6569951299919323	0.7442861220009901	5494.369448015091
YFIDFVAR	2	sp|P01042|KNG1_HUMAN	0.010224949	1.0	0.9634459666641476	933114.8714356931
SYYWIGIR	2	sp|P14151|LYAM1_HUMAN	0.010224949	1.0	0.9882669596237726	578330.1150862726
GIYSFNFHVVK	2	sp|P23435|CBLN1_HUMAN	0.010224949	1.0	0.7659988262812941	17156.031201490514
AEELSIQVSC[+57.021465]R	2	sp|Q9Y5Y7|LYVE1_HUMAN	0.010224949	1.0	0.9458776852116693	183599.4843334894
TC[+57.021465]PKPDDLPFSTVVPLK	4	sp|P02749|APOH_HUMAN	0.010224949	1.0	0.9054347974470676	56545.22482557144
YVSELHLTR	2	sp|P10721|KIT_HUMAN	0.010224949	1.0	0.9765730447124944	95905.94136306786
NLHDLDVSDNQLER	2	sp|Q6EMK4|VASN_HUMAN	0.010224949	1.0	0.8595297377698332	43498.89830733187
RGENLFAITDEGMDVPLAMEEWHHER	5	sp|Q6UXB8|PI16_HUMAN	0.010224949	1.0	0.8894356326179398	152906.58700081453
TLLVFEVQQPFLFVLWDQQHKFPVFMGR	5	sp|P05155|IC1_HUMAN	0.010224949	1.0	0.9575228593795105	162042.1137667658
YEGSYALTSEEAER	2	sp|O95810|CAVN2_HUMAN	0.010514019	0.9797881705057813	0.8825318188990362	3532.764692073578
DIAPTLTLYVGK	2	sp|P00738|HPT_HUMAN;sp|P00739|HPTR_HUMAN	0.010224949	1.0	0.9352006501515755	1076426.4964639046
NTLYLQMNSLR	2	sp|A0A0B4J1X5|HV374_HUMAN;sp|A0A0C4DH42|HV366_HUMAN;sp|P01764|HV323_HUMAN;sp|P01767|HV353_HUMAN;sp|P01768|HV330_HUMAN;sp|P01772|HV333_HUMAN;sp|P0DP02|HVC33_HUMAN;sp|P0DP03|HVC05_HUMAN	0.010224949	1.0	0.866888994639427	50236.14268987736
SDVMYTDWKK	3	sp|P19652|A1AG2_HUMAN	0.020386266	0.8448700454299841	0.710079690813668	458.45348640676525
FSGSNSGNTATLTISR	2	sp|A0A075B6K5|LV39_HUMAN;sp|P80748|LV321_HUMAN	0.010514019	0.9797881705057813	0.8959801864197053	14347.9389861408
WQEEMELYR	2	sp|P02647|APOA1_HUMAN	0.010224949	1.0	0.9179429087748958	16133.222170968564
IASFSQNC[+57.021465]DIYPGK	2	sp|P01042|KNG1_HUMAN	0.010514019	0.9797881705057813	0.9183441461883414	966447.5934768933
EENFYVDETTVVK	3	sp|P08185|CBG_HUMAN	0.010514019	0.9797881705057813	0.8840157018778543	42169.075869915476
M[+15.994915]TVTDQVNC[+57.021465]PK	2	sp|P05090|APOD_HUMAN	0.010224949	1.0	0.9876338075118398	34001.55463111609
AFIQLWAFDAVK	2	sp|P02760|AMBP_HUMAN	0.010514019	0.9933552810135716	0.9533861853112885	2537.1623928372865
AFQVQQAVDLR	2	sp|P13497|BMP1_HUMAN	0.010224949	1.0	0.8508945789073764	4414.26648248322
WTFEILDETNENK	2	sp|P10721|KIT_HUMAN	0.010224949	1.0	0.986032755591031	934925.5345459251
HRLEDMEQALSPSVFK	4	sp|P05155|IC1_HUMAN	0.010514019	0.9866190731264982	0.728383822468618	22970.979629340345
FIC[+57.021465]PLTGLWPINTLK	3	sp|P02749|APOH_HUMAN	0.010514019	0.9728591838590949	0.9127320886291177	89392.84226495208
STILYAGNDK	2	sp|Q14982|OPCM_HUMAN;sp|Q9P121|NTRI_HUMAN	0.010224949	1.0	0.8167358689048022	11674.270459517536
AVGEEVWHSK	2	sp|P13591|NCAM1_HUMAN	0.010224949	1.0	0.920936094089353	16587.83642276715
GPLQLER	2	sp|P02750|A2GL_HUMAN	0.010224949	1.0	0.8475084773156177	59305.767004855436
THLAPYSDELR	3	sp|P02647|APOA1_HUMAN	0.010224949	1.0	0.9356953665236009	341993.0024634367
RPSEIVIGQC[+57.021465]K	2	sp|P04196|HRG_HUMAN	0.010514019	0.9728591838590949	0.9600792606613165	81692.68595572864
VDAETGDVFAIER	2	sp|P33151|CADH5_HUMAN	0.01523395	0.9366095275687156	0.8571919926575226	15883.703795536301
SVDIWLR	2	sp|P15151|PVR_HUMAN	0.010514019	0.9797881705057813	0.8881698777595328	21773.48310251106
NIQSLEVIGK	2	sp|P02775|CXCL7_HUMAN	0.010224949	1.0	0.8912702645122421	30128.973867637786
GDDITM[+15.994915]VLILPKPEK	3	sp|P01008|ANT3_HUMAN	0.010514019	0.9933552810135716	0.8832132491215502	948.9690523162379
GFFADYEIPNLQK	2	sp|Q10588|BST1_HUMAN	0.010514019	0.9866190731264982	0.9108032163649648	6161.576643476564
AATGEC[+57.021465]TATVGK	2	sp|P01042|KNG1_HUMAN	0.031746034	0.9933552810135716	0.9751986962277814	27470.866263848977
NHNALLASLTTQK	3	sp|O75882|ATRN_HUMAN	0.010514019	0.9933552810135716	0.9226608381078375	1738.644593747338
SKLPGIVAEGRDDLYVSDAFHK	4	sp|P01008|ANT3_HUMAN	0.010224949	1.0	0.893308008671521	98.08217983040241
VMTPAVYAPYDVK	2	sp|O00533|NCHL1_HUMAN	0.010224949	1.0	0.9561178519720508	190569.2512939863
QINSYVK	1	sp|P08185|CBG_HUMAN	0.010224949	1.0	0.9430981616438605	158393.77664790495
DLMEKVK	2	sp|P02652|APOA2_HUMAN	0.010514019	0.9728591838590949	0.9703553749960283	171554.6847025568
TSESGELHGLTTEEEFVEGIYK	3	sp|P02766|TTHY_HUMAN	0.010224949	1.0	0.9430709858025298	21797065.16189573
AVLDVFEEGTEASAATAVK	3	sp|P01011|AACT_HUMAN	0.010224949	1.0	0.9469584984364771	283597.68329067004
SSSNEEVMFLTVQVK	2	sp|P01023|A2MG_HUMAN	0.010224949	1.0	0.937283115645402	175277.36389573017
HSWTIPEDGNSQK	3	sp|Q13201|MMRN1_HUMAN	0.010224949	1.0	0.9323525866105963	39906.67368658829
NWGLSFYADKPETTK	3	sp|P19652|A1AG2_HUMAN	0.010514019	0.9728591838590949	0.8136108660031597	2207.435021149613
ILGGHLDAK	2	sp|P00738|HPT_HUMAN;sp|P00739|HPTR_HUMAN	0.010514019	0.9797881705057813	0.9870379222652065	120718.95131655641
DLGGFDEDAEPR	2	sp|Q9BRK5|CAB45_HUMAN	0.010224949	1.0	0.9587705991030723	25689.45578799028
ILLDEQAQWK	2	sp|P13598|ICAM2_HUMAN	0.010224949	1.0	0.9722951428866575	9698.631272534425
HIQETEWQSQEGK	2	sp|Q14515|SPRL1_HUMAN	0.010514019	0.9797881705057813	0.9351929472302044	31453.987499335242
GAQTQTEEEMTR	2	sp|Q12841|FSTL1_HUMAN	0.010224949	1.0	0.8585035381492653	11757.146478580822
LLGLSLAGK	2	sp|Q9Y5Y7|LYVE1_HUMAN	0.010224949	1.0	0.9657902865589447	8494974.826600116
MEEVEAMLLPETLKR	3	sp|P01011|AACT_HUMAN	0.010514019	0.9933552810135716	0.8665785218789468	61434.57997247343
DLATVYVDVLK	2	sp|P02647|APOA1_HUMAN	0.010224949	1.0	0.9528263140456572	215606.00943031308
TLMFGSYLDDEKNWGLSFYADKPETTK	4	sp|P19652|A1AG2_HUMAN	0.010224949	1.0	0.9176056391958926	4566552.792425344
SVNNVVVR	2	sp|O75882|ATRN_HUMAN	0.010514019	0.9728591838590949	0.9697435177608958	39878.01132272535
VMPIC[+57.021465]LPSK	2	sp|P00738|HPT_HUMAN;sp|P00739|HPTR_HUMAN	0.010514019	0.9866190731264982	0.9527754508502144	543774.9826946275
GQC[+57.021465]IINSNK	2	sp|P43652|AFAM_HUMAN	0.010224949	1.0	0.8123383695929067	25318.16593890969
AVLHIGEK	1	sp|P05543|THBG_HUMAN	0.010224949	1.0	0.736701716479553	9491.369303993255
VAEGTQVLELPFK	3	sp|P01008|ANT3_HUMAN	0.010224949	1.0	0.8357873949113319	83088.66167996766
GTWTQPFDLASTR	3	sp|P08185|CBG_HUMAN	0.010224949	1.0	0.700418136070982	18458.115593748666
LSFQEFLK	2	sp|Q12841|FSTL1_HUMAN	0.010224949	1.0	0.9732356297968803	357108.51988786843
DEELSC[+57.021465]TVVELK	2	sp|P01011|AACT_HUMAN	0.010514019	0.9933552810135716	0.9273344155695659	6372.99231398482
ETC[+57.021465]FAEEGKK	2	sp|P02768|ALBU_HUMAN	0.010514019	0.9933552810135716	0.9281100385102145	28609.52634178692
SETEIHQGFQHLHQLFAK	3	sp|P08185|CBG_HUMAN	0.010514019	0.9728591838590949	0.9243226017243291	79777.52083252072
AMVGSDVELSC[+57.021465]AC[+57.021465]PEGSR	2	sp|O75144|ICOSL_HUMAN	0.010514019	0.9728591838590949	0.9393001173049147	3406.947025160479
SPELQAEAK	2	sp|P02652|APOA2_HUMAN	0.010514019	0.9728591838590949	0.9511309149429523	2101.0648245466377
EGQMESVEAAMSSK	2	sp|P05543|THBG_HUMAN	0.010514019	0.9866190731264982	0.9774975485693761	294023.4419419009
EQYAVVGHSAHIVTLK	4	sp|O75882|ATRN_HUMAN	0.010224949	1.0	0.9399437684458767	921919.4424523109
ALQATVGNSYK	2	sp|P11279|LAMP1_HUMAN	0.010224949	1.0	0.9155455450479919	134878.45283305942
DLDMFINASK	2	sp|O75882|ATRN_HUMAN	0.010224949	1.0	0.8807819905686144	56654.41791488562
ESLSSYWESAK	2	sp|P02655|APOC2_HUMAN	0.010224949	1.0	0.9789310750662019	382782.6340359973
VWPQQPSGELFEIEIDTLETTC[+57.021465]HVLDPTPVAR	5	sp|P02765|FETUA_HUMAN	0.010224949	1.0	0.8375222525928361	519706.86605614715
YLLLHPDFLR	3	sp|Q9NSC7|SIA7A_HUMAN	0.010514019	0.9797881705057813	0.9047709904900386	5947.75652540649
EAQDTSDGIIQK	2	sp|P18850|ATF6A_HUMAN	0.010224949	1.0	0.9467847622630211	14980.335780460131
TEDSSSFLIDK	2	sp|P05543|THBG_HUMAN	0.010224949	1.0	0.93610592926884	6549.265924713458
TYM[+15.994915]LAFDVNDEK	2	sp|P02763|A1AG1_HUMAN	0.010224949	1.0	0.9385267565340479	32214993.201922864
RDPPQYPVVPVHLDR	4	sp|P10153|RNAS2_HUMAN	0.010514019	0.9797881705057813	0.8509745022678172	15727.89267386574
TLLVFEVQQPFLFVLWDQQHK	4	sp|P05155|IC1_HUMAN	0.010514019	0.9728591838590949	0.7303961601694808	2815.8704405713124
REPAVGEPAEVTTTVLVR	2	sp|P05362|ICAM1_HUMAN	0.010224949	1.0	0.9228696392880178	4870.186505262934
NIFISPVSISMALAMLSLGTC[+57.021465]GHTR	3	sp|P08185|CBG_HUMAN	0.010224949	1.0	0.9501280795591129	22956731.345347967
NDNDNIFLSPLSISTAFAMTK	4	sp|P01008|ANT3_HUMAN	0.010514019	0.9866190731264982	0.7324111239093798	2679.2681050443466
AQVSPTASDMLHMR	3	sp|Q6UXB8|PI16_HUMAN	0.010224949	1.0	0.9016043405069968	486105.6403020561
LSSVTAADTAVYYC[+57.021465]AR	2	sp|A0A075B6R2|HV404_HUMAN;sp|A0A087WSY4|HV432_HUMAN;sp|A0A0C4DH41|HV461_HUMAN;sp|P01824|HV439_HUMAN;sp|P01825|HV459_HUMAN;sp|P06331|HV434_HUMAN;sp|P0DP06|HVD34_HUMAN;sp|P0DP07|HV431_HUMAN;sp|P0DP08|HVD82_HUMAN	0.010224949	1.0	0.9418694740891574	198715.45810011486
DAVEDLESVGK	2	sp|P81605|DCD_HUMAN	0.01523395	0.9366095275687156	0.8128918925470938	8889.004929919065
GSPAINVAVHVFR	2	sp|P02766|TTHY_HUMAN	0.010514019	0.9933552810135716	0.9542914909497346	125962.89265536248
EAASNGVLIQMEK	2	sp|P23435|CBLN1_HUMAN	0.010514019	0.9933552810135716	0.866723281765906	7690.90720319856
EVPLNTIIFMGR	3	sp|P01008|ANT3_HUMAN	0.010514019	0.9797881705057813	0.8714316863966604	26872.04780353197
SETEIHQGFQHLHQLFAK	4	sp|P08185|CBG_HUMAN	0.010514019	0.9728591838590949	0.9419492623073354	85407.07800554391
YDVDTQMWTILK	2	sp|O75882|ATRN_HUMAN	0.010224949	1.0	0.9439900215430765	1387328.8949774697
ENEGFTVTAEGK	2	sp|P01024|CO3_HUMAN	0.010224949	1.0	0.9230938600880996	4843.0084569029395
TGDTIEFMC[+57.021465]K	2	sp|Q02985|FHR3_HUMAN;sp|Q92496|FHR4_HUMAN	0.010514019	0.9933552810135716	0.873027966286613	33242.44239380372
GSFPWQAK	1	sp|P00738|HPT_HUMAN;sp|P00739|HPTR_HUMAN	0.01523395	0.9440873193926883	0.9139078125544672	50274.53126944071
LGNFPWQAFTSIHGR	3	sp|Q9NZP8|C1RL_HUMAN	0.010224949	1.0	0.940505566809276	114377.90395764746
YVMLPVADQDQC[+57.021465]IR	2	sp|P00738|HPT_HUMAN	0.010224949	1.0	0.9575232534923718	5110943.017804229
ESNEELTESC[+57.021465]ETK	2	sp|P01042|KNG1_HUMAN	0.010514019	0.9797881705057813	0.9731047337670519	6955.665108407227
RVWELSK	2	sp|P01008|ANT3_HUMAN	0.010514019	0.9797881705057813	0.9806231124890162	124324.62197865061
QPAVEEPAEVTATVLASR	3	sp|P32942|ICAM3_HUMAN	0.013651877	0.9586923939928679	0.8106406410317653	16068.808509825754
AVVFLEPQWYR	2	sp|P08637|FCG3A_HUMAN	0.010514019	0.9933552810135716	0.9806961697320901	129173.99427005887
HTFM[+15.994915]GVVSLGSPSGEVSHPR	3	sp|P02765|FETUA_HUMAN	0.010514019	0.9933552810135716	0.9104769488234091	13850.596145971524
TEGDGVYTLNDKK	2	sp|P00738|HPT_HUMAN;sp|P00739|HPTR_HUMAN	0.010514019	0.9866190731264982	0.9480143970392606	57482.22288520772
YLTWASR	2	sp|P01876|IGHA1_HUMAN;sp|P01877|IGHA2_HUMAN;sp|P0DOX2|IGA2_HUMAN	0.010514019	0.9797881705057813	0.9083834019110488	8595.345948119013
QEPSQGTTTFAVTSILR	3	sp|P01876|IGHA1_HUMAN	0.010224949	1.0	0.9472940457111094	5018905.209349535
DASGATFTWTPSSGK	2	sp|P01877|IGHA2_HUMAN;sp|P0DOX2|IGA2_HUMAN	0.010224949	1.0	0.9117348702697724	272934.31305322086
VLAKPTPK	2	sp|Q92954|PRG4_HUMAN	0.010224949	1.0	0.9142869463331095	38646.151846275934
LLQDEFPGIPSPLDAAVEC[+57.021465]HR	3	sp|P02790|HEMO_HUMAN	0.010514019	0.9933552810135716	0.9372840576164068	2127039.623999594
NIFISPVSISMALAMLSLGTC[+57.021465]GHTR	4	sp|P08185|CBG_HUMAN	0.010224949	1.0	0.9953712111206391	1060779.2194075147
KYPVAHFIDQTLK	2	sp|P05155|IC1_HUMAN	0.010514019	0.9797881705057813	0.961032596761945	238016.13798412893
VKSPELQAEAK	3	sp|P02652|APOA2_HUMAN	0.010514019	0.9933552810135716	0.9731559046988701	23235.25169564352
LHMLQISYFR	3	sp|Q9UNN8|EPCR_HUMAN	0.010224949	1.0	0.8425011101193316	35046.098252534466
LALDLEIATYR	2	sp|P04264|K2C1_HUMAN	0.01523395	0.9290085173289965	0.8370135199863525	3014.656217878182
GDEC[+57.021465]QLC[+57.021465]EVENR	2	sp|O75882|ATRN_HUMAN	0.0125284735	0.9866190731264982	0.8260340021180151	14821.954048797284
SLTVSLGPVSK	2	sp|Q9ULI3|HEG1_HUMAN	0.010224949	1.0	0.8032747237046127	28889.55370642836
FNQPFIIM[+15.994915]IFDHFTWSSLFLAR	4	sp|P08185|CBG_HUMAN	0.0125284735	0.9658285256870233	0.9517334261108669	12872.939172620107
KGEVLPLPEANFPSFPLPHHK	3	sp|P04196|HRG_HUMAN	0.010514019	0.9933552810135716	0.9125404690005368	48357.34066806252
IADAHLDR	2	sp|P04196|HRG_HUMAN	0.010514019	0.9797881705057813	0.9514999979666662	15411.44452123702
YVGGQEHFAHLLILRDTK	5	sp|P02763|A1AG1_HUMAN	0.010514019	0.9933552810135716	0.9505846674936975	439870.39221421594
GPSVFPLAPSSK	2	sp|P01857|IGHG1_HUMAN;sp|P0DOX5|IGG1_HUMAN	0.010514019	0.9933552810135716	0.9125738607741982	316450.4831905297
AYLEEEC[+57.021465]PATLR	2	sp|P25311|ZA2G_HUMAN	0.010224949	1.0	0.9729597442896977	190247.21576076793
LTQLNLDR	1	sp|P07359|GP1BA_HUMAN	0.010224949	1.0	0.724220909947482	8299.599966510616
QQTHMLDVMQDHFSR	2	sp|P10909|CLUS_HUMAN	0.010224949	1.0	0.7807116509764311	5885.444581181795
YGEGDSLTLQQLK	2	sp|Q15043|S39AE_HUMAN	0.010224949	1.0	0.8396448261635824	30648.039500830186
LLQDEFPGIPSPLDAAVEC[+57.021465]HR	4	sp|P02790|HEMO_HUMAN	0.010514019	0.9933552810135716	0.9291226683853502	49821.6868011442
DYWSTVK	1	sp|P02656|APOC3_HUMAN	0.0125284735	0.9658285256870233	0.9786687778693623	319564.28591576376
RYTIAALLSPYSYSTTAVVTNPKE	3	sp|P02766|TTHY_HUMAN	0.010224949	1.0	0.9533049737377964	51176746.165730976
KPDGYDYYAFSK	2	sp|Q92954|PRG4_HUMAN	0.018299246	1.0	0.9674528294672076	204524.25533886187
YVM[+15.994915]LPVADQDQC[+57.021465]IR	2	sp|P00738|HPT_HUMAN	0.010224949	1.0	0.9746458023090774	265979.04435326846
LQHLENELTHDIITK	3	sp|P01009|A1AT_HUMAN	0.0125284735	0.9658285256870233	0.856148423811287	36396.90533487737
ITGKWFYIASAFR	2	sp|P02763|A1AG1_HUMAN;sp|P19652|A1AG2_HUMAN	0.010514019	0.9797881705057813	0.9015938913257987	107714.93840441135
SFTIEC[+57.021465]R	2	sp|P13598|ICAM2_HUMAN	0.010514019	0.9797881705057813	0.9082519349405906	47855.21094646272
IEDGFSLK	2	sp|P01008|ANT3_HUMAN	0.010514019	0.9797881705057813	0.9243602302403251	45277.0535291516
GLASANVDFAFSLYK	2	sp|P08185|CBG_HUMAN	0.010514019	0.9797881705057813	0.9599330824771101	1725180.6973795071
SAVQGPPER	1	sp|P01876|IGHA1_HUMAN;sp|P01877|IGHA2_HUMAN	0.010514019	0.9797881705057813	0.7362646860712262	1430.6166727326001
NQVSLTC[+57.021465]LVK	2	sp|P01857|IGHG1_HUMAN;sp|P01859|IGHG2_HUMAN;sp|P01860|IGHG3_HUMAN;sp|P01861|IGHG4_HUMAN;sp|P0DOX5|IGG1_HUMAN	0.010514019	0.9933552810135716	0.9718490098398258	20542.05068605908
VAAEDWK	1	sp|P01876|IGHA1_HUMAN;sp|P01877|IGHA2_HUMAN;sp|P0DOX2|IGA2_HUMAN	0.010224949	1.0	0.9794094099429975	89317.85282955893
MEPFHFK	1	sp|P05155|IC1_HUMAN	0.010514019	0.9797881705057813	0.8617848663489881	26266.85330142981
C[+57.021465]INQLLC[+57.021465]K	2	sp|P49908|SEPP1_HUMAN	0.010514019	0.9866190731264982	0.7141167937632674	17806.67818338822
FDTISEK	1	sp|P01008|ANT3_HUMAN	0.010224949	1.0	0.9248449602462592	83677.31222616744
IMGITLVSK	2	sp|Q9Y5Y7|LYVE1_HUMAN	0.010224949	1.0	0.9278367954961044	145056.6738879163
SILFLGK	2	sp|P05543|THBG_HUMAN	0.010514019	0.9728591838590949	0.8826884759903595	23642.801989482297
VLNQELR	1	sp|P05090|APOD_HUMAN	0.027659575	0.686593192055836	0.748694263403594	1080.5275893360172
NTWSILHTQGALVQGGYGHSSVYDHR	4	sp|O75882|ATRN_HUMAN	0.010514019	0.9728591838590949	0.8997141579713822	19713.963780769867
SDVM[+15.994915]YTDWKK	3	sp|P19652|A1AG2_HUMAN	0.010224949	1.0	0.8569156610674307	2136.665461800132
MEEVEAMLLPETLK	3	sp|P01011|AACT_HUMAN	0.010224949	1.0	0.9254085739079305	492202.97810730466
VTDPQLVVTLHEK	2	sp|P09619|PGFRB_HUMAN	0.010514019	0.9866190731264982	0.9538737423245737	6538.850235581678
FLNVLSPR	2	sp|P17936|IBP3_HUMAN	0.010514019	0.9866190731264982	0.964119340684698	17102.84594137987
VELAPLPSWQPVGK	2	sp|P05362|ICAM1_HUMAN	0.010224949	1.0	0.9436681430966082	758501.2973235976
SDVMYTDWKKDK	3	sp|P19652|A1AG2_HUMAN	0.010224949	1.0	0.952540885819702	65347.91034291212
KLVAASQAALGL	2	sp|P02768|ALBU_HUMAN	0.010224949	1.0	0.9585894030599155	366068.8534301182
LSPLGEEMR	2	sp|P02647|APOA1_HUMAN	0.010224949	1.0	0.9832984091216049	1170406.3016937985
ATEHLSTLSEK	2	sp|P02647|APOA1_HUMAN	0.010514019	0.9933552810135716	0.9891824124986355	207002.36189524797
EVGTPHGIILDSVDAAFIC[+57.021465]PGSSR	4	sp|P02790|HEMO_HUMAN	0.010224949	1.0	0.8883361882851623	1907343.3367031827
TGLEAISNHK	2	sp|Q14515|SPRL1_HUMAN	0.010224949	1.0	0.9378074355310289	214253.8693849059
TVVQPSVGAAAGPVVPPC[+57.021465]PGR	3	sp|P02765|FETUA_HUMAN	0.010514019	0.9933552810135716	0.8585416690410745	141440.77838726633
EAATNGVLLYLDK	2	sp|Q9NTU7|CBLN4_HUMAN	0.010514019	0.9933552810135716	0.9548400869138856	13427.756837853221
QEINSHVEMQTK	2	sp|P05543|THBG_HUMAN	0.010514019	0.9866190731264982	0.9411474924100183	216842.5682189258
TC[+57.021465]PKPDDLPFSTVVPLK	3	sp|P02749|APOH_HUMAN	0.010224949	1.0	0.8825741220849685	208795.47847896244
YPNC[+57.021465]AYR	2	sp|P07998|RNAS1_HUMAN	0.010514019	0.9797881705057813	0.984694407421611	77222.5539686541
DTKTYMLAFDVNDEK	2	sp|P02763|A1AG1_HUMAN	0.010224949	1.0	0.9248614594590927	4600095.3050361695
IKVTTSQDMLSIMEK	2	sp|P05155|IC1_HUMAN	0.010224949	1.0	0.9535266936503375	1435874.574734597
YNIAITAVSGGK	2	sp|P23467|PTPRB_HUMAN	0.010514019	0.9933552810135716	0.8725968448052576	10759.83349272234
ELTPEVLQEWLDELEEMMLVVHMPR	5	sp|P01008|ANT3_HUMAN	0.010514019	0.9866190731264982	0.7571682596264441	6746.389011021884
KGDTFSC[+57.021465]MVGHEALPLAFTQK	4	sp|P01876|IGHA1_HUMAN	0.010224949	1.0	0.9007522866851128	158386.14936092403
WFYIASAFR	2	sp|P02763|A1AG1_HUMAN;sp|P19652|A1AG2_HUMAN	0.010514019	0.9933552810135716	0.9527630426612422	38359.222527191705
GGGALLGDR	2	sp|P00736|C1R_HUMAN;sp|Q9NZP8|C1RL_HUMAN	0.010224949	1.0	0.9832214207682966	159209.80748633857
VTTVASHTSDSDVPSGVTEVVVK	3	sp|P10909|CLUS_HUMAN	0.010514019	0.9866190731264982	0.8026451753208623	81355.46870070556
AKPALEDLR	2	sp|P02647|APOA1_HUMAN	0.010224949	1.0	0.9924206947434815	554387.7332843355
LSSWVLLMK	2	sp|P01009|A1AT_HUMAN	0.010224949	1.0	0.9362188951256245	341094.8613264776
NKEDC[+57.021465]VEIYIK	2	sp|P14151|LYAM1_HUMAN	0.010514019	0.9866190731264982	0.9542305847501038	247170.92504046668
LDVPQNLMFGK	2	sp|Q13740|CD166_HUMAN	0.010224949	1.0	0.8994594137804114	40033.064945627055
WFSAGLASNSSWLR	2	sp|P41222|PTGDS_HUMAN	0.010224949	1.0	0.9378534715561053	113156.45643387441
AEDTAVYYC[+57.021465]AK	2	sp|P01764|HV323_HUMAN;sp|P01768|HV330_HUMAN;sp|P0DP03|HVC05_HUMAN	0.01523395	0.9212790999005022	0.9241509361472117	14521.131115658214
NALALFVLPK	2	sp|P05543|THBG_HUMAN	0.010224949	1.0	0.9841260495728384	1764281.4560766998
ELISERWK	2	sp|P02790|HEMO_HUMAN	0.010224949	1.0	0.972549105337694	174330.13089423176
ADLSGITGAR	2	sp|P01011|AACT_HUMAN	0.010224949	1.0	0.8863835320792929	182542.44415723148
KATVVYQGER	3	sp|P02749|APOH_HUMAN	0.010224949	1.0	0.8293888941132753	5973.607211400454
TIAVLLDDILQR	2	sp|Q96EE4|CC126_HUMAN	0.010514019	0.9933552810135716	0.9069604016580609	63809.29817989704
TEDTIFLREYQTR	2	sp|P02763|A1AG1_HUMAN;sp|P19652|A1AG2_HUMAN	0.010224949	1.0	0.8365454466066399	254344.36401267195
SDVVYTDWKK	3	sp|P02763|A1AG1_HUMAN	0.010224949	1.0	0.8247884808682748	2347.622404613062
AREDIFMETLK	2	sp|P25311|ZA2G_HUMAN	0.010514019	0.9797881705057813	0.851737604439754	50114.27609995162
VWFELTQGSITK	2	sp|Q9H8L6|MMRN2_HUMAN	0.010514019	0.9866190731264982	0.9486198247036776	654766.0096972476
EWFSETFQK	2	sp|P02654|APOC1_HUMAN	0.010514019	0.9933552810135716	0.9323474685175359	424062.741685604
KMTVTDQVNC[+57.021465]PK	2	sp|P05090|APOD_HUMAN	0.010514019	0.9866190731264982	0.9747205406572613	312656.4679889153
LFDSDPITVTVPVEVSR	2	sp|P10909|CLUS_HUMAN	0.010224949	1.0	0.8439694574332431	12336.386431394421
EHSSLAFWK	2	sp|P02749|APOH_HUMAN	0.01523395	0.9212790999005022	0.9022167308003457	3164.840194609885
NLMIDIQK	2	sp|Q9BY67|CADM1_HUMAN	0.010224949	1.0	0.9596039328575096	471075.45676573116
DSGSYFC[+57.021465]R	2	sp|O75015|FCG3B_HUMAN;sp|P08637|FCG3A_HUMAN	0.010514019	0.9866190731264982	0.9484953432016117	14685.966911487394
FQPTLLTLPR	3	sp|P05155|IC1_HUMAN	0.01523395	0.9366095275687156	0.7472454056704494	8630.098535770925
FNQPFIIMIFDHFTWSSLFLAR	3	sp|P08185|CBG_HUMAN	0.0125284735	0.9658285256870233	0.9908434712014866	188323.28569831094
YEGGREHVAHLLFLR	2	sp|P19652|A1AG2_HUMAN	0.010514019	0.9797881705057813	0.9912405976881653	20765.89477279294
ENFLFLTPDC[+57.021465]K	2	sp|P01042|KNG1_HUMAN	0.010224949	1.0	0.9599100385692618	912752.1284339442
GDTFYVVSFR	2	sp|P18850|ATF6A_HUMAN	0.010514019	0.9933552810135716	0.821004941239117	16259.314622392518
VLAPWITETHFK	3	sp|P23467|PTPRB_HUMAN	0.010224949	1.0	0.8956404948186005	99257.96362153087
ALGISPFHEHAEVVFTANDSGPR	3	sp|P02766|TTHY_HUMAN	0.010224949	1.0	0.9476197531266708	18114852.47277818
TLYLADTFPTNFR	2	sp|P05154|IPSP_HUMAN	0.010514019	0.9797881705057813	0.9449442127913984	43890.15327075904
ITDVIPSEAINELTVLVLVNTIYFK	3	sp|P01008|ANT3_HUMAN	0.010514019	0.9933552810135716	0.843896335677197	808.3873135288695
ASSLESGVPSR	2	sp|P01602|KV105_HUMAN;sp|P0DOX7|IGK_HUMAN	0.010224949	1.0	0.9330040804920584	7733.048213200511
GKEESLDSDLYAELR	2	sp|P02775|CXCL7_HUMAN	0.010224949	1.0	0.9069919981324162	902235.1341961948
LSITGTYDLK	2	sp|P01009|A1AT_HUMAN	0.010224949	1.0	0.9491071020691578	275047.0108510521
DSYVGDEAQSK	2	sp|P60709|ACTB_HUMAN;sp|P62736|ACTA_HUMAN;sp|P63261|ACTG_HUMAN;sp|P63267|ACTH_HUMAN;sp|P68032|ACTC_HUMAN;sp|P68133|ACTS_HUMAN	0.010514019	0.9933552810135716	0.9039466941327423	4815.4373658238665
MYLGYEYVTAIR	2	sp|P02787|TRFE_HUMAN	0.010224949	1.0	0.8264380859742427	49554.134025053965
DFTC[+57.021465]VHQALK	2	sp|P05155|IC1_HUMAN	0.02459893	1.0	0.9294173199583117	44897.174817565996
DFVQPPTK	2	sp|P01042|KNG1_HUMAN	0.010514019	0.9797881705057813	0.9876412040271899	72504.07190420227
DLMEKVK	1	sp|P02652|APOA2_HUMAN	0.010514019	0.9728591838590949	0.7389015329271548	4577.70915343385
YGFIEGHVVIPR	3	sp|P16070|CD44_HUMAN	0.010514019	0.9933552810135716	0.9769640774837367	270639.20226369833
VTVLGQPK	1	sp|B9A064|IGLL5_HUMAN;sp|P0DOX8|IGL1_HUMAN	0.01523395	0.9514467542496609	0.7425366404324448	1401.7440529630878
HITSLEVIK	2	sp|P02776|PLF4_HUMAN;sp|P10720|PF4V_HUMAN	0.010224949	1.0	0.9775898883723166	985473.3418704073
YLTLNTESTR	2	sp|P06276|CHLE_HUMAN	0.010514019	0.9933552810135716	0.9436143721343891	11582.267656072338
DLGEENFK	2	sp|P02768|ALBU_HUMAN	0.010514019	0.9866190731264982	0.9947496952770434	3060.8988521550195
TAAQNLYEK	2	sp|P02655|APOC2_HUMAN	0.010224949	1.0	0.9755650047255735	853643.6498136232
ETSLTVNK	2	sp|Q92954|PRG4_HUMAN	0.010514019	0.9797881705057813	0.964642130398838	2629.8455874453343
HRLEDMEQALSPSVFK	2	sp|P05155|IC1_HUMAN	0.010514019	0.9866190731264982	0.7280696256917557	1711.587325550209
ALGISPFHEHAEVVFTANDSGPRR	3	sp|P02766|TTHY_HUMAN	0.010514019	0.9866190731264982	0.8333591396225863	21800.317440937535
