peptide	charge	proteins	q_value	score	spectral_angle	20241028_OA2_Evo08_ViAl_SA_FAIMS40_IO26_A556_MOMI_APEM_P185_F12_R01.mzML
MTVSTLVLGEGATEAEISMTSTR	3	sp|P02760|AMBP_HUMAN	0.0026041667	1.0	0.9636493258863154	536028.7837101065
LQQDVLQFQK	2	sp|Q8NBJ4|GOLM1_HUMAN	0.0026041667	1.0	0.962136321612383	8134.7735236374265
TEGDGVYTLNNEK	3	sp|P00738|HPT_HUMAN	0.0026041667	1.0	0.7830212447639988	5066.20452004131
VPTVEPLDSLTLFLFR	3	sp|P13598|ICAM2_HUMAN	0.006105006	0.9658285256870233	0.9443897775847003	211993.275473454
VTIGLLFWDGR	2	sp|Q14624|ITIH4_HUMAN	0.0026041667	1.0	0.839684180200603	7245.8742696243235
ILGGHLDAK	1	sp|P00738|HPT_HUMAN;sp|P00739|HPTR_HUMAN	0.006105006	0.9797881705057813	0.7240315350327953	2617.284316059661
LGFTDLFSK	2	sp|P29622|KAIN_HUMAN	0.0026041667	1.0	0.8810927270272537	120395.26209960415
MNFRPGVLSSR	2	sp|Q14624|ITIH4_HUMAN	0.006105006	0.9728591838590949	0.9878391541183318	164417.42314973168
DTKTLMFGSYLDDEK	2	sp|P19652|A1AG2_HUMAN	0.0026041667	1.0	0.7786943377100867	537405.1914789793
SSNTYTLTDVR	2	sp|Q13740|CD166_HUMAN	0.0026041667	1.0	0.9356282408613505	10918.888364954193
TSLTVVLLR	2	sp|P32942|ICAM3_HUMAN	0.0026041667	1.0	0.9172807479981914	252430.00485780038
ITLLSALVETR	2	sp|P01011|AACT_HUMAN	0.0026041667	1.0	0.96294337631507	53691.18275268285
DEGTAFLVYGAPGFSK	2	sp|P06276|CHLE_HUMAN	0.0026041667	1.0	0.9723626458175118	460140.44205666234
FPVFMGR	2	sp|P05155|IC1_HUMAN	0.0026041667	1.0	0.9123455220148173	1253746.3451827348
C[+57.021465]AGQQQDIR	2	sp|P27918|PROP_HUMAN	0.0026041667	1.0	0.9705398728714765	28910.62598872839
FDPVRGEVPPR	2	sp|P02790|HEMO_HUMAN	0.006105006	0.9728591838590949	0.9516152350687975	1585590.4916629714
VQLTGEPVPMAR	3	sp|P15151|PVR_HUMAN	0.0026041667	1.0	0.7761142041158791	1849.5735905820611
SKLPGIVAEGRDDLYVSDAFHK	6	sp|P01008|ANT3_HUMAN	0.01934016	0.8354707271418766	0.7093072152728865	3942.4083562450587
HGGLFHENMR	2	sp|Q02985|FHR3_HUMAN	0.0026041667	1.0	0.9096719935718282	25420.620491162153
GFSSGSAVVSGGSR	2	sp|P35908|K22E_HUMAN	0.0026041667	1.0	0.9332662709181931	4424.387604731652
MADEAGSEADHEGTHSTK	2	sp|P02671|FIBA_HUMAN	0.009334889	0.9290085173289965	0.8714291115471376	540.8188782484682
QIQVFEDEPAR	2	sp|Q9NPH3|IL1AP_HUMAN	0.0026041667	1.0	0.9258032174867623	88317.18360452478
EETNEIQVVNEEPQR	2	sp|Q8NBJ4|GOLM1_HUMAN	0.0026041667	1.0	0.803125997577838	293912.23810885276
IGPDNLPYVQILK	3	sp|P11362|FGFR1_HUMAN	0.0071599046	0.9440873193926883	0.8277597912927868	3899.2905371474135
QVGSGVTTDQVQAEAK	2	sp|P01871|IGHM_HUMAN;sp|P0DOX6|IGM_HUMAN	0.0026041667	1.0	0.8673620013752823	74910.30182804565
GVLHNEVK	2	sp|Q92954|PRG4_HUMAN	0.006105006	0.9797881705057813	0.9548023919336777	12317.503626843438
YVYIAELLAHK	3	sp|P27169|PON1_HUMAN	0.006105006	0.9797881705057813	0.8129893964483249	2710.641753368436
LDELRDEGK	2	sp|P02768|ALBU_HUMAN	0.0026041667	1.0	0.9723308443611631	480831.73077881744
AADDTWEPFASGK	3	sp|P02766|TTHY_HUMAN	0.0042462847	0.9933552810135716	0.8142425800937781	9760.98960003568
TFTC[+57.021465]TAAYPESK	2	sp|P01876|IGHA1_HUMAN	0.0042462847	0.9933552810135716	0.9574004141833539	145282.4718696506
EFGNTLEDK	2	sp|P02654|APOC1_HUMAN	0.006105006	0.9866190731264982	0.9508691747068373	207592.55375789056
SISTAYLQWSSLK	2	sp|A0A0C4DH38|HV551_HUMAN;sp|A0A0J9YXX1|HV5X1_HUMAN	0.006105006	0.9866190731264982	0.8280272210479606	17268.10646797459
LYLVQGTQVYVFLTK	3	sp|P02790|HEMO_HUMAN	0.006105006	0.9658285256870233	0.9537242932521697	29449.67012098054
C[+57.021465]PNPPVQENFDVNK	2	sp|P05090|APOD_HUMAN	0.0026041667	1.0	0.9201333397104813	1382619.2629510637
GPLDQLEK	2	sp|P05546|HEP2_HUMAN	0.006105006	0.9797881705057813	0.7781901395419827	5464.373014794358
FYYLIASETPGK	2	sp|P29622|KAIN_HUMAN	0.0042462847	0.9933552810135716	0.9604861498196196	11723.688246310216
EGDC[+57.021465]PVQSGK	2	sp|P01042|KNG1_HUMAN	0.0026041667	1.0	0.9716242285170021	31595.236445577062
GEC[+57.021465]QAEGVLFFQGDR	3	sp|P02790|HEMO_HUMAN	0.006105006	0.9728591838590949	0.8330687320030018	16044.89363947107
SSSQELGLK	2	sp|Q14515|SPRL1_HUMAN	0.006105006	0.9797881705057813	0.9566200139879809	39397.569122758425
EQLQDMGLVDLFSPEK	3	sp|P01008|ANT3_HUMAN	0.0026041667	1.0	0.9251707513307111	89393.65552663164
VGSALFLSHNLK	3	sp|P29622|KAIN_HUMAN	0.0071599046	0.9514467542496609	0.8867217331961014	11841.438308450031
AVM[+15.994915]DDFAAFVEK	2	sp|P02768|ALBU_HUMAN	0.0042462847	1.0	0.8570780706374393	46256.70213809887
YYC[+57.021465]FQGNQFLR	3	sp|P02790|HEMO_HUMAN	0.011587486	0.9134157281067091	0.8368077095989074	10634.422071783265
DTVFALVNYIFFK	3	sp|P01009|A1AT_HUMAN	0.0026041667	1.0	0.9693630392893129	215245.1848803333
HSAQPWADFTLLGAR	3	sp|Q8IYS5|OSCAR_HUMAN	0.0026041667	1.0	0.8259356152901469	17358.59363095858
LGNQEPGGQTALK	3	sp|P08697|A2AP_HUMAN	0.0042462847	0.9933552810135716	0.8689775954133386	5842.263646530899
ASYLDC[+57.021465]IR	2	sp|P02787|TRFE_HUMAN	0.006105006	0.9866190731264982	0.8931859369938278	19769.153181597474
DALSSVQESQVAQQAR	3	sp|P02656|APOC3_HUMAN	0.006105006	0.9728591838590949	0.9472993218565892	20189.851798475902
GTYSTTVTGR	2	sp|P08519|APOA_HUMAN	0.006105006	0.9866190731264982	0.9878824826796289	74206.26590913095
TDTSHHDQDHPTFNK	3	sp|P01009|A1AT_HUMAN	0.0026041667	1.0	0.9483480925215824	192740.12118628196
EIGELYLPK	2	sp|P01011|AACT_HUMAN	0.0026041667	1.0	0.9639300155176692	879832.8918164052
AGEQDATIHLK	3	sp|P13591|NCAM1_HUMAN	0.006105006	0.9728591838590949	0.937472603124107	5464.434299726629
YPPTVSMVEGQGEK	2	sp|P27918|PROP_HUMAN	0.0026041667	1.0	0.9334760847613371	260749.22967771604
VEIDTKSYWK	3	sp|P02766|TTHY_HUMAN	0.009334889	0.9290085173289965	0.9095769718512727	4147.825859900661
IMQSSQSMSK	2	sp|O75882|ATRN_HUMAN	0.006105006	0.9866190731264982	0.9617179569626361	93087.18002546238
KVPQVSTPTLVEVSR	2	sp|P02768|ALBU_HUMAN	0.0026041667	1.0	0.9474653683858446	1515684.0539150175
LIC[+57.021465]QATGFSPR	2	sp|P01871|IGHM_HUMAN;sp|P0DOX6|IGM_HUMAN	0.0026041667	1.0	0.9323712310421579	1416.1383675433271
SYSC[+57.021465]QVTHEGSTVEK	3	sp|B9A064|IGLL5_HUMAN;sp|P0CF74|IGLC6_HUMAN;sp|P0CG04|IGLC1_HUMAN;sp|P0DOX8|IGL1_HUMAN;sp|P0DOY2|IGLC2_HUMAN;sp|P0DOY3|IGLC3_HUMAN	0.0026041667	1.0	0.9349758307194168	280006.1204482612
NWGLSFYADKPETTK	4	sp|P19652|A1AG2_HUMAN	0.006105006	0.9728591838590949	0.9094750868907873	57157.876251322494
LRTEGDGVYTLNDKK	4	sp|P00738|HPT_HUMAN;sp|P00739|HPTR_HUMAN	0.0026041667	1.0	0.9809310952960432	687754.636836824
VTEPISAESGEQVER	2	sp|O14791|APOL1_HUMAN	0.0071599046	0.9514467542496609	0.9820506093321159	31838.221610665667
GTHC[+57.021465]NQVEVIATLK	3	sp|P02775|CXCL7_HUMAN	0.006105006	0.9797881705057813	0.8787196159265046	90078.88711573946
VLSALQAVQGLLVAQGR	3	sp|P01019|ANGT_HUMAN	0.0026041667	1.0	0.9507218270628647	148051.11607882168
VDGALC[+57.021465]M[+15.994915]EK	2	sp|P02790|HEMO_HUMAN	0.0026041667	1.0	0.9048345399233374	109388.59666247193
FSISATYDLGATLLK	3	sp|P05543|THBG_HUMAN	0.0026041667	1.0	0.8388538260691608	208596.2260620468
GFGGLTGQIVAALSTAK	3	sp|Q92954|PRG4_HUMAN	0.0026041667	1.0	0.7582024153414738	85748.72659721336
GGYTLVSGYPK	2	sp|P02790|HEMO_HUMAN	0.0026041667	1.0	0.9754299388149781	346990.9017468414
ASFHIPQVQVR	3	sp|Q9BQ51|PD1L2_HUMAN	0.0026041667	1.0	0.8898648056441401	77869.63712380492
LLIYDASNR	2	sp|A0A0A0MRZ8|KVD11_HUMAN;sp|P04433|KV311_HUMAN	0.0026041667	1.0	0.9153262841236163	90526.66250901707
WELLQQVDTSTR	2	sp|P04264|K2C1_HUMAN	0.0026041667	1.0	0.9777606773748795	1055934.9068870447
LRTEGDGVYTLNNEK	4	sp|P00738|HPT_HUMAN	0.0026041667	1.0	0.8173498854564425	121144.96813487573
QLVEIEK	1	sp|P00738|HPT_HUMAN;sp|P00739|HPTR_HUMAN	0.006105006	0.9728591838590949	0.9285195650059086	11452.0432591135
TYLPAVDEK	2	sp|P02655|APOC2_HUMAN	0.0026041667	1.0	0.9651908396788828	1614499.5475246129
HSTIFENLANK	2	sp|P02787|TRFE_HUMAN	0.0026041667	1.0	0.9388326077945208	26787.21934384999
ADGESC[+57.021465]SASMMYQEGK	2	sp|P01008|ANT3_HUMAN	0.0026041667	1.0	0.9722507179676396	714820.1578126093
DSGPYSC[+57.021465]SVNVQDK	2	sp|Q96AP7|ESAM_HUMAN	0.0071599046	0.9440873193926883	0.7527065927911658	5370.0562325524525
VITEPIPVSDLR	2	sp|Q12913|PTPRJ_HUMAN	0.0026041667	1.0	0.971036583069992	24648.55782171629
REPAVGEPAEVTTTVLVR	4	sp|P05362|ICAM1_HUMAN	0.0026041667	1.0	0.7644333119385879	3510.4840641779565
ESLLNHFLYEVAR	3	sp|P43652|AFAM_HUMAN	0.0026041667	1.0	0.9759887986648769	283346.289229442
AEDTAVYYC[+57.021465]AR	3	sp|A0A0B4J1V1|HV321_HUMAN;sp|A0A0B4J1X5|HV374_HUMAN;sp|A0A0C4DH42|HV366_HUMAN;sp|A0A0J9YVY3|HV741_HUMAN;sp|P01762|HV311_HUMAN;sp|P01763|HV348_HUMAN;sp|P01767|HV353_HUMAN;sp|P01772|HV333_HUMAN;sp|P01780|HV307_HUMAN;sp|P0DOX2|IGA2_HUMAN;sp|P0DP02|HVC33_HUMAN	0.0026041667	1.0	0.8093045846720857	626.5748892433994
EMEDTLNHLK	3	sp|P17936|IBP3_HUMAN	0.0026041667	1.0	0.9694230247508018	139532.14530279202
AVLTIDEK	1	sp|P01009|A1AT_HUMAN	0.006105006	0.9797881705057813	0.9452714041653281	15153.647241393344
GVTSVSQIFHSPDLAIR	3	sp|P05155|IC1_HUMAN	0.006105006	0.9797881705057813	0.9380580572411129	155997.9747746465
EDAGSYTLHIIK	2	sp|P11464|PSG1_HUMAN;sp|P11465|PSG2_HUMAN;sp|Q15238|PSG5_HUMAN;sp|Q9UQ72|PSG11_HUMAN	0.006048387	0.9933552810135716	0.9733447184223843	157270.1453363726
NPDAVAAPYC[+57.021465]YTR	2	sp|P08519|APOA_HUMAN	0.0026041667	1.0	0.9377224017070314	133005.320382261
EWFWDLATGTMK	3	sp|P02790|HEMO_HUMAN	0.006105006	0.9866190731264982	0.7709421517803748	1737.3582618303114
IHLMAGR	2	sp|Q5T013|HYI_HUMAN	0.006105006	0.9797881705057813	0.907307115415395	804.4778122868701
VLDELTLTK	2	sp|P13645|K1C10_HUMAN	0.0026041667	1.0	0.9826481713807551	815565.9414772682
ALSIGFETC[+57.021465]R	2	sp|P16070|CD44_HUMAN	0.0026041667	1.0	0.9853057505928907	473106.2420069012
STSESTAALGC[+57.021465]LVK	3	sp|P01859|IGHG2_HUMAN;sp|P01861|IGHG4_HUMAN	0.008235294	0.9366095275687156	0.8742272896451853	10226.153585421533
EMEVLHLR	2	sp|P11362|FGFR1_HUMAN	0.0026041667	1.0	0.9589526063353628	168390.50452730426
VPLQQNFQDNQFQGK	2	sp|P80188|NGAL_HUMAN	0.0026041667	1.0	0.9616383040810864	1736961.6398312422
YFHHNSDFHIPK	4	sp|O75015|FCG3B_HUMAN	0.0026041667	1.0	0.9504293325839445	2463507.231821959
SKEQLTPLIK	2	sp|P02652|APOA2_HUMAN	0.0026041667	1.0	0.987868123176064	155591.75677636662
EQQALQTVC[+57.021465]LK	2	sp|P05452|TETN_HUMAN	0.0026041667	1.0	0.871844122779107	613.9251512247904
MSSINADFAFNLYR	2	sp|P05543|THBG_HUMAN	0.0026041667	1.0	0.959098464077987	703646.730456041
NLAVSQVVHK	2	sp|P01011|AACT_HUMAN	0.0026041667	1.0	0.9482922931799498	2944991.9882964278
IMGITLVSKK	2	sp|Q9Y5Y7|LYVE1_HUMAN	0.0026041667	1.0	0.8900297575857319	93169.01577499363
ASVGQDSPEPR	2	sp|Q6UX71|PXDC2_HUMAN	0.0026041667	1.0	0.8653850727545266	13960.577138566163
GILTVDELLAIR	3	sp|P13473|LAMP2_HUMAN	0.0026041667	1.0	0.9609289068691411	1275314.2657625605
QQLQALSEPQPR	2	sp|Q8NBJ4|GOLM1_HUMAN	0.006048387	0.9933552810135716	0.8130238823922551	3792.2872903572397
EGVMVQTSGK	2	sp|Q9ULI3|HEG1_HUMAN	0.0026041667	1.0	0.862121123373587	153446.30720263027
AIGPSQTHTIR	3	sp|Q92954|PRG4_HUMAN	0.022650057	0.7390601692542802	0.9241613367927114	3956.6434344308964
TEGDGVYTLNDK	2	sp|P00738|HPT_HUMAN;sp|P00739|HPTR_HUMAN	0.0026041667	1.0	0.8995401722233278	33437.041303171725
EQLGEFYEALDC[+57.021465]LR	3	sp|P02763|A1AG1_HUMAN	0.006105006	0.9728591838590949	0.934048155731696	1910078.6522552567
KPIIGILMQK	3	sp|Q92820|GGH_HUMAN	0.0026041667	1.0	0.8606648186368944	30712.14707923447
WLQGSQELPR	2	sp|P01876|IGHA1_HUMAN;sp|P01877|IGHA2_HUMAN;sp|P0DOX2|IGA2_HUMAN	0.006048387	0.9933552810135716	0.9885465167822745	130306.14797415581
VYSTSVTGSR	2	sp|Q9H299|SH3L3_HUMAN	0.0026041667	1.0	0.9381760456551865	145258.28489325443
ELQVYISPK	2	sp|P19320|VCAM1_HUMAN	0.0026041667	1.0	0.9160773747530064	22321.852042354552
SISC[+57.021465]QEIPGQQSR	2	sp|P27918|PROP_HUMAN	0.0026041667	1.0	0.9417440226380436	576503.4216913247
TSDQIHFFFAK	3	sp|P01008|ANT3_HUMAN	0.006048387	0.9933552810135716	0.9479962291690323	111882.15171809038
DDNPNLPR	2	sp|P02768|ALBU_HUMAN	0.006105006	0.9797881705057813	0.9106712470322755	25945.573128042553
EPQVYTLPPSR	2	sp|P01857|IGHG1_HUMAN;sp|P01859|IGHG2_HUMAN;sp|P01860|IGHG3_HUMAN;sp|P0DOX5|IGG1_HUMAN	0.0026041667	1.0	0.9195530988517653	6436.050312552096
SAVQGPPER	2	sp|P01876|IGHA1_HUMAN;sp|P01877|IGHA2_HUMAN	0.006105006	0.9797881705057813	0.9759578417719398	23506.028043449536
ASVSVTAEDEGTQR	2	sp|P05362|ICAM1_HUMAN	0.0026041667	1.0	0.9407690053492364	101486.04340563789
YFHHNSDFHIPK	3	sp|O75015|FCG3B_HUMAN	0.0026041667	1.0	0.755452334298322	184519.64956616776
KGEVLPLPEANFPSFPLPHHK	5	sp|P04196|HRG_HUMAN	0.006048387	0.9933552810135716	0.797182906152341	8004.0446324656305
RYTIAALLSPYSYSTTAVVTNPK	3	sp|P02766|TTHY_HUMAN	0.006105006	0.9728591838590949	0.9468007656074212	6564722.731397842
LPGIVAEGRDDLYVSDAFHK	3	sp|P01008|ANT3_HUMAN	0.006105006	0.9866190731264982	0.894736873953777	190795.740252644
VLNQELR	2	sp|P05090|APOD_HUMAN	0.0026041667	1.0	0.9751081394201381	8682033.615805898
FQNALLVR	1	sp|P02768|ALBU_HUMAN	0.024802705	0.686593192055836	0.7057129393243098	4580.041183446501
LYIEYGIQR	2	sp|Q9NPH3|IL1AP_HUMAN	0.0026041667	1.0	0.9349423948050337	62968.5977762246
TLLEGEESR	2	sp|P04264|K2C1_HUMAN	0.0026041667	1.0	0.9604950285774619	98327.52970841629
VQPYLDDFQK	2	sp|P02647|APOA1_HUMAN	0.0026041667	1.0	0.9547950924438476	178110.82095612353
C[+57.021465]SPHLVLSALTSDNHGATYAFSGTHYWR	5	sp|P02790|HEMO_HUMAN	0.006105006	0.9797881705057813	0.9275701537178987	2363833.831904306
LGMFNIQHC[+57.021465]K	3	sp|P01009|A1AT_HUMAN	0.0026041667	1.0	0.924172308088074	180381.45312522375
SGAQATWTELPWPHEK	2	sp|P02790|HEMO_HUMAN	0.0026041667	1.0	0.9124161990808064	3237440.6390650263
DVFLGMFLYEYAR	3	sp|P02768|ALBU_HUMAN	0.0026041667	1.0	0.97098218465561	700977.9560863718
LREQLGPVTQEFWDNLEK	4	sp|P02647|APOA1_HUMAN	0.006105006	0.9866190731264982	0.8358815916429382	6759.519881137916
SGTSASLAISGLR	2	sp|P01700|LV147_HUMAN	0.0026041667	1.0	0.9228729113089968	48532.39346048483
TAFQEALDAAGDK	2	sp|P10599|THIO_HUMAN	0.0026041667	1.0	0.904094332280316	6319.664254974939
WEMPFDPQDTHQSR	2	sp|P01011|AACT_HUMAN	0.006105006	0.9728591838590949	0.8319475600233044	7348.009996714823
ALGHLDLSGNR	2	sp|P02750|A2GL_HUMAN	0.0026041667	1.0	0.9116241305999694	33466.68974341487
DSTYSLSSTLTLSK	2	sp|P01834|IGKC_HUMAN;sp|P0DOX7|IGK_HUMAN	0.0026041667	1.0	0.9557110383584527	330699.6666182737
IC[+57.021465]LDLQAPLYK	2	sp|P02776|PLF4_HUMAN	0.0026041667	1.0	0.928601282428609	149971.67307864185
HTFMGVVSLGSPSGEVSHPR	4	sp|P02765|FETUA_HUMAN	0.006048387	0.9933552810135716	0.9262516698418946	455251.2088147618
LAPLAEDVR	2	sp|P06727|APOA4_HUMAN	0.010501751	1.0	0.9178689211085045	208219.81859760295
LTLTPWVGLR	2	sp|O75882|ATRN_HUMAN	0.0026041667	1.0	0.9717835618904207	3755334.1186415507
HTLNQIDEVK	2	sp|P02765|FETUA_HUMAN	0.006048387	0.9933552810135716	0.9804729645846028	89224.50299121553
ESTLHLVLR	2	sp|P0CG47|UBB_HUMAN;sp|P0CG48|UBC_HUMAN;sp|P62979|RS27A_HUMAN;sp|P62987|RL40_HUMAN	0.0026041667	1.0	0.8969580476737518	957850.7179293662
SLHTLFGDK	2	sp|P02768|ALBU_HUMAN	0.006105006	0.9866190731264982	0.9317860257800474	35947.32152179984
QGHNSVFLIK	2	sp|P02790|HEMO_HUMAN	0.0026041667	1.0	0.9829135341224491	83911.56813524613
AQSQLVAGIK	2	sp|Q15828|CYTM_HUMAN	0.0026041667	1.0	0.9510900409126785	102458.25806756268
SC[+57.021465]ALDQNC[+57.021465]QWEPR	2	sp|O75882|ATRN_HUMAN	0.01724138	1.0	0.9345271256259889	217843.90847283998
VDNALQSGNSQESVTEQDSK	5	sp|P01834|IGKC_HUMAN;sp|P0DOX7|IGK_HUMAN	0.01934016	0.8448700454299841	0.8400227213873075	2158.9954704749525
IAPQLSTEELVSLGEK	3	sp|P43652|AFAM_HUMAN	0.006105006	0.9728591838590949	0.9120474011510836	13247.946170291569
QVILTLQPTLVAVGK	2	sp|P13598|ICAM2_HUMAN	0.012672811	1.0	0.9484996406795924	5136222.714586076
NVQDAIADAEQR	2	sp|P35908|K22E_HUMAN	0.0026041667	1.0	0.781489157419273	13001.529482432496
YYLQGAK	2	sp|Q14624|ITIH4_HUMAN	0.006105006	0.9728591838590949	0.9816578077376801	122947.65682884057
VTTVASHTSDSDVPSGVTEVVVK	4	sp|P10909|CLUS_HUMAN	0.006105006	0.9866190731264982	0.7474689199289686	10997.425479856245
FRIEDGFSLK	3	sp|P01008|ANT3_HUMAN	0.0026041667	1.0	0.7523884661374477	211435.37250565222
EQVTNVGGAVVTGVTAVAQK	3	sp|P37840|SYUA_HUMAN	0.0026041667	1.0	0.9486159600309662	72488.17052409644
ATFGC[+57.021465]HDGYSLDGPEEIEC[+57.021465]TK	3	sp|P02749|APOH_HUMAN	0.0026041667	1.0	0.7930280477713427	259217.27273981244
GDDITMVLILPKPEK	2	sp|P01008|ANT3_HUMAN	0.0026041667	1.0	0.8096523191200669	47266.66922658571
AGVETTTPSK	2	sp|P0DOY2|IGLC2_HUMAN;sp|P0DOY3|IGLC3_HUMAN	0.006105006	0.9866190731264982	0.9387774606453135	2800.0612879386404
LLIYWASTR	2	sp|P06312|KV401_HUMAN	0.006048387	0.9933552810135716	0.9766537093497956	6093.011426930901
HYYESEVLAMNFQDWATASR	3	sp|P08185|CBG_HUMAN	0.006105006	0.9797881705057813	0.9454964059560029	696446.7080239074
FNKPFVFLMIEQNTK	3	sp|P01009|A1AT_HUMAN	0.0026041667	1.0	0.9352169248340577	296321.9894558223
IILEDENDAMADADR	2	sp|Q9BUN1|MENT_HUMAN	0.006105006	0.9728591838590949	0.9671317570595835	31557.232890914616
ADLSGITGAR	1	sp|P01011|AACT_HUMAN	0.01934016	0.8718655118414741	0.8450806133067813	56.59841236832095
MFLSFPTTK	2	sp|P69905|HBA_HUMAN	0.0026041667	1.0	0.986226961432985	540359.6998298464
GLPNVVTSAISLPNIR	2	sp|Q92954|PRG4_HUMAN	0.0026041667	1.0	0.9780252235331356	218259.90629846088
QVVAGLNFR	2	sp|P01042|KNG1_HUMAN	0.0026041667	1.0	0.9736275177424717	124247.56967343765
YENEVALR	2	sp|P13645|K1C10_HUMAN	0.008235294	0.9440873193926883	0.9327821308497132	938.5743860631809
TLTLLSVTR	2	sp|P06731|CEAM5_HUMAN;sp|P13688|CEAM1_HUMAN;sp|P31997|CEAM8_HUMAN	0.0026041667	1.0	0.9673368378291778	239573.5421139519
LQHLENELTHDIITK	4	sp|P01009|A1AT_HUMAN	0.006105006	0.9658285256870233	0.8241789767408115	10995.514839666957
LREQLGPVTQEFWDNLEK	3	sp|P02647|APOA1_HUMAN	0.006105006	0.9866190731264982	0.8836910387629355	240035.79686171
VGYVSGWGR	2	sp|P00738|HPT_HUMAN	0.0026041667	1.0	0.9781363320213794	1959420.4860136788
LVRPEVDVMC[+57.021465]TAFHDNEETFLK	3	sp|P02768|ALBU_HUMAN	0.0026041667	1.0	0.9318554139492584	327361.37943268777
DASGVTFTWTPSSGK	2	sp|P01876|IGHA1_HUMAN	0.006105006	0.9866190731264982	0.93585937514822	119016.45283877604
TMLLQPAGSLGSYSYR	2	sp|P41222|PTGDS_HUMAN	0.006105006	0.9728591838590949	0.9502619143626161	145120.0265895622
DVWGIEGPIDAAFTR	2	sp|P04004|VTNC_HUMAN	0.0026041667	1.0	0.9636806354580114	730880.4186737299
DIAPTLTLYVGK	3	sp|P00738|HPT_HUMAN;sp|P00739|HPTR_HUMAN	0.0026041667	1.0	0.8298350826948647	17715.06297183842
AVSISPTNVILTWK	2	sp|Q12913|PTPRJ_HUMAN	0.006105006	0.9866190731264982	0.9468744989534471	55911.60438737119
YVGGQEHFAHLLILR	3	sp|P02763|A1AG1_HUMAN	0.006105006	0.9728591838590949	0.9587829647562898	885632.2129496433
SDVM[+15.994915]YTDWK	2	sp|P19652|A1AG2_HUMAN	0.006048387	0.9933552810135716	0.9338150400389502	8874.227070103496
FSGSGSGTDFTLTISR	2	sp|A0A0C4DH25|KVD20_HUMAN;sp|P01619|KV320_HUMAN	0.0026041667	1.0	0.9486288836382227	429226.80783148337
SDVMYTDWK	2	sp|P19652|A1AG2_HUMAN	0.0026041667	1.0	0.9652941059420923	942809.6015480481
YIC[+57.021465]ENQDSISSK	2	sp|P02768|ALBU_HUMAN	0.006105006	0.9866190731264982	0.9686791578042628	139958.86239457273
AQYEEIAQR	2	sp|P02538|K2C6A_HUMAN;sp|P04259|K2C6B_HUMAN;sp|P19013|K2C4_HUMAN;sp|P35908|K22E_HUMAN;sp|P48668|K2C6C_HUMAN;sp|Q01546|K22O_HUMAN	0.0026041667	1.0	0.9471415283902997	49931.31879696186
SEAYNTFSER	2	sp|P12259|FA5_HUMAN	0.006048387	0.9933552810135716	0.9575644409411362	27257.32470179043
GGSTSYGTGSETESPR	2	sp|P02671|FIBA_HUMAN	0.006105006	0.9797881705057813	0.9502265133864456	285560.5948615148
EHVAHLLFLRDTK	2	sp|P19652|A1AG2_HUMAN	0.006105006	0.9866190731264982	0.9490518098660589	178177.18095869166
RLGMFNIQHC[+57.021465]K	3	sp|P01009|A1AT_HUMAN	0.006105006	0.9866190731264982	0.9578148386934735	98443.00933835699
EFTPPVQAAYQK	2	sp|P68871|HBB_HUMAN	0.0026041667	1.0	0.9736831696859946	99891.358818448
EENFYVDETTVVK	2	sp|P08185|CBG_HUMAN	0.006105006	0.9797881705057813	0.9484034786632977	3630371.0212584897
SAGSVESPSVSSTHR	2	sp|P17936|IBP3_HUMAN	0.006105006	0.9866190731264982	0.9807667872922037	4444.305035630688
IHWESASLLR	2	sp|P01024|CO3_HUMAN	0.006048387	0.9933552810135716	0.8689974723704699	51210.72813831321
EVGTPHGIILDSVDAAFIC[+57.021465]PGSSR	3	sp|P02790|HEMO_HUMAN	0.0026041667	1.0	0.9459342136557383	35932042.81555088
VC[+57.021465]PFAGILENGAVR	2	sp|P02749|APOH_HUMAN	0.0026041667	1.0	0.8492698335836673	6016418.5586191
AFIQLWAFDAVK	3	sp|P02760|AMBP_HUMAN	0.006105006	0.9866190731264982	0.874442981334586	17283.551512318052
AFQVQQAVDLR	3	sp|P13497|BMP1_HUMAN	0.009334889	0.9290085173289965	0.8896976925242543	646.1180520162291
TLLSNLEEAK	2	sp|P10909|CLUS_HUMAN	0.0026041667	1.0	0.9785674210540579	1941184.073987245
VDGALC[+57.021465]MEK	2	sp|P02790|HEMO_HUMAN	0.006105006	0.9866190731264982	0.9468822904327919	173716.60966395086
FIC[+57.021465]PLTGLWPINTLK	2	sp|P02749|APOH_HUMAN	0.006105006	0.9728591838590949	0.9318910987439445	53824.272656955596
SLAPYAQDTQEK	2	sp|P06727|APOA4_HUMAN	0.006048387	0.9933552810135716	0.8692321458579931	22150.8269021868
SVLGQLGITK	2	sp|P01009|A1AT_HUMAN	0.0026041667	1.0	0.9610645658916152	41902906.020630434
HPDEAAFFDTASTGK	3	sp|P02671|FIBA_HUMAN	0.006105006	0.9797881705057813	0.8758481025624243	18191.1853900873
FLENEDRR	2	sp|P01009|A1AT_HUMAN	0.0026041667	1.0	0.9523700373203479	1996975.7654015932
NWPESVYFFK	2	sp|Q92954|PRG4_HUMAN	0.0026041667	1.0	0.9605954248923152	8033.676614173168
MYATIYELK	2	sp|P80188|NGAL_HUMAN	0.006048387	0.9933552810135716	0.929584015806046	13382.104148641305
EHVAHLLFLR	3	sp|P19652|A1AG2_HUMAN	0.006105006	0.9728591838590949	0.9681667723974873	578722.9997728795
KLINDYVK	2	sp|P01011|AACT_HUMAN	0.006105006	0.9866190731264982	0.9541651840561303	26269.819831321416
YEGGREHVAHLLFLR	4	sp|P19652|A1AG2_HUMAN	0.006105006	0.9797881705057813	0.943903892223278	3599854.446886642
TEDTIFLR	2	sp|P02763|A1AG1_HUMAN;sp|P19652|A1AG2_HUMAN	0.006105006	0.9866190731264982	0.9593159026340948	124906.74167427038
LC[+57.021465]TPLLPK	2	sp|P27918|PROP_HUMAN	0.006105006	0.9866190731264982	0.9883504446252169	1352.9951109027472
YTDLVAIQNK	2	sp|P16109|LYAM3_HUMAN	0.006048387	0.9933552810135716	0.8931819818555864	5606.578766372609
AFSVNIFK	2	sp|P11279|LAMP1_HUMAN	0.006105006	0.9797881705057813	0.9335080601209306	81138.8902337013
TVAAC[+57.021465]NLPIVR	2	sp|P02760|AMBP_HUMAN	0.006048387	0.9933552810135716	0.9854203679036422	691609.749257781
IPLNDLFR	2	sp|P13473|LAMP2_HUMAN	0.006105006	0.9866190731264982	0.9665628335065427	22967.377628299946
SKLPGIVAEGRDDLYVSDAFHK	3	sp|P01008|ANT3_HUMAN	0.0026041667	1.0	0.9448072502503688	14406.436785802105
GKEESLDSDLYAELR	4	sp|P02775|CXCL7_HUMAN	0.012672811	0.9054124614333342	0.7368762219485129	320.9342875504768
TSESGELHGLTTEEEFVEGIYK	4	sp|P02766|TTHY_HUMAN	0.0026041667	1.0	0.9113616548367327	5206247.3952410165
ALTDMPQMR	2	sp|P02671|FIBA_HUMAN	0.0026041667	1.0	0.9637001615687224	284898.71180368843
QINDYVEK	2	sp|P01009|A1AT_HUMAN	0.0026041667	1.0	0.9820598351857304	211627.92848426953
ELDRDTVFALVNYIFFK	3	sp|P01009|A1AT_HUMAN	0.006048387	0.9933552810135716	0.9481672799242228	382653.50944242394
LDDDLEHQGGHVLDHGHK	5	sp|P01042|KNG1_HUMAN	0.006048387	0.9933552810135716	0.9016451127121216	475004.96110090753
WYNLAIGSTC[+57.021465]PWLK	3	sp|P02760|AMBP_HUMAN	0.0026041667	1.0	0.9037454640546053	875064.9229976084
RLWWLDLK	2	sp|P02790|HEMO_HUMAN	0.006048387	0.9933552810135716	0.9568246065409857	49942.030273178396
DIPMNPMC[+57.021465]IYR	3	sp|P01008|ANT3_HUMAN	0.008235294	0.9366095275687156	0.8894447131230511	7825.2645431615365
NPNLPPETVDSLK	2	sp|P05090|APOD_HUMAN	0.006105006	0.9866190731264982	0.9361272653291057	306085.08122620964
SSSQELGLK	1	sp|Q14515|SPRL1_HUMAN	0.011587486	0.9797881705057813	0.7361445045706226	1159.5931748325575
ALGISPFHEHAEVVFTANDSGPR	4	sp|P02766|TTHY_HUMAN	0.0026041667	1.0	0.9244776986061237	19262535.567917857
FYGLQVTGK	2	sp|P50281|MMP14_HUMAN	0.0026041667	1.0	0.918063818978236	64119.385102852524
YKEENDDFASFR	2	sp|P04196|HRG_HUMAN	0.0026041667	1.0	0.9723514252420749	600858.9974984458
ALPAPIEK	1	sp|P01857|IGHG1_HUMAN;sp|P01860|IGHG3_HUMAN;sp|P0DOX5|IGG1_HUMAN	0.0026041667	1.0	0.9219899748803336	18757.8946307077
SVNNVVVR	1	sp|O75882|ATRN_HUMAN	0.006105006	0.9797881705057813	0.9023485831792697	716.7766195388286
DSVGQLQLYR	2	sp|Q99941|ATF6B_HUMAN	0.006048387	0.9933552810135716	0.9626074119430403	46421.98048764201
VAEGTQVLELPFK	2	sp|P01008|ANT3_HUMAN	0.0026041667	1.0	0.9487545580118354	1561260.8717466034
GIYSFSFHVIK	3	sp|Q9NTU7|CBLN4_HUMAN	0.0026041667	1.0	0.9096912430339607	431943.7850071317
GTWTQPFDLASTR	2	sp|P08185|CBG_HUMAN	0.0026041667	1.0	0.9551656594958987	3960207.126296937
LNDLEDALQQAK	2	sp|P04264|K2C1_HUMAN	0.0026041667	1.0	0.9443528303953033	43142.695812408114
ALGISPFHEHAEVVFTANDSGPRR	4	sp|P02766|TTHY_HUMAN	0.006105006	0.9866190731264982	0.9482309311456097	34320.34778040721
LLIYGASSR	2	sp|P01619|KV320_HUMAN	0.0026041667	1.0	0.8104503796814869	266537.1285919685
FNALQYLR	2	sp|P51884|LUM_HUMAN	0.011587486	0.9134157281067091	0.920150173368094	525.1296726342559
EEDPIHLR	2	sp|O75015|FCG3B_HUMAN;sp|P08637|FCG3A_HUMAN	0.0026041667	1.0	0.978453124734505	746649.6157683888
SPELQAEAK	1	sp|P02652|APOA2_HUMAN	0.0026041667	1.0	0.9539802051449884	334491.564262595
VATTVISK	1	sp|P05155|IC1_HUMAN	0.0026041667	1.0	0.9311331406876864	31689.0436504202
EALQGVGDMGR	2	sp|P35542|SAA4_HUMAN	0.006048387	0.9933552810135716	0.9782870521124973	7797.949314232273
LVLLNAIYLSAK	2	sp|P05155|IC1_HUMAN	0.006048387	0.9933552810135716	0.9685604942472426	737901.4653893276
EQYAVVGHSAHIVTLK	3	sp|O75882|ATRN_HUMAN	0.0026041667	1.0	0.9400698020944719	70251.52452348398
MNTVIAALSR	2	sp|P08185|CBG_HUMAN	0.0026041667	1.0	0.9784955885928681	2136602.297744693
QSLEASLAETEGR	2	sp|P13645|K1C10_HUMAN	0.006048387	0.9933552810135716	0.8071134257773799	41642.815038013476
SDGDPVQPAVLQVHQTS	2	sp|O95810|CAVN2_HUMAN	0.0026041667	1.0	0.9719116212357714	895451.9007168
TFVLPVTPPR	2	sp|P32942|ICAM3_HUMAN	0.006048387	0.9933552810135716	0.9808277519622911	24498.92882683631
KQINDYVEK	2	sp|P01009|A1AT_HUMAN	0.0026041667	1.0	0.9466421386377056	244541.32672122362
NWGLSVYADKPETTK	2	sp|P02763|A1AG1_HUMAN	0.0026041667	1.0	0.9884218344831933	1907881.2638575179
IEISELNR	2	sp|P04264|K2C1_HUMAN;sp|P35908|K22E_HUMAN	0.0026041667	1.0	0.9338974327916002	300832.2579982465
GSSSSPLGISVR	2	sp|Q9NTU7|CBLN4_HUMAN	0.0026041667	1.0	0.9338988596132983	166663.79346120238
AQYEEIANR	2	sp|P13647|K2C5_HUMAN	0.0026041667	1.0	0.9275455422793728	23869.59154553435
VWPQQPSGELFEIEIDTLETTC[+57.021465]HVLDPTPVAR	4	sp|P02765|FETUA_HUMAN	0.0026041667	1.0	0.9487348103523384	3113242.194146349
SQYEQLAEQNRK	3	sp|P13645|K1C10_HUMAN	0.006105006	0.9866190731264982	0.9439442439160829	31253.371432859785
GSPAINVAVHVFRK	3	sp|P02766|TTHY_HUMAN	0.006105006	0.9866190731264982	0.9082061553501316	29891.27273809594
TYM[+15.994915]LAFDVNDEK	3	sp|P02763|A1AG1_HUMAN	0.011587486	0.9134157281067091	0.8468368123031106	15489.908152119773
FWTSFFPK	2	sp|P06276|CHLE_HUMAN	0.0026041667	1.0	0.8597674136627629	35517.70741889568
LYHSEAFTVNFGDTEEAKK	4	sp|P01009|A1AT_HUMAN	0.0026041667	1.0	0.9236403462806492	1368796.372084442
DYFMPC[+57.021465]PGR	3	sp|P02790|HEMO_HUMAN	0.0026041667	1.0	0.9065920147356186	43172.17416567188
GSPAINVAVHVFR	3	sp|P02766|TTHY_HUMAN	0.006048387	0.9933552810135716	0.9519641849891947	14600405.336604476
ANRPFLVFIR	2	sp|P01008|ANT3_HUMAN	0.006105006	0.9728591838590949	0.934623753773095	26550.45736806759
SSGQWQTPGATR	2	sp|P06681|CO2_HUMAN	0.0026041667	1.0	0.911234667846256	19412.690087348044
VVEQMC[+57.021465]ITQYER	2	sp|P04156|PRIO_HUMAN	0.006105006	0.9866190731264982	0.800120031141171	42.246234787210206
EVPLNTIIFMGR	2	sp|P01008|ANT3_HUMAN	0.006105006	0.9797881705057813	0.9610622686176277	7901433.854585912
WSAGLTSSQVDLYIPK	2	sp|P08185|CBG_HUMAN	0.0026041667	1.0	0.9302386773197113	884003.7212755727
SC[+57.021465]AVAEYGVYVK	2	sp|P00738|HPT_HUMAN;sp|P00739|HPTR_HUMAN	0.006048387	0.9933552810135716	0.985726558439695	576454.735984324
TEHPFTVEEFVLPK	2	sp|P01023|A2MG_HUMAN	0.0026041667	1.0	0.8871144172882293	42431.4925319014
FKLDDDLEHQGGHVLDHGHK	5	sp|P01042|KNG1_HUMAN	0.006105006	0.9797881705057813	0.9558262262323737	499611.00730253436
IDPSHTQGYR	3	sp|P40189|IL6RB_HUMAN	0.006105006	0.9728591838590949	0.9282568318069156	5227.961820888096
SDVVYTDWKKDK	3	sp|P02763|A1AG1_HUMAN	0.006105006	0.9866190731264982	0.9217286091017072	38706.1134354033
GSFPWQAK	2	sp|P00738|HPT_HUMAN;sp|P00739|HPTR_HUMAN	0.006105006	0.9797881705057813	0.9829247109187927	1534699.779767893
ETLLQDFR	2	sp|P02760|AMBP_HUMAN	0.006105006	0.9866190731264982	0.9742460034776655	816046.1988376891
AVMDDFAAFVEK	2	sp|P02768|ALBU_HUMAN	0.006105006	0.9797881705057813	0.964677763831525	754661.3156218113
VFEVHVRPK	2	sp|P13598|ICAM2_HUMAN	0.0026041667	1.0	0.9788248904495096	102423.23395784994
ALMSPAGMLR	2	sp|O75144|ICOSL_HUMAN	0.006105006	0.9866190731264982	0.9728318083785022	169946.2945464243
YVGGQEHFAHLLILRDTK	3	sp|P02763|A1AG1_HUMAN	0.006105006	0.9933552810135716	0.9347156154413283	568713.7915939773
QISNLQQSISDAEQR	3	sp|P04264|K2C1_HUMAN	0.006105006	0.9728591838590949	0.9126054697087684	18704.22978838037
EESLDSDLYAELR	3	sp|P02775|CXCL7_HUMAN	0.006105006	0.9866190731264982	0.791066201407162	3343.4868623842563
TYETTLEK	2	sp|P02768|ALBU_HUMAN	0.006105006	0.9866190731264982	0.9191421477469478	4114.3204161826625
QQTHMLDVMQDHFSR	4	sp|P10909|CLUS_HUMAN	0.0026041667	1.0	0.9614831409215329	90504.10972850859
NIDVFNVEDQK	2	sp|Q8NBJ4|GOLM1_HUMAN	0.0026041667	1.0	0.8923715283599518	50979.51820797642
VVAGVANALAHK	2	sp|P02042|HBD_HUMAN;sp|P68871|HBB_HUMAN	0.0026041667	1.0	0.9808574274706855	275786.12058533204
QEPSQGTTTFAVTSILR	2	sp|P01876|IGHA1_HUMAN	0.0026041667	1.0	0.9307434770986908	47996.608794533124
ITQVTWQK	2	sp|Q15223|NECT1_HUMAN	0.0026041667	1.0	0.9408701898638708	118440.25007785475
NFPSPVDAAFR	3	sp|P02790|HEMO_HUMAN	0.0026041667	1.0	0.8694341699681465	295507.14211398084
DQYYNIDVPSR	2	sp|Q92954|PRG4_HUMAN	0.006105006	0.9933552810135716	0.9482334676218618	781793.5652591509
ALTFELTLR	2	sp|P07333|CSF1R_HUMAN	0.0026041667	1.0	0.9079201373831461	125263.14149541916
SKLPGIVAEGR	2	sp|P01008|ANT3_HUMAN	0.006105006	0.9866190731264982	0.9697858117353777	229459.84899032442
VKSPELQAEAK	2	sp|P02652|APOA2_HUMAN	0.006105006	0.9728591838590949	0.9848362661929845	2692.811297159623
NIDVFNVEDQKR	3	sp|Q8NBJ4|GOLM1_HUMAN	0.006105006	0.9866190731264982	0.8808205193810325	6842.258070408566
EYC[+57.021465]GVPGDGDEELLR	2	sp|P02760|AMBP_HUMAN	0.0026041667	1.0	0.9423194133245494	3472692.7781236228
FGQTPVQER	2	sp|O95497|VNN1_HUMAN	0.0026041667	1.0	0.8984999339756778	22872.914357943908
EQLTPLIK	2	sp|P02652|APOA2_HUMAN	0.006105006	0.9866190731264982	0.9815848375446015	4288.9683124044695
ASLENSLEETK	2	sp|P02533|K1C14_HUMAN;sp|P08779|K1C16_HUMAN	0.0026041667	1.0	0.9041162872882079	14255.10979208562
VAEYMDWILEK	2	sp|P03952|KLKB1_HUMAN	0.008235294	0.9366095275687156	0.7266482519168298	7587.59854895392
LRTEGDGVYTLNNEK	3	sp|P00738|HPT_HUMAN	0.0026041667	1.0	0.8079926011555995	300399.57959405804
QQTHMLDVMQDHFSR	3	sp|P10909|CLUS_HUMAN	0.0026041667	1.0	0.9520881968608463	37579.45715159767
TYMLAFDVNDEK	2	sp|P02763|A1AG1_HUMAN	0.006105006	0.9866190731264982	0.9612693501837319	49046988.38059692
VNEPSILEMSR	2	sp|O14791|APOL1_HUMAN	0.0026041667	1.0	0.8298696999036137	6276.943236094832
SVQEIQATFFYFTPNK	3	sp|P02763|A1AG1_HUMAN;sp|P19652|A1AG2_HUMAN	0.0026041667	1.0	0.934490818024394	59003.06823505325
IPKPEASFSPR	3	sp|Q14624|ITIH4_HUMAN	0.006105006	0.9728591838590949	0.8670903384135805	14530.99142710778
SLTEEAENWGDGEPNNK	2	sp|P14151|LYAM1_HUMAN	0.0026041667	1.0	0.9435594972863337	241161.12280341372
EQLGEFYEALDC[+57.021465]LC[+57.021465]IPR	3	sp|P19652|A1AG2_HUMAN	0.006105006	0.9933552810135716	0.9326856819475002	15478.278512770547
DMPASEDLQDLQK	2	sp|P49908|SEPP1_HUMAN	0.0026041667	1.0	0.9758092993938509	3018534.4635333
LLSHC[+57.021465]LLVTLAAHLPAEFTPAVHASLDK	4	sp|P69905|HBA_HUMAN	0.0026041667	1.0	0.888933381444203	33698.42591304556
LAADDFR	2	sp|O76013|KRT36_HUMAN;sp|O76014|KRT37_HUMAN;sp|O76015|KRT38_HUMAN;sp|P02533|K1C14_HUMAN;sp|P05783|K1C18_HUMAN;sp|P08727|K1C19_HUMAN;sp|P08779|K1C16_HUMAN;sp|P13645|K1C10_HUMAN;sp|P13646|K1C13_HUMAN;sp|P19012|K1C15_HUMAN;sp|Q04695|K1C17_HUMAN;sp|Q14525|KT33B_HUMAN;sp|Q14532|K1H2_HUMAN;sp|Q15323|K1H1_HUMAN;sp|Q2M2I5|K1C24_HUMAN;sp|Q7Z3Y7|K1C28_HUMAN;sp|Q92764|KRT35_HUMAN	0.008235294	0.9728591838590949	0.9382980702431832	10926.16146807489
STSGGTAALGC[+57.021465]LVK	2	sp|P01857|IGHG1_HUMAN;sp|P01860|IGHG3_HUMAN;sp|P0DOX5|IGG1_HUMAN	0.0026041667	1.0	0.9670923093777817	260797.9286850954
KPDGYDYYAFSK	3	sp|Q92954|PRG4_HUMAN	0.0026041667	1.0	0.92885073433545	192231.39830159987
LYHAFSAMK	2	sp|P05155|IC1_HUMAN	0.0026041667	1.0	0.9947324450951847	212818.1916953053
GWSEEELQGVLR	2	sp|Q9H4A9|DPEP2_HUMAN	0.006105006	0.9933552810135716	0.8831890520803289	12055.267329663007
KWQEEMELYR	2	sp|P02647|APOA1_HUMAN	0.006105006	0.9933552810135716	0.9720892175864166	110383.39550751453
ALQDQLVLVAAK	2	sp|P01019|ANGT_HUMAN	0.0026041667	1.0	0.9339604647247548	8217.469663167532
LEDMEQALSPSVFK	2	sp|P05155|IC1_HUMAN	0.006105006	0.9797881705057813	0.9497175843352513	2083998.0713104724
ITPNLAEFAFSLYR	3	sp|P01009|A1AT_HUMAN	0.0026041667	1.0	0.9503019706946225	9947374.369747316
VWVYPPEK	2	sp|P02790|HEMO_HUMAN	0.006105006	0.9866190731264982	0.9712181104474911	5705912.474839361
DDLYVSDAFHK	3	sp|P01008|ANT3_HUMAN	0.0026041667	1.0	0.954501524494818	72943.85081242757
NTWSILHTQGALVQGGYGHSSVYDHR	5	sp|O75882|ATRN_HUMAN	0.006105006	0.9728591838590949	0.9309126290965454	12771.639505414103
AFIQLWAFDAVKGK	3	sp|P02760|AMBP_HUMAN	0.0026041667	1.0	0.8257882304914788	67680.10846061459
LVYHLGLPFSFLTFPYVEEAIK	3	sp|P49908|SEPP1_HUMAN	0.0026041667	1.0	0.9487542429166689	682810.0296331933
VEEVKPLEGR	3	sp|O00533|NCHL1_HUMAN	0.0026041667	1.0	0.9046835439296865	166833.3357326471
YYLQGAK	1	sp|Q14624|ITIH4_HUMAN	0.006105006	0.9728591838590949	0.7302946906303152	3150.810018815497
SLTEEAENWGDGEPNNKK	3	sp|P14151|LYAM1_HUMAN	0.006105006	0.9933552810135716	0.943754202079883	133615.29405613223
NTLYLQMNSLK	2	sp|A0A0B4J1V0|HV315_HUMAN	0.0026041667	1.0	0.8449788985165184	19698.511112723936
VGAHAGEYGAEALER	2	sp|P69905|HBA_HUMAN	0.006105006	0.9866190731264982	0.9735361921871893	51370.49461121381
DTINLLDQR	2	sp|Q8NBJ4|GOLM1_HUMAN	0.0026041667	1.0	0.8986373095560669	106072.99710809169
AEIEYLEK	2	sp|P14151|LYAM1_HUMAN	0.006105006	0.9866190731264982	0.9704117376971332	339726.898836661
YPNC[+57.021465]AYR	1	sp|P07998|RNAS1_HUMAN	0.008235294	0.9440873193926883	0.8415464215318684	1057.4349702419634
RPC[+57.021465]FSALEVDETYVPK	3	sp|P02768|ALBU_HUMAN	0.0026041667	1.0	0.916321605316914	44110.27964068689
DTKTYMLAFDVNDEK	3	sp|P02763|A1AG1_HUMAN	0.0026041667	1.0	0.980143582868713	1177594.6922218231
RVAEGTQVLELPFK	2	sp|P01008|ANT3_HUMAN	0.0026041667	1.0	0.9391447823995358	1938420.4348571266
YTIAALLSPYSYSTTAVVTNPKE	3	sp|P02766|TTHY_HUMAN	0.0026041667	1.0	0.9651373618270213	15942355.84792867
GGSIQQYIYK	3	sp|Q92954|PRG4_HUMAN	0.023755657	0.7266555365444503	0.8945881879865322	8575.676883930295
EWFWDLATGTM[+15.994915]K	2	sp|P02790|HEMO_HUMAN	0.0026041667	1.0	0.709217761769285	292702.43252596416
DIPTNSPELEETLTHTITK	3	sp|P01042|KNG1_HUMAN	0.0026041667	1.0	0.9268243315176967	3024066.2369519817
TAVTANLDIR	2	sp|O00533|NCHL1_HUMAN	0.0026041667	1.0	0.9727943604383188	78846.90557996593
YVGGQEHFAHLLILR	4	sp|P02763|A1AG1_HUMAN	0.006105006	0.9728591838590949	0.9575098910475464	66635817.31770876
DKC[+57.021465]EPLEK	2	sp|P02763|A1AG1_HUMAN;sp|P19652|A1AG2_HUMAN	0.006105006	0.9866190731264982	0.941981799980701	6920.014669355909
IYGPSDSASR	2	sp|Q6UX71|PXDC2_HUMAN	0.006105006	0.9866190731264982	0.9131842041372383	11180.637249667765
DGWHSWPIAHQWPQGPSAVDAAFSWEEK	4	sp|P02790|HEMO_HUMAN	0.006105006	0.9797881705057813	0.9253471531789269	122970.62768469822
GTEAAGAMFLEAIPMSIPPEVK	3	sp|P01009|A1AT_HUMAN	0.006105006	0.9866190731264982	0.9217326595576303	85766.64763717719
SPSQDEMLPTYLK	2	sp|Q8IZF2|AGRF5_HUMAN	0.006105006	0.9866190731264982	0.8161212894130404	9198.650081913558
SGAEAQTPEDSPNR	2	sp|O43493|TGON2_HUMAN	0.0026041667	1.0	0.9559503448646778	55589.02061728148
GTSAVNVVLSLK	2	sp|P20061|TCO1_HUMAN	0.01934016	0.8354707271418766	0.8874583925613859	5061.52940748046
GVC[+57.021465]EETSGAYEK	2	sp|P02760|AMBP_HUMAN	0.0026041667	1.0	0.9501347226238526	205411.88775413288
SDVVYTDWKK	2	sp|P02763|A1AG1_HUMAN	0.0026041667	1.0	0.953792044392127	92530.92810079356
VQALEEANNDLENK	2	sp|P35527|K1C9_HUMAN	0.0026041667	1.0	0.9250992069169109	140244.21293402655
C[+57.021465]DDWGLDTMR	2	sp|Q9NPH3|IL1AP_HUMAN	0.0026041667	1.0	0.8664885649099294	7914.125780004068
FLEDVKK	1	sp|P01009|A1AT_HUMAN	0.0026041667	1.0	0.7242249203647898	8699.469537933714
NILTSNNIDVK	2	sp|P05090|APOD_HUMAN	0.0026041667	1.0	0.9527666499183922	172403.45708143877
LFDSDPITVTVPVEVSR	3	sp|P10909|CLUS_HUMAN	0.0026041667	1.0	0.9336487978667962	206271.35885091967
NEDSLVFVQTDK	2	sp|P01023|A2MG_HUMAN	0.006105006	0.9933552810135716	0.9749516126334464	5282.953989726565
ELDESLQVAER	2	sp|P10909|CLUS_HUMAN	0.0026041667	1.0	0.9525518315719149	402984.83223191055
YPVAHFIDQTLK	2	sp|P05155|IC1_HUMAN	0.0026041667	1.0	0.9802797397809853	460995.88943820284
FEDGVLDPDYPR	2	sp|P04004|VTNC_HUMAN	0.006105006	0.9866190731264982	0.9455877346573275	190236.32933679284
FQPTLLTLPR	2	sp|P05155|IC1_HUMAN	0.006105006	0.9933552810135716	0.992805907858152	1142073.8846957975
SSSPELSEMLEYDR	2	sp|P12259|FA5_HUMAN	0.0026041667	1.0	0.9393827857707706	146332.66532667336
LTLEQIDLIR	2	sp|Q9H4A9|DPEP2_HUMAN	0.006105006	0.9933552810135716	0.8395247648188676	7951.5363311963065
FNQPFIIMIFDHFTWSSLFLAR	4	sp|P08185|CBG_HUMAN	0.006105006	0.9658285256870233	0.8262526446424785	11841.933491730138
YEGGREHVAHLLFLR	3	sp|P19652|A1AG2_HUMAN	0.006105006	0.9797881705057813	0.7789362012289762	18023.384020739846
NLQEILHGAVR	2	sp|P00533|EGFR_HUMAN	0.0026041667	1.0	0.8958502518034963	1890.102066731571
SDVMYTDWKK	2	sp|P19652|A1AG2_HUMAN	0.0026041667	1.0	0.963632787144681	50999.16125778807
GSESGIFTNTK	2	sp|P02671|FIBA_HUMAN	0.0026041667	1.0	0.952227836049847	88586.64941902165
LTGSSGFVTDGPGNYK	4	sp|O75882|ATRN_HUMAN	0.0071599046	0.9514467542496609	0.7578533585456626	343.55435657530643
TLFLFGVTK	2	sp|P11465|PSG2_HUMAN;sp|Q16557|PSG3_HUMAN;sp|Q9UQ72|PSG11_HUMAN	0.0026041667	1.0	0.8912022456989639	46436.35562014194
GKEESLDSDLYAELR	3	sp|P02775|CXCL7_HUMAN	0.0026041667	1.0	0.7759454068475247	111453.66070476896
SDDSVIQLLNPNR	2	sp|Q9BY67|CADM1_HUMAN	0.006105006	0.9866190731264982	0.9176443624821087	32994.344388042424
YGFIEGHVVIPR	2	sp|P16070|CD44_HUMAN	0.006105006	0.9933552810135716	0.9596421334269861	1158395.3477831085
DLGEENFK	1	sp|P02768|ALBU_HUMAN	0.006105006	0.9866190731264982	0.939988973782907	1119.6039860602755
LVRPEVDVMC[+57.021465]TAFHDNEETFLK	4	sp|P02768|ALBU_HUMAN	0.0026041667	1.0	0.9142677276866515	149457.61424036414
GLEEELQFSLGSK	2	sp|P0C0L4|CO4A_HUMAN;sp|P0C0L5|CO4B_HUMAN	0.0026041667	1.0	0.9475556859144879	249595.74763316248
HRLEDMEQALSPSVFK	3	sp|P05155|IC1_HUMAN	0.0026041667	1.0	0.9220124116819085	67710.56513445395
ELDRDTVFALVNYIFFK	4	sp|P01009|A1AT_HUMAN	0.006105006	0.9933552810135716	0.8029405687232177	4775.314531772073
AGTELVNFLSYFVELGTQPATQ	3	sp|P02652|APOA2_HUMAN	0.0026041667	1.0	0.9408500041594143	2821490.0182731375
LENEIQTYR	2	sp|P13645|K1C10_HUMAN	0.006105006	0.9933552810135716	0.9417733129471596	8278.530481676642
TFLTVYWTPER	2	sp|P05362|ICAM1_HUMAN	0.008235294	0.9366095275687156	0.9668881421104668	118519.59147697463
KGPGPGGPGGAGVAR	3	sp|Q92686|NEUG_HUMAN	0.006105006	0.9728591838590949	0.9777168798811686	9304.638493375465
EFLEDTC[+57.021465]VQYVQK	2	sp|Q9UNN8|EPCR_HUMAN	0.0026041667	1.0	0.8236467434813498	201315.1128896631
AAC[+57.021465]LLPK	2	sp|P02768|ALBU_HUMAN	0.0026041667	1.0	0.9482444580967465	336242.3568887355
C[+57.021465]PNPPVQENFDVNK	4	sp|P05090|APOD_HUMAN	0.01934016	0.8630568252698203	0.8248448957410615	1891.6251329074134
DTKTLMFGSYLDDEK	3	sp|P19652|A1AG2_HUMAN	0.014942529	1.0	0.8059778705804027	34749.49528309145
IPKSDVVYTDWKK	4	sp|P02763|A1AG1_HUMAN	0.006105006	0.9728591838590949	0.8430669337840638	16637.720315802784
FPVFMGR	1	sp|P05155|IC1_HUMAN	0.01934016	0.8718655118414741	0.7138047496370951	5337.158724196318
SGAEEQGPIDGPSK	2	sp|O43493|TGON2_HUMAN	0.006105006	0.9933552810135716	0.9740639931942877	16936.372798050972
NHNALLASLTTQK	2	sp|O75882|ATRN_HUMAN	0.006105006	0.9933552810135716	0.9589211226873641	25391.48424499497
VQLTGEPVPMAR	2	sp|P15151|PVR_HUMAN	0.0026041667	1.0	0.9881964333713823	134052.1133094824
SKLPGIVAEGRDDLYVSDAFHK	5	sp|P01008|ANT3_HUMAN	0.0026041667	1.0	0.9043210023693119	26108.026681813615
HGGLFHENMR	3	sp|Q02985|FHR3_HUMAN	0.0026041667	1.0	0.9520888434736067	180324.04067354312
SQYEQLAEQNR	2	sp|P13645|K1C10_HUMAN	0.006105006	0.9933552810135716	0.9762203325430576	37983.50324867568
VLSYVDWIK	2	sp|Q9NZP8|C1RL_HUMAN	0.006105006	0.9933552810135716	0.9499076493922203	18022.122163191973
TTPPVLDSDGSFFLYSK	2	sp|P01857|IGHG1_HUMAN;sp|P0DOX5|IGG1_HUMAN	0.0026041667	1.0	0.9449807251537428	11965.310370324172
IGPDNLPYVQILK	2	sp|P11362|FGFR1_HUMAN	0.006105006	0.9866190731264982	0.9095960933111557	66900.29147309
DYQELM[+15.994915]NVK	2	sp|P12035|K2C3_HUMAN;sp|P35908|K22E_HUMAN;sp|Q01546|K22O_HUMAN;sp|Q5XKE5|K2C79_HUMAN	0.0026041667	1.0	0.9020069682690351	26871.55168691409
IPTTFENGR	2	sp|P05090|APOD_HUMAN	0.0026041667	1.0	0.9037390402408947	26580.627521284532
LDDDLEHQGGHVLDHGHK	3	sp|P01042|KNG1_HUMAN	0.006105006	0.9933552810135716	0.9186748066560603	44073.81539186413
AVLDVFEEGTEASAATAVK	2	sp|P01011|AACT_HUMAN	0.0026041667	1.0	0.9419736077325983	62523.965468130955
NWGLSFYADKPETTK	2	sp|P19652|A1AG2_HUMAN	0.006105006	0.9728591838590949	0.9402268011112469	308131.180854531
LRTEGDGVYTLNDKK	2	sp|P00738|HPT_HUMAN;sp|P00739|HPTR_HUMAN	0.0026041667	1.0	0.8427358220677398	17030.923565972116
TC[+57.021465]VADESAENC[+57.021465]DK	2	sp|P02768|ALBU_HUMAN	0.0026041667	1.0	0.891266145979895	16915.991691072948
VATTVISK	2	sp|P05155|IC1_HUMAN	0.01934016	0.8630568252698203	0.7544578563693768	588.0655066650456
SPELQAEAKSYFEK	2	sp|P02652|APOA2_HUMAN	0.006105006	0.9728591838590949	0.9439935758003514	128280.62352927623
GEC[+57.021465]QAEGVLFFQGDR	2	sp|P02790|HEMO_HUMAN	0.006105006	0.9728591838590949	0.9157672885824916	109491.20913288725
STASFEELC[+57.021465]SEYR	2	sp|Q9NQ38|ISK5_HUMAN	0.0026041667	1.0	0.8224901305384399	33690.83766267474
ELELQIGNALFIGK	2	sp|P05543|THBG_HUMAN	0.006105006	0.9797881705057813	0.9700980243367002	87723.74493505515
FLENEDR	2	sp|P01009|A1AT_HUMAN	0.006105006	0.9797881705057813	0.9805940325162165	195992.14904269433
AIPVTQYLK	2	sp|P43652|AFAM_HUMAN	0.0026041667	1.0	0.9930958771335312	295802.8838366501
GPSVFPLAPC[+57.021465]SR	2	sp|P01859|IGHG2_HUMAN;sp|P01860|IGHG3_HUMAN;sp|P01861|IGHG4_HUMAN	0.0026041667	1.0	0.9429366935427665	54102.07375623447
YYC[+57.021465]FQGNQFLR	2	sp|P02790|HEMO_HUMAN	0.0026041667	1.0	0.9714009384420685	7672810.044741599
DTVFALVNYIFFK	2	sp|P01009|A1AT_HUMAN	0.0026041667	1.0	0.9219035989233899	105288.59631784049
HSAQPWADFTLLGAR	2	sp|Q8IYS5|OSCAR_HUMAN	0.0026041667	1.0	0.8319089659230062	33170.41159061772
IEISELNR	1	sp|P04264|K2C1_HUMAN;sp|P35908|K22E_HUMAN	0.0026041667	1.0	0.7242581987768831	14493.59705801334
TDASDVKPC[+57.021465]	2	sp|P02749|APOH_HUMAN	0.006105006	0.9866190731264982	0.919050510399372	3457.8101486747646
VTTSQDMLSIMEK	2	sp|P05155|IC1_HUMAN	0.006105006	0.9866190731264982	0.961311004922175	2803457.693031173
DALSSVQESQVAQQAR	2	sp|P02656|APOC3_HUMAN	0.006105006	0.9728591838590949	0.8866010618251933	63823.629216376394
QFTSSTSYNR	2	sp|P02671|FIBA_HUMAN	0.006105006	0.9933552810135716	0.9402742066212435	341663.25307150563
TDTSHHDQDHPTFNK	2	sp|P01009|A1AT_HUMAN	0.0026041667	1.0	0.932165782274396	312745.2013651076
LALDIEIATYR	2	sp|P05787|K2C8_HUMAN;sp|P08729|K2C7_HUMAN;sp|P14136|GFAP_HUMAN;sp|P19013|K2C4_HUMAN;sp|Q6KB66|K2C80_HUMAN	0.0026041667	1.0	0.8726529471618365	6053.9885663602745
YPPTVSMVEGQGEK	3	sp|P27918|PROP_HUMAN	0.0026041667	1.0	0.840061444458788	21690.925938530538
DEELSC[+57.021465]TVVELK	3	sp|P01011|AACT_HUMAN	0.006105006	0.9866190731264982	0.8493506176404216	9906.342774558536
KVPQVSTPTLVEVSR	3	sp|P02768|ALBU_HUMAN	0.0026041667	1.0	0.9370519069823928	748647.7123663161
YEELQITAGR	3	sp|P04259|K2C6B_HUMAN;sp|P04264|K2C1_HUMAN	0.008235294	0.9366095275687156	0.8751448773299346	255.939698563175
SLLEGEGSSGGGGR	2	sp|P13645|K1C10_HUMAN	0.0026041667	1.0	0.7422795893762638	7289.349035183297
ETC[+57.021465]FAEEGKK	3	sp|P02768|ALBU_HUMAN	0.006105006	0.9933552810135716	0.8542693686271442	7835.4269188444105
ASSIIDELFQDR	2	sp|P10909|CLUS_HUMAN	0.006105006	0.9866190731264982	0.9581933755895234	44029.312077878734
LVVQSSIDSSAFK	2	sp|P10721|KIT_HUMAN	0.0026041667	1.0	0.9658617418679191	70010.63003462336
SYSC[+57.021465]QVTHEGSTVEK	2	sp|B9A064|IGLL5_HUMAN;sp|P0CF74|IGLC6_HUMAN;sp|P0CG04|IGLC1_HUMAN;sp|P0DOX8|IGL1_HUMAN;sp|P0DOY2|IGLC2_HUMAN;sp|P0DOY3|IGLC3_HUMAN	0.0026041667	1.0	0.9444309125234591	73639.1919150597
AANEVSSADVK	2	sp|Q13449|LSAMP_HUMAN	0.0026041667	1.0	0.9125180246005722	14891.998086546713
FMPLSDVLYGR	2	sp|Q10588|BST1_HUMAN	0.0026041667	1.0	0.960564035988398	18068.555176680813
VTEPISAESGEQVER	3	sp|O14791|APOL1_HUMAN	0.0071599046	0.9514467542496609	0.7522654270373365	3206.355928542759
FTDSENVC[+57.021465]QER	2	sp|P43652|AFAM_HUMAN	0.006105006	0.9933552810135716	0.8282532809674403	20008.701153830458
FSISATYDLGATLLK	2	sp|P05543|THBG_HUMAN	0.0026041667	1.0	0.917921333235591	181553.02214063492
GFGGLTGQIVAALSTAK	2	sp|Q92954|PRG4_HUMAN	0.011587486	0.9134157281067091	0.9139270715745806	30545.583651884
NWGLSVYADKPETTK	4	sp|P02763|A1AG1_HUMAN	0.0026041667	1.0	0.9417384451784774	637138.0453782491
SASNMAIVDVK	2	sp|P01023|A2MG_HUMAN	0.006105006	0.9933552810135716	0.860540520241455	1948.4635545697975
LGPLVEQGR	2	sp|P02649|APOE_HUMAN	0.0026041667	1.0	0.9435359178446847	105457.87754679279
QLVEIEK	2	sp|P00738|HPT_HUMAN;sp|P00739|HPTR_HUMAN	0.02154195	0.9728591838590949	0.9849674466632008	535127.3787178571
LGQYASPTAK	2	sp|P0C0L4|CO4A_HUMAN;sp|P0C0L5|CO4B_HUMAN	0.0026041667	1.0	0.9784213118604077	478760.9835497318
YGQPLPGYTTK	2	sp|P17936|IBP3_HUMAN	0.0026041667	1.0	0.9790211666639194	95016.72166725929
GPALTTPK	1	sp|Q92954|PRG4_HUMAN	0.02154195	0.7739449743159442	0.7620394675697741	8720.328575444028
EWFWDLATGTMK	2	sp|P02790|HEMO_HUMAN	0.006105006	0.9866190731264982	0.9817488991080697	411318.22925867385
REPAVGEPAEVTTTVLVR	3	sp|P05362|ICAM1_HUMAN	0.0026041667	1.0	0.9633471798705645	41671.236185515925
LTPTLYVGK	2	sp|O75460|ERN1_HUMAN	0.006105006	0.9866190731264982	0.82050772842383	3282.259089483137
AQVSPTASDMLHMR	2	sp|Q6UXB8|PI16_HUMAN	0.012672811	0.9054124614333342	0.7485946498719392	18242.996149599945
EMEDTLNHLK	2	sp|P17936|IBP3_HUMAN	0.0026041667	1.0	0.7442283842603413	140294.56789059658
EDAGSYTLHIIK	3	sp|P11464|PSG1_HUMAN;sp|P11465|PSG2_HUMAN;sp|Q15238|PSG5_HUMAN;sp|Q9UQ72|PSG11_HUMAN	0.006105006	0.9933552810135716	0.8854593268927448	160651.38600090437
DYQELMNTK	2	sp|P04264|K2C1_HUMAN	0.0026041667	1.0	0.9463825528523178	57537.2990003782
SETEIHQGFQHLHQLFAK	5	sp|P08185|CBG_HUMAN	0.0026041667	1.0	0.9541990464879339	17947278.70413859
FKLDDDLEHQGGHVLDHGHK	3	sp|P01042|KNG1_HUMAN	0.006105006	0.9797881705057813	0.9513907422332258	218809.22194063445
DLWVNIDQMEK	2	sp|Q6UX71|PXDC2_HUMAN	0.006105006	0.9933552810135716	0.9840635363539038	56600.984224797205
ITC[+57.021465]TEEGWSPTPK	2	sp|Q03591|FHR1_HUMAN;sp|Q9BXR6|FHR5_HUMAN	0.006105006	0.9866190731264982	0.8505760550009566	1940.9736644865138
YDVDTQMWTILK	3	sp|O75882|ATRN_HUMAN	0.0026041667	1.0	0.9265510751676427	160705.5136970649
SGSDEVQVGQQR	2	sp|P01024|CO3_HUMAN	0.011587486	0.9212790999005022	0.7775559759687378	4416.1462623948555
TGLFQDVGPQR	2	sp|Q86SQ4|AGRG6_HUMAN	0.0026041667	1.0	0.9804008238232221	47824.65031164574
IDQTVEELR	2	sp|P06727|APOA4_HUMAN	0.0026041667	1.0	0.8358062654318601	30204.607383974726
SFMLLILER	2	sp|P05543|THBG_HUMAN	0.006105006	0.9933552810135716	0.9591439841429468	25005.867744912404
LLDSLPSDTR	2	sp|P05155|IC1_HUMAN	0.0026041667	1.0	0.9595537758702073	13173013.393600775
TNLESILSYPK	2	sp|P05155|IC1_HUMAN	0.0026041667	1.0	0.9883751834012827	441261.64219225023
YVMLPVADQDQC[+57.021465]IR	3	sp|P00738|HPT_HUMAN	0.0026041667	1.0	0.9599777312578242	1127294.874603014
ALYVHGGYK	2	sp|O75882|ATRN_HUMAN	0.0026041667	1.0	0.9617567864201967	1288341.70475699
RVWELSK	1	sp|P01008|ANT3_HUMAN	0.02154195	0.7626747761196712	0.7171544538033096	738.7201640559733
AATVGSLAGQPLQER	3	sp|P02649|APOE_HUMAN	0.0026041667	1.0	0.8777151869903799	32318.909467225338
QPAVEEPAEVTATVLASR	2	sp|P32942|ICAM3_HUMAN	0.006105006	0.9658285256870233	0.9264896381265774	22683.59910851017
DWHGVPGQVDAAMAGR	2	sp|P04004|VTNC_HUMAN	0.0026041667	1.0	0.9786711847023176	1409554.4215946065
EQQALQTVC[+57.021465]LK	3	sp|P05452|TETN_HUMAN	0.009334889	0.9290085173289965	0.7242954963487243	2767.0075962589567
AVVFLEPQWYR	3	sp|P08637|FCG3A_HUMAN	0.006105006	0.9933552810135716	0.7195954037083921	15434.407491548083
MSSINADFAFNLYR	3	sp|P05543|THBG_HUMAN	0.012672811	0.9054124614333342	0.710810138516633	15494.921681687581
SGTASVVC[+57.021465]LLNNFYPR	3	sp|P01834|IGKC_HUMAN;sp|P0DOX7|IGK_HUMAN	0.006105006	0.9933552810135716	0.9155852442355343	94294.54745879977
LLGIETPLPK	2	sp|P05362|ICAM1_HUMAN	0.0026041667	1.0	0.9324445390278465	99986.9263196766
GILTVDELLAIR	2	sp|P13473|LAMP2_HUMAN	0.0026041667	1.0	0.9736656633493631	4459471.731938984
SYQDFFEAIR	2	sp|P18850|ATF6A_HUMAN	0.0026041667	1.0	0.8881503724089429	19764.519628249258
AIGPSQTHTIR	2	sp|Q92954|PRG4_HUMAN	0.006105006	0.9933552810135716	0.9018900572643338	32117.852216193773
RHPDYSVVLLLR	3	sp|P02768|ALBU_HUMAN	0.0026041667	1.0	0.8957430719771597	348644.4296602326
TSDQIHFFFAK	2	sp|P01008|ANT3_HUMAN	0.006105006	0.9933552810135716	0.85797897960868	91274.2960234525
GWVTDGFSSLK	2	sp|P02656|APOC3_HUMAN	0.006105006	0.9933552810135716	0.9630860108161602	8836169.322876323
LHMLQISYFR	2	sp|Q9UNN8|EPCR_HUMAN	0.0026041667	1.0	0.9779311233905396	69868.72504746285
YTIAALLSPYSYSTTAVVTNPK	3	sp|P02766|TTHY_HUMAN	0.006105006	0.9797881705057813	0.9223511588253425	425489.4210401025
EHAVEGDC[+57.021465]DFQLLK	2	sp|P02765|FETUA_HUMAN	0.0026041667	1.0	0.9440662302316879	724530.6027937045
VVGLIQDLKPNTIMVLVNYIHFK	4	sp|P05543|THBG_HUMAN	0.0026041667	1.0	0.9592192766759503	259766.94020829684
TLMFGSYLDDEK	2	sp|P19652|A1AG2_HUMAN	0.006105006	0.9866190731264982	0.9687529813410325	1432028.6218538133
FNQPFIIM[+15.994915]IFDHFTWSSLFLAR	3	sp|P08185|CBG_HUMAN	0.006105006	0.9658285256870233	0.9173869326087251	35577.68852895017
RYTIAALLSPYSYSTTAVVTNPK	4	sp|P02766|TTHY_HUMAN	0.006105006	0.9728591838590949	0.9665071635766939	730349.6239016866
SPLFMGK	2	sp|P01009|A1AT_HUMAN	0.006105006	0.9797881705057813	0.9619383326926557	732404.8947696468
FNWYVDGVEVHNAK	3	sp|P01857|IGHG1_HUMAN;sp|P0DOX5|IGG1_HUMAN	0.0026041667	1.0	0.9251149332113977	195541.5028102029
KGEVLPLPEANFPSFPLPHHK	4	sp|P04196|HRG_HUMAN	0.006105006	0.9933552810135716	0.9584785269635923	462476.0446602752
YVGGQEHFAHLLILRDTK	4	sp|P02763|A1AG1_HUMAN	0.008235294	0.9366095275687156	0.7666349045668687	3784.720767128417
FQNALLVR	2	sp|P02768|ALBU_HUMAN	0.0026041667	1.0	0.983948412113245	205566.02359434176
GDSVVYGLR	2	sp|P10451|OSTP_HUMAN	0.0026041667	1.0	0.8775127581307508	83104.73883900745
VDLLNQEIEFLK	2	sp|P35908|K22E_HUMAN	0.0026041667	1.0	0.8448286405507912	60954.39309054097
GDTFSC[+57.021465]MVGHEALPLAFTQK	4	sp|P01876|IGHA1_HUMAN	0.0026041667	1.0	0.7239461078313131	16096.953090288305
DYWSTVK	2	sp|P02656|APOC3_HUMAN	0.006105006	0.9658285256870233	0.9624133900999895	872250.8692383689
KAADDTWEPFASGK	2	sp|P02766|TTHY_HUMAN	0.0026041667	1.0	0.9079986862410883	177377.0067540249
VTSIQDWVQK	2	sp|P00738|HPT_HUMAN	0.006105006	0.9933552810135716	0.9118473323863666	108337.07010191078
LQHLENELTHDIITK	2	sp|P01009|A1AT_HUMAN	0.006105006	0.9658285256870233	0.9215718280999168	70940.62468945244
SDPVTLNLLPK	2	sp|P11464|PSG1_HUMAN;sp|Q00887|PSG9_HUMAN;sp|Q00888|PSG4_HUMAN;sp|Q00889|PSG6_HUMAN;sp|Q13046|PSG7_HUMAN;sp|Q16557|PSG3_HUMAN	0.006105006	0.9933552810135716	0.9890163798212656	130253.09848954521
GLASANVDFAFSLYK	3	sp|P08185|CBG_HUMAN	0.006105006	0.9797881705057813	0.978384508939213	20508.992304137148
QNC[+57.021465]ELFEQLGEYK	2	sp|P02768|ALBU_HUMAN	0.0026041667	1.0	0.9252707186020506	3552531.2397358906
YTIAALLSPYSYSTTAVVTNPK	4	sp|P02766|TTHY_HUMAN	0.006105006	0.9797881705057813	0.8467583972493171	17427.390858813862
VTTSQDMLSIM[+15.994915]EK	2	sp|P05155|IC1_HUMAN	0.0026041667	1.0	0.8325308100239402	67786.57191337858
IC[+57.021465]LDLQAPLYK	3	sp|P02776|PLF4_HUMAN	0.0026041667	1.0	0.7971861659997297	12379.294919887612
TPSSTGPSPVFDIK	2	sp|Q12913|PTPRJ_HUMAN	0.0026041667	1.0	0.9618936890994609	432789.55355966627
FDTISEK	2	sp|P01008|ANT3_HUMAN	0.0026041667	1.0	0.988045918985529	813687.3158968865
YSLTYIYTGLSK	2	sp|P25311|ZA2G_HUMAN	0.006105006	0.9866190731264982	0.9199029304267502	152283.6879441096
NTWSILHTQGALVQGGYGHSSVYDHR	3	sp|O75882|ATRN_HUMAN	0.006105006	0.9728591838590949	0.9329312272723029	4339.825816648732
QGHNSVFLIK	3	sp|P02790|HEMO_HUMAN	0.0026041667	1.0	0.9591784085149657	202214.516695044
IVDLFSGLDSPAILVLVNYIFFK	3	sp|P08185|CBG_HUMAN	0.0026041667	1.0	0.9441870688508573	5075338.167069857
SASLHLPK	2	sp|P01009|A1AT_HUMAN	0.0026041667	1.0	0.9434710124796741	206448.3451954456
SDVM[+15.994915]YTDWKK	2	sp|P19652|A1AG2_HUMAN	0.0026041667	1.0	0.8698017543297752	12487.388308633399
IAPQLSTEELVSLGEK	2	sp|P43652|AFAM_HUMAN	0.006105006	0.9728591838590949	0.9720549406449231	60639.38953910763
MEEVEAMLLPETLK	2	sp|P01011|AACT_HUMAN	0.0026041667	1.0	0.9322328966944842	1893011.6951426642
FRIEDGFSLK	2	sp|P01008|ANT3_HUMAN	0.0026041667	1.0	0.7888741171649858	90754.4634203727
GDDITMVLILPKPEK	3	sp|P01008|ANT3_HUMAN	0.0026041667	1.0	0.9943734288992476	2633036.741905311
GDTFSC[+57.021465]MVGHEALPLAFTQK	3	sp|P01876|IGHA1_HUMAN	0.0026041667	1.0	0.8889887091312644	843042.3023415845
EHVAHLLFLRDTK	4	sp|P19652|A1AG2_HUMAN	0.006105006	0.9866190731264982	0.9673451170847985	1359207.500470901
AQWANPFDPSK	2	sp|P05543|THBG_HUMAN	0.0026041667	1.0	0.9329983377658059	233925.36940031045
SDVVYTDWK	2	sp|P02763|A1AG1_HUMAN	0.0026041667	1.0	0.9923338902621489	867803.1731284312
GLPNVVTSAISLPNIR	3	sp|Q92954|PRG4_HUMAN	0.0026041667	1.0	0.9607512490909146	1685059.27240034
WVQDYIK	2	sp|Q16627|CCL14_HUMAN	0.006105006	0.9866190731264982	0.9723467592294462	24195.263355273586
GWVDLFVPK	2	sp|P05543|THBG_HUMAN	0.0026041667	1.0	0.9906981712112807	715866.4177945416
FLEDVKK	2	sp|P01009|A1AT_HUMAN	0.0026041667	1.0	0.9625644552665319	187061.99163819692
C[+57.021465]PLFEHFLK	3	sp|Q9NPH3|IL1AP_HUMAN	0.0026041667	1.0	0.8657200997812576	42887.08529613213
YAASSYLSLTPEQWK	2	sp|A0M8Q6|IGLC7_HUMAN;sp|B9A064|IGLL5_HUMAN;sp|P0CF74|IGLC6_HUMAN;sp|P0CG04|IGLC1_HUMAN;sp|P0DOX8|IGL1_HUMAN;sp|P0DOY2|IGLC2_HUMAN;sp|P0DOY3|IGLC3_HUMAN	0.0026041667	1.0	0.885353916892601	1615114.003421176
LSSWVLLM[+15.994915]K	2	sp|P01009|A1AT_HUMAN	0.0026041667	1.0	0.947101739209853	263564.30174356047
LTSLPLGALR	2	sp|P07359|GP1BA_HUMAN	0.006105006	0.9866190731264982	0.9407337973159615	23936.393714613154
SSEDPNEDIVER	2	sp|P01591|IGJ_HUMAN	0.006105006	0.9933552810135716	0.9058376294417742	9387.953707069028
DALSSVQESQVAQQARGWVTDGFSSLK	3	sp|P02656|APOC3_HUMAN	0.0026041667	1.0	0.8403534192331535	850209.6486644605
TMLLQPAGSLGSYSYR	3	sp|P41222|PTGDS_HUMAN	0.0071599046	0.9586923939928679	0.8840277707772602	45220.982217141755
VILPQTSDAYQVSVAK	2	sp|Q86SQ4|AGRG6_HUMAN	0.006105006	0.9728591838590949	0.9344305946196911	43989.80757991166
LLDNWDSVTSTFSK	2	sp|P02647|APOA1_HUMAN	0.006105006	0.9797881705057813	0.913333181408549	33231.08891369386
TLFLLGVTK	2	sp|P11464|PSG1_HUMAN;sp|Q9UQ74|PSG8_HUMAN	0.006105006	0.9866190731264982	0.9463845510314579	78360.32964348234
DVWGIEGPIDAAFTR	3	sp|P04004|VTNC_HUMAN	0.0026041667	1.0	0.949804721057659	37618.93529063378
AVSISPTNVILTWK	3	sp|Q12913|PTPRJ_HUMAN	0.006105006	0.9866190731264982	0.7458599024199986	3211.577745591653
ANQQLNFTEAK	2	sp|Q9Y5Y7|LYVE1_HUMAN	0.0026041667	1.0	0.9603086864158652	41593.30264275583
YVGGQEHFAHLLILR	2	sp|P02763|A1AG1_HUMAN	0.006105006	0.9728591838590949	0.9586633547362452	369094.23523408116
TFYEPGEEITYSC[+57.021465]KPGYVSR	3	sp|P02749|APOH_HUMAN	0.0026041667	1.0	0.9561950218993457	841577.4449245275
GGSTSYGTGSETESPR	3	sp|P02671|FIBA_HUMAN	0.006105006	0.9797881705057813	0.9240454912290071	4523.759359603227
NKEDC[+57.021465]VEIYIK	3	sp|P14151|LYAM1_HUMAN	0.006105006	0.9933552810135716	0.904021096716717	6011.063671162121
EHVAHLLFLRDTK	3	sp|P19652|A1AG2_HUMAN	0.006105006	0.9866190731264982	0.88807304957154	301107.1412358918
RLGMFNIQHC[+57.021465]K	2	sp|P01009|A1AT_HUMAN	0.006105006	0.9866190731264982	0.9644062125616987	14060.97738700786
EFTPPVQAAYQK	3	sp|P68871|HBB_HUMAN	0.0026041667	1.0	0.8087140109348613	4229.4513014700515
SAGSVESPSVSSTHR	3	sp|P17936|IBP3_HUMAN	0.006105006	0.9866190731264982	0.9936910719783656	28189.72584517261
NSLYLQMNSLR	2	sp|A0A0B4J1V1|HV321_HUMAN;sp|A0A0B4J1X8|HV343_HUMAN;sp|A0A0C4DH32|HV320_HUMAN;sp|P01762|HV311_HUMAN;sp|P01763|HV348_HUMAN;sp|P01766|HV313_HUMAN;sp|P01780|HV307_HUMAN;sp|P01782|HV309_HUMAN;sp|P0DP04|HV43D_HUMAN	0.0026041667	1.0	0.9764737471636039	3302.936581700868
IPKSDVVYTDWK	2	sp|P02763|A1AG1_HUMAN	0.0026041667	1.0	0.9515005069582262	427344.7757644523
KATVVYQGER	2	sp|P02749|APOH_HUMAN	0.0026041667	1.0	0.9607349231890981	325648.99839641165
QGLLPVLESFK	2	sp|P02647|APOA1_HUMAN	0.0026041667	1.0	0.9692943736938222	543486.7554843535
TYFPHFDLSHGSAQVK	4	sp|P69905|HBA_HUMAN	0.006105006	0.9797881705057813	0.9369111798548465	136517.74475725697
GGEGTGYFVDFSVR	2	sp|P04196|HRG_HUMAN	0.0026041667	1.0	0.9588101573215053	111908.46958817168
AGALQLLLVGDK	2	sp|P55058|PLTP_HUMAN	0.006105006	0.9933552810135716	0.8574830363289374	44805.059386602945
DTEEEDFHVDQVTTVK	2	sp|P01009|A1AT_HUMAN	0.0026041667	1.0	0.9437110869286841	716795.7068651104
ATVVYQGER	2	sp|P02749|APOH_HUMAN	0.006105006	0.9866190731264982	0.9735918279903611	243219.04046699265
IDSLLENDR	2	sp|P10909|CLUS_HUMAN	0.0026041667	1.0	0.9613716232747759	453776.4738827972
HPDEAAFFDTASTGK	2	sp|P02671|FIBA_HUMAN	0.006105006	0.9797881705057813	0.9699999055559557	26593.19695656229
DYVSQFEGSALGK	2	sp|P02647|APOA1_HUMAN	0.006105006	0.9933552810135716	0.9331454389646437	130721.72689418346
EHVAHLLFLR	2	sp|P19652|A1AG2_HUMAN	0.006105006	0.9728591838590949	0.9490861982033445	168857.75733349947
IPKSDVVYTDWKK	3	sp|P02763|A1AG1_HUMAN	0.006105006	0.9728591838590949	0.7767954755219986	3781.2476416418303
GTEAAGAMFLEAIPMSIPPEVK	4	sp|P01009|A1AT_HUMAN	0.006105006	0.9866190731264982	0.8927470405962176	3197.963023660587
TVAAC[+57.021465]NLPIVR	3	sp|P02760|AMBP_HUMAN	0.006105006	0.9933552810135716	0.9140408842020121	35926.19179342256
ETYGEMADC[+57.021465]C[+57.021465]AK	2	sp|P02768|ALBU_HUMAN	0.0026041667	1.0	0.9164926759864346	29606.967183588964
AEAESLYQSK	2	sp|P04264|K2C1_HUMAN	0.006105006	0.9866190731264982	0.9686470178327345	54626.454837839025
LLIYDNNK	2	sp|P01701|LV151_HUMAN	0.006105006	0.9866190731264982	0.9485587854876313	14320.929432055735
LLIYGASTR	2	sp|A0A075B6H7|KV37_HUMAN;sp|A0A0C4DH55|KVD07_HUMAN;sp|P01624|KV315_HUMAN	0.006105006	0.9866190731264982	0.956746338967599	46949.01030073378
DFVQPPTK	1	sp|P01042|KNG1_HUMAN	0.008235294	0.9440873193926883	0.8212266631602498	3872.7950695587665
DESANQEEPEAR	2	sp|P50552|VASP_HUMAN	0.006105006	0.9933552810135716	0.9129977680149985	4374.593145642755
NEC[+57.021465]FLQHK	2	sp|P02768|ALBU_HUMAN	0.020477816	1.0	0.9598075071489124	66654.23925330449
STAAMSTYTGIFTDQVLSVLK	3	sp|P02655|APOC2_HUMAN	0.0026041667	1.0	0.9151082348035058	375335.7680773415
SGTASEMGTER	2	sp|Q9ULI3|HEG1_HUMAN	0.006105006	0.9866190731264982	0.8045999291415544	7516.885941090704
LWWLDLK	2	sp|P02790|HEMO_HUMAN	0.0026041667	1.0	0.9852862156850674	4001749.4695363017
ALDLINK	2	sp|P04196|HRG_HUMAN	0.006105006	0.9728591838590949	0.9859521594380377	74571.8386296
DIPMNPMC[+57.021465]IYR	2	sp|P01008|ANT3_HUMAN	0.006105006	0.9866190731264982	0.9692577422093634	128958.30337110207
TEGDGVYTLNNEK	2	sp|P00738|HPT_HUMAN	0.0026041667	1.0	0.9386492357352	1044106.2493308429
VPTVEPLDSLTLFLFR	2	sp|P13598|ICAM2_HUMAN	0.0071599046	0.9658285256870233	0.9635138093643403	830364.2154553559
LVAASQAALGL	2	sp|P02768|ALBU_HUMAN	0.0026041667	1.0	0.9415391605603832	1425731.4328477834
MNFRPGVLSSR	3	sp|Q14624|ITIH4_HUMAN	0.006105006	0.9728591838590949	0.950254979489705	490694.9453581549
ITLLSALVETR	3	sp|P01011|AACT_HUMAN	0.0026041667	1.0	0.9012389886661459	444.84252330948516
FLENEDR	1	sp|P01009|A1AT_HUMAN	0.006105006	0.9797881705057813	0.9461843175080858	8914.665890954935
ALGISPFHEHAEVVFTANDSGPR	5	sp|P02766|TTHY_HUMAN	0.012672811	0.9054124614333342	0.7084377261273578	23374.644833317216
ALPAPIEK	2	sp|P01857|IGHG1_HUMAN;sp|P01860|IGHG3_HUMAN;sp|P0DOX5|IGG1_HUMAN	0.0026041667	1.0	0.9774809871161987	493700.42754359765
FDPVRGEVPPR	3	sp|P02790|HEMO_HUMAN	0.006105006	0.9728591838590949	0.9691577091644638	701095.3784903408
MADEAGSEADHEGTHSTK	3	sp|P02671|FIBA_HUMAN	0.0026041667	1.0	0.9188077706130483	12707.575185019696
TLLVFEVQQPFLFVLWDQQHK	3	sp|P05155|IC1_HUMAN	0.006105006	0.9728591838590949	0.9408647523171397	41693.55303122508
LNDLEDALQQAK	3	sp|P04264|K2C1_HUMAN	0.0026041667	1.0	0.8817764771674967	7765.014405067286
YLYEIAR	2	sp|P02768|ALBU_HUMAN	0.006105006	0.9797881705057813	0.9824974359529365	451314.36084889196
DSGRDYVSQFEGSALGK	2	sp|P02647|APOA1_HUMAN	0.0026041667	1.0	0.8701816345203139	1587734.171049056
ALGISPFHEHAEVVFTANDSGPRR	5	sp|P02766|TTHY_HUMAN	0.006105006	0.9866190731264982	0.9489410765771434	181522.45435653886
SLNNQFASFIDK	2	sp|P04264|K2C1_HUMAN	0.0026041667	1.0	0.9414244170703321	130719.07386537758
AADDTWEPFASGK	2	sp|P02766|TTHY_HUMAN	0.006105006	0.9933552810135716	0.9518525090310671	3672143.382670732
FSSSSGYGGGSSR	2	sp|P35527|K1C9_HUMAN	0.0026041667	1.0	0.7282162469683507	4749.6123014997365
LVLLNAIYLSAK	3	sp|P05155|IC1_HUMAN	0.008235294	0.9366095275687156	0.8428786660966042	187.98267237815702
LYLVQGTQVYVFLTK	2	sp|P02790|HEMO_HUMAN	0.0071599046	0.9658285256870233	0.9614243810456721	197604.66327466234
EQYAVVGHSAHIVTLK	2	sp|O75882|ATRN_HUMAN	0.0026041667	1.0	0.9548928434088327	54131.684145115454
VNVDEVGGEALGR	2	sp|P68871|HBB_HUMAN	0.0026041667	1.0	0.8738644459366796	9375.391409189355
NWGLSVYADKPETTK	3	sp|P02763|A1AG1_HUMAN	0.0026041667	1.0	0.9429077479269637	478744.3125635304
GDPLGTEGGLDASNTER	2	sp|Q12913|PTPRJ_HUMAN	0.006105006	0.9728591838590949	0.9525612634771405	149610.18828730233
LLGLSLAGK	1	sp|Q9Y5Y7|LYVE1_HUMAN	0.0026041667	1.0	0.7305100626198536	44521.59809367187
LGNQEPGGQTALK	2	sp|P08697|A2AP_HUMAN	0.006105006	0.9933552810135716	0.9510414761653108	177354.37056981717
GLYDVVSVLR	2	sp|O75144|ICOSL_HUMAN	0.006105006	0.9933552810135716	0.9595198869043945	63973.04090295662
GSPAINVAVHVFRK	2	sp|P02766|TTHY_HUMAN	0.026996626	0.5226635955578876	0.936012093531261	26632.606224667827
ETPAATEAPSSTPK	2	sp|P80723|BASP1_HUMAN	0.006105006	0.9933552810135716	0.8917611686972607	11456.560677447726
AVLHIGEK	2	sp|P05543|THBG_HUMAN	0.0026041667	1.0	0.9713046863746837	183087.6313678081
DNENVVNEYSSELEK	2	sp|P02675|FIBB_HUMAN	0.006105006	0.9728591838590949	0.751699776019194	2810.7924349762156
TDTSHHDQDHPTFNK	4	sp|P01009|A1AT_HUMAN	0.0026041667	1.0	0.9455182809825793	32402604.73338824
LYHSEAFTVNFGDTEEAKK	3	sp|P01009|A1AT_HUMAN	0.0026041667	1.0	0.956881050066666	913601.5364778939
FAGVFHVEK	2	sp|P16070|CD44_HUMAN	0.0026041667	1.0	0.9738112279941763	171845.00277679315
GPALTTPK	2	sp|Q92954|PRG4_HUMAN	0.022650057	0.9728591838590949	0.9862061470443683	50286.58150862931
VTMQNLNDR	2	sp|P02533|K1C14_HUMAN;sp|P08779|K1C16_HUMAN;sp|P13645|K1C10_HUMAN;sp|Q7Z3Y7|K1C28_HUMAN;sp|Q7Z3Y8|K1C27_HUMAN;sp|Q7Z3Y9|K1C26_HUMAN;sp|Q7Z3Z0|K1C25_HUMAN	0.0026041667	1.0	0.987619945772849	85251.3902365829
EDMSEPQEK	2	sp|Q14515|SPRL1_HUMAN	0.0026041667	1.0	0.8805972616651655	31672.154063464288
DYFMPC[+57.021465]PGR	2	sp|P02790|HEMO_HUMAN	0.0026041667	1.0	0.9429875595647039	52934140.33631488
VEIDTKSYWK	2	sp|P02766|TTHY_HUMAN	0.0026041667	1.0	0.9746349988969585	48670.746575720805
ANRPFLVFIR	3	sp|P01008|ANT3_HUMAN	0.006105006	0.9728591838590949	0.9677798309988357	546054.6536657894
FLASVSTVLTSK	2	sp|P69905|HBA_HUMAN	0.0026041667	1.0	0.9892002957416975	68726.18896542377
TEHPFTVEEFVLPK	3	sp|P01023|A2MG_HUMAN	0.0026041667	1.0	0.8891826580976349	69555.3070487381
FKLDDDLEHQGGHVLDHGHK	6	sp|P01042|KNG1_HUMAN	0.006105006	0.9797881705057813	0.8764704222237214	73996.98531720477
GLGELQELYLK	2	sp|P07359|GP1BA_HUMAN	0.0026041667	1.0	0.9843887682499048	92974.38706455524
LPTDSELAPR	2	sp|P49908|SEPP1_HUMAN	0.0026041667	1.0	0.9152485777466955	322796.3812420581
GTHC[+57.021465]NQVEVIATLK	2	sp|P02775|CXCL7_HUMAN	0.006105006	0.9797881705057813	0.9017105984768309	161772.6023768992
SDVVYTDWKKDK	2	sp|P02763|A1AG1_HUMAN	0.006105006	0.9866190731264982	0.9437330458215943	24059.37653433799
AVMDDFAAFVEK	3	sp|P02768|ALBU_HUMAN	0.006105006	0.9797881705057813	0.9340421560839381	19199.62319696763
EESLDSDLYAELR	2	sp|P02775|CXCL7_HUMAN	0.006105006	0.9866190731264982	0.935554188654842	171789.02105746593
QISNLQQSISDAEQR	2	sp|P04264|K2C1_HUMAN	0.006105006	0.9728591838590949	0.9390652868744176	70090.15742718223
VIVVSMNYR	2	sp|P06276|CHLE_HUMAN	0.0026041667	1.0	0.9206490156845554	120450.21249025813
MTVTDQVNC[+57.021465]PK	2	sp|P05090|APOD_HUMAN	0.0026041667	1.0	0.962169306781944	753109.0049136394
VVAGVANALAHK	3	sp|P02042|HBD_HUMAN;sp|P68871|HBB_HUMAN	0.0026041667	1.0	0.9521940188461768	404529.7988817746
IYPTVNC[+57.021465]QPLGMISLMK	3	sp|P01042|KNG1_HUMAN	0.0026041667	1.0	0.9435769550397175	142290.95176612414
DGYLFQLLR	2	sp|P04196|HRG_HUMAN	0.006105006	0.9933552810135716	0.9843170206474663	668590.3720344261
NFPSPVDAAFR	2	sp|P02790|HEMO_HUMAN	0.0026041667	1.0	0.9715250018325099	21834578.7845143
AEDTAVYYC[+57.021465]AR	2	sp|A0A0B4J1V1|HV321_HUMAN;sp|A0A0B4J1X5|HV374_HUMAN;sp|A0A0C4DH42|HV366_HUMAN;sp|A0A0J9YVY3|HV741_HUMAN;sp|P01762|HV311_HUMAN;sp|P01763|HV348_HUMAN;sp|P01767|HV353_HUMAN;sp|P01772|HV333_HUMAN;sp|P01780|HV307_HUMAN;sp|P0DOX2|IGA2_HUMAN;sp|P0DP02|HVC33_HUMAN	0.0026041667	1.0	0.8780142572528964	6785.666465798012
AVLTIDEK	2	sp|P01009|A1AT_HUMAN	0.026996626	0.9797881705057813	0.981395075501796	1523231.7970542382
GVTSVSQIFHSPDLAIR	2	sp|P05155|IC1_HUMAN	0.006105006	0.9797881705057813	0.907381206164492	58543.30840276535
RYTIAALLSPYSYSTTAVVTNPKE	4	sp|P02766|TTHY_HUMAN	0.0026041667	1.0	0.9132227920864174	997886.6483903072
TWQDC[+57.021465]EYK	2	sp|P01042|KNG1_HUMAN	0.006105006	0.9933552810135716	0.9648427113769047	14716.665991134116
DQYYNIDVPSR	3	sp|Q92954|PRG4_HUMAN	0.006105006	0.9933552810135716	0.9160964810830629	24024.35636981465
C[+57.021465]TWLIEGQPNR	2	sp|O75882|ATRN_HUMAN	0.006105006	0.9933552810135716	0.9173358031367168	45139.52595753982
IHLMAGR	1	sp|Q5T013|HYI_HUMAN	0.006105006	0.9797881705057813	0.9770486293038928	10495.066251515897
STSESTAALGC[+57.021465]LVK	2	sp|P01859|IGHG2_HUMAN;sp|P01861|IGHG4_HUMAN	0.006105006	0.9933552810135716	0.8562959606149008	348.7726712957375
EQLTPLIK	1	sp|P02652|APOA2_HUMAN	0.02154195	0.8159995903747699	0.7117126780118338	2681.484940788719
QPAVEEPAEVTATVLASR	4	sp|P32942|ICAM3_HUMAN	0.0071599046	0.9658285256870233	0.9555680939127764	7288.78198435158
SKEQLTPLIK	3	sp|P02652|APOA2_HUMAN	0.0026041667	1.0	0.9423228857525263	228500.47857505124
LRTEGDGVYTLNNEK	2	sp|P00738|HPT_HUMAN	0.0026041667	1.0	0.9285125193487844	635722.848744047
TYMLAFDVNDEK	3	sp|P02763|A1AG1_HUMAN	0.006105006	0.9866190731264982	0.9348124862140155	46232.75013365834
SEAAC[+57.021465]LAAGPGIR	2	sp|O75882|ATRN_HUMAN	0.0026041667	1.0	0.9701687887922428	163585.23764899233
IPKPEASFSPR	2	sp|Q14624|ITIH4_HUMAN	0.006105006	0.9728591838590949	0.89539867795749	2539.944448425893
TVESITDIR	2	sp|P11279|LAMP1_HUMAN	0.0026041667	1.0	0.9771703642166418	852819.1098954424
QQDVLGFLEANK	2	sp|O75368|SH3L1_HUMAN	0.006105006	0.9933552810135716	0.9977081392265161	39248.74012263221
LAADDFR	1	sp|O76013|KRT36_HUMAN;sp|O76014|KRT37_HUMAN;sp|O76015|KRT38_HUMAN;sp|P02533|K1C14_HUMAN;sp|P05783|K1C18_HUMAN;sp|P08727|K1C19_HUMAN;sp|P08779|K1C16_HUMAN;sp|P13645|K1C10_HUMAN;sp|P13646|K1C13_HUMAN;sp|P19012|K1C15_HUMAN;sp|Q04695|K1C17_HUMAN;sp|Q14525|KT33B_HUMAN;sp|Q14532|K1H2_HUMAN;sp|Q15323|K1H1_HUMAN;sp|Q2M2I5|K1C24_HUMAN;sp|Q7Z3Y7|K1C28_HUMAN;sp|Q92764|KRT35_HUMAN	0.0071599046	0.9514467542496609	0.7616951119557388	1764.2360825920287
LYGSEAFATDFQDSAAAK	2	sp|P01011|AACT_HUMAN	0.0026041667	1.0	0.8948962434106276	733921.1550001841
STSGGTAALGC[+57.021465]LVK	3	sp|P01857|IGHG1_HUMAN;sp|P01860|IGHG3_HUMAN;sp|P0DOX5|IGG1_HUMAN	0.0026041667	1.0	0.8816407093178547	6073.306764579767
EQLGEFYEALDC[+57.021465]LR	2	sp|P02763|A1AG1_HUMAN	0.006105006	0.9728591838590949	0.9484676905816919	7158388.392026929
C[+57.021465]EDLETQTQSEK	2	sp|O00592|PODXL_HUMAN	0.006105006	0.9866190731264982	0.8220937426254966	2391.7576046661056
KWQEEMELYR	3	sp|P02647|APOA1_HUMAN	0.006105006	0.9933552810135716	0.9455271247262804	7139.209423957071
LEDMEQALSPSVFK	3	sp|P05155|IC1_HUMAN	0.006105006	0.9797881705057813	0.957797386118769	146056.9223708014
EDC[+57.021465]VEIYIK	2	sp|P14151|LYAM1_HUMAN	0.0026041667	1.0	0.9867652645626454	358914.89096934174
VLDAVRGSPAINVAVHVFR	3	sp|P02766|TTHY_HUMAN	0.006105006	0.9933552810135716	0.8783076553515862	305106.45884954155
YAATSQVLLPSK	2	sp|P01871|IGHM_HUMAN;sp|P0DOX6|IGM_HUMAN	0.0026041667	1.0	0.7874570880735651	10610.604344770964
ITPNLAEFAFSLYR	2	sp|P01009|A1AT_HUMAN	0.0026041667	1.0	0.9583536477903812	16928883.840546317
ALDLINKR	2	sp|P04196|HRG_HUMAN	0.006105006	0.9797881705057813	0.9224164499837696	12107.541020350474
EILSVDC[+57.021465]STNNPSQAK	2	sp|P10909|CLUS_HUMAN	0.0026041667	1.0	0.8815318126064051	184039.08863621933
KGDTFSC[+57.021465]MVGHEALPLAFTQK	3	sp|P01876|IGHA1_HUMAN	0.0026041667	1.0	0.9307106128126981	28717.48151732377
YFHHNSDFHIPK	2	sp|O75015|FCG3B_HUMAN	0.024802705	0.672124945171228	0.8260639792339769	11983.310337890109
DDLYVSDAFHK	2	sp|P01008|ANT3_HUMAN	0.0026041667	1.0	0.981329582991606	80552.63196327072
LTQLNLDR	2	sp|P07359|GP1BA_HUMAN	0.0026041667	1.0	0.9910974212512311	159150.9006833725
ENQLEVLEVSWLHGLK	3	sp|P02750|A2GL_HUMAN	0.0026041667	1.0	0.8481236269999656	59677.965306654514
DYFM[+15.994915]PC[+57.021465]PGR	2	sp|P02790|HEMO_HUMAN	0.0026041667	1.0	0.9804625587828405	231357.43366601333
DVSSSVYSTWK	2	sp|P10721|KIT_HUMAN	0.0026041667	1.0	0.9595484483794927	13698.768368819898
VQPYLDDFQK	3	sp|P02647|APOA1_HUMAN	0.0026041667	1.0	0.7451856604203572	1629.7870941675878
C[+57.021465]SPHLVLSALTSDNHGATYAFSGTHYWR	4	sp|P02790|HEMO_HUMAN	0.006105006	0.9797881705057813	0.9447164262200896	2457105.40192736
SGAQATWTELPWPHEK	3	sp|P02790|HEMO_HUMAN	0.0026041667	1.0	0.9687806942805263	6862793.357655829
YWNDC[+57.021465]EPPDSR	2	sp|P04196|HRG_HUMAN	0.0026041667	1.0	0.9643461805730558	53354.86519800121
GNLMGGWK	2	sp|P23435|CBLN1_HUMAN;sp|Q8IUK8|CBLN2_HUMAN	0.006105006	0.9797881705057813	0.939652754016996	680.8709267712136
ASVDSGSSEEQGGSSR	2	sp|P01833|PIGR_HUMAN	0.006105006	0.9797881705057813	0.9594049932067913	9318.168243933225
VLDAVRGSPAINVAVHVFR	4	sp|P02766|TTHY_HUMAN	0.006105006	0.9933552810135716	0.9390407910819325	485078.96599315375
TLM[+15.994915]FGSYLDDEK	2	sp|P19652|A1AG2_HUMAN	0.0026041667	1.0	0.8796269888426674	67359.54270127545
VAAEDWK	2	sp|P01876|IGHA1_HUMAN;sp|P01877|IGHA2_HUMAN;sp|P0DOX2|IGA2_HUMAN	0.0026041667	1.0	0.7491512447284632	3175.5050847551206
MEPFHFK	2	sp|P05155|IC1_HUMAN	0.006105006	0.9797881705057813	0.9670853051719597	1239214.1425849504
FLEQQNQVLQTK	2	sp|P04264|K2C1_HUMAN;sp|P35908|K22E_HUMAN;sp|Q7Z794|K2C1B_HUMAN	0.0026041667	1.0	0.9498238497202836	48042.40457049461
RVAEGTQVLELPFK	3	sp|P01008|ANT3_HUMAN	0.0026041667	1.0	0.9477060644008192	537049.2327242923
YTIAALLSPYSYSTTAVVTNPKE	4	sp|P02766|TTHY_HUMAN	0.0026041667	1.0	0.9487037790278005	798235.883773176
GGSIQQYIYK	2	sp|Q92954|PRG4_HUMAN	0.0026041667	1.0	0.9282441335106718	164459.90086512908
ALFLETEQLK	2	sp|Q13740|CD166_HUMAN	0.006105006	0.9933552810135716	0.8947605921279927	11914.695235253517
SGFPQVSMFFTHTFPK	3	sp|P04196|HRG_HUMAN	0.0026041667	1.0	0.8971265814443917	103557.4832722795
HTLNQIDEVK	3	sp|P02765|FETUA_HUMAN	0.006105006	0.9933552810135716	0.9436111540206186	36898.63255186304
HTFMGVVSLGSPSGEVSHPR	3	sp|P02765|FETUA_HUMAN	0.006105006	0.9933552810135716	0.8997672064713438	156752.9569807234
GLEWVGFIR	2	sp|A0A0A0MS15|HV349_HUMAN	0.0026041667	1.0	0.8743108490051185	42096.02000127216
TFYEPGEEITYSC[+57.021465]KPGYVSR	4	sp|P02749|APOH_HUMAN	0.013793103	0.9054124614333342	0.9653293929716037	20423.697035746838
QVILTLQPTLVAVGK	3	sp|P13598|ICAM2_HUMAN	0.0026041667	1.0	0.8797199739632229	387120.062604879
TVPLAVLQLR	2	sp|P23467|PTPRB_HUMAN	0.0026041667	1.0	0.912757870512971	29835.18495746451
TVGSDTFYSFK	2	sp|P01042|KNG1_HUMAN	0.0026041667	1.0	0.9503243366373407	47074.72208223071
LTGSSGFVTDGPGNYK	2	sp|O75882|ATRN_HUMAN	0.006105006	0.9797881705057813	0.9550750847313543	115078.7542628402
TLYSSSPR	1	sp|P05155|IC1_HUMAN	0.006105006	0.9797881705057813	0.9432907298188252	2980.844948585104
EQLGEFYEALDC[+57.021465]LRIPK	3	sp|P02763|A1AG1_HUMAN	0.006105006	0.9933552810135716	0.9747422118343007	247556.49187664047
QTALVELVK	2	sp|P02768|ALBU_HUMAN	0.0026041667	1.0	0.8907916372441992	39636.15587163008
DGWHSWPIAHQWPQGPSAVDAAFSWEEK	5	sp|P02790|HEMO_HUMAN	0.006105006	0.9797881705057813	0.8049645829556238	2694.003699877966
SHALQLNNR	2	sp|P0C0L4|CO4A_HUMAN;sp|P0C0L5|CO4B_HUMAN	0.006105006	0.9866190731264982	0.9454281751526719	13093.637546447679
ITDVIPSEAINELTVLVLVNTIYFK	4	sp|P01008|ANT3_HUMAN	0.0071599046	0.9658285256870233	0.9697220441320521	28581.841620906984
SGAQATWTELPWPHEK	4	sp|P02790|HEMO_HUMAN	0.0026041667	1.0	0.9065576682869294	667742.8397977189
YFIDFVAR	2	sp|P01042|KNG1_HUMAN	0.0026041667	1.0	0.977114283089226	4445715.994714207
NMQDMVEDYR	2	sp|P04264|K2C1_HUMAN	0.0026041667	1.0	0.9077012079463674	12884.06124439784
SYYWIGIR	2	sp|P14151|LYAM1_HUMAN	0.0026041667	1.0	0.9418337983105948	1874396.7453155306
AEELSIQVSC[+57.021465]R	2	sp|Q9Y5Y7|LYVE1_HUMAN	0.0026041667	1.0	0.9513608178548992	163178.88255388048
YEGSYALTSEEAER	2	sp|O95810|CAVN2_HUMAN	0.006105006	0.9797881705057813	0.9296629221898801	15190.020759460609
DIAPTLTLYVGK	2	sp|P00738|HPT_HUMAN;sp|P00739|HPTR_HUMAN	0.0026041667	1.0	0.9646019424589232	2269565.2125582113
VDNALQSGNSQESVTEQDSK	3	sp|P01834|IGKC_HUMAN;sp|P0DOX7|IGK_HUMAN	0.0026041667	1.0	0.9093783628622226	82150.56538862291
NTLYLQMNSLR	2	sp|A0A0B4J1X5|HV374_HUMAN;sp|A0A0C4DH42|HV366_HUMAN;sp|P01764|HV323_HUMAN;sp|P01767|HV353_HUMAN;sp|P01768|HV330_HUMAN;sp|P01772|HV333_HUMAN;sp|P0DP02|HVC33_HUMAN;sp|P0DP03|HVC05_HUMAN	0.0026041667	1.0	0.9557003938574208	90234.06351412507
SDVMYTDWKK	3	sp|P19652|A1AG2_HUMAN	0.01934016	0.8354707271418766	0.8613719729959883	39399.18727669521
FSGSNSGNTATLTISR	2	sp|A0A075B6K5|LV39_HUMAN;sp|P80748|LV321_HUMAN	0.006105006	0.9797881705057813	0.920811523581209	4465.573081811045
WQEEMELYR	2	sp|P02647|APOA1_HUMAN	0.0026041667	1.0	0.949198186166348	41345.85674655953
IASFSQNC[+57.021465]DIYPGK	2	sp|P01042|KNG1_HUMAN	0.006105006	0.9797881705057813	0.9520856917935696	833552.9630452854
EENFYVDETTVVK	3	sp|P08185|CBG_HUMAN	0.006105006	0.9797881705057813	0.9801332165019553	157774.32892184937
M[+15.994915]TVTDQVNC[+57.021465]PK	2	sp|P05090|APOD_HUMAN	0.0026041667	1.0	0.9379394283728073	6986.98006571331
IHWESASLLR	3	sp|P01024|CO3_HUMAN	0.006105006	0.9933552810135716	0.9682161304197106	147608.07814556363
AFIQLWAFDAVK	2	sp|P02760|AMBP_HUMAN	0.006105006	0.9866190731264982	0.9582281821085536	40233.85240035984
WTFEILDETNENK	2	sp|P10721|KIT_HUMAN	0.0026041667	1.0	0.9570056562336448	812457.4040807092
HRLEDMEQALSPSVFK	4	sp|P05155|IC1_HUMAN	0.0026041667	1.0	0.9590481413190765	171367.00380892056
FIC[+57.021465]PLTGLWPINTLK	3	sp|P02749|APOH_HUMAN	0.006105006	0.9728591838590949	0.8637280469142523	290342.6239821148
AVLDVFEEGTEASAATAVK	4	sp|P01011|AACT_HUMAN	0.009334889	0.9290085173289965	0.7915307884650044	780.5406336908774
GPLQLER	2	sp|P02750|A2GL_HUMAN	0.0026041667	1.0	0.9422573392948969	314598.1055695814
EFNPLVIVGLSK	2	sp|P12259|FA5_HUMAN	0.0026041667	1.0	0.8933071089091821	11878.171388814904
NMQDLVEDFK	2	sp|P13647|K2C5_HUMAN	0.0026041667	1.0	0.7689244704870408	13717.997304887693
SVDIWLR	2	sp|P15151|PVR_HUMAN	0.006105006	0.9797881705057813	0.7475313515509409	15886.260031500335
NIQSLEVIGK	2	sp|P02775|CXCL7_HUMAN	0.0026041667	1.0	0.961719914205764	2146575.6223008237
AATGEC[+57.021465]TATVGK	2	sp|P01042|KNG1_HUMAN	0.006105006	0.9933552810135716	0.9796428139490168	13345.232440426435
NHNALLASLTTQK	3	sp|O75882|ATRN_HUMAN	0.006105006	0.9933552810135716	0.9743409337151975	17604.999972734724
SKLPGIVAEGRDDLYVSDAFHK	4	sp|P01008|ANT3_HUMAN	0.0026041667	1.0	0.925192651291168	30836.807312146044
TTPPVLDSDGSFFLYSK	3	sp|P01857|IGHG1_HUMAN;sp|P0DOX5|IGG1_HUMAN	0.0026041667	1.0	0.8714741868057981	32711.97993616454
DLMEKVK	2	sp|P02652|APOA2_HUMAN	0.006105006	0.9728591838590949	0.9640392724388978	54304.24081267267
VTM[+15.994915]QNLNDR	2	sp|P02533|K1C14_HUMAN;sp|P08779|K1C16_HUMAN;sp|P13645|K1C10_HUMAN;sp|Q7Z3Y7|K1C28_HUMAN;sp|Q7Z3Y8|K1C27_HUMAN;sp|Q7Z3Y9|K1C26_HUMAN;sp|Q7Z3Z0|K1C25_HUMAN	0.0026041667	1.0	0.9778466196147685	13471.207259286371
TSESGELHGLTTEEEFVEGIYK	3	sp|P02766|TTHY_HUMAN	0.0026041667	1.0	0.9375049035464758	112907261.7354282
LDDDLEHQGGHVLDHGHK	4	sp|P01042|KNG1_HUMAN	0.006105006	0.9933552810135716	0.9004056670662005	18199.01800099701
WYNLAIGSTC[+57.021465]PWLK	2	sp|P02760|AMBP_HUMAN	0.0026041667	1.0	0.8767633248187342	487954.29442189925
AVLDVFEEGTEASAATAVK	3	sp|P01011|AACT_HUMAN	0.0026041667	1.0	0.9385072155350818	146897.35401301994
NWGLSFYADKPETTK	3	sp|P19652|A1AG2_HUMAN	0.006105006	0.9728591838590949	0.9503562832384762	68888.33749431766
ILGGHLDAK	2	sp|P00738|HPT_HUMAN;sp|P00739|HPTR_HUMAN	0.006105006	0.9797881705057813	0.9436562292807203	66670.41138725543
LRTEGDGVYTLNDKK	3	sp|P00738|HPT_HUMAN;sp|P00739|HPTR_HUMAN	0.0026041667	1.0	0.869955968020015	29232.150938586226
SPELQAEAKSYFEK	3	sp|P02652|APOA2_HUMAN	0.026996626	0.4677351412871981	0.7466065900753986	4343.033040676707
NPNLPPETVDSLK	3	sp|P05090|APOD_HUMAN	0.009334889	0.9366095275687156	0.8682573975824153	16492.74622441048
STASFEELC[+57.021465]SEYR	3	sp|Q9NQ38|ISK5_HUMAN	0.024802705	0.7004675850791199	0.7937585920953711	2178.899455255513
ELELQIGNALFIGK	3	sp|P05543|THBG_HUMAN	0.006105006	0.9797881705057813	0.8239290854086033	11838.2328092653
ILLDEQAQWK	2	sp|P13598|ICAM2_HUMAN	0.0042462847	1.0	0.9873394464458857	16166.338607057
GAQTQTEEEMTR	2	sp|Q12841|FSTL1_HUMAN	0.0042462847	1.0	0.9642373403043801	7585.6920034649265
LLGLSLAGK	2	sp|Q9Y5Y7|LYVE1_HUMAN	0.0042462847	1.0	0.9880099679888468	12082475.805058116
TPLTATLSK	2	sp|P01876|IGHA1_HUMAN	0.008235294	0.9440873193926883	0.7815515196189841	11896.580804920683
DLATVYVDVLK	2	sp|P02647|APOA1_HUMAN	0.0042462847	1.0	0.9438360309363079	80825.7470887858
SVNNVVVR	2	sp|O75882|ATRN_HUMAN	0.006105006	0.9797881705057813	0.9878238974248303	26821.079556081044
GQC[+57.021465]IINSNK	2	sp|P43652|AFAM_HUMAN	0.0042462847	1.0	0.8190062482424216	19195.960982585333
VTTSQDMLSIMEK	3	sp|P05155|IC1_HUMAN	0.006105006	0.9866190731264982	0.9563580208210455	28519.221657963906
VMPIC[+57.021465]LPSK	2	sp|P00738|HPT_HUMAN;sp|P00739|HPTR_HUMAN	0.006105006	0.9866190731264982	0.9185999308442357	248952.32523373037
AVLHIGEK	1	sp|P05543|THBG_HUMAN	0.01934016	0.8718655118414741	0.7356115113147698	629.8997080721151
VAEGTQVLELPFK	3	sp|P01008|ANT3_HUMAN	0.0042462847	1.0	0.8738410612662906	45334.54441466042
GTWTQPFDLASTR	3	sp|P08185|CBG_HUMAN	0.0042462847	1.0	0.959602404492805	339289.31854527036
LSFQEFLK	2	sp|Q12841|FSTL1_HUMAN	0.0042462847	1.0	0.846128887149658	169232.5342900555
VC[+57.021465]TAELSC[+57.021465]K	2	sp|Q92954|PRG4_HUMAN	0.0042462847	1.0	0.9900316655337768	36065.22367803524
DEELSC[+57.021465]TVVELK	2	sp|P01011|AACT_HUMAN	0.006105006	0.9866190731264982	0.9906884686964209	480905.21184158267
YEELQITAGR	2	sp|P04259|K2C6B_HUMAN;sp|P04264|K2C1_HUMAN	0.006105006	0.9933552810135716	0.9657468694833334	7180.064518024199
ETC[+57.021465]FAEEGKK	2	sp|P02768|ALBU_HUMAN	0.006105006	0.9933552810135716	0.9171465838349007	3652.202305313481
SETEIHQGFQHLHQLFAK	3	sp|P08185|CBG_HUMAN	0.0042462847	1.0	0.9248009495435379	2644213.4150553895
TLGDSSAGEIALSTR	2	sp|P09619|PGFRB_HUMAN	0.0042462847	1.0	0.8338581434158552	42596.84589206379
SPELQAEAK	2	sp|P02652|APOA2_HUMAN	0.0042462847	1.0	0.9883963723115798	287563.11638823693
EGQMESVEAAMSSK	2	sp|P05543|THBG_HUMAN	0.006105006	0.9866190731264982	0.9501377932502344	643839.4321897328
TGLQEVEVK	2	sp|P01024|CO3_HUMAN	0.0042462847	1.0	0.9617105372202702	62019.19397764175
ALQATVGNSYK	2	sp|P11279|LAMP1_HUMAN	0.0042462847	1.0	0.9012542843717675	122067.54474388192
EQYAVVGHSAHIVTLK	4	sp|O75882|ATRN_HUMAN	0.0042462847	1.0	0.9307758292276549	4122964.2858610917
DLDMFINASK	2	sp|O75882|ATRN_HUMAN	0.0042462847	1.0	0.9559134936451409	244127.86585210706
ESLSSYWESAK	2	sp|P02655|APOC2_HUMAN	0.0042462847	1.0	0.9539314202331498	205582.52984542106
SDGDPVQPAVLQVHQTS	3	sp|O95810|CAVN2_HUMAN	0.0042462847	1.0	0.7575886598197215	156526.20745585274
FLQSFAR	2	sp|Q13201|MMRN1_HUMAN	0.0042462847	1.0	0.8995255922530543	81332.28867782897
VWPQQPSGELFEIEIDTLETTC[+57.021465]HVLDPTPVAR	5	sp|P02765|FETUA_HUMAN	0.0042462847	1.0	0.8471166005068778	209704.99989151012
TEDSSSFLIDK	2	sp|P05543|THBG_HUMAN	0.006105006	0.9933552810135716	0.9100652284517847	91503.81969465724
TYM[+15.994915]LAFDVNDEK	2	sp|P02763|A1AG1_HUMAN	0.0042462847	1.0	0.9700036638272662	3092815.2293982315
TLLVFEVQQPFLFVLWDQQHK	4	sp|P05155|IC1_HUMAN	0.006105006	0.9728591838590949	0.9459559680949641	50658.05898468637
LYHSEAFTVNFGDTEEAKK	5	sp|P01009|A1AT_HUMAN	0.011587486	0.9134157281067091	0.8259862102408129	6045.3584466403145
ISC[+57.021465]PEGTNAYR	2	sp|P05451|REG1A_HUMAN;sp|P48304|REG1B_HUMAN	0.013793103	1.0	0.9547900849743589	12035.391237527376
NIFISPVSISMALAMLSLGTC[+57.021465]GHTR	3	sp|P08185|CBG_HUMAN	0.006105006	0.9933552810135716	0.9036448374538354	124835.05033298828
AQVSPTASDMLHMR	3	sp|Q6UXB8|PI16_HUMAN	0.0042462847	1.0	0.9725567801306036	1099397.8287142585
GSPAINVAVHVFR	2	sp|P02766|TTHY_HUMAN	0.006105006	0.9933552810135716	0.9744881043956465	930844.4924242012
SC[+57.021465]AVAEYGVYVK	3	sp|P00738|HPT_HUMAN;sp|P00739|HPTR_HUMAN	0.006105006	0.9933552810135716	0.7487293688205153	13056.818316617997
EVPLNTIIFMGR	3	sp|P01008|ANT3_HUMAN	0.006105006	0.9797881705057813	0.9315332407570388	126282.87937502755
SETEIHQGFQHLHQLFAK	4	sp|P08185|CBG_HUMAN	0.0042462847	1.0	0.9694354387523495	2025376.9443659964
FKLDDDLEHQGGHVLDHGHK	4	sp|P01042|KNG1_HUMAN	0.006105006	0.9797881705057813	0.9466221468954809	6355.094274707213
YDVDTQMWTILK	2	sp|O75882|ATRN_HUMAN	0.0042462847	1.0	0.9646877891680469	4982225.298195453
ENEGFTVTAEGK	2	sp|P01024|CO3_HUMAN	0.0042462847	1.0	0.9582203893215692	11276.526506917187
GSFPWQAK	1	sp|P00738|HPT_HUMAN;sp|P00739|HPTR_HUMAN	0.006105006	0.9797881705057813	0.886736403051328	16307.269220140091
LGNFPWQAFTSIHGR	3	sp|Q9NZP8|C1RL_HUMAN	0.0042462847	1.0	0.8454528629177368	94694.0185355276
YVMLPVADQDQC[+57.021465]IR	2	sp|P00738|HPT_HUMAN	0.0042462847	1.0	0.9386531361708893	21670245.278797727
ESNEELTESC[+57.021465]ETK	2	sp|P01042|KNG1_HUMAN	0.006105006	0.9797881705057813	0.9753501377645953	5445.096697140434
RVWELSK	2	sp|P01008|ANT3_HUMAN	0.006105006	0.9797881705057813	0.9834885782706786	87940.23064559863
AATVGSLAGQPLQER	2	sp|P02649|APOE_HUMAN	0.0042462847	1.0	0.9773566900430054	352159.73802784435
QPAVEEPAEVTATVLASR	3	sp|P32942|ICAM3_HUMAN	0.0071599046	0.9658285256870233	0.9751356127039644	7135.872610973311
AVVFLEPQWYR	2	sp|P08637|FCG3A_HUMAN	0.006105006	0.9933552810135716	0.9530427587307708	475534.4496242926
YLGEEYVK	2	sp|P02787|TRFE_HUMAN	0.0042462847	1.0	0.9312251853873935	165870.12910729015
QEPSQGTTTFAVTSILR	3	sp|P01876|IGHA1_HUMAN	0.0042462847	1.0	0.9265800283517184	610039.2872784308
DASGATFTWTPSSGK	2	sp|P01877|IGHA2_HUMAN;sp|P0DOX2|IGA2_HUMAN	0.0042462847	1.0	0.918897587661613	289850.8239312762
LLQDEFPGIPSPLDAAVEC[+57.021465]HR	3	sp|P02790|HEMO_HUMAN	0.0042462847	1.0	0.9172106227511632	32054669.76880359
RHPDYSVVLLLR	2	sp|P02768|ALBU_HUMAN	0.0042462847	1.0	0.9113722121966334	203066.44615950162
NIFISPVSISMALAMLSLGTC[+57.021465]GHTR	4	sp|P08185|CBG_HUMAN	0.006105006	0.9933552810135716	0.9251587053128187	10662.48244000189
GVTSVSQIFHSPDLAIR	4	sp|P05155|IC1_HUMAN	0.006105006	0.9797881705057813	0.8722174026518338	92833.13564166383
KYPVAHFIDQTLK	2	sp|P05155|IC1_HUMAN	0.006105006	0.9797881705057813	0.9758425329852664	261868.28201505155
VKSPELQAEAK	3	sp|P02652|APOA2_HUMAN	0.006105006	0.9728591838590949	0.9356977979823532	9416.887880145136
LHMLQISYFR	3	sp|Q9UNN8|EPCR_HUMAN	0.0042462847	1.0	0.9165900128558195	77348.16842658703
LALDLEIATYR	2	sp|P04264|K2C1_HUMAN	0.0042462847	1.0	0.9797275056142564	17520.794155288764
QLGLPGPPDVPDHAAYHPFR	4	sp|Q14624|ITIH4_HUMAN	0.0042462847	1.0	0.8713510292649975	740269.6197196486
GDEC[+57.021465]QLC[+57.021465]EVENR	2	sp|O75882|ATRN_HUMAN	0.006105006	0.9866190731264982	0.8763495936017999	10947.81781071551
FNQPFIIM[+15.994915]IFDHFTWSSLFLAR	4	sp|P08185|CBG_HUMAN	0.0071599046	0.9658285256870233	0.8907351425186187	3377.50087158726
RYTIAALLSPYSYSTTAVVTNPK	5	sp|P02766|TTHY_HUMAN	0.0071599046	0.9514467542496609	0.8961414884766775	24904.029121248852
SPLFMGK	1	sp|P01009|A1AT_HUMAN	0.006105006	0.9797881705057813	0.9036017383810223	24242.960535085025
IADAHLDR	2	sp|P04196|HRG_HUMAN	0.006105006	0.9797881705057813	0.9442215689497241	4366.29182263426
KGEVLPLPEANFPSFPLPHHK	3	sp|P04196|HRG_HUMAN	0.006105006	0.9933552810135716	0.9498651514658273	118753.15530155832
YVGGQEHFAHLLILRDTK	5	sp|P02763|A1AG1_HUMAN	0.006105006	0.9933552810135716	0.881955210491334	9501.830894258106
GPSVFPLAPSSK	2	sp|P01857|IGHG1_HUMAN;sp|P0DOX5|IGG1_HUMAN	0.006105006	0.9933552810135716	0.9501584795070293	603768.6342766372
AYLEEEC[+57.021465]PATLR	2	sp|P25311|ZA2G_HUMAN	0.0042462847	1.0	0.9481730930531661	33424.0814228391
LLQDEFPGIPSPLDAAVEC[+57.021465]HR	4	sp|P02790|HEMO_HUMAN	0.0042462847	1.0	0.9704479682152415	914994.8877812278
DYWSTVK	1	sp|P02656|APOC3_HUMAN	0.0071599046	0.9658285256870233	0.9878151601863279	47959.65793373207
LLSHC[+57.021465]LLVTLAAHLPAEFTPAVHASLDK	5	sp|P69905|HBA_HUMAN	0.0042462847	1.0	0.9815848350300579	14731.193035014665
RYTIAALLSPYSYSTTAVVTNPKE	3	sp|P02766|TTHY_HUMAN	0.0042462847	1.0	0.9346376511032375	7475540.406356033
KPDGYDYYAFSK	2	sp|Q92954|PRG4_HUMAN	0.01934016	1.0	0.9882275812948179	253285.08866287384
DYNLNDILLQLGIEEAFTSK	3	sp|P01011|AACT_HUMAN	0.006105006	0.9866190731264982	0.8610403363623463	1540.7594394261096
LQHLENELTHDIITK	3	sp|P01009|A1AT_HUMAN	0.0071599046	0.9658285256870233	0.9504980523960255	23789.5768565899
ITGKWFYIASAFR	2	sp|P02763|A1AG1_HUMAN;sp|P19652|A1AG2_HUMAN	0.006105006	0.9797881705057813	0.9581740958544503	245584.99874888445
IEDGFSLK	2	sp|P01008|ANT3_HUMAN	0.006105006	0.9797881705057813	0.8892141295270573	58439.69195222297
DDNPNLPR	1	sp|P02768|ALBU_HUMAN	0.006105006	0.9797881705057813	0.742769474037316	2501.835562782465
GLASANVDFAFSLYK	2	sp|P08185|CBG_HUMAN	0.006105006	0.9797881705057813	0.9716063145746215	580855.8985823807
NQVSLTC[+57.021465]LVK	2	sp|P01857|IGHG1_HUMAN;sp|P01859|IGHG2_HUMAN;sp|P01860|IGHG3_HUMAN;sp|P01861|IGHG4_HUMAN;sp|P0DOX5|IGG1_HUMAN	0.006105006	0.9933552810135716	0.9917389714937085	28080.62440467804
VGFYESDVMGR	2	sp|P01023|A2MG_HUMAN	0.0042462847	1.0	0.9777065826714406	11507.623978987329
VAAEDWK	1	sp|P01876|IGHA1_HUMAN;sp|P01877|IGHA2_HUMAN;sp|P0DOX2|IGA2_HUMAN	0.0042462847	1.0	0.9332868318614891	57048.53516261838
MEPFHFK	1	sp|P05155|IC1_HUMAN	0.008235294	0.9440873193926883	0.9036111263177892	55039.643633845466
FDTISEK	1	sp|P01008|ANT3_HUMAN	0.0042462847	1.0	0.879037953792359	36222.833800867586
IMGITLVSK	2	sp|Q9Y5Y7|LYVE1_HUMAN	0.0042462847	1.0	0.9350455479220109	813682.5905252777
SILFLGK	2	sp|P05543|THBG_HUMAN	0.006105006	0.9728591838590949	0.9313859624519862	106053.96590697995
VLNQELR	1	sp|P05090|APOD_HUMAN	0.0042462847	1.0	0.9495838331377965	65099.69391965134
NTWSILHTQGALVQGGYGHSSVYDHR	4	sp|O75882|ATRN_HUMAN	0.006105006	0.9728591838590949	0.9446590924560274	21092.040230316543
IVDLFSGLDSPAILVLVNYIFFK	4	sp|P08185|CBG_HUMAN	0.0042462847	1.0	0.9123927651751629	577991.1371865858
LPGIVAEGRDDLYVSDAFHK	4	sp|P01008|ANT3_HUMAN	0.009334889	0.9366095275687156	0.707885620907366	6218.351423032546
SASLHLPK	1	sp|P01009|A1AT_HUMAN	0.0042462847	1.0	0.9388433463812471	109221.44728668893
SDVM[+15.994915]YTDWKK	3	sp|P19652|A1AG2_HUMAN	0.0042462847	1.0	0.8824721242495734	6339.223471424744
MEEVEAMLLPETLK	3	sp|P01011|AACT_HUMAN	0.0042462847	1.0	0.854034381984104	434214.41429633636
TLYSSSPR	2	sp|P05155|IC1_HUMAN	0.006105006	0.9797881705057813	0.9672034403710135	56962.72201557109
FLNVLSPR	2	sp|P17936|IBP3_HUMAN	0.006105006	0.9866190731264982	0.9891362935239001	90593.28909612806
C[+57.021465]SPHLVLSALTSDNHGATYAFSGTHYWR	6	sp|P02790|HEMO_HUMAN	0.006105006	0.9797881705057813	0.8486751068963614	114220.79516374375
ATEHLSTLSEK	2	sp|P02647|APOA1_HUMAN	0.006105006	0.9933552810135716	0.9381720398021455	219939.71473322323
LSPLGEEMR	2	sp|P02647|APOA1_HUMAN	0.0042462847	1.0	0.956451475028718	1830861.947231634
KLVAASQAALGL	2	sp|P02768|ALBU_HUMAN	0.0042462847	1.0	0.9350288350966719	58186.71087405575
EVGTPHGIILDSVDAAFIC[+57.021465]PGSSR	4	sp|P02790|HEMO_HUMAN	0.0042462847	1.0	0.9279565431379103	2978474.8109412636
TVVQPSVGAAAGPVVPPC[+57.021465]PGR	3	sp|P02765|FETUA_HUMAN	0.006105006	0.9933552810135716	0.9376469849624843	241411.5525328608
TGLEAISNHK	2	sp|Q14515|SPRL1_HUMAN	0.0042462847	1.0	0.7042552405192396	68607.8862194183
C[+57.021465]PLFEHFLK	2	sp|Q9NPH3|IL1AP_HUMAN	0.013793103	0.897262926642552	0.8669200014438098	887.9865212808279
QEINSHVEMQTK	2	sp|P05543|THBG_HUMAN	0.006105006	0.9866190731264982	0.9896571703770436	117430.2868744897
TC[+57.021465]PKPDDLPFSTVVPLK	3	sp|P02749|APOH_HUMAN	0.0042462847	1.0	0.980051169163463	335287.31264823314
RPC[+57.021465]FSALEVDETYVPK	2	sp|P02768|ALBU_HUMAN	0.0042462847	1.0	0.8829125230038491	42191.531538977935
YPNC[+57.021465]AYR	2	sp|P07998|RNAS1_HUMAN	0.006105006	0.9866190731264982	0.9674175663068699	326.98664462162617
DTKTYMLAFDVNDEK	2	sp|P02763|A1AG1_HUMAN	0.0042462847	1.0	0.80474109014569	138645.86825012867
KGDTFSC[+57.021465]MVGHEALPLAFTQK	4	sp|P01876|IGHA1_HUMAN	0.0042462847	1.0	0.9314951165905476	569963.7238673309
WFYIASAFR	2	sp|P02763|A1AG1_HUMAN;sp|P19652|A1AG2_HUMAN	0.006105006	0.9933552810135716	0.970623966826123	53734.31366997409
SKEEAEALYHSK	3	sp|P35908|K22E_HUMAN	0.006105006	0.9797881705057813	0.8692186181890799	13656.900048524642
GGGALLGDR	2	sp|P00736|C1R_HUMAN;sp|Q9NZP8|C1RL_HUMAN	0.0042462847	1.0	0.93936943969385	103370.71534238118
VTTVASHTSDSDVPSGVTEVVVK	3	sp|P10909|CLUS_HUMAN	0.006105006	0.9866190731264982	0.9006916042889561	46881.745936894265
AKPALEDLR	2	sp|P02647|APOA1_HUMAN	0.0042462847	1.0	0.9789196101831403	774744.4831951176
LSSWVLLMK	2	sp|P01009|A1AT_HUMAN	0.0042462847	1.0	0.877574917936368	130364.15658004527
NKEDC[+57.021465]VEIYIK	2	sp|P14151|LYAM1_HUMAN	0.006105006	0.9933552810135716	0.9524723310607272	26930.184537090136
AEDTAVYYC[+57.021465]AK	2	sp|P01764|HV323_HUMAN;sp|P01768|HV330_HUMAN;sp|P0DP03|HVC05_HUMAN	0.0042462847	1.0	0.9103374404228017	13911.11375163998
HYYESEVLAMNFQDWATASR	4	sp|P08185|CBG_HUMAN	0.006105006	0.9797881705057813	0.896981407231907	5951.73153614966
NALALFVLPK	2	sp|P05543|THBG_HUMAN	0.0042462847	1.0	0.975332529755633	1198207.7160334887
ELISERWK	2	sp|P02790|HEMO_HUMAN	0.0042462847	1.0	0.9334358226677306	228310.32224015356
ALEESNYELEGK	2	sp|P13645|K1C10_HUMAN	0.0042462847	1.0	0.9655435168476051	263437.27601484745
ADLSGITGAR	2	sp|P01011|AACT_HUMAN	0.0042462847	1.0	0.9619188158851132	310607.34522419045
KATVVYQGER	3	sp|P02749|APOH_HUMAN	0.0042462847	1.0	0.8466363570332175	21877.88824057042
DAEAWFNEK	2	sp|P13645|K1C10_HUMAN;sp|Q7Z3Y7|K1C28_HUMAN;sp|Q7Z3Y8|K1C27_HUMAN;sp|Q7Z3Z0|K1C25_HUMAN	0.0042462847	1.0	0.9520110502940197	77103.77363175892
SDVVYTDWKK	3	sp|P02763|A1AG1_HUMAN	0.0042462847	1.0	0.9398212586551663	7250.398213260973
VWFELTQGSITK	2	sp|Q9H8L6|MMRN2_HUMAN	0.006105006	0.9933552810135716	0.9301947673878566	10321.479174604228
EWFSETFQK	2	sp|P02654|APOC1_HUMAN	0.006105006	0.9933552810135716	0.9812498989806949	1221200.0076620195
KMTVTDQVNC[+57.021465]PK	2	sp|P05090|APOD_HUMAN	0.006105006	0.9866190731264982	0.9344041413355272	205169.76334610494
LFDSDPITVTVPVEVSR	2	sp|P10909|CLUS_HUMAN	0.0042462847	1.0	0.8946689827696904	13171.714393988068
ISASAEELR	2	sp|P06727|APOA4_HUMAN	0.023755657	1.0	0.789935179387134	49624.21181622001
EHSSLAFWK	2	sp|P02749|APOH_HUMAN	0.0042462847	1.0	0.953133070111954	144580.33740936758
NLMIDIQK	2	sp|Q9BY67|CADM1_HUMAN	0.0042462847	1.0	0.9664719489773462	857469.6111890819
DSGSYFC[+57.021465]R	2	sp|O75015|FCG3B_HUMAN;sp|P08637|FCG3A_HUMAN	0.025930101	0.9866190731264982	0.9176459675009397	9416.74130630261
FNQPFIIMIFDHFTWSSLFLAR	3	sp|P08185|CBG_HUMAN	0.0071599046	0.9658285256870233	0.9462165295361415	117848.14495733316
YEGGREHVAHLLFLR	2	sp|P19652|A1AG2_HUMAN	0.006105006	0.9797881705057813	0.9628105794329613	359086.0902649734
ENFLFLTPDC[+57.021465]K	2	sp|P01042|KNG1_HUMAN	0.006105006	0.9933552810135716	0.9614884306240645	248827.49075122044
ALGISPFHEHAEVVFTANDSGPR	3	sp|P02766|TTHY_HUMAN	0.0042462847	1.0	0.9498822739601538	7375373.7651116885
ITDVIPSEAINELTVLVLVNTIYFK	3	sp|P01008|ANT3_HUMAN	0.0071599046	0.9658285256870233	0.9354024377145048	14003.713408763004
ASSLESGVPSR	2	sp|P01602|KV105_HUMAN;sp|P0DOX7|IGK_HUMAN	0.0042462847	1.0	0.8909485886466117	26731.20232120005
GKEESLDSDLYAELR	2	sp|P02775|CXCL7_HUMAN	0.0042462847	1.0	0.9265540169976579	2326852.8386310735
SLGTDLMNEMR	2	sp|P05556|ITB1_HUMAN	0.0042462847	1.0	0.7819852378384013	4959.534211914803
LSITGTYDLK	2	sp|P01009|A1AT_HUMAN	0.0042462847	1.0	0.935899649028745	317456.92728165025
MYLGYEYVTAIR	2	sp|P02787|TRFE_HUMAN	0.0042462847	1.0	0.9139752918669257	171214.7622389777
DFTC[+57.021465]VHQALK	2	sp|P05155|IC1_HUMAN	0.009334889	1.0	0.9633771743538997	71797.29731060199
DFVQPPTK	2	sp|P01042|KNG1_HUMAN	0.006105006	0.9797881705057813	0.960441040097187	61958.63921088853
DLMEKVK	1	sp|P02652|APOA2_HUMAN	0.006105006	0.9728591838590949	0.9044220160173257	1786.216563258184
YGFIEGHVVIPR	3	sp|P16070|CD44_HUMAN	0.006105006	0.9933552810135716	0.9585374415833757	6950622.679652755
HITSLEVIK	2	sp|P02776|PLF4_HUMAN;sp|P10720|PF4V_HUMAN	0.0042462847	1.0	0.9508824257879146	1427272.1068848528
DLGEENFK	2	sp|P02768|ALBU_HUMAN	0.006105006	0.9866190731264982	0.975526038769327	19426.66429816922
YLTLNTESTR	2	sp|P06276|CHLE_HUMAN	0.006105006	0.9933552810135716	0.9208924838230348	9396.898352350803
TAAQNLYEK	2	sp|P02655|APOC2_HUMAN	0.0042462847	1.0	0.9629790349804772	1568799.2268966583
HRLEDMEQALSPSVFK	2	sp|P05155|IC1_HUMAN	0.012672811	0.9134157281067091	0.8662339155902659	9913.95229500042
ALGISPFHEHAEVVFTANDSGPRR	3	sp|P02766|TTHY_HUMAN	0.006105006	0.9866190731264982	0.7558917844029291	81467.34415387122
