peptide	charge	proteins	q_value	score	spectral_angle	20241028_OA3_Evo02_ViAl_SA_FAIMS40_IO27_A556_MOMI_ABGD_P57_F12_R01.mzML
MTVSTLVLGEGATEAEISMTSTR	3	sp|P02760|AMBP_HUMAN	0.014778325	1.0	0.9331900864981212	1044409.1088618911
LQQDVLQFQK	2	sp|Q8NBJ4|GOLM1_HUMAN	0.014778325	1.0	0.9375814367895136	5738.982686045899
VPTVEPLDSLTLFLFR	3	sp|P13598|ICAM2_HUMAN	0.014778325	0.9658285256870233	0.8650306026955213	6969.296451666086
ILGGHLDAK	1	sp|P00738|HPT_HUMAN;sp|P00739|HPTR_HUMAN	0.014778325	0.9797881705057813	0.9539036133380889	14094.691613268702
SSNTYTLTDVR	2	sp|Q13740|CD166_HUMAN	0.014778325	1.0	0.9603523278255789	21567.148906945346
LGFTDLFSK	2	sp|P29622|KAIN_HUMAN	0.014778325	1.0	0.9105325126212896	36467.987820399954
TSLTVVLLR	2	sp|P32942|ICAM3_HUMAN	0.014778325	1.0	0.9462920869995272	140047.736874867
DTKTLMFGSYLDDEK	2	sp|P19652|A1AG2_HUMAN	0.014778325	1.0	0.9483259552904976	4412374.19569578
RLGM[+15.994915]FNIQHC[+57.021465]K	3	sp|P01009|A1AT_HUMAN	0.014778325	0.9866190731264982	0.8402068082834797	345.5044587140479
ITLLSALVETR	2	sp|P01011|AACT_HUMAN	0.014778325	1.0	0.9286180933265481	34256.19786074814
C[+57.021465]AGQQQDIR	2	sp|P27918|PROP_HUMAN	0.014778325	1.0	0.7816372024978884	8794.14300991939
FDPVRGEVPPR	2	sp|P02790|HEMO_HUMAN	0.014778325	0.9728591838590949	0.9671529879221882	299472.2056148513
VQLTGEPVPMAR	3	sp|P15151|PVR_HUMAN	0.014778325	1.0	0.9236815126223535	1622.5873128526437
MADEAGSEADHEGTHSTK	2	sp|P02671|FIBA_HUMAN	0.014778325	1.0	0.8473631188227917	251.86140341357856
QIQVFEDEPAR	2	sp|Q9NPH3|IL1AP_HUMAN	0.014778325	1.0	0.9093713985615747	78258.93722801449
EETNEIQVVNEEPQR	2	sp|Q8NBJ4|GOLM1_HUMAN	0.014778325	1.0	0.8492384049511322	379106.619983911
LDELRDEGK	2	sp|P02768|ALBU_HUMAN	0.014778325	1.0	0.9438201628268809	89780.58910543067
TFTC[+57.021465]TAAYPESK	2	sp|P01876|IGHA1_HUMAN	0.014778325	0.9933552810135716	0.9466163555978349	191192.05095203346
GEVLPLPEANFPSFPLPHHK	4	sp|P04196|HRG_HUMAN	0.014778325	1.0	0.9192447699194483	503645.49198531883
EFGNTLEDK	2	sp|P02654|APOC1_HUMAN	0.014778325	0.9866190731264982	0.97882835397785	291385.4700553092
SISTAYLQWSSLK	2	sp|A0A0C4DH38|HV551_HUMAN;sp|A0A0J9YXX1|HV5X1_HUMAN	0.014778325	0.9866190731264982	0.9739137069448169	71276.68888674372
LLVVYPWTQR	2	sp|P02042|HBD_HUMAN;sp|P02100|HBE_HUMAN;sp|P68871|HBB_HUMAN;sp|P69891|HBG1_HUMAN;sp|P69892|HBG2_HUMAN	0.014778325	1.0	0.9708783171177063	153123.20724261634
LYLVQGTQVYVFLTK	3	sp|P02790|HEMO_HUMAN	0.014778325	0.9728591838590949	0.9664053074702265	23830.647380809223
C[+57.021465]PNPPVQENFDVNK	2	sp|P05090|APOD_HUMAN	0.014778325	1.0	0.9491327269222802	1360314.7151965417
GPLDQLEK	2	sp|P05546|HEP2_HUMAN	0.014778325	0.9797881705057813	0.9359803542376399	19636.5546318387
GEC[+57.021465]QAEGVLFFQGDR	3	sp|P02790|HEMO_HUMAN	0.014778325	0.9728591838590949	0.7664721099289834	15833.4735306155
SSSQELGLK	2	sp|Q14515|SPRL1_HUMAN	0.014778325	0.9866190731264982	0.9540971813873208	6372.778795245514
AVM[+15.994915]DDFAAFVEK	2	sp|P02768|ALBU_HUMAN	0.014778325	1.0	0.8575859920312799	25755.63153175148
VGSALFLSHNLK	3	sp|P29622|KAIN_HUMAN	0.014778325	0.9728591838590949	0.9561532936981906	56032.71332271076
GDLYFANVEEK	2	sp|O00533|NCHL1_HUMAN	0.014778325	1.0	0.8713988470386215	7461.599397381192
ISSDSPPSVQFMNR	2	sp|Q9H2A7|CXL16_HUMAN	0.014778325	0.9797881705057813	0.8988724166020479	16183.613523360445
ADIGC[+57.021465]TPGSGK	2	sp|P01024|CO3_HUMAN	0.014778325	1.0	0.9249066385715156	31657.68742801348
DTVFALVNYIFFK	3	sp|P01009|A1AT_HUMAN	0.014778325	1.0	0.8324411833764488	44337.74248810587
FSPENTR	2	sp|P01008|ANT3_HUMAN	0.014778325	1.0	0.9212452725355206	155614.20962430787
HSAQPWADFTLLGAR	3	sp|Q8IYS5|OSCAR_HUMAN	0.014778325	1.0	0.9161575063573015	125848.05108827636
DALSSVQESQVAQQAR	3	sp|P02656|APOC3_HUMAN	0.014778325	0.9728591838590949	0.8548027454797085	3711.641013605095
GTYSTTVTGR	2	sp|P08519|APOA_HUMAN	0.014778325	0.9866190731264982	0.9719642418178531	69507.71106739102
TDTSHHDQDHPTFNK	3	sp|P01009|A1AT_HUMAN	0.014778325	1.0	0.9580899298575777	327291.81854739285
IDVHWTR	2	sp|P25311|ZA2G_HUMAN	0.014778325	0.9797881705057813	0.9648107756308465	13990.060734766408
EIGELYLPK	2	sp|P01011|AACT_HUMAN	0.014778325	1.0	0.9690471171838239	173728.68575402265
AGEQDATIHLK	3	sp|P13591|NCAM1_HUMAN	0.014778325	0.9933552810135716	0.8910224473613612	3154.5566267734625
YPPTVSMVEGQGEK	2	sp|P27918|PROP_HUMAN	0.014778325	1.0	0.9256097512158378	366789.95011451707
VEIDTKSYWK	3	sp|P02766|TTHY_HUMAN	0.016451234	0.9290085173289965	0.9497087737862975	17040.097521108288
IMQSSQSMSK	2	sp|O75882|ATRN_HUMAN	0.014778325	0.9933552810135716	0.9561388541790675	5163.513672499493
KVPQVSTPTLVEVSR	2	sp|P02768|ALBU_HUMAN	0.014778325	1.0	0.9396712560169921	655606.364968071
GGVGPFSDPVK	2	sp|Q12866|MERTK_HUMAN	0.019517796	0.9134157281067091	0.8807726961614988	1560.1801298174164
SYSC[+57.021465]QVTHEGSTVEK	3	sp|B9A064|IGLL5_HUMAN;sp|P0CF74|IGLC6_HUMAN;sp|P0CG04|IGLC1_HUMAN;sp|P0DOX8|IGL1_HUMAN;sp|P0DOY2|IGLC2_HUMAN;sp|P0DOY3|IGLC3_HUMAN	0.014778325	1.0	0.9455709999125309	7831026.813681451
NWGLSFYADKPETTK	4	sp|P19652|A1AG2_HUMAN	0.014778325	0.9728591838590949	0.9313930709932058	11784.914278976285
LRTEGDGVYTLNDKK	4	sp|P00738|HPT_HUMAN;sp|P00739|HPTR_HUMAN	0.014778325	1.0	0.9657432072584442	859667.6433657568
GTHC[+57.021465]NQVEVIATLK	3	sp|P02775|CXCL7_HUMAN	0.014778325	0.9797881705057813	0.9615485459122487	98255.44630674146
VDGALC[+57.021465]M[+15.994915]EK	2	sp|P02790|HEMO_HUMAN	0.014778325	1.0	0.9574767918747107	272057.6152407111
GFGGLTGQIVAALSTAK	3	sp|Q92954|PRG4_HUMAN	0.014778325	1.0	0.9389806944365343	1294446.0658111712
GGYTLVSGYPK	2	sp|P02790|HEMO_HUMAN	0.014778325	1.0	0.9928732926193053	371830.71298776724
ASFHIPQVQVR	3	sp|Q9BQ51|PD1L2_HUMAN	0.014778325	1.0	0.8539627638085755	85350.34668574098
LLIYDASNR	2	sp|A0A0A0MRZ8|KVD11_HUMAN;sp|P04433|KV311_HUMAN	0.014778325	1.0	0.9093270143719683	87576.64077880961
WELLQQVDTSTR	2	sp|P04264|K2C1_HUMAN	0.014778325	1.0	0.8813578474539429	210275.39695080533
LRTEGDGVYTLNNEK	4	sp|P00738|HPT_HUMAN	0.019517796	0.8718655118414741	0.9628042142539269	1697.3855395844012
QLVEIEK	1	sp|P00738|HPT_HUMAN;sp|P00739|HPTR_HUMAN	0.016451234	0.9514467542496609	0.9088610052126534	13357.755155346615
TYLPAVDEK	2	sp|P02655|APOC2_HUMAN	0.014778325	1.0	0.9655463528674463	1176456.295782645
VWVYPPEKK	3	sp|P02790|HEMO_HUMAN	0.014778325	1.0	0.728347771813578	81995.00868196283
ADGESC[+57.021465]SASMMYQEGK	2	sp|P01008|ANT3_HUMAN	0.014778325	1.0	0.889293397508995	633739.9095581479
DSGPYSC[+57.021465]SVNVQDK	2	sp|Q96AP7|ESAM_HUMAN	0.014778325	0.9797881705057813	0.9193321504710212	3594.223457439038
ESLLNHFLYEVAR	3	sp|P43652|AFAM_HUMAN	0.014778325	1.0	0.8825430505616558	117854.59720108173
LVEVNPK	2	sp|Q92954|PRG4_HUMAN	0.014778325	1.0	0.9410132519389307	86673.90203176669
GVTSVSQIFHSPDLAIR	3	sp|P05155|IC1_HUMAN	0.014778325	1.0	0.7218661438055093	28661.379360308685
EMEDTLNHLK	3	sp|P17936|IBP3_HUMAN	0.014778325	1.0	0.8663771870918547	52059.91094001158
AVLTIDEK	1	sp|P01009|A1AT_HUMAN	0.014778325	0.9797881705057813	0.943703635004659	4928.443942698398
STPLGQQQPAPR	2	sp|Q14767|LTBP2_HUMAN	0.014778325	1.0	0.8302792167405227	4288.705878636881
VITEPIPVSDLR	2	sp|Q12913|PTPRJ_HUMAN	0.014778325	1.0	0.9618474235472891	44513.73425974068
NPDAVAAPYC[+57.021465]YTR	2	sp|P08519|APOA_HUMAN	0.014778325	1.0	0.8133880647170396	61677.19788720002
GFMQTYYDDHLR	2	sp|P55056|APOC4_HUMAN	0.019517796	1.0	0.8314187163037766	83105.49908014073
IHLMAGR	2	sp|Q5T013|HYI_HUMAN	0.014778325	1.0	0.9287060239427284	16406.47474593511
ALSIGFETC[+57.021465]R	2	sp|P16070|CD44_HUMAN	0.014778325	1.0	0.9648467339535607	516610.3377046731
EMEVLHLR	2	sp|P11362|FGFR1_HUMAN	0.014778325	1.0	0.9714058962350288	265079.6891973052
VPLQQNFQDNQFQGK	2	sp|P80188|NGAL_HUMAN	0.014778325	1.0	0.9653655441263592	2244352.5930567314
YFHHNSDFHIPK	4	sp|O75015|FCG3B_HUMAN	0.014778325	1.0	0.9831374623162016	2438749.262200589
SPQSLSAAIAAMQK	2	sp|P50281|MMP14_HUMAN	0.014778325	0.9933552810135716	0.9452774773594987	2097.3634902545523
SKEQLTPLIK	2	sp|P02652|APOA2_HUMAN	0.014778325	1.0	0.949334345798209	70025.25708228588
MSSINADFAFNLYR	2	sp|P05543|THBG_HUMAN	0.014778325	1.0	0.9336296728308505	1717352.9843920069
NLAVSQVVHK	2	sp|P01011|AACT_HUMAN	0.014778325	1.0	0.9775122629540768	1889557.6028143084
IMGITLVSKK	2	sp|Q9Y5Y7|LYVE1_HUMAN	0.014778325	1.0	0.8993541686096261	147774.84094960833
RDPPQYPVVPVHLDR	3	sp|P10153|RNAS2_HUMAN	0.014778325	0.9797881705057813	0.8164591673447199	7338.159251287565
GILTVDELLAIR	3	sp|P13473|LAMP2_HUMAN	0.014778325	1.0	0.8604624552667077	1255.5203582188872
QQLQALSEPQPR	2	sp|Q8NBJ4|GOLM1_HUMAN	0.014778325	0.9933552810135716	0.8556467964885854	6431.03150178079
LRTEGDGVYTLNDK	2	sp|P00738|HPT_HUMAN;sp|P00739|HPTR_HUMAN	0.014778325	1.0	0.952433940909749	390448.76824974886
NDNDNIFLSPLSISTAFAMTK	3	sp|P01008|ANT3_HUMAN	0.014778325	0.9866190731264982	0.9358881657000602	139371.95447792698
TEGDGVYTLNDK	2	sp|P00738|HPT_HUMAN;sp|P00739|HPTR_HUMAN	0.014778325	1.0	0.9473154372380729	270874.3698426734
GTQEQDFYVTSETVVR	3	sp|P05154|IPSP_HUMAN	0.020454545	0.7848914682405913	0.8182564668213081	3343.811184026972
EQLGEFYEALDC[+57.021465]LR	3	sp|P02763|A1AG1_HUMAN	0.015738498	0.9586923939928679	0.7862843066235018	1744.8258430235403
WLQGSQELPR	2	sp|P01876|IGHA1_HUMAN;sp|P01877|IGHA2_HUMAN;sp|P0DOX2|IGA2_HUMAN	0.014778325	0.9933552810135716	0.9355922247528097	130241.2408834287
VYSTSVTGSR	2	sp|Q9H299|SH3L3_HUMAN	0.014778325	1.0	0.9213180063236359	39224.79044161225
SISC[+57.021465]QEIPGQQSR	2	sp|P27918|PROP_HUMAN	0.014778325	1.0	0.9506035307559769	930037.8274214956
TSDQIHFFFAK	3	sp|P01008|ANT3_HUMAN	0.014778325	1.0	0.9567085738891592	18185.682994496896
EPQVYTLPPSR	2	sp|P01857|IGHG1_HUMAN;sp|P01859|IGHG2_HUMAN;sp|P01860|IGHG3_HUMAN;sp|P0DOX5|IGG1_HUMAN	0.014778325	1.0	0.8593791478682065	4348.778554123895
SAVQGPPER	2	sp|P01876|IGHA1_HUMAN;sp|P01877|IGHA2_HUMAN	0.014778325	0.9866190731264982	0.9955294066637413	1708.065502062469
NSVIKVPMMNSK	2	sp|P05155|IC1_HUMAN	0.014778325	0.9933552810135716	0.9641975757822745	187519.44430229688
ASVSVTAEDEGTQR	2	sp|P05362|ICAM1_HUMAN	0.014778325	1.0	0.95517942389906	84622.8496343286
YFHHNSDFHIPK	3	sp|O75015|FCG3B_HUMAN	0.014778325	1.0	0.8423244087248222	113525.50713813948
KGEVLPLPEANFPSFPLPHHK	5	sp|P04196|HRG_HUMAN	0.014778325	0.9933552810135716	0.7492944183101493	33152.741426742316
RYTIAALLSPYSYSTTAVVTNPK	3	sp|P02766|TTHY_HUMAN	0.014778325	0.9728591838590949	0.9186923214828902	516276.3674535122
LPGIVAEGRDDLYVSDAFHK	3	sp|P01008|ANT3_HUMAN	0.014778325	0.9866190731264982	0.7861659109316377	72667.70441006328
VLNQELR	2	sp|P05090|APOD_HUMAN	0.014778325	1.0	0.9804498107295906	562684.1353783146
LYIEYGIQR	2	sp|Q9NPH3|IL1AP_HUMAN	0.014778325	1.0	0.9632908721835877	109824.5235188399
HTFM[+15.994915]GVVSLGSPSGEVSHPR	4	sp|P02765|FETUA_HUMAN	0.014778325	0.9933552810135716	0.9271083385950978	7134.080109202318
VQPYLDDFQK	2	sp|P02647|APOA1_HUMAN	0.014778325	1.0	0.9806745969699039	340287.13446323824
SSAEAQTPEDTPNK	2	sp|O43493|TGON2_HUMAN	0.014778325	1.0	0.9652505007612766	15626.085382109197
C[+57.021465]SPHLVLSALTSDNHGATYAFSGTHYWR	5	sp|P02790|HEMO_HUMAN	0.014778325	0.9797881705057813	0.9122830716377563	455119.09253129724
TFTDKWEDYPK	2	sp|P10721|KIT_HUMAN	0.014778325	1.0	0.8586921467542201	77250.96442261708
LGMFNIQHC[+57.021465]K	3	sp|P01009|A1AT_HUMAN	0.014778325	1.0	0.9865862505301128	1322.3634321982356
SGAQATWTELPWPHEK	2	sp|P02790|HEMO_HUMAN	0.014778325	1.0	0.912044145906784	888830.1073129115
ADGNQLTLEER	2	sp|Q6YHK3|CD109_HUMAN	0.014778325	0.9933552810135716	0.8984922868377531	9508.171822417677
SGTSASLAISGLR	2	sp|P01700|LV147_HUMAN	0.014778325	1.0	0.8197610781686834	29174.62520525902
WEMPFDPQDTHQSR	2	sp|P01011|AACT_HUMAN	0.014778325	0.9728591838590949	0.8843098145210884	11141.01660470764
DSTYSLSSTLTLSK	2	sp|P01834|IGKC_HUMAN;sp|P0DOX7|IGK_HUMAN	0.014778325	1.0	0.9737098158942659	576980.3791031033
IC[+57.021465]LDLQAPLYK	2	sp|P02776|PLF4_HUMAN	0.014778325	1.0	0.8899723537996581	216605.92445647725
HTFMGVVSLGSPSGEVSHPR	4	sp|P02765|FETUA_HUMAN	0.014778325	0.9933552810135716	0.957881679682066	212807.51968037762
ESTLHLVLR	2	sp|P0CG47|UBB_HUMAN;sp|P0CG48|UBC_HUMAN;sp|P62979|RS27A_HUMAN;sp|P62987|RL40_HUMAN	0.014778325	1.0	0.9223433993488787	498309.6127473962
LTLTPWVGLR	2	sp|O75882|ATRN_HUMAN	0.014778325	1.0	0.9727297666047177	819936.0645105673
HTLNQIDEVK	2	sp|P02765|FETUA_HUMAN	0.014778325	0.9933552810135716	0.9246705405637051	36972.59472788877
AQSQLVAGIK	2	sp|Q15828|CYTM_HUMAN	0.014778325	1.0	0.9639066956619107	138645.38361779926
QGHNSVFLIK	2	sp|P02790|HEMO_HUMAN	0.019517796	0.8804971228634604	0.9425055847758643	222451.19894425027
SC[+57.021465]ALDQNC[+57.021465]QWEPR	2	sp|O75882|ATRN_HUMAN	0.014778325	1.0	0.8630488236778877	76626.27693122962
QVILTLQPTLVAVGK	2	sp|P13598|ICAM2_HUMAN	0.014778325	1.0	0.9427984802442313	6787847.663383845
LVYHLGLPFSFLTFPYVEEAIK	4	sp|P49908|SEPP1_HUMAN	0.014778325	1.0	0.8142192434634918	61746.497645522744
EQVTNVGGAVVTGVTAVAQK	3	sp|P37840|SYUA_HUMAN	0.014778325	1.0	0.9268545371396761	58499.42190984562
FRIEDGFSLK	3	sp|P01008|ANT3_HUMAN	0.014778325	1.0	0.9819451731241129	8203224.549648246
GDDITMVLILPKPEK	2	sp|P01008|ANT3_HUMAN	0.014778325	1.0	0.9262586992123844	80744.62452093366
LDSSEFLK	2	sp|Q12841|FSTL1_HUMAN	0.014778325	0.9866190731264982	0.9528261118836371	969.5628126785699
DNYTDLVAIQNK	2	sp|P14151|LYAM1_HUMAN	0.014778325	0.9933552810135716	0.886090563885661	4287.366997743281
APEQEQAAPGPAAGGEAPK	3	sp|P80723|BASP1_HUMAN	0.014778325	0.9728591838590949	0.8552360115541857	695.309713717111
LLIYWASTR	2	sp|P06312|KV401_HUMAN	0.014778325	0.9933552810135716	0.951518104024403	66941.33496933465
AGVETTTPSK	2	sp|P0DOY2|IGLC2_HUMAN;sp|P0DOY3|IGLC3_HUMAN	0.014778325	0.9866190731264982	0.9905158012651863	13107.777355231437
FNKPFVFLMIEQNTK	3	sp|P01009|A1AT_HUMAN	0.014778325	1.0	0.8915686111094047	122050.0373739261
HYYESEVLAMNFQDWATASR	3	sp|P08185|CBG_HUMAN	0.014778325	0.9797881705057813	0.9723929035440746	195359.9130085919
IILEDENDAMADADR	2	sp|Q9BUN1|MENT_HUMAN	0.014778325	0.9728591838590949	0.9228514848498275	35032.00622619955
ADLSGITGAR	1	sp|P01011|AACT_HUMAN	0.014778325	1.0	0.7367582923879129	35013.44070443662
SGVQQLIQYYQDQK	2	sp|Q13790|APOF_HUMAN	0.014778325	1.0	0.9547966917632319	513015.57452597574
MFLSFPTTK	2	sp|P69905|HBA_HUMAN	0.014778325	1.0	0.9363766270614194	252810.08543693266
GLPNVVTSAISLPNIR	2	sp|Q92954|PRG4_HUMAN	0.014778325	1.0	0.9128714375958544	441292.793452804
QVVAGLNFR	2	sp|P01042|KNG1_HUMAN	0.014778325	1.0	0.9894132525661579	411936.79108912515
TLTLLSVTR	2	sp|P06731|CEAM5_HUMAN;sp|P13688|CEAM1_HUMAN;sp|P31997|CEAM8_HUMAN	0.014778325	1.0	0.886162417059784	124674.0868656693
LQHLENELTHDIITK	4	sp|P01009|A1AT_HUMAN	0.014778325	0.9658285256870233	0.8358358513211953	129563.19802834345
VGYVSGWGR	2	sp|P00738|HPT_HUMAN	0.014778325	1.0	0.9723899879137903	3719860.1509313625
GIYSFNFHVVK	3	sp|P23435|CBLN1_HUMAN	0.014778325	1.0	0.8350380043292387	6378.32871042015
DASGVTFTWTPSSGK	2	sp|P01876|IGHA1_HUMAN	0.014778325	0.9866190731264982	0.9419287529607214	92611.75792096637
TMLLQPAGSLGSYSYR	2	sp|P41222|PTGDS_HUMAN	0.014778325	1.0	0.9454499673398435	44230690.30646296
DVWGIEGPIDAAFTR	2	sp|P04004|VTNC_HUMAN	0.014778325	1.0	0.9566299970651635	1468614.534659827
DIAPTLTLYVGK	3	sp|P00738|HPT_HUMAN;sp|P00739|HPTR_HUMAN	0.014778325	1.0	0.7792338728471464	6842.49403461542
AVSISPTNVILTWK	2	sp|Q12913|PTPRJ_HUMAN	0.014778325	0.9866190731264982	0.9477801964758283	112615.2637169186
YVGGQEHFAHLLILR	3	sp|P02763|A1AG1_HUMAN	0.014778325	0.9728591838590949	0.9492135653122008	589137.2853677011
FSGSGSGTDFTLTISR	2	sp|A0A0C4DH25|KVD20_HUMAN;sp|P01619|KV320_HUMAN	0.014778325	1.0	0.9215871275051848	913986.3362305688
SDVMYTDWK	2	sp|P19652|A1AG2_HUMAN	0.014778325	1.0	0.939882909856662	120924.83465120396
YIC[+57.021465]ENQDSISSK	2	sp|P02768|ALBU_HUMAN	0.014778325	0.9866190731264982	0.9574798226624526	65434.21001893218
SEAYNTFSER	2	sp|P12259|FA5_HUMAN	0.014778325	0.9933552810135716	0.8705455177224115	9601.067396702378
GGSTSYGTGSETESPR	2	sp|P02671|FIBA_HUMAN	0.014778325	0.9797881705057813	0.9180669617652351	55114.850673425484
EQTVSVSGAFQINTFDLR	3	sp|P13473|LAMP2_HUMAN	0.014778325	0.9933552810135716	0.8661802743633813	204078.6787292064
SYPGLTSYLVR	2	sp|P80188|NGAL_HUMAN	0.014778325	1.0	0.939301011258302	35184.392825421004
EHVAHLLFLRDTK	2	sp|P19652|A1AG2_HUMAN	0.014778325	0.9866190731264982	0.932742608016808	237027.93809574487
RLGMFNIQHC[+57.021465]K	3	sp|P01009|A1AT_HUMAN	0.014778325	0.9797881705057813	0.99604047840242	131987.86587408968
DM[+15.994915]PASEDLQDLQK	2	sp|P49908|SEPP1_HUMAN	0.014778325	0.9866190731264982	0.8833748894297466	31469.306724995004
EENFYVDETTVVK	2	sp|P08185|CBG_HUMAN	0.014778325	0.9797881705057813	0.9302206961588558	63047.3820476786
SAGSVESPSVSSTHR	2	sp|P17936|IBP3_HUMAN	0.014778325	0.9866190731264982	0.9319773152528844	4024.8423095939656
EFTPPVQAAYQK	2	sp|P68871|HBB_HUMAN	0.014778325	1.0	0.8961798680493823	116069.1082436021
EVGTPHGIILDSVDAAFIC[+57.021465]PGSSR	3	sp|P02790|HEMO_HUMAN	0.014778325	1.0	0.928391136336072	15805603.475196987
IHWESASLLR	2	sp|P01024|CO3_HUMAN	0.014778325	1.0	0.894964988086749	250509.94907351717
VC[+57.021465]PFAGILENGAVR	2	sp|P02749|APOH_HUMAN	0.014778325	1.0	0.9531960346512481	8715714.270380655
TLLSNLEEAK	2	sp|P10909|CLUS_HUMAN	0.014778325	1.0	0.9720443555507479	759114.460915757
VDGALC[+57.021465]MEK	2	sp|P02790|HEMO_HUMAN	0.014778325	0.9866190731264982	0.9733320696458928	304663.937660834
ESSSHHPGIAEFPSR	3	sp|P02671|FIBA_HUMAN	0.014778325	1.0	0.9060531345977233	49799.14811606823
FIC[+57.021465]PLTGLWPINTLK	2	sp|P02749|APOH_HUMAN	0.014778325	0.9933552810135716	0.9472104417535159	206772.9603130304
VIEHIMEDLDTNADK	2	sp|P06702|S10A9_HUMAN	0.014778325	0.9728591838590949	0.8894171168333059	17265.3860051246
GYWSDWSEEASGITYEDRPSK	3	sp|P40189|IL6RB_HUMAN	0.014778325	1.0	0.9093370016374577	408500.3694738591
VVLHPNYHQVDIGLIK	4	sp|P00739|HPTR_HUMAN	0.014778325	0.9797881705057813	0.8978534871818978	98897.58990737071
DLSPDDPQVQK	2	sp|Q15828|CYTM_HUMAN	0.014778325	1.0	0.9777251090875976	3380.8782045368016
SVLGQLGITK	2	sp|P01009|A1AT_HUMAN	0.014778325	1.0	0.9768654009040952	4532612.053983018
TM[+15.994915]LLQPAGSLGSYSYR	3	sp|P41222|PTGDS_HUMAN	0.014778325	0.9728591838590949	0.9396280408719877	15776.320377683645
EGIVEYPR	2	sp|Q02985|FHR3_HUMAN;sp|Q92496|FHR4_HUMAN	0.014778325	1.0	0.9318545585312804	97048.4930252965
FLENEDRR	2	sp|P01009|A1AT_HUMAN	0.014778325	1.0	0.9672776053433199	607075.8935406737
MYATIYELK	2	sp|P80188|NGAL_HUMAN	0.014778325	0.9933552810135716	0.9437453843869263	6617.130730915039
FIQSQDYQC[+57.021465]SALMGGR	2	sp|P07333|CSF1R_HUMAN	0.014778325	0.9658285256870233	0.7618639345707062	8578.202302728734
EHVAHLLFLR	3	sp|P19652|A1AG2_HUMAN	0.014778325	0.9728591838590949	0.8697055121991181	69924.30531304092
KLINDYVK	2	sp|P01011|AACT_HUMAN	0.014778325	0.9866190731264982	0.9868701073361912	42629.69292152581
YEGGREHVAHLLFLR	4	sp|P19652|A1AG2_HUMAN	0.014778325	0.9797881705057813	0.9360002953178364	361387.84980459185
KVETNMAFSPFSIASLLTQVLLGAGENTK	4	sp|P05155|IC1_HUMAN	0.014778325	0.9866190731264982	0.9095791658713489	5874.345566470265
TEDTIFLR	2	sp|P02763|A1AG1_HUMAN;sp|P19652|A1AG2_HUMAN	0.017584994	0.9866190731264982	0.9853483919092638	89479.70936377982
DFLQSLK	2	sp|P08697|A2AP_HUMAN	0.014778325	1.0	0.7367759533718063	217905.46642790566
LC[+57.021465]TPLLPK	2	sp|P27918|PROP_HUMAN	0.014778325	0.9797881705057813	0.9106370131008416	25098.589464802215
YTDLVAIQNK	2	sp|P16109|LYAM3_HUMAN	0.014778325	0.9933552810135716	0.8845206059509224	10943.616288862959
AFSVNIFK	2	sp|P11279|LAMP1_HUMAN	0.014778325	0.9797881705057813	0.9721771352612014	77316.6524656378
TVAAC[+57.021465]NLPIVR	2	sp|P02760|AMBP_HUMAN	0.014778325	0.9933552810135716	0.9760751990153519	272102.3403091225
IPLNDLFR	2	sp|P13473|LAMP2_HUMAN	0.016451234	0.9440873193926883	0.8324712600383347	8463.911416236546
SKLPGIVAEGRDDLYVSDAFHK	3	sp|P01008|ANT3_HUMAN	0.014778325	0.9933552810135716	0.9524017791090836	266732.9626536327
GKEESLDSDLYAELR	4	sp|P02775|CXCL7_HUMAN	0.019517796	0.8718655118414741	0.8127711638220213	3817.0936668094287
DSPVLIDFFEDTER	2	sp|P04196|HRG_HUMAN	0.015738498	0.9586923939928679	0.9279848609373146	29605.8760613205
TSESGELHGLTTEEEFVEGIYK	4	sp|P02766|TTHY_HUMAN	0.014778325	1.0	0.8794902216802871	396041.38487973413
QINDYVEK	2	sp|P01009|A1AT_HUMAN	0.014778325	1.0	0.8822653495959608	42134.6106289194
ESSSHHPGIAEFPSR	4	sp|P02671|FIBA_HUMAN	0.014778325	1.0	0.9008296505990494	472935.02498058643
ELDRDTVFALVNYIFFK	3	sp|P01009|A1AT_HUMAN	0.014778325	0.9933552810135716	0.9361974577539062	614578.4604876479
RLWWLDLK	2	sp|P02790|HEMO_HUMAN	0.014778325	0.9933552810135716	0.9605219213887449	1989749.1773565076
SSSNEEVMFLTVQVK	3	sp|P01023|A2MG_HUMAN	0.014778325	1.0	0.7988651959141865	22584.451878014246
NPNLPPETVDSLK	2	sp|P05090|APOD_HUMAN	0.014778325	0.9866190731264982	0.9302364772083079	635508.5019875121
SSSQELGLK	1	sp|Q14515|SPRL1_HUMAN	0.014778325	0.9866190731264982	0.7350517424668936	425.4776067285511
ALGISPFHEHAEVVFTANDSGPR	4	sp|P02766|TTHY_HUMAN	0.014778325	1.0	0.9177330175291616	10583072.526050631
WLQDNAENVYVWK	2	sp|P07359|GP1BA_HUMAN	0.014778325	1.0	0.9779380324870305	1242612.9166955187
YKEENDDFASFR	2	sp|P04196|HRG_HUMAN	0.014778325	1.0	0.926733739761078	681204.5107059132
FSPENTR	1	sp|P01008|ANT3_HUMAN	0.014778325	1.0	0.8946373895820411	28100.23995822943
ALPAPIEK	1	sp|P01857|IGHG1_HUMAN;sp|P01860|IGHG3_HUMAN;sp|P0DOX5|IGG1_HUMAN	0.019517796	0.8718655118414741	0.736139765235004	1150.9929488793218
DLATVYVDVLK	3	sp|P02647|APOA1_HUMAN	0.016451234	0.9290085173289965	0.7352735800321953	2286.5158276329576
SVNNVVVR	1	sp|O75882|ATRN_HUMAN	0.014778325	0.9797881705057813	0.9216719134568231	297.64524351548005
ALVLIAFAQYLQQC[+57.021465]PFEDHVK	4	sp|P02768|ALBU_HUMAN	0.014778325	1.0	0.9040222574940615	5154.389873610643
MNTVIAALSRDTINR	3	sp|P08185|CBG_HUMAN	0.014778325	1.0	0.8697083649592696	76552.93346124286
DSVGQLQLYR	2	sp|Q99941|ATF6B_HUMAN	0.014778325	0.9933552810135716	0.9117612762848628	23224.338748882634
VAEGTQVLELPFK	2	sp|P01008|ANT3_HUMAN	0.014778325	1.0	0.8838003353870458	689939.2809751043
GIYSFSFHVIK	3	sp|Q9NTU7|CBLN4_HUMAN	0.014778325	1.0	0.9594321476145099	201213.90459021425
GTWTQPFDLASTR	2	sp|P08185|CBG_HUMAN	0.014778325	1.0	0.9544573719233842	47754822.27283797
DKC[+57.021465]EPLEKQHEK	4	sp|P02763|A1AG1_HUMAN;sp|P19652|A1AG2_HUMAN	0.014778325	1.0	0.9083689486755531	129287.6730085153
LNDLEDALQQAK	2	sp|P04264|K2C1_HUMAN	0.016451234	0.9212790999005022	0.8794877859288287	19608.778361050445
ALGISPFHEHAEVVFTANDSGPRR	4	sp|P02766|TTHY_HUMAN	0.014778325	0.9866190731264982	0.8547876291082663	63029.27495174916
LLIYGASSR	2	sp|P01619|KV320_HUMAN	0.014778325	1.0	0.8942317007295882	218445.50555918564
FNALQYLR	2	sp|P51884|LUM_HUMAN	0.014778325	1.0	0.8439310976989197	31467.802236342715
EEDPIHLR	2	sp|O75015|FCG3B_HUMAN;sp|P08637|FCG3A_HUMAN	0.014778325	1.0	0.967848513704069	585932.3272083112
SPELQAEAK	1	sp|P02652|APOA2_HUMAN	0.014778325	0.9728591838590949	0.9788438789421067	5639.575333380203
VATTVISK	1	sp|P05155|IC1_HUMAN	0.014778325	1.0	0.7556923568919426	15597.963676565521
EALQGVGDMGR	2	sp|P35542|SAA4_HUMAN	0.014778325	0.9933552810135716	0.9469530274865215	2419.2412733376386
LVLLNAIYLSAK	2	sp|P05155|IC1_HUMAN	0.014778325	1.0	0.959051195113092	139058.90969306056
MNTVIAALSR	2	sp|P08185|CBG_HUMAN	0.014778325	1.0	0.9696038958403645	33573.11524160109
TFVLPVTPPR	2	sp|P32942|ICAM3_HUMAN	0.014778325	0.9933552810135716	0.8903699565633493	18565.21931203346
VTTPDTSTTQHNK	3	sp|Q92954|PRG4_HUMAN	0.014778325	1.0	0.9029203479820334	162999.5258753157
NWGLSVYADKPETTK	2	sp|P02763|A1AG1_HUMAN	0.014778325	1.0	0.746714852543339	2286687.314147627
GSSSSPLGISVR	2	sp|Q9NTU7|CBLN4_HUMAN	0.014778325	1.0	0.9588288289267866	313625.32704532385
VWPQQPSGELFEIEIDTLETTC[+57.021465]HVLDPTPVAR	4	sp|P02765|FETUA_HUMAN	0.014778325	1.0	0.9506016303496716	1549895.0126888491
GSPAINVAVHVFRK	3	sp|P02766|TTHY_HUMAN	0.014778325	0.9866190731264982	0.9547091953832746	206916.5668529871
DGNPFYFTDHR	2	sp|O00533|NCHL1_HUMAN	0.014778325	0.9797881705057813	0.8947548888957869	25611.739534228214
LYHSEAFTVNFGDTEEAKK	4	sp|P01009|A1AT_HUMAN	0.014778325	1.0	0.9356358122420398	442339.1894779361
LVEVNPK	1	sp|Q92954|PRG4_HUMAN	0.014778325	1.0	0.7556710677059488	10835.962475062328
DYFMPC[+57.021465]PGR	3	sp|P02790|HEMO_HUMAN	0.014778325	1.0	0.8248844114081056	28196.27824073427
GSPAINVAVHVFR	3	sp|P02766|TTHY_HUMAN	0.014778325	0.9933552810135716	0.9574749578973131	6386131.372651344
ANRPFLVFIR	2	sp|P01008|ANT3_HUMAN	0.014778325	0.9728591838590949	0.7955570808961832	23242.693142676606
SSGQWQTPGATR	2	sp|P06681|CO2_HUMAN	0.014778325	1.0	0.896191674809323	10281.722924204081
EAEPLVDIR	2	sp|Q9H8L6|MMRN2_HUMAN	0.014778325	0.9866190731264982	0.9200018531921903	29465.05514401591
EVPLNTIIFMGR	2	sp|P01008|ANT3_HUMAN	0.014778325	0.9933552810135716	0.9768605422297916	1045082.7395509303
WSAGLTSSQVDLYIPK	2	sp|P08185|CBG_HUMAN	0.014778325	1.0	0.9333048288448101	3142405.63298313
SC[+57.021465]AVAEYGVYVK	2	sp|P00738|HPT_HUMAN;sp|P00739|HPTR_HUMAN	0.014778325	0.9933552810135716	0.9720636883561875	1565635.7112757633
GEVLPLPEANFPSFPLPHHK	3	sp|P04196|HRG_HUMAN	0.014778325	1.0	0.8766640126223008	277438.05112388264
FKLDDDLEHQGGHVLDHGHK	5	sp|P01042|KNG1_HUMAN	0.014778325	0.9866190731264982	0.9344835521449179	27052.77655284127
IDPSHTQGYR	3	sp|P40189|IL6RB_HUMAN	0.014778325	0.9728591838590949	0.8583294795869778	3446.8073716312674
VVSTNYNQHAMVFFK	2	sp|P80188|NGAL_HUMAN	0.014778325	1.0	0.8520171202918331	636426.9668614542
SDVVYTDWKKDK	3	sp|P02763|A1AG1_HUMAN	0.016451234	0.9440873193926883	0.946830716941159	1345.8771622366344
DGEQIEQEEDDEK	2	sp|P13591|NCAM1_HUMAN	0.014778325	0.9797881705057813	0.9087979075119466	14203.612888642929
GSFPWQAK	2	sp|P00738|HPT_HUMAN;sp|P00739|HPTR_HUMAN	0.014778325	0.9797881705057813	0.9550909097388975	28020.36629085436
WYVVGLAGNAILR	2	sp|P80188|NGAL_HUMAN	0.014778325	1.0	0.8417987995789272	65601.6536024225
ETLLQDFR	2	sp|P02760|AMBP_HUMAN	0.014778325	0.9866190731264982	0.9498162331898748	307430.4558739668
AVMDDFAAFVEK	2	sp|P02768|ALBU_HUMAN	0.014778325	0.9797881705057813	0.9916845702274116	227934.75141034738
VFEVHVRPK	2	sp|P13598|ICAM2_HUMAN	0.014778325	1.0	0.947081860308348	31735.529921426718
ALMSPAGMLR	2	sp|O75144|ICOSL_HUMAN	0.014778325	0.9866190731264982	0.8674871856880825	37006.18612658114
YVGGQEHFAHLLILRDTK	3	sp|P02763|A1AG1_HUMAN	0.014778325	0.9933552810135716	0.9341459522375689	472520.1275145175
QISNLQQSISDAEQR	3	sp|P04264|K2C1_HUMAN	0.014778325	0.9728591838590949	0.7622466096323736	2774.088685736164
QQTHMLDVMQDHFSR	4	sp|P10909|CLUS_HUMAN	0.014778325	1.0	0.9340229862347421	21516.840754729077
NIDVFNVEDQK	2	sp|Q8NBJ4|GOLM1_HUMAN	0.016451234	0.9290085173289965	0.88455243834566	1830.0221401068684
KNEFQGELEK	2	sp|Q8NBJ4|GOLM1_HUMAN	0.014778325	1.0	0.8552149023059267	132766.74676829865
VVAGVANALAHK	2	sp|P02042|HBD_HUMAN;sp|P68871|HBB_HUMAN	0.014778325	1.0	0.9499875870108295	494729.2933832108
QEPSQGTTTFAVTSILR	2	sp|P01876|IGHA1_HUMAN	0.014778325	1.0	0.9569565320388633	12990275.025577174
ISVVIQNILR	2	sp|Q86SQ4|AGRG6_HUMAN	0.014778325	1.0	0.9480970969386707	50642.95669489231
ITQVTWQK	2	sp|Q15223|NECT1_HUMAN	0.014778325	1.0	0.9257635746756836	81618.12148236032
DQYYNIDVPSR	2	sp|Q92954|PRG4_HUMAN	0.014778325	0.9933552810135716	0.941678997259867	714330.8760009502
ALTFELTLR	2	sp|P07333|CSF1R_HUMAN	0.014778325	1.0	0.9627022682348986	102862.2896908908
SKLPGIVAEGR	2	sp|P01008|ANT3_HUMAN	0.014778325	0.9866190731264982	0.9832545881573495	127922.23064660687
FDPSLTQR	2	sp|P08697|A2AP_HUMAN	0.014778325	1.0	0.9650860164485472	91509.1508049479
VKSPELQAEAK	2	sp|P02652|APOA2_HUMAN	0.014778325	0.9933552810135716	0.9233475509614127	32376.878007887077
EYC[+57.021465]GVPGDGDEELLR	2	sp|P02760|AMBP_HUMAN	0.014778325	1.0	0.9386128001680639	6691042.200775582
FGQTPVQER	2	sp|O95497|VNN1_HUMAN	0.014778325	1.0	0.974082592047201	31213.109173962494
VADALTNAVAHVDDMPNALSALSDLHAHK	4	sp|P69905|HBA_HUMAN	0.014778325	0.9933552810135716	0.9088268387370474	184377.79227359628
EQLTPLIK	2	sp|P02652|APOA2_HUMAN	0.014778325	0.9866190731264982	0.964935883262311	6116.621636403808
LRTEGDGVYTLNNEK	3	sp|P00738|HPT_HUMAN	0.019517796	0.8718655118414741	0.7163081500285817	2061.1226144738234
QQTHMLDVMQDHFSR	3	sp|P10909|CLUS_HUMAN	0.014778325	1.0	0.8947918201633794	9814.462520711098
TYMLAFDVNDEK	2	sp|P02763|A1AG1_HUMAN	0.014778325	0.9866190731264982	0.8942431132185403	234411.30784490355
SVQEIQATFFYFTPNK	3	sp|P02763|A1AG1_HUMAN;sp|P19652|A1AG2_HUMAN	0.014778325	1.0	0.8781096815952432	14233.987310223223
SLTEEAENWGDGEPNNK	2	sp|P14151|LYAM1_HUMAN	0.014778325	1.0	0.9266351879475567	2335877.7100041555
EQLGEFYEALDC[+57.021465]LC[+57.021465]IPR	3	sp|P19652|A1AG2_HUMAN	0.014778325	0.9933552810135716	0.8939552918218706	14116.669190360692
DMPASEDLQDLQK	2	sp|P49908|SEPP1_HUMAN	0.014778325	1.0	0.9518838706339834	4946804.257478727
DLQFVEVTDVK	3	sp|P02751|FINC_HUMAN	0.02154195	0.7266555365444503	0.8531563051089505	3161.783222285658
STSTAYMELSSLR	2	sp|P01742|HV169_HUMAN	0.020454545	0.8258516653955662	0.8175768149965964	11590.649541361185
STSGGTAALGC[+57.021465]LVK	2	sp|P01857|IGHG1_HUMAN;sp|P01860|IGHG3_HUMAN;sp|P0DOX5|IGG1_HUMAN	0.014778325	1.0	0.9594289488212842	115362.73816086494
KPDGYDYYAFSK	3	sp|Q92954|PRG4_HUMAN	0.014778325	1.0	0.8464393830790988	30243.351985637637
GWSEEELQGVLR	2	sp|Q9H4A9|DPEP2_HUMAN	0.016451234	0.9366095275687156	0.8188857719272089	18332.540777007267
KWQEEMELYR	2	sp|P02647|APOA1_HUMAN	0.014778325	0.9933552810135716	0.9780665384010486	64333.4923679693
LEDMEQALSPSVFK	2	sp|P05155|IC1_HUMAN	0.014778325	0.9797881705057813	0.9600124687833812	383897.7914757873
SFTIEC[+57.021465]R	1	sp|P13598|ICAM2_HUMAN	0.014778325	0.9797881705057813	0.8206958293318417	5276.643232564125
ITPNLAEFAFSLYR	3	sp|P01009|A1AT_HUMAN	0.014778325	1.0	0.9602313239381082	812788.2525038554
VWVYPPEK	2	sp|P02790|HEMO_HUMAN	0.014778325	0.9866190731264982	0.9642285293508293	68261.34365562368
DDLYVSDAFHK	3	sp|P01008|ANT3_HUMAN	0.014778325	1.0	0.9778222813457055	30091.98739441273
NTWSILHTQGALVQGGYGHSSVYDHR	5	sp|O75882|ATRN_HUMAN	0.014778325	0.9728591838590949	0.900817387431348	31512.65951744208
LVVLPFPK	2	sp|Q9UGM5|FETUB_HUMAN	0.016451234	0.9514467542496609	0.8972290330951846	3987.7557497684447
VTVPSHTVHGVR	3	sp|A8MVW5|HECA2_HUMAN	0.014778325	0.9728591838590949	0.9003805166350476	3821.0875814356027
LVYHLGLPFSFLTFPYVEEAIK	3	sp|P49908|SEPP1_HUMAN	0.014778325	1.0	0.9532363296094648	2937791.478004339
VEEVKPLEGR	3	sp|O00533|NCHL1_HUMAN	0.014778325	1.0	0.9679557948431217	323312.0924175018
SLTEEAENWGDGEPNNKK	3	sp|P14151|LYAM1_HUMAN	0.014778325	0.9933552810135716	0.900427063421408	342646.8886838935
NTLYLQMNSLK	2	sp|A0A0B4J1V0|HV315_HUMAN	0.014778325	1.0	0.928814063244756	46920.02000116185
SDVMYTDWKKDK	2	sp|P19652|A1AG2_HUMAN	0.014778325	1.0	0.9026406447371818	55890.6925690567
QNQC[+57.021465]FYNSSYLNVQR	3	sp|P19652|A1AG2_HUMAN	0.014778325	0.9728591838590949	0.7255810163427134	1430.3020630985748
VGAHAGEYGAEALER	2	sp|P69905|HBA_HUMAN	0.014778325	0.9866190731264982	0.9640326381130704	30267.54766412415
SVDDTSQAIQR	2	sp|Q5KU26|COL12_HUMAN	0.014778325	1.0	0.8223601552214326	3231.250435306224
DTINLLDQR	2	sp|Q8NBJ4|GOLM1_HUMAN	0.014778325	1.0	0.9504224676557814	134771.21248191726
TVVQLEGDNK	2	sp|P07148|FABPL_HUMAN	0.014778325	1.0	0.8455226372148791	36293.999848028136
AEGAATEEEGTPK	2	sp|P80723|BASP1_HUMAN	0.014778325	1.0	0.8798586414820971	5729.340499855085
AEIEYLEK	2	sp|P14151|LYAM1_HUMAN	0.014778325	0.9866190731264982	0.9395806593406919	14842.00883389764
YPNC[+57.021465]AYR	1	sp|P07998|RNAS1_HUMAN	0.014778325	0.9797881705057813	0.7255200483847258	797.9218167153246
RPC[+57.021465]FSALEVDETYVPK	3	sp|P02768|ALBU_HUMAN	0.014778325	1.0	0.7726421327091474	3437.988814952697
RVAEGTQVLELPFK	2	sp|P01008|ANT3_HUMAN	0.014778325	1.0	0.9336179408496331	3764584.003666296
YTIAALLSPYSYSTTAVVTNPKE	3	sp|P02766|TTHY_HUMAN	0.014778325	1.0	0.8961269042844655	2817750.073277532
DIPTNSPELEETLTHTITK	3	sp|P01042|KNG1_HUMAN	0.014778325	1.0	0.9526648256724739	3867469.286145118
LGQSLDC[+57.021465]NAEVYVVPWEK	3	sp|P01042|KNG1_HUMAN	0.014778325	0.9933552810135716	0.9415302982927753	12191.680436982404
TAVTANLDIR	2	sp|O00533|NCHL1_HUMAN	0.014778325	1.0	0.889347706074574	43470.91480998868
YVGGQEHFAHLLILR	4	sp|P02763|A1AG1_HUMAN	0.014778325	0.9728591838590949	0.9472709126280123	43742298.22854687
WNNYMMDWK	2	sp|P06276|CHLE_HUMAN	0.014778325	1.0	0.8357029678269678	14319.475181611486
GEAEYQEIR	2	sp|Q15223|NECT1_HUMAN	0.014778325	1.0	0.8640152850721506	24550.63531287757
VSFLSALEEYTK	2	sp|P02647|APOA1_HUMAN	0.014778325	0.9933552810135716	0.980637452337489	48382.67843428459
DKC[+57.021465]EPLEK	2	sp|P02763|A1AG1_HUMAN;sp|P19652|A1AG2_HUMAN	0.014778325	0.9866190731264982	0.9626630900962717	54462.0413652908
DGWHSWPIAHQWPQGPSAVDAAFSWEEK	4	sp|P02790|HEMO_HUMAN	0.014778325	0.9728591838590949	0.8865121057257475	78892.90565150371
GTEAAGAMFLEAIPMSIPPEVK	3	sp|P01009|A1AT_HUMAN	0.014778325	0.9866190731264982	0.8190676971274747	23218.769855939914
SPSQDEMLPTYLK	2	sp|Q8IZF2|AGRF5_HUMAN	0.014778325	0.9866190731264982	0.9237751910316975	28854.821361186034
SGAEAQTPEDSPNR	2	sp|O43493|TGON2_HUMAN	0.014778325	1.0	0.8238456014524541	22307.70656952508
GVC[+57.021465]EETSGAYEK	2	sp|P02760|AMBP_HUMAN	0.014778325	1.0	0.966548466734963	327266.3797067688
TEDTIFLREYQTR	3	sp|P02763|A1AG1_HUMAN;sp|P19652|A1AG2_HUMAN	0.014778325	1.0	0.8688947397690849	44561.09886667578
SDVVYTDWKK	2	sp|P02763|A1AG1_HUMAN	0.014778325	0.9933552810135716	0.9025461522542636	66604.97770838517
RHSLEYSLR	3	sp|Q13449|LSAMP_HUMAN	0.014778325	1.0	0.92441962197274	248834.7171883543
VQALEEANNDLENK	2	sp|P35527|K1C9_HUMAN	0.014778325	1.0	0.9056203991814353	121175.99618966642
C[+57.021465]DDWGLDTMR	2	sp|Q9NPH3|IL1AP_HUMAN	0.014778325	1.0	0.7971204097513643	1574.0936429292854
FLEDVKK	1	sp|P01009|A1AT_HUMAN	0.014778325	1.0	0.9437592084846776	80224.52419288305
NILTSNNIDVK	2	sp|P05090|APOD_HUMAN	0.014778325	1.0	0.8084404772813276	4418515.591718938
GPGEDFR	2	sp|P41222|PTGDS_HUMAN	0.014778325	0.9728591838590949	0.9439372592211539	10469.414814122041
LFDSDPITVTVPVEVSR	3	sp|P10909|CLUS_HUMAN	0.014778325	1.0	0.9522574252820808	113142.92054794694
RGENLFAITDEGMDVPLAMEEWHHER	4	sp|Q6UXB8|PI16_HUMAN	0.014778325	1.0	0.9061562628010347	133650.44786706124
ELDESLQVAER	2	sp|P10909|CLUS_HUMAN	0.014778325	1.0	0.9595409088948643	118317.8827005752
YPVAHFIDQTLK	2	sp|P05155|IC1_HUMAN	0.014778325	1.0	0.9429130971309984	260538.84230506068
FEDGVLDPDYPR	2	sp|P04004|VTNC_HUMAN	0.014778325	0.9866190731264982	0.9267667445794467	78022.05220131604
FQPTLLTLPR	2	sp|P05155|IC1_HUMAN	0.014778325	0.9933552810135716	0.9778827483696705	812145.6465292858
SDVMYTDWKK	2	sp|P19652|A1AG2_HUMAN	0.014778325	1.0	0.9204463244439641	46004.70457001109
FNQPFIIMIFDHFTWSSLFLAR	4	sp|P08185|CBG_HUMAN	0.014778325	0.9658285256870233	0.9273019248206661	63528.40303346145
YEGGREHVAHLLFLR	3	sp|P19652|A1AG2_HUMAN	0.014778325	0.9797881705057813	0.8549940540530893	3158.462539084391
NLQEILHGAVR	2	sp|P00533|EGFR_HUMAN	0.014778325	1.0	0.876817964946514	4738.752103415865
GSESGIFTNTK	2	sp|P02671|FIBA_HUMAN	0.014778325	1.0	0.9726439440834085	394063.36387144926
TPVC[+57.021465]TTGQGSGSTATVFAMAELQK	3	sp|Q9H8L6|MMRN2_HUMAN	0.014778325	0.9797881705057813	0.8786930867780242	21723.811189730655
DQIVDLTVGNNK	2	sp|P35527|K1C9_HUMAN	0.016451234	0.9290085173289965	0.8498907768582092	11854.139667513296
GKEESLDSDLYAELR	3	sp|P02775|CXCL7_HUMAN	0.019517796	0.8718655118414741	0.8392863697678925	15420.651336026101
SDDSVIQLLNPNR	2	sp|Q9BY67|CADM1_HUMAN	0.014778325	0.9866190731264982	0.790832893728022	87241.68559428563
YGFIEGHVVIPR	2	sp|P16070|CD44_HUMAN	0.014778325	0.9933552810135716	0.925603843910348	258460.26634890362
VTVLGQPK	2	sp|B9A064|IGLL5_HUMAN;sp|P0DOX8|IGL1_HUMAN	0.014778325	0.9728591838590949	0.9325651778696458	23261.195862077726
GLEEELQFSLGSK	2	sp|P0C0L4|CO4A_HUMAN;sp|P0C0L5|CO4B_HUMAN	0.014778325	1.0	0.9859670328941402	655958.6099498689
ELDRDTVFALVNYIFFK	4	sp|P01009|A1AT_HUMAN	0.014778325	0.9933552810135716	0.7200097065083222	3119.0854192194006
AGTELVNFLSYFVELGTQPATQ	3	sp|P02652|APOA2_HUMAN	0.014778325	1.0	0.931297359642727	3004634.39292086
TVAAPSVFIFPPSDEQLK	3	sp|P01834|IGKC_HUMAN	0.014778325	1.0	0.764277581497701	9461.720202054654
TFLTVYWTPER	2	sp|P05362|ICAM1_HUMAN	0.020454545	0.8258516653955662	0.9229468383177536	137874.9879684332
KGPGPGGPGGAGVAR	3	sp|Q92686|NEUG_HUMAN	0.014778325	0.9728591838590949	0.9616183211035577	15721.871733086944
AVGEEVWHSK	3	sp|P13591|NCAM1_HUMAN	0.014778325	1.0	0.9092547260538151	5586.935395186133
EFLEDTC[+57.021465]VQYVQK	2	sp|Q9UNN8|EPCR_HUMAN	0.014778325	1.0	0.8338715765222897	239900.25547463418
THLAPYSDELR	2	sp|P02647|APOA1_HUMAN	0.014778325	1.0	0.8897102260141833	1337658.7693128611
RPSEIVIGQC[+57.021465]K	3	sp|P04196|HRG_HUMAN	0.014778325	1.0	0.9817168556404272	9991.860146863346
AAC[+57.021465]LLPK	2	sp|P02768|ALBU_HUMAN	0.014778325	1.0	0.8874929617148459	74741.42232130354
NEVWWTIDGK	2	sp|Q9NPH3|IL1AP_HUMAN	0.014778325	1.0	0.8829176883963911	27297.269914123128
IQSSHNFQLESVNK	2	sp|Q8NBJ4|GOLM1_HUMAN	0.014778325	0.9728591838590949	0.9594207135829785	36351.27223816818
SGAEEQGPIDGPSK	2	sp|O43493|TGON2_HUMAN	0.014778325	0.9933552810135716	0.9399032600074549	29013.54319806245
IENVSYQDK	2	sp|O00533|NCHL1_HUMAN	0.014778325	1.0	0.9862620319508819	72823.35875573267
VQLTGEPVPMAR	2	sp|P15151|PVR_HUMAN	0.014778325	1.0	0.9842366609193177	129581.79966784417
SKLPGIVAEGRDDLYVSDAFHK	5	sp|P01008|ANT3_HUMAN	0.014778325	0.9933552810135716	0.9406917768358384	177763.03968789073
NHNALLASLTTQK	2	sp|O75882|ATRN_HUMAN	0.014778325	0.9933552810135716	0.86380566243673	5323.400171220184
VLSYVDWIK	2	sp|Q9NZP8|C1RL_HUMAN	0.014778325	0.9933552810135716	0.9486389181828101	22324.872790664762
RNPFVFAPTLLTVAVHFEEVAK	4	sp|P43652|AFAM_HUMAN	0.014778325	1.0	0.8414986542997622	6811.492855406542
IGPDNLPYVQILK	2	sp|P11362|FGFR1_HUMAN	0.014778325	0.9866190731264982	0.9087982622824025	149880.38690030997
SLEDLQLTHNK	3	sp|P51884|LUM_HUMAN	0.014778325	1.0	0.896462583623733	77461.7542441586
ALDLINK	1	sp|P04196|HRG_HUMAN	0.015738498	0.9586923939928679	0.7606686578336447	521.6503860052323
IPTTFENGR	2	sp|P05090|APOD_HUMAN	0.014778325	1.0	0.9441954045422983	29385.131497828508
AVLDVFEEGTEASAATAVK	2	sp|P01011|AACT_HUMAN	0.014778325	1.0	0.9283967763286269	250025.10221314098
NWGLSFYADKPETTK	2	sp|P19652|A1AG2_HUMAN	0.014778325	0.9728591838590949	0.9373464589584556	126876.56822020882
LRTEGDGVYTLNDKK	2	sp|P00738|HPT_HUMAN;sp|P00739|HPTR_HUMAN	0.014778325	1.0	0.9434358610496998	76846.66332289764
TC[+57.021465]VADESAENC[+57.021465]DK	2	sp|P02768|ALBU_HUMAN	0.014778325	1.0	0.952241779224476	15110.883901807407
SPELQAEAKSYFEK	2	sp|P02652|APOA2_HUMAN	0.014778325	0.9797881705057813	0.9585944980356731	2464.5537151051403
GEC[+57.021465]QAEGVLFFQGDR	2	sp|P02790|HEMO_HUMAN	0.014778325	0.9728591838590949	0.9342709358024682	151944.2083103905
STASFEELC[+57.021465]SEYR	2	sp|Q9NQ38|ISK5_HUMAN	0.014778325	1.0	0.9595556081373899	38285.334810108165
TRMEPFHFK	3	sp|P05155|IC1_HUMAN	0.014778325	1.0	0.9501063541287061	926748.0578456651
ELELQIGNALFIGK	2	sp|P05543|THBG_HUMAN	0.014778325	0.9797881705057813	0.917698514329122	240857.55176071162
FLENEDR	2	sp|P01009|A1AT_HUMAN	0.014778325	0.9797881705057813	0.9797844279682667	38785.440504849765
GPSVFPLAPC[+57.021465]SR	2	sp|P01859|IGHG2_HUMAN;sp|P01860|IGHG3_HUMAN;sp|P01861|IGHG4_HUMAN	0.014778325	1.0	0.8757950520187392	15948.816630797031
YYC[+57.021465]FQGNQFLR	2	sp|P02790|HEMO_HUMAN	0.014778325	1.0	0.9591292516945066	7216436.646231461
DTVFALVNYIFFK	2	sp|P01009|A1AT_HUMAN	0.014778325	1.0	0.9751791039567326	3920423.3370082392
HSAQPWADFTLLGAR	2	sp|Q8IYS5|OSCAR_HUMAN	0.014778325	1.0	0.899328407772413	92452.80535066448
TDASDVKPC[+57.021465]	2	sp|P02749|APOH_HUMAN	0.014778325	0.9866190731264982	0.9322461800839302	4069.018928357645
VTTSQDMLSIMEK	2	sp|P05155|IC1_HUMAN	0.014778325	0.9866190731264982	0.962864644531056	1690842.1821281193
DALSSVQESQVAQQAR	2	sp|P02656|APOC3_HUMAN	0.014778325	0.9728591838590949	0.9163066981627302	28499.601755631353
GSEAINAPGDNPAK	2	sp|Q9NZP8|C1RL_HUMAN	0.014778325	0.9933552810135716	0.8916191077356918	26904.480692337933
QFTSSTSYNR	2	sp|P02671|FIBA_HUMAN	0.014778325	0.9933552810135716	0.907649585337095	70195.08290778866
TDTSHHDQDHPTFNK	2	sp|P01009|A1AT_HUMAN	0.014778325	1.0	0.9279719339338989	874342.9034696014
LALDIEIATYR	2	sp|P05787|K2C8_HUMAN;sp|P08729|K2C7_HUMAN;sp|P14136|GFAP_HUMAN;sp|P19013|K2C4_HUMAN;sp|Q6KB66|K2C80_HUMAN	0.014778325	1.0	0.8933051876779293	19193.90485983858
AGEQDATIHLK	2	sp|P13591|NCAM1_HUMAN	0.014778325	0.9933552810135716	0.8153556782594931	3405.468497301348
KVPQVSTPTLVEVSR	3	sp|P02768|ALBU_HUMAN	0.014778325	1.0	0.8105124439717625	144306.43099757694
ASSIIDELFQDR	2	sp|P10909|CLUS_HUMAN	0.016451234	0.9440873193926883	0.9633711724978775	1629.2050250173186
ETC[+57.021465]FAEEGKK	3	sp|P02768|ALBU_HUMAN	0.014778325	1.0	0.9843213128723487	194500.8890581466
LVVQSSIDSSAFK	2	sp|P10721|KIT_HUMAN	0.014778325	1.0	0.9392384129078077	115486.82068990187
SYSC[+57.021465]QVTHEGSTVEK	2	sp|B9A064|IGLL5_HUMAN;sp|P0CF74|IGLC6_HUMAN;sp|P0CG04|IGLC1_HUMAN;sp|P0DOX8|IGL1_HUMAN;sp|P0DOY2|IGLC2_HUMAN;sp|P0DOY3|IGLC3_HUMAN	0.014778325	1.0	0.931313824605604	2861986.7739852294
IYMYGGK	1	sp|O75882|ATRN_HUMAN	0.014778325	1.0	0.974744840904041	74703.14768635806
FMPLSDVLYGR	2	sp|Q10588|BST1_HUMAN	0.016451234	0.9290085173289965	0.8718888244950523	78388.83899547253
INHGILYDEEK	2	sp|P36980|FHR2_HUMAN;sp|Q03591|FHR1_HUMAN	0.014778325	1.0	0.9150559062710969	23168.744468294306
FTDSENVC[+57.021465]QER	2	sp|P43652|AFAM_HUMAN	0.014778325	0.9933552810135716	0.8020736109610844	20445.34712155864
GFGGLTGQIVAALSTAK	2	sp|Q92954|PRG4_HUMAN	0.014778325	1.0	0.9545591723868869	6919917.6022055475
SASNMAIVDVK	2	sp|P01023|A2MG_HUMAN	0.018757327	0.9933552810135716	0.8254624529399278	4023.940429538666
QLVEIEK	2	sp|P00738|HPT_HUMAN;sp|P00739|HPTR_HUMAN	0.014778325	0.9797881705057813	0.9519460817130828	11427.051303835828
VWVYPPEKK	2	sp|P02790|HEMO_HUMAN	0.019517796	0.888960273227615	0.890251233296583	8280.16322499984
GPALTTPK	1	sp|Q92954|PRG4_HUMAN	0.020454545	0.7739449743159442	0.7612900441886488	909.7526354028902
EWFWDLATGTMK	2	sp|P02790|HEMO_HUMAN	0.014778325	0.9866190731264982	0.9641899564264126	5340326.095488276
REPAVGEPAEVTTTVLVR	3	sp|P05362|ICAM1_HUMAN	0.014778325	1.0	0.9234975260689943	39091.651547507085
LTPTLYVGK	2	sp|O75460|ERN1_HUMAN	0.014778325	0.9866190731264982	0.9126459052996034	9783.84611848608
AQVSPTASDMLHMR	2	sp|Q6UXB8|PI16_HUMAN	0.014778325	1.0	0.7935759720612722	73664.79383821506
EMEDTLNHLK	2	sp|P17936|IBP3_HUMAN	0.014778325	1.0	0.9327702089408907	183939.84595238065
DYQELMNTK	2	sp|P04264|K2C1_HUMAN	0.014778325	1.0	0.8312691664883696	17633.975475728705
SETEIHQGFQHLHQLFAK	5	sp|P08185|CBG_HUMAN	0.014778325	0.9797881705057813	0.9549675613542902	166060.84535892823
LMVELHNLYR	2	sp|Q6UXB8|PI16_HUMAN	0.014778325	1.0	0.953279303007276	31876.181578014548
FKLDDDLEHQGGHVLDHGHK	3	sp|P01042|KNG1_HUMAN	0.014778325	0.9866190731264982	0.9165589428379797	9142.62049512652
DLWVNIDQMEK	2	sp|Q6UX71|PXDC2_HUMAN	0.014778325	0.9933552810135716	0.8830604012172177	52887.29864034805
ITC[+57.021465]TEEGWSPTPK	2	sp|Q03591|FHR1_HUMAN;sp|Q9BXR6|FHR5_HUMAN	0.014778325	0.9866190731264982	0.8901230469947854	3458.2833615273175
TGLFQDVGPQR	2	sp|Q86SQ4|AGRG6_HUMAN	0.014778325	1.0	0.9719638182729172	30623.94357717279
SFMLLILER	2	sp|P05543|THBG_HUMAN	0.014778325	0.9933552810135716	0.9498570934806124	738.231019213396
LLDSLPSDTR	2	sp|P05155|IC1_HUMAN	0.014778325	1.0	0.9598464314089066	2214280.93133973
TNLESILSYPK	2	sp|P05155|IC1_HUMAN	0.014778325	1.0	0.971307895504834	174742.53454524893
YVMLPVADQDQC[+57.021465]IR	3	sp|P00738|HPT_HUMAN	0.019517796	0.897262926642552	0.7519906920178561	26357.565820657124
ALYVHGGYK	2	sp|O75882|ATRN_HUMAN	0.014778325	1.0	0.9335746097085409	1295094.305279906
RVWELSK	1	sp|P01008|ANT3_HUMAN	0.014778325	0.9797881705057813	0.7169633297007908	617.0447964254482
QPAVEEPAEVTATVLASR	2	sp|P32942|ICAM3_HUMAN	0.014778325	0.9658285256870233	0.9153030953127773	1814.7252369782664
DWHGVPGQVDAAMAGR	2	sp|P04004|VTNC_HUMAN	0.014778325	1.0	0.9768952694763463	871844.6859739369
SYFEKSK	2	sp|P02652|APOA2_HUMAN	0.014778325	0.9797881705057813	0.9573681629924337	5394.292771979552
AVVFLEPQWYR	3	sp|P08637|FCG3A_HUMAN	0.014778325	0.9933552810135716	0.8500684884443854	4631.921203008403
MSSINADFAFNLYR	3	sp|P05543|THBG_HUMAN	0.019517796	0.8718655118414741	0.8342393149947431	3985.3390640841017
VGYVSGWGQSDNFK	2	sp|P00739|HPTR_HUMAN	0.014778325	0.9866190731264982	0.9521391936476679	1827.868205493519
TEGDGVYTLNDKK	3	sp|P00738|HPT_HUMAN;sp|P00739|HPTR_HUMAN	0.014778325	1.0	0.9157150259655312	241366.1364214497
VLAKPTPK	1	sp|Q92954|PRG4_HUMAN	0.014778325	1.0	0.8815689492666741	41236.55348615417
LLGIETPLPK	2	sp|P05362|ICAM1_HUMAN	0.014778325	1.0	0.9336383746719482	76131.89613992935
GILTVDELLAIR	2	sp|P13473|LAMP2_HUMAN	0.014778325	1.0	0.9442799209204075	24302.39217190845
SYQDFFEAIR	2	sp|P18850|ATF6A_HUMAN	0.014778325	1.0	0.7718637815717861	18344.576091565796
AIGPSQTHTIR	2	sp|Q92954|PRG4_HUMAN	0.014778325	0.9933552810135716	0.9557256529032286	103094.28125182202
RHPDYSVVLLLR	3	sp|P02768|ALBU_HUMAN	0.014778325	1.0	0.8291438383631917	285407.8249691835
EPFLSC[+57.021465]C[+57.021465]QFAESLR	2	sp|P0C0L4|CO4A_HUMAN;sp|P0C0L5|CO4B_HUMAN	0.014778325	0.9728591838590949	0.8013602334230553	18717.88510673603
TSDQIHFFFAK	2	sp|P01008|ANT3_HUMAN	0.014778325	1.0	0.9082049773871057	14442.56094977883
GWVTDGFSSLK	2	sp|P02656|APOC3_HUMAN	0.014778325	0.9933552810135716	0.9552695820285115	24930514.136617575
LHMLQISYFR	2	sp|Q9UNN8|EPCR_HUMAN	0.014778325	1.0	0.8680209404016133	30992.950928671416
EPC[+57.021465]VESLVSQYFQTVTDYGK	3	sp|P02652|APOA2_HUMAN	0.014778325	0.9797881705057813	0.9373837684466447	1916902.0142669058
YTIAALLSPYSYSTTAVVTNPK	3	sp|P02766|TTHY_HUMAN	0.014778325	0.9797881705057813	0.8999368415635065	380792.543597167
EHAVEGDC[+57.021465]DFQLLK	2	sp|P02765|FETUA_HUMAN	0.014778325	1.0	0.9235606914096898	825684.1218366527
TLMFGSYLDDEK	2	sp|P19652|A1AG2_HUMAN	0.014778325	0.9866190731264982	0.9749460766905358	684617.1532768226
FNQPFIIM[+15.994915]IFDHFTWSSLFLAR	3	sp|P08185|CBG_HUMAN	0.014778325	0.9658285256870233	0.9895362326058527	300134.931236292
RYTIAALLSPYSYSTTAVVTNPK	4	sp|P02766|TTHY_HUMAN	0.014778325	0.9728591838590949	0.9415815671915698	160244.69002288562
SPLFMGK	2	sp|P01009|A1AT_HUMAN	0.014778325	0.9728591838590949	0.9959267990872825	57364.77749660599
FNWYVDGVEVHNAK	3	sp|P01857|IGHG1_HUMAN;sp|P0DOX5|IGG1_HUMAN	0.014778325	1.0	0.9122528651744689	323568.88842341804
KGEVLPLPEANFPSFPLPHHK	4	sp|P04196|HRG_HUMAN	0.014778325	0.9933552810135716	0.929170591722905	282724.4949306456
YVGGQEHFAHLLILRDTK	4	sp|P02763|A1AG1_HUMAN	0.014778325	0.9933552810135716	0.9389978855230803	44612.18860774233
GDSVVYGLR	2	sp|P10451|OSTP_HUMAN	0.014778325	1.0	0.9551270361858699	110275.70915775694
DYWSTVK	2	sp|P02656|APOC3_HUMAN	0.014778325	0.9658285256870233	0.9399440970829791	23595.492486270774
KAADDTWEPFASGK	2	sp|P02766|TTHY_HUMAN	0.014778325	1.0	0.9567543856135445	357911.20527232543
VTSIQDWVQK	2	sp|P00738|HPT_HUMAN	0.014778325	0.9933552810135716	0.9550596785252223	106303.22710003772
LQHLENELTHDIITK	2	sp|P01009|A1AT_HUMAN	0.014778325	0.9658285256870233	0.9100679330411476	64033.40065709199
IEDGFSLK	1	sp|P01008|ANT3_HUMAN	0.014778325	0.9797881705057813	0.7241658988589703	5090.051993861709
LILVDYILFK	2	sp|Q9UK55|ZPI_HUMAN	0.014778325	1.0	0.8303635885639329	14329.386127495754
GLASANVDFAFSLYK	3	sp|P08185|CBG_HUMAN	0.014778325	0.9797881705057813	0.8874511464738163	11697.75181274503
QNC[+57.021465]ELFEQLGEYK	2	sp|P02768|ALBU_HUMAN	0.014778325	1.0	0.9231721076778886	2104270.378487559
YTIAALLSPYSYSTTAVVTNPK	4	sp|P02766|TTHY_HUMAN	0.016451234	0.9514467542496609	0.8773991405563923	25110.7615658307
IC[+57.021465]LDLQAPLYK	3	sp|P02776|PLF4_HUMAN	0.017584994	0.9212790999005022	0.7869378379360848	14316.276152740482
TPSSTGPSPVFDIK	2	sp|Q12913|PTPRJ_HUMAN	0.014778325	1.0	0.9645169427188087	802719.748387313
FDTISEK	2	sp|P01008|ANT3_HUMAN	0.014778325	1.0	0.9743974721734261	699251.2427403496
YSLTYIYTGLSK	2	sp|P25311|ZA2G_HUMAN	0.014778325	0.9933552810135716	0.9084120755222139	939.4939905862797
EIPVLVTQISSTNHPVK	3	sp|Q6UX71|PXDC2_HUMAN	0.014778325	1.0	0.9429339699623055	8244.21764487671
QGHNSVFLIK	3	sp|P02790|HEMO_HUMAN	0.014778325	1.0	0.9839036784640346	3070795.6052945685
NTWSILHTQGALVQGGYGHSSVYDHR	3	sp|O75882|ATRN_HUMAN	0.014778325	0.9728591838590949	0.9389958846186554	17175.060399552996
IAPQLSTEELVSLGEK	2	sp|P43652|AFAM_HUMAN	0.014778325	0.9728591838590949	0.9215580073924862	101637.0915394082
SDVM[+15.994915]YTDWKK	2	sp|P19652|A1AG2_HUMAN	0.014778325	1.0	0.961108112831139	24087.45118725418
FSGSILGNK	2	sp|A0A075B6I0|LV861_HUMAN	0.014778325	0.9797881705057813	0.8308392074280193	10270.902363513294
MEEVEAMLLPETLK	2	sp|P01011|AACT_HUMAN	0.014778325	1.0	0.9652406658647839	3126466.509261939
FRIEDGFSLK	2	sp|P01008|ANT3_HUMAN	0.014778325	1.0	0.9808178632460857	436428.81792267726
VTDPQLVVTLHEK	3	sp|P09619|PGFRB_HUMAN	0.014778325	0.9866190731264982	0.8555850657830976	1877.4728837683765
GDDITMVLILPKPEK	3	sp|P01008|ANT3_HUMAN	0.014778325	1.0	0.9575697663610355	1253518.416388525
GDTFSC[+57.021465]MVGHEALPLAFTQK	3	sp|P01876|IGHA1_HUMAN	0.014778325	1.0	0.94527239270005	915946.7658529219
EHVAHLLFLRDTK	4	sp|P19652|A1AG2_HUMAN	0.014778325	0.9866190731264982	0.9371544784388001	663734.7563401671
AQWANPFDPSK	2	sp|P05543|THBG_HUMAN	0.014778325	1.0	0.9044024255925033	83532.73831636467
SDVVYTDWK	2	sp|P02763|A1AG1_HUMAN	0.014778325	1.0	0.9785415858405709	1136250.423893494
GLPNVVTSAISLPNIR	3	sp|Q92954|PRG4_HUMAN	0.014778325	1.0	0.9087896053225921	1069841.0724041737
VELAPLPSWQPVGK	3	sp|P05362|ICAM1_HUMAN	0.014778325	1.0	0.7738747357771629	33753.69598879777
WVQDYIK	2	sp|Q16627|CCL14_HUMAN	0.014778325	0.9866190731264982	0.9073051144418001	22038.528632156584
EVGTPHGIILDSVDAAFIC[+57.021465]PGSSR	5	sp|P02790|HEMO_HUMAN	0.014778325	1.0	0.7168545350887128	25540.348258208312
EVPLNTIIFM[+15.994915]GR	2	sp|P01008|ANT3_HUMAN	0.014778325	0.9933552810135716	0.9204640017708792	31323.03625881734
GWVDLFVPK	2	sp|P05543|THBG_HUMAN	0.014778325	1.0	0.9251281267442687	300808.2284468871
EGQM[+15.994915]ESVEAAM[+15.994915]SSK	2	sp|P05543|THBG_HUMAN	0.014778325	1.0	0.8102402014079674	23128.02642931004
FLEDVKK	2	sp|P01009|A1AT_HUMAN	0.014778325	1.0	0.9824439883607089	1571409.8873812286
YAASSYLSLTPEQWK	2	sp|A0M8Q6|IGLC7_HUMAN;sp|B9A064|IGLL5_HUMAN;sp|P0CF74|IGLC6_HUMAN;sp|P0CG04|IGLC1_HUMAN;sp|P0DOX8|IGL1_HUMAN;sp|P0DOY2|IGLC2_HUMAN;sp|P0DOY3|IGLC3_HUMAN	0.014778325	0.9728591838590949	0.9305221256623272	309113.08720721747
TC[+57.021465]PKPDDLPFSTVVPLK	2	sp|P02749|APOH_HUMAN	0.014778325	1.0	0.9453533094216969	234487.63304234558
LSSWVLLM[+15.994915]K	2	sp|P01009|A1AT_HUMAN	0.014778325	1.0	0.8689032190542	281267.405458772
LTSLPLGALR	2	sp|P07359|GP1BA_HUMAN	0.016451234	0.9440873193926883	0.930345822605307	13801.080042421263
SSEDPNEDIVER	2	sp|P01591|IGJ_HUMAN	0.014778325	0.9933552810135716	0.8718758347271002	9233.2206349461
ELTPEVLQEWLDELEEMMLVVHMPR	4	sp|P01008|ANT3_HUMAN	0.014778325	0.9866190731264982	0.9479202104332201	125067.55162608667
TMLLQPAGSLGSYSYR	3	sp|P41222|PTGDS_HUMAN	0.014778325	1.0	0.9436656923445965	2902057.644669345
EFTFTDLVPGR	2	sp|P23467|PTPRB_HUMAN	0.016451234	0.9290085173289965	0.8387005908210258	8512.404339740819
LLDNWDSVTSTFSK	2	sp|P02647|APOA1_HUMAN	0.014778325	0.9797881705057813	0.9568798011687225	265045.97339624277
ANQQLNFTEAK	2	sp|Q9Y5Y7|LYVE1_HUMAN	0.014778325	1.0	0.8803593573880225	11181.477923915443
YVGGQEHFAHLLILR	2	sp|P02763|A1AG1_HUMAN	0.014778325	0.9728591838590949	0.9285629025462299	889154.5892836257
LPGIVAEGR	1	sp|P01008|ANT3_HUMAN	0.014778325	0.9797881705057813	0.7296521841729866	834.5687992368576
TFYEPGEEITYSC[+57.021465]KPGYVSR	3	sp|P02749|APOH_HUMAN	0.014778325	1.0	0.9554800191024951	1000398.4615673105
RPC[+57.021465]LHVPAC[+57.021465]K	3	sp|P27918|PROP_HUMAN	0.014778325	1.0	0.973264840149062	186356.93416610826
VTTSQDM[+15.994915]LSIM[+15.994915]EK	2	sp|P05155|IC1_HUMAN	0.014778325	1.0	0.8035632600885432	16251.490214307667
AVFLTEALER	2	sp|Q9NQ38|ISK5_HUMAN	0.020454545	0.8448700454299841	0.7250039342572343	9093.97517902474
NKEDC[+57.021465]VEIYIK	3	sp|P14151|LYAM1_HUMAN	0.016451234	0.9366095275687156	0.8171367495176122	25779.350963848778
EHVAHLLFLRDTK	3	sp|P19652|A1AG2_HUMAN	0.014778325	0.9866190731264982	0.859359881112241	121969.91576503444
RLGMFNIQHC[+57.021465]K	2	sp|P01009|A1AT_HUMAN	0.014778325	0.9797881705057813	0.9806549125453976	47046.47896386014
SAGSVESPSVSSTHR	3	sp|P17936|IBP3_HUMAN	0.014778325	0.9866190731264982	0.881689310615442	10710.174233618493
NSLYLQMNSLR	2	sp|A0A0B4J1V1|HV321_HUMAN;sp|A0A0B4J1X8|HV343_HUMAN;sp|A0A0C4DH32|HV320_HUMAN;sp|P01762|HV311_HUMAN;sp|P01763|HV348_HUMAN;sp|P01766|HV313_HUMAN;sp|P01780|HV307_HUMAN;sp|P01782|HV309_HUMAN;sp|P0DP04|HV43D_HUMAN	0.014778325	1.0	0.783825978378225	3274.2358062942058
IPKSDVVYTDWK	2	sp|P02763|A1AG1_HUMAN	0.014778325	1.0	0.9787020414694153	329511.12675945304
KATVVYQGER	2	sp|P02749|APOH_HUMAN	0.014778325	1.0	0.9553461571479605	285560.7037696589
QGLLPVLESFK	2	sp|P02647|APOA1_HUMAN	0.014778325	1.0	0.8891472101905873	64195.75101386614
MREWFSETFQK	2	sp|P02654|APOC1_HUMAN	0.014778325	1.0	0.8879736968676989	184095.52933290345
TYFPHFDLSHGSAQVK	4	sp|P69905|HBA_HUMAN	0.014778325	0.9797881705057813	0.8853297113488393	81316.02295887005
GGEGTGYFVDFSVR	2	sp|P04196|HRG_HUMAN	0.014778325	1.0	0.9372917270662624	1440072.7440642822
AGALQLLLVGDK	2	sp|P55058|PLTP_HUMAN	0.016451234	0.9366095275687156	0.8658569623835011	5972.037429175196
ESSSHHPGIAEFPSR	2	sp|P02671|FIBA_HUMAN	0.014778325	1.0	0.8963077636504023	137547.2934542064
DTEEEDFHVDQVTTVK	2	sp|P01009|A1AT_HUMAN	0.014778325	1.0	0.9453519665940266	42631325.23492899
ATVVYQGER	2	sp|P02749|APOH_HUMAN	0.014778325	0.9866190731264982	0.9639865865704074	207393.57604542698
IDSLLENDR	2	sp|P10909|CLUS_HUMAN	0.014778325	1.0	0.9645837967523412	393852.36845219147
TM[+15.994915]LLQPAGSLGSYSYR	2	sp|P41222|PTGDS_HUMAN	0.014778325	0.9728591838590949	0.9428444648920142	93362.00670315616
DYVSQFEGSALGK	2	sp|P02647|APOA1_HUMAN	0.014778325	0.9933552810135716	0.9630620174179834	286902.75433874584
EHVAHLLFLR	2	sp|P19652|A1AG2_HUMAN	0.014778325	0.9728591838590949	0.8177504216699933	15803.777393149867
TVAAC[+57.021465]NLPIVR	3	sp|P02760|AMBP_HUMAN	0.014778325	0.9933552810135716	0.9546817193638809	19116.3843584646
ETYGEMADC[+57.021465]C[+57.021465]AK	2	sp|P02768|ALBU_HUMAN	0.014778325	1.0	0.9541862542135715	13947.084970274718
AEAESLYQSK	2	sp|P04264|K2C1_HUMAN	0.014778325	0.9866190731264982	0.9514733395447674	9669.44557483141
LLIYDNNK	2	sp|P01701|LV151_HUMAN	0.014778325	0.9866190731264982	0.9773298273040832	10265.531471399314
LLIYGASTR	2	sp|A0A075B6H7|KV37_HUMAN;sp|A0A0C4DH55|KVD07_HUMAN;sp|P01624|KV315_HUMAN	0.014778325	0.9866190731264982	0.9502282709218695	53959.633578561814
DFVQPPTK	1	sp|P01042|KNG1_HUMAN	0.014778325	0.9797881705057813	0.7116918265036067	2486.095706190645
SGTASEMGTER	2	sp|Q9ULI3|HEG1_HUMAN	0.014778325	0.9866190731264982	0.9092784275918092	16071.317509711276
FIVLSNNYLQIR	2	sp|P13591|NCAM1_HUMAN	0.014778325	1.0	0.9220746818082053	233741.15023345183
NEC[+57.021465]FLQHK	2	sp|P02768|ALBU_HUMAN	0.014778325	1.0	0.9151048748539022	54282.093733530455
DKC[+57.021465]EPLEKQHEK	2	sp|P02763|A1AG1_HUMAN;sp|P19652|A1AG2_HUMAN	0.019517796	0.8718655118414741	0.8417536956967959	916.4599133589884
STAAMSTYTGIFTDQVLSVLK	3	sp|P02655|APOC2_HUMAN	0.014778325	1.0	0.964944744140914	2759303.1791596804
LWWLDLK	2	sp|P02790|HEMO_HUMAN	0.014778325	1.0	0.973486353783723	68157621.09072512
ALDLINK	2	sp|P04196|HRG_HUMAN	0.014778325	0.9728591838590949	0.9757845990058487	16524.455396418805
TLLDIDNTR	2	sp|P35527|K1C9_HUMAN	0.014778325	1.0	0.9211535513160524	47348.86778510544
TEGDGVYTLNNEK	2	sp|P00738|HPT_HUMAN	0.014778325	1.0	0.9517102639974525	66537.92942841417
VPTVEPLDSLTLFLFR	2	sp|P13598|ICAM2_HUMAN	0.015738498	0.9658285256870233	0.9467681185741244	141249.66972985608
SVDIWLR	1	sp|P15151|PVR_HUMAN	0.02154195	0.9797881705057813	0.7236964826738986	1183.1156624226496
ENFAGEATLQR	2	sp|P04114|APOB_HUMAN	0.014778325	1.0	0.9097208378255793	2916.930479109624
AFLEVNEEGSEAAASTAVVIAGR	3	sp|P01008|ANT3_HUMAN	0.014778325	0.9866190731264982	0.965694283402729	63283.271763196004
SGGLC[+57.021465]QPC[+57.021465]R	2	sp|P27918|PROP_HUMAN	0.014778325	1.0	0.8992570127486286	18615.047477539953
AYVPIAQVK	2	sp|Q14956|GPNMB_HUMAN	0.014778325	0.9866190731264982	0.9420230074195379	37281.83904991624
DLDSQTMMVLVNYIFFK	3	sp|P01011|AACT_HUMAN	0.014778325	1.0	0.7272912657720645	41330.53831877393
FLENEDR	1	sp|P01009|A1AT_HUMAN	0.014778325	0.9797881705057813	0.9541504732215544	9545.694567059661
ALGISPFHEHAEVVFTANDSGPR	5	sp|P02766|TTHY_HUMAN	0.014778325	1.0	0.9130343289175558	151967.52396731888
ALPAPIEK	2	sp|P01857|IGHG1_HUMAN;sp|P01860|IGHG3_HUMAN;sp|P0DOX5|IGG1_HUMAN	0.020454545	1.0	0.9855938446767012	664622.2551884238
FDPVRGEVPPR	3	sp|P02790|HEMO_HUMAN	0.014778325	0.9728591838590949	0.9898283681378329	228503.60994314932
QINSYVK	2	sp|P08185|CBG_HUMAN	0.014778325	1.0	0.7429706063442946	7758.876501046216
MADEAGSEADHEGTHSTK	3	sp|P02671|FIBA_HUMAN	0.014778325	1.0	0.9405557536090552	9675.209919313329
TLLVFEVQQPFLFVLWDQQHK	3	sp|P05155|IC1_HUMAN	0.014778325	0.9728591838590949	0.9571509940242559	442481.81905301515
FLSTLTIDGVTR	2	sp|P35968|VGFR2_HUMAN	0.014778325	1.0	0.8886138796189404	41484.01061610654
ALGISPFHEHAEVVFTANDSGPRR	5	sp|P02766|TTHY_HUMAN	0.014778325	0.9866190731264982	0.9116171305348194	142802.97409561553
SLNNQFASFIDK	2	sp|P04264|K2C1_HUMAN	0.014778325	1.0	0.9786325342430946	109181.33549331594
AADDTWEPFASGK	2	sp|P02766|TTHY_HUMAN	0.014778325	0.9933552810135716	0.9831620788882218	196536.49846384805
FSSSSGYGGGSSR	2	sp|P35527|K1C9_HUMAN	0.017584994	0.9212790999005022	0.9514601642583793	7113.478571632084
IYMYGGK	2	sp|O75882|ATRN_HUMAN	0.014778325	1.0	0.9187789859332011	70243.24277547644
TIYEYHR	2	sp|Q6UX71|PXDC2_HUMAN	0.014778325	1.0	0.9101247957481603	82112.76427229254
LYLVQGTQVYVFLTK	2	sp|P02790|HEMO_HUMAN	0.014778325	0.9728591838590949	0.9497109938217395	105805.4425590697
EQYAVVGHSAHIVTLK	2	sp|O75882|ATRN_HUMAN	0.014778325	1.0	0.986671499119286	69587.43079310427
EQLTPLIKK	2	sp|P02652|APOA2_HUMAN	0.014778325	1.0	0.9901206790400968	237735.47053067823
VNVDEVGGEALGR	2	sp|P68871|HBB_HUMAN	0.014778325	1.0	0.9237231580152361	10657.394127476964
VTTPDTSTTQHNK	2	sp|Q92954|PRG4_HUMAN	0.014778325	1.0	0.8573300032648768	52916.03010813894
LTC[+57.021465]LQNLK	2	sp|P08174|DAF_HUMAN	0.014778325	0.9866190731264982	0.8633608810485934	2586.028838408742
NWGLSVYADKPETTK	3	sp|P02763|A1AG1_HUMAN	0.019517796	0.897262926642552	0.7605039912611284	4492.236048811455
GDPLGTEGGLDASNTER	2	sp|Q12913|PTPRJ_HUMAN	0.014778325	0.9728591838590949	0.8901626305463674	56596.62172092921
LLLGSNQNEIVSLK	2	sp|Q86SQ4|AGRG6_HUMAN	0.014778325	1.0	0.9144968594415943	270291.05772094993
LGNQEPGGQTALK	2	sp|P08697|A2AP_HUMAN	0.014778325	1.0	0.9231167930035475	6655.83759409221
GLYDVVSVLR	2	sp|O75144|ICOSL_HUMAN	0.014778325	0.9933552810135716	0.9658853939049438	57922.74450095976
GSPAINVAVHVFRK	2	sp|P02766|TTHY_HUMAN	0.014778325	0.9866190731264982	0.8451317725282493	5115.754259996504
ETPAATEAPSSTPK	2	sp|P80723|BASP1_HUMAN	0.014778325	0.9933552810135716	0.9497750718018289	34147.96908847991
AVLHIGEK	2	sp|P05543|THBG_HUMAN	0.014778325	1.0	0.9875119435462832	931662.8378440808
DGNPFYFTDHR	3	sp|O00533|NCHL1_HUMAN	0.014778325	0.9797881705057813	0.7790531555901027	21714.201032995603
TDTSHHDQDHPTFNK	4	sp|P01009|A1AT_HUMAN	0.014778325	1.0	0.9433924642085783	46429769.05158088
LYHSEAFTVNFGDTEEAKK	3	sp|P01009|A1AT_HUMAN	0.014778325	1.0	0.963319568800504	409626.50173455605
IDVHWTR	1	sp|P25311|ZA2G_HUMAN	0.014778325	0.9797881705057813	0.717747089501408	1897.943431011153
FAGVFHVEK	2	sp|P16070|CD44_HUMAN	0.014778325	1.0	0.9658913836172802	66498.64812229798
GPALTTPK	2	sp|Q92954|PRG4_HUMAN	0.014778325	0.9728591838590949	0.9940755023963974	72351.00808772196
GEIMFQYDK	2	sp|Q8IZP9|AGRG2_HUMAN	0.016451234	0.9366095275687156	0.8765015529461884	14966.570553693888
DYFMPC[+57.021465]PGR	2	sp|P02790|HEMO_HUMAN	0.014778325	1.0	0.9654983792116838	13396966.46104362
VEIDTKSYWK	2	sp|P02766|TTHY_HUMAN	0.014778325	1.0	0.9426712175730686	62499.60047224813
GPMFELLPGESNK	2	sp|P10124|SRGN_HUMAN	0.014778325	0.9866190731264982	0.908560866274232	44063.89562520613
ANRPFLVFIR	3	sp|P01008|ANT3_HUMAN	0.014778325	0.9728591838590949	0.9492083379427462	574424.8256049671
FLASVSTVLTSK	2	sp|P69905|HBA_HUMAN	0.014778325	1.0	0.9399245533976968	89055.59520395524
GLGELQELYLK	2	sp|P07359|GP1BA_HUMAN	0.014778325	1.0	0.9332334361725168	73626.08998913354
FKLDDDLEHQGGHVLDHGHK	6	sp|P01042|KNG1_HUMAN	0.014778325	0.9866190731264982	0.9517267631066463	13473.596826642934
LPTDSELAPR	2	sp|P49908|SEPP1_HUMAN	0.014778325	1.0	0.9317289775174151	100906.09099845466
GTHC[+57.021465]NQVEVIATLK	2	sp|P02775|CXCL7_HUMAN	0.014778325	0.9797881705057813	0.9355369151597245	737699.9160279236
SDVVYTDWKKDK	2	sp|P02763|A1AG1_HUMAN	0.014778325	0.9866190731264982	0.9256607480301617	33542.852408469975
AQLLVVGSPGPVPR	2	sp|P32004|L1CAM_HUMAN	0.014778325	0.9933552810135716	0.9590350628137921	10164.44307944384
VVSTNYNQHAMVFFK	3	sp|P80188|NGAL_HUMAN	0.014778325	1.0	0.941168856047171	463258.1875388154
AVMDDFAAFVEK	3	sp|P02768|ALBU_HUMAN	0.014778325	0.9797881705057813	0.807047226478919	7446.257486959074
EESLDSDLYAELR	2	sp|P02775|CXCL7_HUMAN	0.014778325	0.9866190731264982	0.9509410989973119	29297.535919541864
ASFHIPQVQVR	2	sp|Q9BQ51|PD1L2_HUMAN	0.014778325	1.0	0.7131310436887156	30488.600390946354
QISNLQQSISDAEQR	2	sp|P04264|K2C1_HUMAN	0.014778325	0.9728591838590949	0.881522990581969	22064.03610728155
VIVVSMNYR	2	sp|P06276|CHLE_HUMAN	0.014778325	1.0	0.9289368198824265	122152.0351513534
MTVTDQVNC[+57.021465]PK	2	sp|P05090|APOD_HUMAN	0.014778325	1.0	0.9856149747887891	40341.5774379286
KNEFQGELEK	3	sp|Q8NBJ4|GOLM1_HUMAN	0.014778325	1.0	0.9478075803010434	53624.56527626795
VVAGVANALAHK	3	sp|P02042|HBD_HUMAN;sp|P68871|HBB_HUMAN	0.014778325	1.0	0.9107793468662462	274462.4208396267
DGYLFQLLR	2	sp|P04196|HRG_HUMAN	0.014778325	0.9933552810135716	0.9768055050032912	18381.08057891367
NFPSPVDAAFR	2	sp|P02790|HEMO_HUMAN	0.014778325	1.0	0.9697742125003613	118504.97072920753
AEDTAVYYC[+57.021465]AR	2	sp|A0A0B4J1V1|HV321_HUMAN;sp|A0A0B4J1X5|HV374_HUMAN;sp|A0A0C4DH42|HV366_HUMAN;sp|A0A0J9YVY3|HV741_HUMAN;sp|P01762|HV311_HUMAN;sp|P01763|HV348_HUMAN;sp|P01767|HV353_HUMAN;sp|P01772|HV333_HUMAN;sp|P01780|HV307_HUMAN;sp|P0DOX2|IGA2_HUMAN;sp|P0DP02|HVC33_HUMAN	0.014778325	1.0	0.8660711543250613	2696.2685705574154
AVLTIDEK	2	sp|P01009|A1AT_HUMAN	0.014778325	0.9797881705057813	0.9842003481768032	238549.98954146972
GVTSVSQIFHSPDLAIR	2	sp|P05155|IC1_HUMAN	0.014778325	1.0	0.7675876715817909	18118.00242447837
RYTIAALLSPYSYSTTAVVTNPKE	4	sp|P02766|TTHY_HUMAN	0.014778325	1.0	0.9333324259436999	7819150.656741337
TWQDC[+57.021465]EYK	2	sp|P01042|KNG1_HUMAN	0.014778325	0.9933552810135716	0.9672934421525378	24955.652893297432
GFMQTYYDDHLR	3	sp|P55056|APOC4_HUMAN	0.014778325	1.0	0.9251695444258287	20319.381175565533
C[+57.021465]TWLIEGQPNR	2	sp|O75882|ATRN_HUMAN	0.014778325	0.9933552810135716	0.9520133570086284	57090.1422835477
IHLMAGR	1	sp|Q5T013|HYI_HUMAN	0.014778325	1.0	0.7581986934258134	10875.63801907214
VTMTTDTSTSTAYMELR	2	sp|A0A0C4DH31|HV118_HUMAN	0.014778325	1.0	0.9257886023572395	154424.82156093276
STSESTAALGC[+57.021465]LVK	2	sp|P01859|IGHG2_HUMAN;sp|P01861|IGHG4_HUMAN	0.014778325	0.9933552810135716	0.9438395273716549	3866.4074027764736
VADALTNAVAHVDDMPNALSALSDLHAHK	5	sp|P69905|HBA_HUMAN	0.014778325	0.9933552810135716	0.9247561299556923	109529.5453855074
EQLTPLIK	1	sp|P02652|APOA2_HUMAN	0.014778325	0.9866190731264982	0.9783618559594149	20748.693759141755
SGIIFAGHDK	2	sp|Q13449|LSAMP_HUMAN	0.014778325	0.9866190731264982	0.8939833281879606	31315.012327016168
SGYFLSISDSK	2	sp|Q86SQ4|AGRG6_HUMAN	0.014778325	0.9933552810135716	0.7536610405045051	20359.898895974995
QPAVEEPAEVTATVLASR	4	sp|P32942|ICAM3_HUMAN	0.015738498	0.9658285256870233	0.8099370200658953	427.1384487820364
SKEQLTPLIK	3	sp|P02652|APOA2_HUMAN	0.014778325	1.0	0.9624060707489869	83273.6785315252
GDSVVYGLR	1	sp|P10451|OSTP_HUMAN	0.014778325	1.0	0.9437889942449702	1336264.4078625962
LRTEGDGVYTLNNEK	2	sp|P00738|HPT_HUMAN	0.014778325	1.0	0.9951402902955712	406320.8277330449
AQSIAYHLK	2	sp|Q14515|SPRL1_HUMAN	0.014778325	1.0	0.8776019119784237	65416.33693870588
SEAAC[+57.021465]LAAGPGIR	2	sp|O75882|ATRN_HUMAN	0.014778325	1.0	0.9599021264509356	83061.4956885911
TVESITDIR	2	sp|P11279|LAMP1_HUMAN	0.014778325	1.0	0.9672002480801818	661442.2860946041
FATTFYQHLADSK	2	sp|P01008|ANT3_HUMAN	0.014778325	0.9866190731264982	0.9664964390718846	148226.0184519528
ATLVC[+57.021465]LISDFYPGAVTVAWK	3	sp|B9A064|IGLL5_HUMAN;sp|P0CG04|IGLC1_HUMAN;sp|P0DOX8|IGL1_HUMAN;sp|P0DOY2|IGLC2_HUMAN;sp|P0DOY3|IGLC3_HUMAN	0.014778325	1.0	0.8999744417513321	362519.87029722496
QQDVLGFLEANK	2	sp|O75368|SH3L1_HUMAN	0.014778325	0.9933552810135716	0.9279881171487608	33017.26159623262
LYGSEAFATDFQDSAAAK	2	sp|P01011|AACT_HUMAN	0.014778325	1.0	0.8783199457898611	1206912.23717721
DTATLSWGLPK	2	sp|O00533|NCHL1_HUMAN	0.014778325	0.9933552810135716	0.829033895462055	69308.25604285604
GTQEQDFYVTSETVVR	2	sp|P05154|IPSP_HUMAN	0.015738498	0.9658285256870233	0.7551470438974214	1749.4738287485695
EQLGEFYEALDC[+57.021465]LR	2	sp|P02763|A1AG1_HUMAN	0.014778325	0.9728591838590949	0.9642490745937243	344765.7060453331
C[+57.021465]EDLETQTQSEK	2	sp|O00592|PODXL_HUMAN	0.014778325	0.9866190731264982	0.8587720047954045	7755.468053337436
KWQEEMELYR	3	sp|P02647|APOA1_HUMAN	0.020454545	0.8258516653955662	0.8470241037929656	10352.638710045669
IQYQLVDISQDNALR	2	sp|Q9H299|SH3L3_HUMAN	0.014778325	0.9728591838590949	0.8789786400279564	13446.576496265312
LEDMEQALSPSVFK	3	sp|P05155|IC1_HUMAN	0.014778325	0.9797881705057813	0.8694185056034378	13322.094684675085
YLDFVFAVK	2	sp|P13473|LAMP2_HUMAN	0.014778325	1.0	0.7041793382210715	286966.00876746466
EDC[+57.021465]VEIYIK	2	sp|P14151|LYAM1_HUMAN	0.014778325	1.0	0.9714592498835177	26271.79609938114
VLDAVRGSPAINVAVHVFR	3	sp|P02766|TTHY_HUMAN	0.014778325	0.9933552810135716	0.9116595621364806	371023.0539843922
EPQVYTLPPSR	3	sp|P01857|IGHG1_HUMAN;sp|P01859|IGHG2_HUMAN;sp|P01860|IGHG3_HUMAN;sp|P0DOX5|IGG1_HUMAN	0.028280543	0.5678582329614409	0.8945540374618253	155.924786165065
ITPNLAEFAFSLYR	2	sp|P01009|A1AT_HUMAN	0.014778325	1.0	0.9398897109577139	5331868.2602441395
ALDLINKR	2	sp|P04196|HRG_HUMAN	0.014778325	0.9797881705057813	0.9741478178289894	102523.21340178861
NSVIKVPMMNSK	3	sp|P05155|IC1_HUMAN	0.014778325	0.9933552810135716	0.9705296726356238	74557.51724512395
EILSVDC[+57.021465]STNNPSQAK	2	sp|P10909|CLUS_HUMAN	0.014778325	1.0	0.9349897245204781	825101.5704453519
YFHHNSDFHIPK	2	sp|O75015|FCG3B_HUMAN	0.014778325	1.0	0.7032412870643838	94982.14714137767
VLHPLEGAVVIIFK	2	sp|Q13740|CD166_HUMAN	0.02154195	0.7626747761196712	0.7012513789959466	3886.9543831545307
VETNMAFSPFSIASLLTQVLLGAGENTK	4	sp|P05155|IC1_HUMAN	0.014778325	1.0	0.8895042598770406	67302.95333839083
DDLYVSDAFHK	2	sp|P01008|ANT3_HUMAN	0.014778325	1.0	0.9496392491177512	590737.1097902429
LTQLNLDR	2	sp|P07359|GP1BA_HUMAN	0.014778325	1.0	0.9673012284143677	131724.6468154453
DYFM[+15.994915]PC[+57.021465]PGR	2	sp|P02790|HEMO_HUMAN	0.014778325	1.0	0.9670791702055769	388319.847835104
DVSSSVYSTWK	2	sp|P10721|KIT_HUMAN	0.014778325	1.0	0.9665891005796767	25140.984457349725
C[+57.021465]SPHLVLSALTSDNHGATYAFSGTHYWR	4	sp|P02790|HEMO_HUMAN	0.014778325	0.9797881705057813	0.8908141032428721	535858.3907756932
LVVEWQLQDDK	2	sp|P61916|NPC2_HUMAN	0.014778325	0.9933552810135716	0.8433999349314031	14514.801737507583
LGMFNIQHC[+57.021465]K	2	sp|P01009|A1AT_HUMAN	0.014778325	1.0	0.9412422539075883	3938.9945717162927
SGAQATWTELPWPHEK	3	sp|P02790|HEMO_HUMAN	0.014778325	1.0	0.9063573274618641	1840612.3260368041
YWNDC[+57.021465]EPPDSR	2	sp|P04196|HRG_HUMAN	0.014778325	1.0	0.9366615605811979	86346.79441227489
GNLMGGWK	2	sp|P23435|CBLN1_HUMAN;sp|Q8IUK8|CBLN2_HUMAN	0.014778325	0.9797881705057813	0.9177248429530322	5054.8293978506945
QNQC[+57.021465]FYNSSYLNVQR	2	sp|P19652|A1AG2_HUMAN	0.014778325	0.9728591838590949	0.933774626695942	3652.5211267501595
ASVDSGSSEEQGGSSR	2	sp|P01833|PIGR_HUMAN	0.014778325	0.9797881705057813	0.7836680270554621	8340.2303718437
VLDAVRGSPAINVAVHVFR	4	sp|P02766|TTHY_HUMAN	0.014778325	0.9933552810135716	0.9645381318128756	575967.580276708
TLM[+15.994915]FGSYLDDEK	2	sp|P19652|A1AG2_HUMAN	0.014778325	1.0	0.9583740665492648	346502.9874461444
MEPFHFK	2	sp|P05155|IC1_HUMAN	0.014778325	0.9797881705057813	0.9819065629239313	2136862.719631386
FLEQQNQVLQTK	2	sp|P04264|K2C1_HUMAN;sp|P35908|K22E_HUMAN;sp|Q7Z794|K2C1B_HUMAN	0.014778325	1.0	0.9546588626110282	104471.29366297783
RVAEGTQVLELPFK	3	sp|P01008|ANT3_HUMAN	0.014778325	1.0	0.9717187525916736	217643.01767887376
YTIAALLSPYSYSTTAVVTNPKE	4	sp|P02766|TTHY_HUMAN	0.019517796	0.9054124614333342	0.8770150016066061	158414.0090732779
GGSIQQYIYK	2	sp|Q92954|PRG4_HUMAN	0.014778325	1.0	0.9633481045913938	159108.2508687339
ALFLETEQLK	2	sp|Q13740|CD166_HUMAN	0.014778325	0.9933552810135716	0.9095033630259642	43296.405827149996
GEFVWKSHK	2	sp|P02790|HEMO_HUMAN	0.014778325	1.0	0.9263646975003031	20243.92547004489
SGFPQVSMFFTHTFPK	3	sp|P04196|HRG_HUMAN	0.014778325	1.0	0.9340191019911204	235433.97568700527
HTLNQIDEVK	3	sp|P02765|FETUA_HUMAN	0.014778325	0.9933552810135716	0.9588453545372311	11124.509344876158
HTFMGVVSLGSPSGEVSHPR	3	sp|P02765|FETUA_HUMAN	0.014778325	0.9933552810135716	0.9538423743427392	394219.2270960169
LPGIVAEGR	2	sp|P01008|ANT3_HUMAN	0.014778325	0.9797881705057813	0.9592006976013018	14371.57872922731
QVILTLQPTLVAVGK	3	sp|P13598|ICAM2_HUMAN	0.014778325	1.0	0.9241662035464631	1005951.1243354401
NDNVQDTAEQK	2	sp|P25445|TNR6_HUMAN	0.014778325	1.0	0.790927706108798	1016.2886574351804
TVPLAVLQLR	2	sp|P23467|PTPRB_HUMAN	0.014778325	1.0	0.8975555283720457	51360.01562439083
TVGSDTFYSFK	2	sp|P01042|KNG1_HUMAN	0.014778325	1.0	0.9658594251832634	14381.66662068679
EQVTNVGGAVVTGVTAVAQK	2	sp|P37840|SYUA_HUMAN	0.014778325	1.0	0.8522644766149222	10500.97263946537
LTGSSGFVTDGPGNYK	2	sp|O75882|ATRN_HUMAN	0.014778325	0.9797881705057813	0.9398509537504012	172999.16049626787
APEQEQAAPGPAAGGEAPK	2	sp|P80723|BASP1_HUMAN	0.014778325	0.9728591838590949	0.8648628582407282	2680.5648741758514
SHALQLNNR	2	sp|P0C0L4|CO4A_HUMAN;sp|P0C0L5|CO4B_HUMAN	0.014778325	0.9866190731264982	0.9630963688116382	7610.695684750666
ITDVIPSEAINELTVLVLVNTIYFK	4	sp|P01008|ANT3_HUMAN	0.015738498	0.9658285256870233	0.8951290590446789	10232.014924328952
SGAQATWTELPWPHEK	4	sp|P02790|HEMO_HUMAN	0.019517796	0.888960273227615	0.8196287029653206	19371.139869220533
YFIDFVAR	2	sp|P01042|KNG1_HUMAN	0.014778325	1.0	0.9754975071508398	1554295.0502338125
SYYWIGIR	2	sp|P14151|LYAM1_HUMAN	0.014778325	1.0	0.998770362998392	3257538.8920534756
AQTTVTC[+57.021465]TEK	2	sp|Q02985|FHR3_HUMAN	0.014778325	1.0	0.8858781756774843	5232.960187399258
GIYSFNFHVVK	2	sp|P23435|CBLN1_HUMAN	0.014778325	1.0	0.9517062338880202	17140.384246536098
AEELSIQVSC[+57.021465]R	2	sp|Q9Y5Y7|LYVE1_HUMAN	0.014778325	1.0	0.9500704036702361	159946.22992754207
TC[+57.021465]PKPDDLPFSTVVPLK	4	sp|P02749|APOH_HUMAN	0.014778325	1.0	0.9442529144633294	67065.16350884913
YVSELHLTR	2	sp|P10721|KIT_HUMAN	0.014778325	1.0	0.9645703729525261	270398.1935400562
RGENLFAITDEGMDVPLAMEEWHHER	5	sp|Q6UXB8|PI16_HUMAN	0.014778325	1.0	0.9379297146387507	104841.90583616467
GFSGIFEDR	2	sp|P09619|PGFRB_HUMAN	0.014778325	1.0	0.8500981051123074	51101.7166251321
YEGSYALTSEEAER	2	sp|O95810|CAVN2_HUMAN	0.014778325	0.9797881705057813	0.7898172403861592	6767.396552186421
TPEGLYQVTSVLR	2	sp|Q9BQ51|PD1L2_HUMAN	0.014778325	1.0	0.957560049263778	79603.91422953739
DIAPTLTLYVGK	2	sp|P00738|HPT_HUMAN;sp|P00739|HPTR_HUMAN	0.014778325	1.0	0.9551010167079582	4043712.04592372
NTLYLQMNSLR	2	sp|A0A0B4J1X5|HV374_HUMAN;sp|A0A0C4DH42|HV366_HUMAN;sp|P01764|HV323_HUMAN;sp|P01767|HV353_HUMAN;sp|P01768|HV330_HUMAN;sp|P01772|HV333_HUMAN;sp|P0DP02|HVC33_HUMAN;sp|P0DP03|HVC05_HUMAN	0.014778325	1.0	0.8720163608766694	90748.93287494867
SDVMYTDWKK	3	sp|P19652|A1AG2_HUMAN	0.020454545	0.8354707271418766	0.8598980741229433	5952.973404819926
FSGSNSGNTATLTISR	2	sp|A0A075B6K5|LV39_HUMAN;sp|P80748|LV321_HUMAN	0.014778325	0.9797881705057813	0.7796871738164409	1822.725995263745
WQEEMELYR	2	sp|P02647|APOA1_HUMAN	0.014778325	1.0	0.9619427710209028	25425.7704818352
IASFSQNC[+57.021465]DIYPGK	2	sp|P01042|KNG1_HUMAN	0.014778325	0.9797881705057813	0.8911854054805617	79766.188066668
M[+15.994915]TVTDQVNC[+57.021465]PK	2	sp|P05090|APOD_HUMAN	0.014778325	1.0	0.9262764892199118	33658.41023479386
IHWESASLLR	3	sp|P01024|CO3_HUMAN	0.014778325	1.0	0.965072372055837	596573.0102073051
AFIQLWAFDAVK	2	sp|P02760|AMBP_HUMAN	0.014778325	0.9866190731264982	0.9664861512711554	174763.88765983595
AFQVQQAVDLR	2	sp|P13497|BMP1_HUMAN	0.014778325	1.0	0.916774587833455	6962.640588532028
FIC[+57.021465]PLTGLWPINTLK	3	sp|P02749|APOH_HUMAN	0.014778325	0.9933552810135716	0.9235511195181697	859770.9430092644
AVGEEVWHSK	2	sp|P13591|NCAM1_HUMAN	0.014778325	1.0	0.9576856000199298	20500.216929966467
GPLQLER	2	sp|P02750|A2GL_HUMAN	0.014778325	1.0	0.9474371707698219	33809.51343859501
THLAPYSDELR	3	sp|P02647|APOA1_HUMAN	0.014778325	1.0	0.9815012948145477	338709.9483085633
EFNPLVIVGLSK	2	sp|P12259|FA5_HUMAN	0.014778325	1.0	0.865925705387493	903.1035924770971
RPSEIVIGQC[+57.021465]K	2	sp|P04196|HRG_HUMAN	0.014778325	1.0	0.932418950531022	28247.975246729155
SVDIWLR	2	sp|P15151|PVR_HUMAN	0.014778325	0.9797881705057813	0.8995691149763195	16026.140837220491
NIQSLEVIGK	2	sp|P02775|CXCL7_HUMAN	0.014778325	1.0	0.9530100103121184	29066.363083660242
GDDITM[+15.994915]VLILPKPEK	3	sp|P01008|ANT3_HUMAN	0.014778325	0.9933552810135716	0.7855023088885408	2539.388620751952
GFFADYEIPNLQK	2	sp|Q10588|BST1_HUMAN	0.014778325	0.9866190731264982	0.7764566845507832	3958.1741514752307
AATGEC[+57.021465]TATVGK	2	sp|P01042|KNG1_HUMAN	0.014778325	0.9933552810135716	0.9773384950989837	20976.618715491943
NHNALLASLTTQK	3	sp|O75882|ATRN_HUMAN	0.016451234	0.9366095275687156	0.9263463787239214	68674.83270764076
SKLPGIVAEGRDDLYVSDAFHK	4	sp|P01008|ANT3_HUMAN	0.014778325	0.9933552810135716	0.8842957226141014	206411.7313510623
VMTPAVYAPYDVK	2	sp|O00533|NCHL1_HUMAN	0.014778325	1.0	0.9423043648234892	144219.7509526434
QINSYVK	1	sp|P08185|CBG_HUMAN	0.014778325	1.0	0.9443313712657636	177807.47356007068
DLMEKVK	2	sp|P02652|APOA2_HUMAN	0.014778325	0.9728591838590949	0.9009035309569928	120012.76940066778
TSESGELHGLTTEEEFVEGIYK	3	sp|P02766|TTHY_HUMAN	0.014778325	1.0	0.9345055939456963	13409159.832639618
QDPPSVVVTSHQAPGEK	2	sp|P25311|ZA2G_HUMAN	0.015738498	0.9658285256870233	0.8882876142076207	22358.20125799005
AVLDVFEEGTEASAATAVK	3	sp|P01011|AACT_HUMAN	0.014778325	1.0	0.9309758943163171	292759.7254290144
SSSNEEVMFLTVQVK	2	sp|P01023|A2MG_HUMAN	0.014778325	1.0	0.853215822697521	115485.69524238893
NWGLSFYADKPETTK	3	sp|P19652|A1AG2_HUMAN	0.014778325	0.9728591838590949	0.9385841838200051	21109.39959178601
ILGGHLDAK	2	sp|P00738|HPT_HUMAN;sp|P00739|HPTR_HUMAN	0.014778325	0.9797881705057813	0.9670570720076239	181428.65313918036
DLGGFDEDAEPR	2	sp|Q9BRK5|CAB45_HUMAN	0.014778325	1.0	0.8446917049329334	11947.13631279795
NPNLPPETVDSLK	3	sp|P05090|APOD_HUMAN	0.016451234	0.9366095275687156	0.8367067763474719	15723.556286107767
LISLIC[+57.021465]R	2	sp|O00592|PODXL_HUMAN	0.014778325	1.0	0.8594324613337743	161329.08489885202
ILLDEQAQWK	2	sp|P13598|ICAM2_HUMAN	0.022675738	1.0	0.9653782234206917	2083.946769679691
HIQETEWQSQEGK	2	sp|Q14515|SPRL1_HUMAN	0.014778325	0.9797881705057813	0.9848618258594349	26586.788933411342
GAQTQTEEEMTR	2	sp|Q12841|FSTL1_HUMAN	0.014778325	1.0	0.978905990611464	41964.76926243681
LLGLSLAGK	2	sp|Q9Y5Y7|LYVE1_HUMAN	0.014778325	1.0	0.9811715027459211	4694523.054432034
MEEVEAMLLPETLKR	3	sp|P01011|AACT_HUMAN	0.014778325	0.9933552810135716	0.7177105722102712	21947.613303514838
DLATVYVDVLK	2	sp|P02647|APOA1_HUMAN	0.014778325	1.0	0.8827069696670128	222325.9586803405
TLMFGSYLDDEKNWGLSFYADKPETTK	4	sp|P19652|A1AG2_HUMAN	0.014778325	1.0	0.920325469037628	3423511.554346679
SVNNVVVR	2	sp|O75882|ATRN_HUMAN	0.014778325	0.9797881705057813	0.986038779211387	8914.634203541338
VMPIC[+57.021465]LPSK	2	sp|P00738|HPT_HUMAN;sp|P00739|HPTR_HUMAN	0.014778325	0.9866190731264982	0.958796026926923	352305.0208840052
GQC[+57.021465]IINSNK	2	sp|P43652|AFAM_HUMAN	0.014778325	1.0	0.8605288535345432	29103.419255200624
AVLHIGEK	1	sp|P05543|THBG_HUMAN	0.014778325	1.0	0.9460896703820381	46327.54804947963
VAEGTQVLELPFK	3	sp|P01008|ANT3_HUMAN	0.020454545	0.8540617215638593	0.8610383884258633	26515.427767161655
GTWTQPFDLASTR	3	sp|P08185|CBG_HUMAN	0.014778325	1.0	0.9030116470604621	96361.89415585565
LSFQEFLK	2	sp|Q12841|FSTL1_HUMAN	0.014778325	1.0	0.9646122580971656	354534.6888779506
VTGNPGDEEFIEPSTENEFGLTSLR	3	sp|Q9ULI3|HEG1_HUMAN	0.015738498	0.9658285256870233	0.9821811837590584	137280.31837406126
DEELSC[+57.021465]TVVELK	2	sp|P01011|AACT_HUMAN	0.014778325	0.9933552810135716	0.9684019416977976	19859.568171703406
ETC[+57.021465]FAEEGKK	2	sp|P02768|ALBU_HUMAN	0.014778325	1.0	0.9376901683669625	195741.39616898674
SETEIHQGFQHLHQLFAK	3	sp|P08185|CBG_HUMAN	0.014778325	0.9797881705057813	0.8522035776405853	9000.613210776603
AMVGSDVELSC[+57.021465]AC[+57.021465]PEGSR	2	sp|O75144|ICOSL_HUMAN	0.014778325	0.9728591838590949	0.978201328398523	2854.844761170011
SPELQAEAK	2	sp|P02652|APOA2_HUMAN	0.014778325	0.9728591838590949	0.9712801696626215	1527.853303964666
EGQMESVEAAMSSK	2	sp|P05543|THBG_HUMAN	0.014778325	0.9866190731264982	0.9328350380017529	323102.8010689273
EQYAVVGHSAHIVTLK	4	sp|O75882|ATRN_HUMAN	0.014778325	1.0	0.9560555495589389	1048253.590570739
ALQATVGNSYK	2	sp|P11279|LAMP1_HUMAN	0.014778325	1.0	0.9623812865924709	116849.07132281491
DLDMFINASK	2	sp|O75882|ATRN_HUMAN	0.014778325	1.0	0.827279606213782	43132.970741154015
ESLSSYWESAK	2	sp|P02655|APOC2_HUMAN	0.014778325	1.0	0.9399397529538654	22394.513344705676
ATFNPAQDK	2	sp|O00592|PODXL_HUMAN	0.014778325	0.9866190731264982	0.991463923723355	15091.615592679726
DSC[+57.021465]FNSPMK	2	sp|Q9NPH3|IL1AP_HUMAN	0.019517796	0.9134157281067091	0.8516539703035875	1209.483067100835
TEDSSSFLIDK	2	sp|P05543|THBG_HUMAN	0.014778325	1.0	0.921219066229269	39108.39763839278
TYM[+15.994915]LAFDVNDEK	2	sp|P02763|A1AG1_HUMAN	0.014778325	1.0	0.981609407325845	2404341.208647322
RDPPQYPVVPVHLDR	4	sp|P10153|RNAS2_HUMAN	0.014778325	0.9797881705057813	0.8941762859428161	20640.580907649583
TLLVFEVQQPFLFVLWDQQHK	4	sp|P05155|IC1_HUMAN	0.014778325	0.9728591838590949	0.9417205015668144	92238.78393027556
ISC[+57.021465]PEGTNAYR	2	sp|P05451|REG1A_HUMAN;sp|P48304|REG1B_HUMAN	0.014778325	1.0	0.9079152663874139	2710.4252733915864
REPAVGEPAEVTTTVLVR	2	sp|P05362|ICAM1_HUMAN	0.014778325	1.0	0.9627903016113348	18427.347070509455
NIFISPVSISMALAMLSLGTC[+57.021465]GHTR	3	sp|P08185|CBG_HUMAN	0.014778325	0.9933552810135716	0.942749878188133	9001454.987802748
AQVSPTASDMLHMR	3	sp|Q6UXB8|PI16_HUMAN	0.014778325	1.0	0.9644325238184968	798389.3435584796
LSSVTAADTAVYYC[+57.021465]AR	2	sp|A0A075B6R2|HV404_HUMAN;sp|A0A087WSY4|HV432_HUMAN;sp|A0A0C4DH41|HV461_HUMAN;sp|P01824|HV439_HUMAN;sp|P01825|HV459_HUMAN;sp|P06331|HV434_HUMAN;sp|P0DP06|HVD34_HUMAN;sp|P0DP07|HV431_HUMAN;sp|P0DP08|HVD82_HUMAN	0.014778325	1.0	0.9369386274201841	228454.4607417969
TVNNFVQR	2	sp|Q9HBW9|AGRL4_HUMAN	0.014778325	1.0	0.7180664026746738	12200.023844343834
DAVEDLESVGK	2	sp|P81605|DCD_HUMAN	0.014778325	0.9933552810135716	0.8491039092727464	8984.797479056631
GSPAINVAVHVFR	2	sp|P02766|TTHY_HUMAN	0.014778325	0.9933552810135716	0.9394132088261783	542105.0019463002
EVPLNTIIFMGR	3	sp|P01008|ANT3_HUMAN	0.014778325	0.9933552810135716	0.7952739123529097	8324.702752608964
SETEIHQGFQHLHQLFAK	4	sp|P08185|CBG_HUMAN	0.014778325	0.9797881705057813	0.9494906702644799	9336.002176664944
FKLDDDLEHQGGHVLDHGHK	4	sp|P01042|KNG1_HUMAN	0.014778325	0.9866190731264982	0.7504780219369527	308.37449258737104
YDVDTQMWTILK	2	sp|O75882|ATRN_HUMAN	0.014778325	1.0	0.9674399917823006	3118740.254638594
ENEGFTVTAEGK	2	sp|P01024|CO3_HUMAN	0.014778325	1.0	0.948402855289358	8722.091332818378
TGDTIEFMC[+57.021465]K	2	sp|Q02985|FHR3_HUMAN;sp|Q92496|FHR4_HUMAN	0.014778325	0.9933552810135716	0.9649678431924127	45829.97576536614
GSFPWQAK	1	sp|P00738|HPT_HUMAN;sp|P00739|HPTR_HUMAN	0.016451234	0.9440873193926883	0.9905083431825239	31731.544161080306
LGNFPWQAFTSIHGR	3	sp|Q9NZP8|C1RL_HUMAN	0.014778325	1.0	0.844944404083428	21117.26209994425
YVMLPVADQDQC[+57.021465]IR	2	sp|P00738|HPT_HUMAN	0.014778325	1.0	0.9704976587806226	4496181.254444032
ESNEELTESC[+57.021465]ETK	2	sp|P01042|KNG1_HUMAN	0.014778325	0.9797881705057813	0.8650933633074723	7057.732632501455
RVWELSK	2	sp|P01008|ANT3_HUMAN	0.014778325	0.9797881705057813	0.982451738584461	61729.88548004658
DWHGVPGQVDAAMAGR	3	sp|P04004|VTNC_HUMAN	0.019517796	0.897262926642552	0.730647169219382	5955.622702886434
AVVFLEPQWYR	2	sp|P08637|FCG3A_HUMAN	0.014778325	0.9933552810135716	0.9615089764420258	206339.69606973536
HTFM[+15.994915]GVVSLGSPSGEVSHPR	3	sp|P02765|FETUA_HUMAN	0.014778325	0.9933552810135716	0.8904238953285535	17834.84442049824
TEGDGVYTLNDKK	2	sp|P00738|HPT_HUMAN;sp|P00739|HPTR_HUMAN	0.014778325	1.0	0.9572298186199691	101146.4399482348
QEPSQGTTTFAVTSILR	3	sp|P01876|IGHA1_HUMAN	0.014778325	1.0	0.9469204009877386	9637840.181122245
DASGATFTWTPSSGK	2	sp|P01877|IGHA2_HUMAN;sp|P0DOX2|IGA2_HUMAN	0.014778325	1.0	0.9326024291603036	408863.6444946242
VLAKPTPK	2	sp|Q92954|PRG4_HUMAN	0.014778325	1.0	0.9104927736854224	151817.4563646845
LLQDEFPGIPSPLDAAVEC[+57.021465]HR	3	sp|P02790|HEMO_HUMAN	0.014778325	0.9933552810135716	0.9121679793797525	1186702.830796706
RHPDYSVVLLLR	2	sp|P02768|ALBU_HUMAN	0.014778325	1.0	0.9126845904548165	345943.1715840883
NIFISPVSISMALAMLSLGTC[+57.021465]GHTR	4	sp|P08185|CBG_HUMAN	0.014778325	0.9933552810135716	0.9382218511037497	595511.7261276396
GVTSVSQIFHSPDLAIR	4	sp|P05155|IC1_HUMAN	0.014778325	1.0	0.8896262289956661	8138.2689583764795
KYPVAHFIDQTLK	2	sp|P05155|IC1_HUMAN	0.014778325	0.9797881705057813	0.9509033613850174	103423.6556886045
VKSPELQAEAK	3	sp|P02652|APOA2_HUMAN	0.014778325	0.9933552810135716	0.9675962522936796	20025.492844162785
LHMLQISYFR	3	sp|Q9UNN8|EPCR_HUMAN	0.019517796	0.9212790999005022	0.8160480014205794	30186.138749342703
EQLSLLDR	2	sp|P01011|AACT_HUMAN	0.014778325	1.0	0.8464082476271514	51854.75109868024
GDEC[+57.021465]QLC[+57.021465]EVENR	2	sp|O75882|ATRN_HUMAN	0.016451234	0.9866190731264982	0.846553263333598	18458.090890952328
SLTVSLGPVSK	2	sp|Q9ULI3|HEG1_HUMAN	0.014778325	1.0	0.8839491610122147	43226.313646979994
FNQPFIIM[+15.994915]IFDHFTWSSLFLAR	4	sp|P08185|CBG_HUMAN	0.015738498	0.9658285256870233	0.898304249428506	45036.14611368598
KGEVLPLPEANFPSFPLPHHK	3	sp|P04196|HRG_HUMAN	0.014778325	0.9933552810135716	0.9087071357762284	47492.95956532107
SPLFMGK	1	sp|P01009|A1AT_HUMAN	0.020454545	0.8058999028144878	0.7340082499135797	64.25597270596711
IADAHLDR	2	sp|P04196|HRG_HUMAN	0.014778325	0.9797881705057813	0.9914015522510693	12788.450326100263
YVGGQEHFAHLLILRDTK	5	sp|P02763|A1AG1_HUMAN	0.014778325	0.9933552810135716	0.9312552765692067	270157.8577959521
GPSVFPLAPSSK	2	sp|P01857|IGHG1_HUMAN;sp|P0DOX5|IGG1_HUMAN	0.014778325	0.9933552810135716	0.974899750676894	413149.9462811941
AYLEEEC[+57.021465]PATLR	2	sp|P25311|ZA2G_HUMAN	0.024915062	1.0	0.988256070568537	246670.06686954884
QQTHMLDVMQDHFSR	2	sp|P10909|CLUS_HUMAN	0.014778325	1.0	0.7681680576286103	3127.9726070452216
SLTEEAENWGDGEPNNK	3	sp|P14151|LYAM1_HUMAN	0.019517796	0.888960273227615	0.7903657349037676	3972.8542352277263
LLQDEFPGIPSPLDAAVEC[+57.021465]HR	4	sp|P02790|HEMO_HUMAN	0.014778325	0.9933552810135716	0.8068747068004257	26415.42333858288
DYWSTVK	1	sp|P02656|APOC3_HUMAN	0.015738498	0.9658285256870233	0.9534538244325181	10228.638080766581
RYTIAALLSPYSYSTTAVVTNPKE	3	sp|P02766|TTHY_HUMAN	0.014778325	1.0	0.9611888034237983	21199808.603486024
KPDGYDYYAFSK	2	sp|Q92954|PRG4_HUMAN	0.014778325	1.0	0.9165320268224773	80643.12004964703
DYNLNDILLQLGIEEAFTSK	3	sp|P01011|AACT_HUMAN	0.014778325	0.9866190731264982	0.7199273370966925	744.5983923973804
YVM[+15.994915]LPVADQDQC[+57.021465]IR	2	sp|P00738|HPT_HUMAN	0.014778325	1.0	0.9309292197381805	243409.086316447
LQHLENELTHDIITK	3	sp|P01009|A1AT_HUMAN	0.016451234	0.9586923939928679	0.8432913875843983	33495.82605997326
ITGKWFYIASAFR	2	sp|P02763|A1AG1_HUMAN;sp|P19652|A1AG2_HUMAN	0.014778325	0.9797881705057813	0.907153152012844	141455.5790091064
SFTIEC[+57.021465]R	2	sp|P13598|ICAM2_HUMAN	0.014778325	0.9797881705057813	0.9832667477688096	88817.85848604467
IEDGFSLK	2	sp|P01008|ANT3_HUMAN	0.014778325	0.9797881705057813	0.9156375072991116	34421.975925729785
GLASANVDFAFSLYK	2	sp|P08185|CBG_HUMAN	0.014778325	0.9797881705057813	0.9632902651280024	821465.2944572421
SAVQGPPER	1	sp|P01876|IGHA1_HUMAN;sp|P01877|IGHA2_HUMAN	0.016451234	0.9440873193926883	0.7357980075243016	749.7989891080363
NQVSLTC[+57.021465]LVK	2	sp|P01857|IGHG1_HUMAN;sp|P01859|IGHG2_HUMAN;sp|P01860|IGHG3_HUMAN;sp|P01861|IGHG4_HUMAN;sp|P0DOX5|IGG1_HUMAN	0.014778325	0.9933552810135716	0.9728109375033113	77249.59962839041
VAAEDWK	1	sp|P01876|IGHA1_HUMAN;sp|P01877|IGHA2_HUMAN;sp|P0DOX2|IGA2_HUMAN	0.014778325	1.0	0.9311497972568511	109996.456491021
MEPFHFK	1	sp|P05155|IC1_HUMAN	0.014778325	0.9797881705057813	0.9032582813706829	25781.517490496786
C[+57.021465]INQLLC[+57.021465]K	2	sp|P49908|SEPP1_HUMAN	0.014778325	0.9866190731264982	0.7224224495170698	34382.641232126676
FDTISEK	1	sp|P01008|ANT3_HUMAN	0.028280543	1.0	0.9504920565766442	119761.47048347937
IMGITLVSK	2	sp|Q9Y5Y7|LYVE1_HUMAN	0.014778325	1.0	0.9933514530093808	168988.7129164496
SILFLGK	2	sp|P05543|THBG_HUMAN	0.014778325	0.9728591838590949	0.9244532240874818	67264.80356452405
VLNQELR	1	sp|P05090|APOD_HUMAN	0.024915062	0.686593192055836	0.7485216171257882	864.7998149516513
NTWSILHTQGALVQGGYGHSSVYDHR	4	sp|O75882|ATRN_HUMAN	0.014778325	0.9728591838590949	0.9655717285525313	52524.07411012011
SDVM[+15.994915]YTDWKK	3	sp|P19652|A1AG2_HUMAN	0.014778325	1.0	0.8314875489139102	2032.8456606536004
MEEVEAMLLPETLK	3	sp|P01011|AACT_HUMAN	0.014778325	1.0	0.9516904277526702	458635.1944577663
VTDPQLVVTLHEK	2	sp|P09619|PGFRB_HUMAN	0.016451234	0.9440873193926883	0.8790004904907451	4360.415495478006
FLNVLSPR	2	sp|P17936|IBP3_HUMAN	0.014778325	0.9866190731264982	0.9331066401771098	42480.04942402427
VELAPLPSWQPVGK	2	sp|P05362|ICAM1_HUMAN	0.014778325	1.0	0.9657173711777424	748759.1575780298
SDVMYTDWKKDK	3	sp|P19652|A1AG2_HUMAN	0.014778325	1.0	0.7535279338457553	13124.045815803584
LSPLGEEMR	2	sp|P02647|APOA1_HUMAN	0.014778325	1.0	0.8578903322776509	122054.22837553098
ATEHLSTLSEK	2	sp|P02647|APOA1_HUMAN	0.014778325	0.9933552810135716	0.9520365119473506	163485.76131291626
EVGTPHGIILDSVDAAFIC[+57.021465]PGSSR	4	sp|P02790|HEMO_HUMAN	0.014778325	1.0	0.9496462585165828	2746514.929503706
TVVQPSVGAAAGPVVPPC[+57.021465]PGR	3	sp|P02765|FETUA_HUMAN	0.014778325	0.9933552810135716	0.9375997387856827	612531.3598521464
TGLEAISNHK	2	sp|Q14515|SPRL1_HUMAN	0.014778325	1.0	0.9087161739421311	202609.67969380302
EAATNGVLLYLDK	2	sp|Q9NTU7|CBLN4_HUMAN	0.014778325	0.9933552810135716	0.84878018755545	8514.909913091136
SVNILFNLTHR	3	sp|Q99650|OSMR_HUMAN	0.014778325	1.0	0.8874799803648372	59186.460124063844
QEINSHVEMQTK	2	sp|P05543|THBG_HUMAN	0.014778325	0.9866190731264982	0.9349236864572369	203195.03290445608
TC[+57.021465]PKPDDLPFSTVVPLK	3	sp|P02749|APOH_HUMAN	0.014778325	1.0	0.9414459872746227	255995.4966591744
RPC[+57.021465]FSALEVDETYVPK	2	sp|P02768|ALBU_HUMAN	0.027180068	1.0	0.826370983493716	22150.076330335072
YPNC[+57.021465]AYR	2	sp|P07998|RNAS1_HUMAN	0.014778325	0.9797881705057813	0.9750567091848056	66322.14707385177
DTKTYMLAFDVNDEK	2	sp|P02763|A1AG1_HUMAN	0.014778325	1.0	0.9391764583939174	4482132.826170386
IKVTTSQDMLSIMEK	2	sp|P05155|IC1_HUMAN	0.014778325	1.0	0.9517193466771972	1644103.3609845298
YNIAITAVSGGK	2	sp|P23467|PTPRB_HUMAN	0.014778325	0.9933552810135716	0.9067728533555649	12489.476547463482
WFYIASAFR	2	sp|P02763|A1AG1_HUMAN;sp|P19652|A1AG2_HUMAN	0.014778325	0.9933552810135716	0.9733800425859831	398942.07011258067
GGGALLGDR	2	sp|P00736|C1R_HUMAN;sp|Q9NZP8|C1RL_HUMAN	0.014778325	1.0	0.9464031690926931	116994.4833552004
VTTVASHTSDSDVPSGVTEVVVK	3	sp|P10909|CLUS_HUMAN	0.014778325	0.9866190731264982	0.841705140739547	78610.18454009909
AKPALEDLR	2	sp|P02647|APOA1_HUMAN	0.014778325	1.0	0.9793443044864961	179877.35159503485
LSSWVLLMK	2	sp|P01009|A1AT_HUMAN	0.014778325	1.0	0.9298955912366644	159453.191748623
NKEDC[+57.021465]VEIYIK	2	sp|P14151|LYAM1_HUMAN	0.014778325	0.9933552810135716	0.9429801093236344	3010.9926668259386
AEDTAVYYC[+57.021465]AK	2	sp|P01764|HV323_HUMAN;sp|P01768|HV330_HUMAN;sp|P0DP03|HVC05_HUMAN	0.014778325	1.0	0.8421594245475913	7762.232184510565
NALALFVLPK	2	sp|P05543|THBG_HUMAN	0.014778325	1.0	0.948905308032285	503363.8722891753
ELISERWK	2	sp|P02790|HEMO_HUMAN	0.014778325	1.0	0.9269370537900621	108479.07154935547
ADLSGITGAR	2	sp|P01011|AACT_HUMAN	0.014778325	1.0	0.9571916978285249	294937.7144300556
DTKTYM[+15.994915]LAFDVNDEK	2	sp|P02763|A1AG1_HUMAN	0.015738498	0.9658285256870233	0.7816767549288637	7989.578117722673
KATVVYQGER	3	sp|P02749|APOH_HUMAN	0.014778325	1.0	0.9601440174960814	10381.100628395749
TEDTIFLREYQTR	2	sp|P02763|A1AG1_HUMAN;sp|P19652|A1AG2_HUMAN	0.014778325	1.0	0.8983910876498019	119163.97198660408
SDVVYTDWKK	3	sp|P02763|A1AG1_HUMAN	0.016451234	0.9290085173289965	0.8716494486171255	1780.4315155000568
VWFELTQGSITK	2	sp|Q9H8L6|MMRN2_HUMAN	0.014778325	0.9866190731264982	0.9789794041027258	1393916.7339177649
KMTVTDQVNC[+57.021465]PK	2	sp|P05090|APOD_HUMAN	0.014778325	0.9866190731264982	0.9494624621538148	80661.78753094342
LFDSDPITVTVPVEVSR	2	sp|P10909|CLUS_HUMAN	0.014778325	1.0	0.9697563605107229	21631.410003923782
EHSSLAFWK	2	sp|P02749|APOH_HUMAN	0.014778325	1.0	0.9096588313502447	53361.34784143108
NLMIDIQK	2	sp|Q9BY67|CADM1_HUMAN	0.014778325	1.0	0.9884895254631961	342504.33172523964
DSGSYFC[+57.021465]R	2	sp|O75015|FCG3B_HUMAN;sp|P08637|FCG3A_HUMAN	0.014778325	0.9866190731264982	0.9522765361331146	13909.440500235281
FQPTLLTLPR	3	sp|P05155|IC1_HUMAN	0.014778325	0.9933552810135716	0.8853278039065914	6521.71339194175
FNQPFIIMIFDHFTWSSLFLAR	3	sp|P08185|CBG_HUMAN	0.015738498	0.9658285256870233	0.92432717001885	603738.976047657
YEGGREHVAHLLFLR	2	sp|P19652|A1AG2_HUMAN	0.014778325	0.9797881705057813	0.9534322117223448	23073.694573053992
ENFLFLTPDC[+57.021465]K	2	sp|P01042|KNG1_HUMAN	0.014778325	1.0	0.9550402786186305	524717.5896383635
VLAPWITETHFK	3	sp|P23467|PTPRB_HUMAN	0.014778325	1.0	0.7076667525338814	62915.44881431277
ALGISPFHEHAEVVFTANDSGPR	3	sp|P02766|TTHY_HUMAN	0.014778325	1.0	0.9329667612570909	2262432.128869877
TLYLADTFPTNFR	2	sp|P05154|IPSP_HUMAN	0.014778325	0.9797881705057813	0.8577812886045931	27119.661651987106
ITDVIPSEAINELTVLVLVNTIYFK	3	sp|P01008|ANT3_HUMAN	0.015738498	0.9658285256870233	0.8848679156090333	7271.606623318904
GKEESLDSDLYAELR	2	sp|P02775|CXCL7_HUMAN	0.014778325	1.0	0.9468005348531378	18974536.49518144
LSITGTYDLK	2	sp|P01009|A1AT_HUMAN	0.014778325	1.0	0.9252973220635324	385689.3670127472
DFTC[+57.021465]VHQALK	2	sp|P05155|IC1_HUMAN	0.014778325	1.0	0.9570634120415363	166667.20251035175
SFM[+15.994915]LLILER	2	sp|P05543|THBG_HUMAN	0.014778325	1.0	0.877473640549549	18797.29674531713
DFVQPPTK	2	sp|P01042|KNG1_HUMAN	0.014778325	0.9797881705057813	0.9957895450980399	52571.44972018958
YGFIEGHVVIPR	3	sp|P16070|CD44_HUMAN	0.014778325	0.9933552810135716	0.9456908606847568	994318.0678540824
VTVLGQPK	1	sp|B9A064|IGLL5_HUMAN;sp|P0DOX8|IGL1_HUMAN	0.014778325	0.9728591838590949	0.742379299618442	1080.5093222803443
M[+15.994915]EEVEAM[+15.994915]LLPETLK	2	sp|P01011|AACT_HUMAN	0.014778325	1.0	0.7477784662568935	99852.9931309675
HITSLEVIK	2	sp|P02776|PLF4_HUMAN;sp|P10720|PF4V_HUMAN	0.014778325	1.0	0.9578071064484757	753984.7407185731
TAAQNLYEK	2	sp|P02655|APOC2_HUMAN	0.014778325	1.0	0.983109373282433	782407.734993658
LWWLDLK	1	sp|P02790|HEMO_HUMAN	0.014778325	1.0	0.908951821796774	551493.2514025422
ALGISPFHEHAEVVFTANDSGPRR	3	sp|P02766|TTHY_HUMAN	0.014778325	0.9866190731264982	0.8801903559555676	61621.22980698201
