peptide	charge	proteins	q_value	score	spectral_angle	20241028_OA3_Evo02_ViAl_SA_FAIMS40_IO27_A556_MOMI_ABGD_P57_E12_R01.mzML
LQQDVLQFQK	2	sp|Q8NBJ4|GOLM1_HUMAN	0.010498688	1.0	0.9498248930042685	12728.514112585046
TEGDGVYTLNNEK	3	sp|P00738|HPT_HUMAN	0.010498688	1.0	0.8799344970755878	4823.374084013975
VPTVEPLDSLTLFLFR	3	sp|P13598|ICAM2_HUMAN	0.014527845	0.9658285256870233	0.9552884580692091	94429.28264811408
ILGGHLDAK	1	sp|P00738|HPT_HUMAN;sp|P00739|HPTR_HUMAN	0.011111111	0.9797881705057813	0.9379585301911485	17779.19150232939
AAC[+57.021465]LLPK	1	sp|P02768|ALBU_HUMAN	0.028634362	0.672124945171228	0.7706531377577301	1329.3337327026027
LGFTDLFSK	2	sp|P29622|KAIN_HUMAN	0.020293122	0.9134157281067091	0.9174756388440204	1159.608507655895
SSNTYTLTDVR	2	sp|Q13740|CD166_HUMAN	0.010498688	1.0	0.873344877459057	15004.927988200103
DTKTLMFGSYLDDEK	2	sp|P19652|A1AG2_HUMAN	0.010498688	1.0	0.916886038437388	3932877.625326446
TSLTVVLLR	2	sp|P32942|ICAM3_HUMAN	0.022296544	0.8630568252698203	0.9061992689141835	33295.52676980293
ITLLSALVETR	2	sp|P01011|AACT_HUMAN	0.010498688	1.0	0.7237854854692322	7127.72617881871
DEGTAFLVYGAPGFSK	2	sp|P06276|CHLE_HUMAN	0.010498688	1.0	0.941449593469448	804238.2917227746
LTIGEGQQHHLGGAK	2	sp|P02679|FIBG_HUMAN	0.010498688	1.0	0.9122923003943785	317496.33296617446
FDPVRGEVPPR	2	sp|P02790|HEMO_HUMAN	0.012642225	0.9728591838590949	0.9553944550085913	584609.6806872982
C[+57.021465]AGQQQDIR	2	sp|P27918|PROP_HUMAN	0.010498688	1.0	0.9243067670284497	10456.845621483637
SKLPGIVAEGRDDLYVSDAFHK	6	sp|P01008|ANT3_HUMAN	0.011111111	0.9933552810135716	0.7282815354886762	4199.175236255639
ATVVYQGERVK	3	sp|P02749|APOH_HUMAN	0.010498688	1.0	0.9950774491815167	117646.89402271544
GFSSGSAVVSGGSR	2	sp|P35908|K22E_HUMAN	0.010498688	1.0	0.8800263083612635	1274.1761702722954
MADEAGSEADHEGTHSTK	2	sp|P02671|FIBA_HUMAN	0.010498688	1.0	0.7349333586885448	302.6108627328498
QIQVFEDEPAR	2	sp|Q9NPH3|IL1AP_HUMAN	0.010498688	1.0	0.891851306042419	94830.4296179052
EETNEIQVVNEEPQR	2	sp|Q8NBJ4|GOLM1_HUMAN	0.010498688	1.0	0.840043268276833	272101.7881904593
QVGSGVTTDQVQAEAK	2	sp|P01871|IGHM_HUMAN;sp|P0DOX6|IGM_HUMAN	0.010498688	1.0	0.8838320566113761	281841.8762902205
DLDSQTMM[+15.994915]VLVNYIFFK	3	sp|P01011|AACT_HUMAN	0.011111111	0.9933552810135716	0.7990274630207321	13469.316676360448
GVLHNEVK	2	sp|Q92954|PRG4_HUMAN	0.011111111	0.9797881705057813	0.97124387508891	27852.210682080415
YVYIAELLAHK	3	sp|P27169|PON1_HUMAN	0.011111111	0.9797881705057813	0.8343615882076834	8344.288594250662
ALNSIIDVYHK	2	sp|P05109|S10A8_HUMAN	0.010498688	1.0	0.9263099677268496	82666.92711873385
LDELRDEGK	2	sp|P02768|ALBU_HUMAN	0.010498688	1.0	0.9808445357125838	681413.8094848266
TFTC[+57.021465]TAAYPESK	2	sp|P01876|IGHA1_HUMAN	0.011111111	0.9933552810135716	0.9310863262313914	73403.97842739726
GEVLPLPEANFPSFPLPHHK	4	sp|P04196|HRG_HUMAN	0.010498688	1.0	0.9797474894369308	505837.73839097476
EFGNTLEDK	2	sp|P02654|APOC1_HUMAN	0.011111111	0.9866190731264982	0.9871423262482423	293236.7952660864
SISTAYLQWSSLK	2	sp|A0A0C4DH38|HV551_HUMAN;sp|A0A0J9YXX1|HV5X1_HUMAN	0.011111111	0.9866190731264982	0.7137806320327463	19263.987553321025
LYLVQGTQVYVFLTK	3	sp|P02790|HEMO_HUMAN	0.012642225	0.9728591838590949	0.9683809945052197	300736.55555715197
AGFAGDDAPR	1	sp|A5A3E0|POTEF_HUMAN;sp|P0CG38|POTEI_HUMAN;sp|P0CG39|POTEJ_HUMAN;sp|P60709|ACTB_HUMAN;sp|P62736|ACTA_HUMAN;sp|P63261|ACTG_HUMAN;sp|P63267|ACTH_HUMAN;sp|P68032|ACTC_HUMAN;sp|P68133|ACTS_HUMAN;sp|Q6S8J3|POTEE_HUMAN	0.021276595	0.9054124614333342	0.722254826594925	351.7458092037235
GPLDQLEK	2	sp|P05546|HEP2_HUMAN	0.011111111	0.9797881705057813	0.9335642794446289	19808.756446490745
FYYLIASETPGK	2	sp|P29622|KAIN_HUMAN	0.011111111	0.9933552810135716	0.9462897193496946	11973.72382983258
C[+57.021465]PNPPVQENFDVNK	2	sp|P05090|APOD_HUMAN	0.010498688	1.0	0.9468380083039223	1233677.5456237316
GEC[+57.021465]QAEGVLFFQGDR	3	sp|P02790|HEMO_HUMAN	0.015494636	0.9586923939928679	0.7552519228054583	9423.170828562741
SSSQELGLK	2	sp|Q14515|SPRL1_HUMAN	0.011111111	0.9866190731264982	0.8643605377214747	3950.914476618526
AVM[+15.994915]DDFAAFVEK	2	sp|P02768|ALBU_HUMAN	0.021276595	1.0	0.9411145081396154	131206.92518103932
VGSALFLSHNLK	3	sp|P29622|KAIN_HUMAN	0.011111111	0.9797881705057813	0.9426031266867633	2220.0659256616527
GDLYFANVEEK	2	sp|O00533|NCHL1_HUMAN	0.010498688	1.0	0.9011056527987136	6976.135086911033
ISSDSPPSVQFMNR	2	sp|Q9H2A7|CXL16_HUMAN	0.011111111	0.9797881705057813	0.8485417457190394	18543.76714490352
DTVFALVNYIFFK	3	sp|P01009|A1AT_HUMAN	0.021276595	0.9054124614333342	0.8209952424974482	3463.228467854552
HSAQPWADFTLLGAR	3	sp|Q8IYS5|OSCAR_HUMAN	0.010498688	1.0	0.9134465671252024	96970.27053673964
ASYLDC[+57.021465]IR	2	sp|P02787|TRFE_HUMAN	0.011111111	0.9866190731264982	0.9135677957861418	12033.950200136956
DALSSVQESQVAQQAR	3	sp|P02656|APOC3_HUMAN	0.012642225	0.9728591838590949	0.9560227357419585	184083.77467566007
GTYSTTVTGR	2	sp|P08519|APOA_HUMAN	0.011111111	0.9866190731264982	0.9789945796451015	39547.89388725151
TDTSHHDQDHPTFNK	3	sp|P01009|A1AT_HUMAN	0.011111111	0.9933552810135716	0.877135242681513	22244.24713279573
EIGELYLPK	2	sp|P01011|AACT_HUMAN	0.010498688	1.0	0.9528712420857354	333156.5770777569
AGEQDATIHLK	3	sp|P13591|NCAM1_HUMAN	0.011111111	0.9933552810135716	0.8799764328059654	3954.746427100875
YPPTVSMVEGQGEK	2	sp|P27918|PROP_HUMAN	0.010498688	1.0	0.9656317073968386	572368.5663183966
VEIDTKSYWK	3	sp|P02766|TTHY_HUMAN	0.019252548	0.9290085173289965	0.9778794970654852	11106.939962604112
IMQSSQSMSK	2	sp|O75882|ATRN_HUMAN	0.011111111	0.9933552810135716	0.9346798041546982	4949.049725512037
KVPQVSTPTLVEVSR	2	sp|P02768|ALBU_HUMAN	0.010498688	1.0	0.9540346636374669	3967148.260832654
LIC[+57.021465]QATGFSPR	2	sp|P01871|IGHM_HUMAN;sp|P0DOX6|IGM_HUMAN	0.010498688	1.0	0.9350666628340215	7334.128878600661
SYSC[+57.021465]QVTHEGSTVEK	3	sp|B9A064|IGLL5_HUMAN;sp|P0CF74|IGLC6_HUMAN;sp|P0CG04|IGLC1_HUMAN;sp|P0DOX8|IGL1_HUMAN;sp|P0DOY2|IGLC2_HUMAN;sp|P0DOY3|IGLC3_HUMAN	0.010498688	1.0	0.9369861890800122	7549396.813896869
NWGLSFYADKPETTK	4	sp|P19652|A1AG2_HUMAN	0.015494636	0.9586923939928679	0.713482202643267	60576.95914745106
GTHC[+57.021465]NQVEVIATLK	3	sp|P02775|CXCL7_HUMAN	0.011111111	0.9797881705057813	0.9610868433634825	29645.362901364933
VDGALC[+57.021465]M[+15.994915]EK	2	sp|P02790|HEMO_HUMAN	0.010498688	1.0	0.9750685983342204	218478.55331959875
GFGGLTGQIVAALSTAK	3	sp|Q92954|PRG4_HUMAN	0.010498688	1.0	0.9763284417076052	878644.6962820516
GGYTLVSGYPK	2	sp|P02790|HEMO_HUMAN	0.010498688	1.0	0.976570440150307	2234856.4167106124
RIPIEDGSGEVVLSR	3	sp|P01024|CO3_HUMAN	0.010498688	1.0	0.8457202910493947	59607.02067840523
ASFHIPQVQVR	3	sp|Q9BQ51|PD1L2_HUMAN	0.010498688	1.0	0.925251724348572	83501.69475585705
LLIYDASNR	2	sp|A0A0A0MRZ8|KVD11_HUMAN;sp|P04433|KV311_HUMAN	0.010498688	1.0	0.9962737586130485	133341.6886903792
WELLQQVDTSTR	2	sp|P04264|K2C1_HUMAN	0.010498688	1.0	0.9128486387411076	402230.2264120023
LRTEGDGVYTLNNEK	4	sp|P00738|HPT_HUMAN	0.010498688	1.0	0.8240914328045144	172104.5399056514
ATWSGAVLAGR	2	sp|P04217|A1BG_HUMAN	0.010498688	1.0	0.8336709118077199	49241.826990939444
QLVEIEK	1	sp|P00738|HPT_HUMAN;sp|P00739|HPTR_HUMAN	0.017564403	0.9514467542496609	0.9272347746153562	11636.509425755012
TYLPAVDEK	2	sp|P02655|APOC2_HUMAN	0.010498688	1.0	0.9876376866518499	857404.5548337002
ADGESC[+57.021465]SASMMYQEGK	2	sp|P01008|ANT3_HUMAN	0.010498688	1.0	0.8984773685838692	1026592.956929171
VITEPIPVSDLR	2	sp|Q12913|PTPRJ_HUMAN	0.011111111	0.9933552810135716	0.9378888687487165	45311.94147093128
DGFFGNPR	2	sp|P01871|IGHM_HUMAN;sp|P0DOX6|IGM_HUMAN	0.011111111	0.9797881705057813	0.8504524066935679	15097.644981266447
REPAVGEPAEVTTTVLVR	4	sp|P05362|ICAM1_HUMAN	0.019252548	0.9290085173289965	0.8004774365479632	1609.2349797603567
GVTSVSQIFHSPDLAIR	3	sp|P05155|IC1_HUMAN	0.010498688	1.0	0.828589511076549	27847.192170822174
EMEDTLNHLK	3	sp|P17936|IBP3_HUMAN	0.010498688	1.0	0.8792156571258827	52736.802965612624
AVLTIDEK	1	sp|P01009|A1AT_HUMAN	0.012642225	0.9728591838590949	0.980751395776946	11441.610361824745
NPDAVAAPYC[+57.021465]YTR	2	sp|P08519|APOA_HUMAN	0.010498688	1.0	0.9294334656177851	114971.97714886592
GFMQTYYDDHLR	2	sp|P55056|APOC4_HUMAN	0.017564403	0.9797881705057813	0.8969139652860286	15149.748640212425
VLDELTLTK	2	sp|P13645|K1C10_HUMAN	0.010498688	1.0	0.9649786428754908	96054.8985522738
GQYC[+57.021465]YELDEK	2	sp|P04004|VTNC_HUMAN	0.010498688	1.0	0.9119724933573164	13750.764929976127
ALSIGFETC[+57.021465]R	2	sp|P16070|CD44_HUMAN	0.010498688	1.0	0.8220081843100252	17266.111389287074
EMEVLHLR	2	sp|P11362|FGFR1_HUMAN	0.010498688	1.0	0.9367844620939759	217952.51486762962
VPLQQNFQDNQFQGK	2	sp|P80188|NGAL_HUMAN	0.010498688	1.0	0.9349921866536244	867188.1408369788
YFHHNSDFHIPK	4	sp|O75015|FCG3B_HUMAN	0.010498688	1.0	0.9946338481061596	2441003.1133046905
SKEQLTPLIK	2	sp|P02652|APOA2_HUMAN	0.010498688	1.0	0.9217831500233185	44830.74332734537
NLAVSQVVHK	2	sp|P01011|AACT_HUMAN	0.010498688	1.0	0.9615298749510567	1134603.1253113546
IMGITLVSKK	2	sp|Q9Y5Y7|LYVE1_HUMAN	0.010498688	1.0	0.9421091287417305	138084.4893137819
RDPPQYPVVPVHLDR	3	sp|P10153|RNAS2_HUMAN	0.017564403	0.9514467542496609	0.938245306577772	3674.436396960997
FYNIGDQR	2	sp|Q7Z7G0|TARSH_HUMAN	0.010498688	1.0	0.9194718194795867	53585.152315753236
GILTVDELLAIR	3	sp|P13473|LAMP2_HUMAN	0.019252548	0.9290085173289965	0.8875559093995666	3587.8520745715978
FATTFYQHLADSK	3	sp|P01008|ANT3_HUMAN	0.019252548	0.9440873193926883	0.7738910994996769	2402.8499370560376
ATLVC[+57.021465]LISDFYPGAVTVAWK	4	sp|B9A064|IGLL5_HUMAN;sp|P0CG04|IGLC1_HUMAN;sp|P0DOX8|IGL1_HUMAN;sp|P0DOY2|IGLC2_HUMAN;sp|P0DOY3|IGLC3_HUMAN	0.020293122	0.9134157281067091	0.7862446680624159	10078.742073877054
LRTEGDGVYTLNDK	2	sp|P00738|HPT_HUMAN;sp|P00739|HPTR_HUMAN	0.010498688	1.0	0.9632079496986501	429052.49024346314
QQLQALSEPQPR	2	sp|Q8NBJ4|GOLM1_HUMAN	0.011111111	0.9933552810135716	0.7284903235353678	3990.75977312347
NDNDNIFLSPLSISTAFAMTK	3	sp|P01008|ANT3_HUMAN	0.011111111	0.9866190731264982	0.7952259550633419	31843.066719563118
TEGDGVYTLNDK	2	sp|P00738|HPT_HUMAN;sp|P00739|HPTR_HUMAN	0.010498688	1.0	0.9511891247555917	233205.70909781707
GTQEQDFYVTSETVVR	3	sp|P05154|IPSP_HUMAN	0.014527845	0.9658285256870233	0.913786930637479	5502.550335288039
EQLGEFYEALDC[+57.021465]LR	3	sp|P02763|A1AG1_HUMAN	0.012642225	0.9728591838590949	0.9391720842555643	648552.1917095348
WLQGSQELPR	2	sp|P01876|IGHA1_HUMAN;sp|P01877|IGHA2_HUMAN;sp|P0DOX2|IGA2_HUMAN	0.011111111	0.9933552810135716	0.9876586111347099	1179906.8613485463
VYSTSVTGSR	2	sp|Q9H299|SH3L3_HUMAN	0.010498688	1.0	0.8458705038265898	20169.72134665749
SISC[+57.021465]QEIPGQQSR	2	sp|P27918|PROP_HUMAN	0.010498688	1.0	0.9406188516744802	845815.7732318557
TSDQIHFFFAK	3	sp|P01008|ANT3_HUMAN	0.011111111	0.9933552810135716	0.9506261002820848	467009.43096875347
DDNPNLPR	2	sp|P02768|ALBU_HUMAN	0.011111111	0.9797881705057813	0.9296617637280293	10011.982596345813
EPQVYTLPPSR	2	sp|P01857|IGHG1_HUMAN;sp|P01859|IGHG2_HUMAN;sp|P01860|IGHG3_HUMAN;sp|P0DOX5|IGG1_HUMAN	0.010498688	1.0	0.8966523247437204	9387.467514509586
NSVIKVPMMNSK	2	sp|P05155|IC1_HUMAN	0.011111111	0.9933552810135716	0.9498829334396238	130267.1448962796
ASVSVTAEDEGTQR	2	sp|P05362|ICAM1_HUMAN	0.010498688	1.0	0.9900452376050287	121505.99553155905
YFHHNSDFHIPK	3	sp|O75015|FCG3B_HUMAN	0.010498688	1.0	0.8005946243272833	118789.4070528308
KGEVLPLPEANFPSFPLPHHK	5	sp|P04196|HRG_HUMAN	0.011111111	0.9933552810135716	0.7479476412295704	39826.74166976023
RYTIAALLSPYSYSTTAVVTNPK	3	sp|P02766|TTHY_HUMAN	0.010498688	1.0	0.9031800915497405	267874.3644147646
FNWYVDGVEVHNAK	2	sp|P01857|IGHG1_HUMAN;sp|P0DOX5|IGG1_HUMAN	0.010498688	1.0	0.8787912974511509	29872.038778483053
VLNQELR	2	sp|P05090|APOD_HUMAN	0.010498688	1.0	0.9696271040949275	1373310.0703258067
LYIEYGIQR	2	sp|Q9NPH3|IL1AP_HUMAN	0.010498688	1.0	0.9644791522106857	67469.90990677026
HTFM[+15.994915]GVVSLGSPSGEVSHPR	4	sp|P02765|FETUA_HUMAN	0.011111111	0.9933552810135716	0.9757049816722914	10015.611611485525
VQPYLDDFQK	2	sp|P02647|APOA1_HUMAN	0.010498688	1.0	0.9029356841867471	36160.47825270546
C[+57.021465]SPHLVLSALTSDNHGATYAFSGTHYWR	5	sp|P02790|HEMO_HUMAN	0.011111111	0.9797881705057813	0.8579164057687804	428429.0151179527
TFTDKWEDYPK	2	sp|P10721|KIT_HUMAN	0.010498688	1.0	0.9093898903387015	92248.53925325185
LGMFNIQHC[+57.021465]K	3	sp|P01009|A1AT_HUMAN	0.010498688	1.0	0.9678516193686462	1443.303378083398
SGAQATWTELPWPHEK	2	sp|P02790|HEMO_HUMAN	0.010498688	1.0	0.9226081297987293	2486043.839584474
DVFLGMFLYEYAR	3	sp|P02768|ALBU_HUMAN	0.010498688	1.0	0.8733699073779746	111529.91340630263
SGTSASLAISGLR	2	sp|P01700|LV147_HUMAN	0.010498688	1.0	0.92160189766809	25317.348654014535
QNC[+57.021465]ELFEQLGEYK	3	sp|P02768|ALBU_HUMAN	0.021276595	0.9054124614333342	0.7216479363812065	4308.661727291695
GIVLFVSK	2	sp|Q99650|OSMR_HUMAN	0.012642225	0.9728591838590949	0.8792381732782871	10191.859367943514
DSTYSLSSTLTLSK	2	sp|P01834|IGKC_HUMAN;sp|P0DOX7|IGK_HUMAN	0.010498688	1.0	0.9324623493606153	326182.15001335973
IC[+57.021465]LDLQAPLYK	2	sp|P02776|PLF4_HUMAN	0.010498688	1.0	0.9728489782768985	164308.4205640921
HTFMGVVSLGSPSGEVSHPR	4	sp|P02765|FETUA_HUMAN	0.011111111	0.9933552810135716	0.9775457011399284	163651.4375125586
LAIPQQSDFHNNR	2	sp|P07333|CSF1R_HUMAN	0.011111111	0.9797881705057813	0.9121509750913176	34259.84911565089
LTLTPWVGLR	2	sp|O75882|ATRN_HUMAN	0.010498688	1.0	0.967236031710499	373801.17943875917
HTLNQIDEVK	2	sp|P02765|FETUA_HUMAN	0.011111111	0.9933552810135716	0.9562231988163595	84250.82977712173
WKTTFDPKK	3	sp|P05155|IC1_HUMAN	0.010498688	1.0	0.7241819426023478	22456.704333873753
ESTLHLVLR	2	sp|P0CG47|UBB_HUMAN;sp|P0CG48|UBC_HUMAN;sp|P62979|RS27A_HUMAN;sp|P62987|RL40_HUMAN	0.010498688	1.0	0.9225604026331434	293893.82723788096
QGHNSVFLIK	2	sp|P02790|HEMO_HUMAN	0.010498688	1.0	0.9544797324667472	354795.06848061964
SLHTLFGDK	2	sp|P02768|ALBU_HUMAN	0.011111111	0.9866190731264982	0.9230988295231188	45136.04452087554
SC[+57.021465]ALDQNC[+57.021465]QWEPR	2	sp|O75882|ATRN_HUMAN	0.022296544	1.0	0.8831179752516777	138597.9061762117
AQSQLVAGIK	2	sp|Q15828|CYTM_HUMAN	0.010498688	1.0	0.9254936254384298	100839.98557204321
IAPQLSTEELVSLGEK	3	sp|P43652|AFAM_HUMAN	0.024417315	0.8058999028144878	0.7762251950013503	1921.6258849442552
QVILTLQPTLVAVGK	2	sp|P13598|ICAM2_HUMAN	0.010498688	1.0	0.9432097068221497	3671775.8766853544
EQVTNVGGAVVTGVTAVAQK	3	sp|P37840|SYUA_HUMAN	0.010498688	1.0	0.839126779903244	56169.40814953033
ALSLAPLAGAGLELQLER	3	sp|Q9ULI3|HEG1_HUMAN	0.010498688	1.0	0.9134178133905669	8315.116066357252
FRIEDGFSLK	3	sp|P01008|ANT3_HUMAN	0.010498688	1.0	0.9827793013285812	1256173.547062315
GDDITMVLILPKPEK	2	sp|P01008|ANT3_HUMAN	0.010498688	1.0	0.8818284141965936	73390.09092346427
LDSSEFLK	2	sp|Q12841|FSTL1_HUMAN	0.019252548	0.9440873193926883	0.910807167940001	11063.11582723881
APEQEQAAPGPAAGGEAPK	3	sp|P80723|BASP1_HUMAN	0.014527845	0.9658285256870233	0.8550257102999385	6527.128492242626
LLIYWASTR	2	sp|P06312|KV401_HUMAN	0.011111111	0.9933552810135716	0.9629396618126783	29002.511215623217
AGVETTTPSK	2	sp|P0DOY2|IGLC2_HUMAN;sp|P0DOY3|IGLC3_HUMAN	0.011111111	0.9866190731264982	0.997114471101225	12019.663410425857
FNKPFVFLMIEQNTK	3	sp|P01009|A1AT_HUMAN	0.010498688	1.0	0.898955404431336	153917.26666191913
HYYESEVLAMNFQDWATASR	3	sp|P08185|CBG_HUMAN	0.011111111	0.9797881705057813	0.9541992368417748	1323212.3595881488
IILEDENDAMADADR	2	sp|Q9BUN1|MENT_HUMAN	0.012642225	0.9728591838590949	0.7534293528101429	14041.782390936532
ADLSGITGAR	1	sp|P01011|AACT_HUMAN	0.010498688	1.0	0.7367617977980346	42012.45714146148
GLPNVVTSAISLPNIR	2	sp|Q92954|PRG4_HUMAN	0.010498688	1.0	0.9216220752983345	1151903.8185231418
QVVAGLNFR	2	sp|P01042|KNG1_HUMAN	0.010498688	1.0	0.9096988471747142	203450.33463006737
TLTLLSVTR	2	sp|P06731|CEAM5_HUMAN;sp|P13688|CEAM1_HUMAN;sp|P31997|CEAM8_HUMAN	0.010498688	1.0	0.9721797079489319	144663.4544973531
LQHLENELTHDIITK	4	sp|P01009|A1AT_HUMAN	0.014527845	0.9658285256870233	0.882863258358402	79106.25721888346
VGYVSGWGR	2	sp|P00738|HPT_HUMAN	0.010498688	1.0	0.9618243018234051	1102885.7592332405
GIYSFNFHVVK	3	sp|P23435|CBLN1_HUMAN	0.010498688	1.0	0.7805284419367902	7168.313232798441
LVRPEVDVMC[+57.021465]TAFHDNEETFLK	3	sp|P02768|ALBU_HUMAN	0.010498688	1.0	0.8742001494498188	702343.2845601635
DASGVTFTWTPSSGK	2	sp|P01876|IGHA1_HUMAN	0.011111111	0.9866190731264982	0.954325561787165	18700.09961469186
QDQC[+57.021465]IYNTTYLNVQR	3	sp|P02763|A1AG1_HUMAN	0.022296544	0.8804971228634604	0.7107040522340556	38218.12622449872
EGEEFTVTC[+57.021465]TIK	2	sp|P10721|KIT_HUMAN	0.011111111	0.9866190731264982	0.9146948680541797	28715.347494862515
TMLLQPAGSLGSYSYR	2	sp|P41222|PTGDS_HUMAN	0.010498688	1.0	0.9699897359315226	11020101.544764858
YSPSFQGQVTISADK	2	sp|A0A0C4DH38|HV551_HUMAN	0.011111111	0.9797881705057813	0.9161505383225892	5098.585086817521
GGNIFHK	2	sp|P13598|ICAM2_HUMAN	0.010498688	1.0	0.7621160619269277	70617.32133896888
DIAPTLTLYVGK	3	sp|P00738|HPT_HUMAN;sp|P00739|HPTR_HUMAN	0.023385301	0.8448700454299841	0.8588474387184855	14045.212920795144
AVSISPTNVILTWK	2	sp|Q12913|PTPRJ_HUMAN	0.011111111	0.9866190731264982	0.9624587544626607	148971.31889188255
YVGGQEHFAHLLILR	3	sp|P02763|A1AG1_HUMAN	0.012642225	0.9728591838590949	0.9742754759737046	242674.25194520137
SDVM[+15.994915]YTDWK	2	sp|P19652|A1AG2_HUMAN	0.019252548	0.9366095275687156	0.7974756104310382	906.81292446214
FSGSGSGTDFTLTISR	2	sp|A0A0C4DH25|KVD20_HUMAN;sp|P01619|KV320_HUMAN	0.010498688	1.0	0.8584802324803248	188436.48193509568
SDVMYTDWK	2	sp|P19652|A1AG2_HUMAN	0.010498688	1.0	0.9308131294874549	169819.1810087837
TEVSSNHVLIYLDK	2	sp|P01023|A2MG_HUMAN	0.010498688	1.0	0.9300989627475794	203163.2413740512
YIC[+57.021465]ENQDSISSK	2	sp|P02768|ALBU_HUMAN	0.011111111	0.9866190731264982	0.9545454021558474	153551.01818523946
GGSTSYGTGSETESPR	2	sp|P02671|FIBA_HUMAN	0.011111111	0.9797881705057813	0.9412775607395505	26847.71779800166
SYPGLTSYLVR	2	sp|P80188|NGAL_HUMAN	0.010498688	1.0	0.9634872843102196	33633.57364878724
EHVAHLLFLRDTK	2	sp|P19652|A1AG2_HUMAN	0.011111111	0.9866190731264982	0.9310642192319464	167721.97842558083
RLGMFNIQHC[+57.021465]K	3	sp|P01009|A1AT_HUMAN	0.011111111	0.9866190731264982	0.9888375136737403	6928.648732279283
DM[+15.994915]PASEDLQDLQK	2	sp|P49908|SEPP1_HUMAN	0.025442477	0.9866190731264982	0.9278571510664773	35059.568878811275
EENFYVDETTVVK	2	sp|P08185|CBG_HUMAN	0.011111111	0.9797881705057813	0.9433954451261538	935682.9669834796
SAGSVESPSVSSTHR	2	sp|P17936|IBP3_HUMAN	0.011111111	0.9866190731264982	0.9140796006772712	17221.90733960546
EFTPPVQAAYQK	2	sp|P68871|HBB_HUMAN	0.010498688	1.0	0.9336246774682171	43187.2226081713
EVGTPHGIILDSVDAAFIC[+57.021465]PGSSR	3	sp|P02790|HEMO_HUMAN	0.010498688	1.0	0.9269026775116458	16714615.256736845
VC[+57.021465]PFAGILENGAVR	2	sp|P02749|APOH_HUMAN	0.010498688	1.0	0.9626764098102687	2697271.580871987
AFIQLWAFDAVK	3	sp|P02760|AMBP_HUMAN	0.019252548	0.9366095275687156	0.9231638378786438	52990.422555990466
TLLSNLEEAK	2	sp|P10909|CLUS_HUMAN	0.010498688	1.0	0.9845025339425585	2001983.7332743334
VDGALC[+57.021465]MEK	2	sp|P02790|HEMO_HUMAN	0.011111111	0.9866190731264982	0.9666289016189918	545314.3544150672
ESSSHHPGIAEFPSR	3	sp|P02671|FIBA_HUMAN	0.010498688	1.0	0.90843192745825	61196.56380605651
FIC[+57.021465]PLTGLWPINTLK	2	sp|P02749|APOH_HUMAN	0.019252548	0.9366095275687156	0.9325828328382302	272752.4118014011
SLAPYAQDTQEK	2	sp|P06727|APOA4_HUMAN	0.011111111	0.9933552810135716	0.9861769626364434	11625.000891952814
VIEHIMEDLDTNADK	2	sp|P06702|S10A9_HUMAN	0.012642225	0.9728591838590949	0.9942065157826406	6366.098401712277
EPQDTYHYLPFSLPHR	3	sp|P10909|CLUS_HUMAN	0.010498688	1.0	0.8981032078098693	113336.46111237782
VVLHPNYHQVDIGLIK	4	sp|P00739|HPTR_HUMAN	0.011111111	0.9797881705057813	0.9141229309886	87318.49560431887
SVLGQLGITK	2	sp|P01009|A1AT_HUMAN	0.010498688	1.0	0.9219786688909118	565976.1698819252
WKNFPSPVDAAFR	2	sp|P02790|HEMO_HUMAN	0.011111111	0.9866190731264982	0.9566852697966739	147098.61146463628
TM[+15.994915]LLQPAGSLGSYSYR	3	sp|P41222|PTGDS_HUMAN	0.012642225	0.9728591838590949	0.7378547697846056	5607.990649825559
HPDEAAFFDTASTGK	3	sp|P02671|FIBA_HUMAN	0.011111111	0.9797881705057813	0.922428688536594	20593.98589993938
EGIVEYPR	2	sp|Q02985|FHR3_HUMAN;sp|Q92496|FHR4_HUMAN	0.010498688	1.0	0.9346987590517233	89659.64752949022
FLENEDRR	2	sp|P01009|A1AT_HUMAN	0.010498688	1.0	0.9549447554280786	3527000.898184957
MYATIYELK	2	sp|P80188|NGAL_HUMAN	0.011111111	0.9933552810135716	0.9549671930291794	4878.606369352167
FIQSQDYQC[+57.021465]SALMGGR	2	sp|P07333|CSF1R_HUMAN	0.014527845	0.9658285256870233	0.9164566071367377	2199.6539729326864
EHVAHLLFLR	3	sp|P19652|A1AG2_HUMAN	0.010498688	1.0	0.9449722187517317	6665733.763756661
YEGGREHVAHLLFLR	4	sp|P19652|A1AG2_HUMAN	0.011111111	0.9797881705057813	0.9583766323049558	251548.70797231616
KVETNMAFSPFSIASLLTQVLLGAGENTK	4	sp|P05155|IC1_HUMAN	0.011111111	0.9866190731264982	0.9256418163818414	29954.873457534282
TEDTIFLR	2	sp|P02763|A1AG1_HUMAN;sp|P19652|A1AG2_HUMAN	0.011111111	0.9866190731264982	0.9705208462208357	128757.6197114144
GDDITM[+15.994915]VLILPKPEK	2	sp|P01008|ANT3_HUMAN	0.011111111	0.9933552810135716	0.8113387807883238	761.2831643839389
DFLQSLK	2	sp|P08697|A2AP_HUMAN	0.010498688	1.0	0.7367735276845491	126879.85736921632
LC[+57.021465]TPLLPK	2	sp|P27918|PROP_HUMAN	0.011111111	0.9866190731264982	0.9530887557407705	4099.708009315775
YTDLVAIQNK	2	sp|P16109|LYAM3_HUMAN	0.011111111	0.9933552810135716	0.9455930371280766	11408.457978623934
AFSVNIFK	2	sp|P11279|LAMP1_HUMAN	0.019252548	0.9440873193926883	0.907164615512028	70331.08515263716
TVAAC[+57.021465]NLPIVR	2	sp|P02760|AMBP_HUMAN	0.011111111	0.9933552810135716	0.9708994211981904	238438.23339326226
IPLNDLFR	2	sp|P13473|LAMP2_HUMAN	0.019252548	0.9440873193926883	0.8611481065814419	9817.933806469371
SKLPGIVAEGRDDLYVSDAFHK	3	sp|P01008|ANT3_HUMAN	0.011111111	0.9933552810135716	0.9484711660479879	143446.80129176265
VYAYYNLEESC[+57.021465]TR	2	sp|P01024|CO3_HUMAN	0.010498688	1.0	0.8902315523900058	130190.30628292203
DSPVLIDFFEDTER	2	sp|P04196|HRG_HUMAN	0.012642225	0.9728591838590949	0.9402294550504504	32013.627924834458
EFQLFSSPHGK	2	sp|P02787|TRFE_HUMAN	0.010498688	1.0	0.9295444561710139	10269.223667325074
TSESGELHGLTTEEEFVEGIYK	4	sp|P02766|TTHY_HUMAN	0.010498688	1.0	0.9305901456376154	519313.15793596965
ALTDMPQMR	2	sp|P02671|FIBA_HUMAN	0.010498688	1.0	0.9609570973786361	440001.1220031913
QINDYVEK	2	sp|P01009|A1AT_HUMAN	0.010498688	1.0	0.9679979631194127	77385.83220210788
ESSSHHPGIAEFPSR	4	sp|P02671|FIBA_HUMAN	0.010498688	1.0	0.9575318526741671	545940.3831693222
LDDDLEHQGGHVLDHGHK	5	sp|P01042|KNG1_HUMAN	0.010498688	1.0	0.8918993430781076	1223664.9185647417
RLWWLDLK	2	sp|P02790|HEMO_HUMAN	0.011111111	0.9933552810135716	0.958203051160961	28715.633450012185
SSSNEEVMFLTVQVK	3	sp|P01023|A2MG_HUMAN	0.021276595	0.9054124614333342	0.733827564744354	279.8106719168858
SGLSTGWTQLSK	2	sp|P04217|A1BG_HUMAN	0.010498688	1.0	0.8983173337330064	3500.5449222183056
HSWTIPEDGNSQK	2	sp|Q13201|MMRN1_HUMAN	0.010498688	1.0	0.8889708832368781	124581.51249831275
NPNLPPETVDSLK	2	sp|P05090|APOD_HUMAN	0.011111111	0.9933552810135716	0.9532938702844743	37582.188110854426
AGFAGDDAPR	2	sp|A5A3E0|POTEF_HUMAN;sp|P0CG38|POTEI_HUMAN;sp|P0CG39|POTEJ_HUMAN;sp|P60709|ACTB_HUMAN;sp|P62736|ACTA_HUMAN;sp|P63261|ACTG_HUMAN;sp|P63267|ACTH_HUMAN;sp|P68032|ACTC_HUMAN;sp|P68133|ACTS_HUMAN;sp|Q6S8J3|POTEE_HUMAN	0.010498688	1.0	0.9663533682256847	30342.552410232583
LVDTLPQKPR	3	sp|P11684|UTER_HUMAN	0.019252548	0.9366095275687156	0.9247519178073783	1518.9044105606445
ALGISPFHEHAEVVFTANDSGPR	4	sp|P02766|TTHY_HUMAN	0.010498688	1.0	0.9362016637309613	46024564.15937306
WLQDNAENVYVWK	2	sp|P07359|GP1BA_HUMAN	0.010498688	1.0	0.9461406327727601	861925.6286073253
YKEENDDFASFR	2	sp|P04196|HRG_HUMAN	0.010498688	1.0	0.9354580585035471	575411.1162272841
EDGGGWWYNR	2	sp|P02675|FIBB_HUMAN	0.023385301	1.0	0.9361664896067355	899.7448554875069
DSVGQLQLYR	2	sp|Q99941|ATF6B_HUMAN	0.011111111	0.9933552810135716	0.9127092979949802	6862.666194431854
SVNNVVVR	1	sp|O75882|ATRN_HUMAN	0.011111111	0.9797881705057813	0.7411648595974388	90.14081121756767
VLSLAQEQVGGSPEK	2	sp|P0C0L4|CO4A_HUMAN;sp|P0C0L5|CO4B_HUMAN	0.011111111	0.9866190731264982	0.9308052027756785	1603.4922941344314
ALVLIAFAQYLQQC[+57.021465]PFEDHVK	4	sp|P02768|ALBU_HUMAN	0.010498688	1.0	0.9236899578724038	3381.78435765669
VAEGTQVLELPFK	2	sp|P01008|ANT3_HUMAN	0.010498688	1.0	0.9443456947914792	7354141.284696396
GIYSFSFHVIK	3	sp|Q9NTU7|CBLN4_HUMAN	0.010498688	1.0	0.8748963323871022	96421.33056279967
GTWTQPFDLASTR	2	sp|P08185|CBG_HUMAN	0.010498688	1.0	0.9504386567807184	42380846.11079243
DKC[+57.021465]EPLEKQHEK	4	sp|P02763|A1AG1_HUMAN;sp|P19652|A1AG2_HUMAN	0.010498688	1.0	0.9277608360394267	177272.87399515318
YLYEIAR	1	sp|P02768|ALBU_HUMAN	0.017564403	0.9514467542496609	0.7056123884900447	2771.0711966441145
LNDLEDALQQAK	2	sp|P04264|K2C1_HUMAN	0.010498688	1.0	0.9502773735173186	85938.45936678763
ALGISPFHEHAEVVFTANDSGPRR	4	sp|P02766|TTHY_HUMAN	0.011111111	0.9866190731264982	0.7391970809932513	14458.321125768194
LLIYGASSR	2	sp|P01619|KV320_HUMAN	0.010498688	1.0	0.938104381161238	367751.77676718053
DMYSFLEDMGLK	2	sp|P01023|A2MG_HUMAN	0.010498688	1.0	0.9517689656713351	167987.97407220042
FNALQYLR	2	sp|P51884|LUM_HUMAN	0.010498688	1.0	0.7784577946746094	34797.34256062194
EEDPIHLR	2	sp|O75015|FCG3B_HUMAN;sp|P08637|FCG3A_HUMAN	0.010498688	1.0	0.9760366505266754	630803.4317598089
SPELQAEAK	1	sp|P02652|APOA2_HUMAN	0.012642225	0.9728591838590949	0.9836576200200362	7176.289646648336
VATTVISK	1	sp|P05155|IC1_HUMAN	0.010498688	1.0	0.7556868670779973	14010.298607505367
EALQGVGDMGR	2	sp|P35542|SAA4_HUMAN	0.011111111	0.9933552810135716	0.9705998641766868	11000.227451533252
YEASILTHDSSIR	2	sp|P02679|FIBG_HUMAN	0.010498688	1.0	0.9609160567703422	347568.039439143
LVLLNAIYLSAK	2	sp|P05155|IC1_HUMAN	0.010498688	1.0	0.9564490234321716	14671.150003277811
MNTVIAALSR	2	sp|P08185|CBG_HUMAN	0.010498688	1.0	0.8342339039121198	35386.22341029064
LESDVSAQMEYC[+57.021465]R	2	sp|P02675|FIBB_HUMAN	0.010498688	1.0	0.8093683986022219	74256.10403275905
QSLEASLAETEGR	2	sp|P13645|K1C10_HUMAN	0.019252548	0.9366095275687156	0.8914462158984084	1666.0349582777435
TFVLPVTPPR	2	sp|P32942|ICAM3_HUMAN	0.011111111	0.9866190731264982	0.9834007783623974	61069.71622213878
VTTPDTSTTQHNK	3	sp|Q92954|PRG4_HUMAN	0.010498688	1.0	0.9092233100937601	135563.4225246281
NWGLSVYADKPETTK	2	sp|P02763|A1AG1_HUMAN	0.010498688	1.0	0.93745231371773	12470821.425939312
IEISELNR	2	sp|P04264|K2C1_HUMAN;sp|P35908|K22E_HUMAN	0.010498688	1.0	0.9611198528231067	72271.06814275922
GSSSSPLGISVR	2	sp|Q9NTU7|CBLN4_HUMAN	0.010498688	1.0	0.9789681498790311	195553.1068854857
GLIDEVNQDFTNR	2	sp|P02671|FIBA_HUMAN	0.010498688	1.0	0.947879446024636	1865074.8128216523
SQYEQLAEQNRK	3	sp|P13645|K1C10_HUMAN	0.011111111	0.9866190731264982	0.9553299452921589	21774.188084871195
GSPAINVAVHVFRK	3	sp|P02766|TTHY_HUMAN	0.011111111	0.9866190731264982	0.9556118987829715	160219.09619065037
DGNPFYFTDHR	2	sp|O00533|NCHL1_HUMAN	0.011111111	0.9933552810135716	0.957071512776219	17463.093814891432
FWTSFFPK	2	sp|P06276|CHLE_HUMAN	0.022296544	0.8630568252698203	0.877130546095591	3588.928754387139
LYHSEAFTVNFGDTEEAKK	4	sp|P01009|A1AT_HUMAN	0.010498688	1.0	0.9606711583801982	370531.581124653
DYFMPC[+57.021465]PGR	3	sp|P02790|HEMO_HUMAN	0.010498688	1.0	0.8884428159378465	53318.424041938
AVEPQLQEEER	2	sp|P55058|PLTP_HUMAN	0.010498688	1.0	0.835161855337175	4116.934785678887
GSPAINVAVHVFR	3	sp|P02766|TTHY_HUMAN	0.011111111	0.9933552810135716	0.9648545953929804	2631216.409748822
ANRPFLVFIR	2	sp|P01008|ANT3_HUMAN	0.015494636	0.9586923939928679	0.878820885736775	1767.711790314423
SSGQWQTPGATR	2	sp|P06681|CO2_HUMAN	0.010498688	1.0	0.949957252360045	11754.611713444128
EAEPLVDIR	2	sp|Q9H8L6|MMRN2_HUMAN	0.011111111	0.9866190731264982	0.9753782867154378	34832.239711486814
EVPLNTIIFMGR	2	sp|P01008|ANT3_HUMAN	0.011111111	0.9933552810135716	0.9812537086752856	2746363.768866905
WSAGLTSSQVDLYIPK	2	sp|P08185|CBG_HUMAN	0.010498688	1.0	0.9812874062781245	4006842.5366142537
SC[+57.021465]AVAEYGVYVK	2	sp|P00738|HPT_HUMAN;sp|P00739|HPTR_HUMAN	0.011111111	0.9933552810135716	0.9360901491815741	319466.70975061716
TEHPFTVEEFVLPK	2	sp|P01023|A2MG_HUMAN	0.010498688	1.0	0.8217940306450426	36351.85485560089
FKLDDDLEHQGGHVLDHGHK	5	sp|P01042|KNG1_HUMAN	0.011111111	0.9866190731264982	0.8882972982738927	29542.48148910304
IDPSHTQGYR	3	sp|P40189|IL6RB_HUMAN	0.012642225	0.9728591838590949	0.7639590267095594	4183.589644825597
GEVLPLPEANFPSFPLPHHK	3	sp|P04196|HRG_HUMAN	0.010498688	1.0	0.9445460630953305	334739.47898443637
VVSTNYNQHAMVFFK	2	sp|P80188|NGAL_HUMAN	0.011111111	0.9933552810135716	0.9499944943037647	54079.62716455763
SDVVYTDWKKDK	3	sp|P02763|A1AG1_HUMAN	0.011111111	0.9866190731264982	0.7768894225369515	10105.784041242803
GSFPWQAK	2	sp|P00738|HPT_HUMAN;sp|P00739|HPTR_HUMAN	0.011111111	0.9797881705057813	0.9768414186990894	649979.233661519
ETLLQDFR	2	sp|P02760|AMBP_HUMAN	0.011111111	0.9866190731264982	0.9717068229394638	90440.40640584435
AVMDDFAAFVEK	2	sp|P02768|ALBU_HUMAN	0.011111111	0.9797881705057813	0.9627057771433943	2304958.6008125586
VFEVHVRPK	2	sp|P13598|ICAM2_HUMAN	0.010498688	1.0	0.929090761596543	132719.8015171144
ALMSPAGMLR	2	sp|O75144|ICOSL_HUMAN	0.011111111	0.9866190731264982	0.9658646557238858	101924.8899334495
YVGGQEHFAHLLILRDTK	3	sp|P02763|A1AG1_HUMAN	0.011111111	0.9933552810135716	0.9336968743286715	329042.68396576925
QISNLQQSISDAEQR	3	sp|P04264|K2C1_HUMAN	0.025442477	0.7739449743159442	0.7999759844496698	4656.394544663965
TYETTLEK	2	sp|P02768|ALBU_HUMAN	0.011111111	0.9866190731264982	0.889956482209092	1709.4282982010131
QQTHMLDVMQDHFSR	4	sp|P10909|CLUS_HUMAN	0.011111111	0.9866190731264982	0.9244110522950874	14209.359878325407
VVAGVANALAHK	2	sp|P02042|HBD_HUMAN;sp|P68871|HBB_HUMAN	0.010498688	1.0	0.9645618758887071	587716.5037924808
QEPSQGTTTFAVTSILR	2	sp|P01876|IGHA1_HUMAN	0.010498688	1.0	0.936254779976698	11506160.976633742
ISVVIQNILR	2	sp|Q86SQ4|AGRG6_HUMAN	0.019252548	0.9212790999005022	0.9082008999540631	25160.385743899627
ITQVTWQK	2	sp|Q15223|NECT1_HUMAN	0.010498688	1.0	0.8539264347555353	52500.266854967995
NFPSPVDAAFR	3	sp|P02790|HEMO_HUMAN	0.010498688	1.0	0.8971081500853708	57420.733999258235
DQYYNIDVPSR	2	sp|Q92954|PRG4_HUMAN	0.011111111	0.9933552810135716	0.9673655269540732	816650.3050658505
SKLPGIVAEGR	2	sp|P01008|ANT3_HUMAN	0.011111111	0.9866190731264982	0.9638181950647023	135782.06419001424
FDPSLTQR	2	sp|P08697|A2AP_HUMAN	0.010498688	1.0	0.8861822964707827	37021.01141336316
VKSPELQAEAK	2	sp|P02652|APOA2_HUMAN	0.011111111	0.9933552810135716	0.9508431175329533	43420.75558032535
EYC[+57.021465]GVPGDGDEELLR	2	sp|P02760|AMBP_HUMAN	0.010498688	1.0	0.9501889847862183	4330936.80240591
SSAEVC[+57.021465]QLLGSQR	2	sp|Q9ULI3|HEG1_HUMAN	0.010498688	1.0	0.8701830351303081	21418.791035257367
EQLTPLIK	2	sp|P02652|APOA2_HUMAN	0.011111111	0.9797881705057813	0.9898889384843126	177917.31059682983
FYNQVSTPLLR	2	sp|P19823|ITIH2_HUMAN	0.019252548	0.9290085173289965	0.9181316476798226	18595.039057661703
YLQEIYNSNNQK	2	sp|P02679|FIBG_HUMAN	0.010498688	1.0	0.9072640411623436	399866.9551443933
LRTEGDGVYTLNNEK	3	sp|P00738|HPT_HUMAN	0.010498688	1.0	0.7974004817562662	168721.05951572227
QQTHMLDVMQDHFSR	3	sp|P10909|CLUS_HUMAN	0.011111111	0.9866190731264982	0.8965412341854196	4965.11255916719
TYMLAFDVNDEK	2	sp|P02763|A1AG1_HUMAN	0.013630731	0.9866190731264982	0.9337526331396148	99021.51728451933
TLEAQLTPR	2	sp|P05546|HEP2_HUMAN	0.010498688	1.0	0.8861158536246598	17495.48535079509
SVQEIQATFFYFTPNK	3	sp|P02763|A1AG1_HUMAN;sp|P19652|A1AG2_HUMAN	0.010498688	1.0	0.8740497866743795	25778.062332040172
SLTEEAENWGDGEPNNK	2	sp|P14151|LYAM1_HUMAN	0.010498688	1.0	0.8780562068662142	450379.7430468857
EQLGEFYEALDC[+57.021465]LC[+57.021465]IPR	3	sp|P19652|A1AG2_HUMAN	0.011111111	0.9866190731264982	0.9729387171536807	1384131.961740717
DMPASEDLQDLQK	2	sp|P49908|SEPP1_HUMAN	0.010498688	1.0	0.961637148858949	5752406.69061142
STSGGTAALGC[+57.021465]LVK	2	sp|P01857|IGHG1_HUMAN;sp|P01860|IGHG3_HUMAN;sp|P0DOX5|IGG1_HUMAN	0.010498688	1.0	0.8630933593780142	19527.835615210763
KPDGYDYYAFSK	3	sp|Q92954|PRG4_HUMAN	0.010498688	1.0	0.8300419731467495	21589.86112997819
GWSEEELQGVLR	2	sp|Q9H4A9|DPEP2_HUMAN	0.011111111	0.9933552810135716	0.7371224225035738	4352.992805131618
KWQEEMELYR	2	sp|P02647|APOA1_HUMAN	0.011111111	0.9933552810135716	0.9139497770648269	2968.990204255974
ALQDQLVLVAAK	2	sp|P01019|ANGT_HUMAN	0.010498688	1.0	0.8478504097400495	7983.27506260925
LEDMEQALSPSVFK	2	sp|P05155|IC1_HUMAN	0.017564403	0.9514467542496609	0.952725818383733	202344.14156602585
ITPNLAEFAFSLYR	3	sp|P01009|A1AT_HUMAN	0.010498688	1.0	0.9562104531270009	605500.0890455608
VAGQDGSVVQFK	2	sp|P55854|SUMO3_HUMAN;sp|P61956|SUMO2_HUMAN;sp|Q6EEV6|SUMO4_HUMAN	0.010498688	1.0	0.9463111187750862	6854.769605941765
VWVYPPEK	2	sp|P02790|HEMO_HUMAN	0.011111111	0.9866190731264982	0.9709108810111148	1676070.530935478
VLHPLEGAVVIIFK	3	sp|Q13740|CD166_HUMAN	0.011111111	0.9866190731264982	0.7834151959514363	9451.439172964974
LESEETMVLEAHDAQGDVPVTVTVHDFPGK	5	sp|P01024|CO3_HUMAN	0.011111111	0.9797881705057813	0.8228197367385768	2278.5489608495
DDLYVSDAFHK	3	sp|P01008|ANT3_HUMAN	0.010498688	1.0	0.8385601835525686	22422.203688925296
TGLLLLSDPDK	2	sp|Q14624|ITIH4_HUMAN	0.010498688	1.0	0.8963801167972469	19850.28907923361
NTWSILHTQGALVQGGYGHSSVYDHR	5	sp|O75882|ATRN_HUMAN	0.014527845	0.9658285256870233	0.7101992728137619	79982.48999660215
VEEVKPLEGR	3	sp|O00533|NCHL1_HUMAN	0.010498688	1.0	0.9263544574586011	351538.2212498871
SLTEEAENWGDGEPNNKK	3	sp|P14151|LYAM1_HUMAN	0.011111111	0.9933552810135716	0.8971249907058033	102551.22633311043
NTLYLQMNSLK	2	sp|A0A0B4J1V0|HV315_HUMAN	0.010498688	1.0	0.737314589340541	12535.979492568891
QNQC[+57.021465]FYNSSYLNVQR	3	sp|P19652|A1AG2_HUMAN	0.012642225	0.9728591838590949	0.783858964189151	152.1805808071616
VGAHAGEYGAEALER	2	sp|P69905|HBA_HUMAN	0.011111111	0.9866190731264982	0.9255226688955428	24581.755007041986
LVHVEEPHTETVR	4	sp|P01023|A2MG_HUMAN	0.010498688	1.0	0.9130218427308636	337769.8212148329
TVVQPSVGAAAGPVVPPC[+57.021465]PGR	4	sp|P02765|FETUA_HUMAN	0.011111111	0.9933552810135716	0.7775132434126286	5737.152684591317
LGEVNTYAGDLQK	2	sp|P06727|APOA4_HUMAN	0.011111111	0.9933552810135716	0.9763375239998804	3559.275325471226
DTINLLDQR	2	sp|Q8NBJ4|GOLM1_HUMAN	0.010498688	1.0	0.9511533274009658	127581.38617675558
AEIEYLEK	2	sp|P14151|LYAM1_HUMAN	0.011111111	0.9866190731264982	0.9627252867718663	165819.50362429395
AEGAATEEEGTPK	2	sp|P80723|BASP1_HUMAN	0.010498688	1.0	0.8627070616943985	4849.110929216038
YPNC[+57.021465]AYR	1	sp|P07998|RNAS1_HUMAN	0.011111111	0.9797881705057813	0.7259533308549125	1525.1773823871376
RPC[+57.021465]FSALEVDETYVPK	3	sp|P02768|ALBU_HUMAN	0.010498688	1.0	0.9425264379698356	92879.13128647764
DTKTYMLAFDVNDEK	3	sp|P02763|A1AG1_HUMAN	0.010498688	1.0	0.7232072873338554	94741.0164547204
YTIAALLSPYSYSTTAVVTNPKE	3	sp|P02766|TTHY_HUMAN	0.010498688	1.0	0.9572686760422411	52951181.03497269
DIPTNSPELEETLTHTITK	3	sp|P01042|KNG1_HUMAN	0.010498688	1.0	0.9278612276653183	2950329.2739873156
YVGGQEHFAHLLILR	4	sp|P02763|A1AG1_HUMAN	0.012642225	0.9728591838590949	0.9529620218041599	16656714.7286618
VSFLSALEEYTK	2	sp|P02647|APOA1_HUMAN	0.011111111	0.9933552810135716	0.8088764230243282	8639.271634887347
DKC[+57.021465]EPLEK	2	sp|P02763|A1AG1_HUMAN;sp|P19652|A1AG2_HUMAN	0.011111111	0.9866190731264982	0.8872834251853222	4429.612774015598
DGWHSWPIAHQWPQGPSAVDAAFSWEEK	4	sp|P02790|HEMO_HUMAN	0.011111111	0.9797881705057813	0.919534399373699	677231.9299696055
SPSQDEMLPTYLK	2	sp|Q8IZF2|AGRF5_HUMAN	0.011111111	0.9866190731264982	0.8874734162656263	14047.065731004424
SGAEAQTPEDSPNR	2	sp|O43493|TGON2_HUMAN	0.010498688	1.0	0.937996083555435	102730.5994637396
GVC[+57.021465]EETSGAYEK	2	sp|P02760|AMBP_HUMAN	0.010498688	1.0	0.9666212879281796	223856.95137241992
TEDTIFLREYQTR	3	sp|P02763|A1AG1_HUMAN;sp|P19652|A1AG2_HUMAN	0.010498688	1.0	0.9081472062908641	516925.01894908666
SDVVYTDWKK	2	sp|P02763|A1AG1_HUMAN	0.010498688	1.0	0.9700060547025152	6702.159116271666
MATLYSR	1	sp|P41222|PTGDS_HUMAN	0.012642225	0.9728591838590949	0.9064504073053269	6112.213326119745
C[+57.021465]DDWGLDTMR	2	sp|Q9NPH3|IL1AP_HUMAN	0.019252548	0.9290085173289965	0.8227890374996376	2479.9307924410696
FLEDVKK	1	sp|P01009|A1AT_HUMAN	0.010498688	1.0	0.9620774733211677	64808.48240517901
NILTSNNIDVK	2	sp|P05090|APOD_HUMAN	0.010498688	1.0	0.8672462147538229	4732815.664289133
GPGEDFR	2	sp|P41222|PTGDS_HUMAN	0.012642225	0.9728591838590949	0.7745285521792913	1664.6592855618874
LFDSDPITVTVPVEVSR	3	sp|P10909|CLUS_HUMAN	0.010498688	1.0	0.8919236548970473	110076.78492427949
EPQDTYHYLPFSLPHR	4	sp|P10909|CLUS_HUMAN	0.010498688	1.0	0.8980897537231203	58836.00789751545
NEDSLVFVQTDK	2	sp|P01023|A2MG_HUMAN	0.011111111	0.9933552810135716	0.8642538710654953	15049.0305341651
RGENLFAITDEGMDVPLAMEEWHHER	4	sp|Q6UXB8|PI16_HUMAN	0.010498688	1.0	0.9731663420940162	43413.754901341774
ELDESLQVAER	2	sp|P10909|CLUS_HUMAN	0.010498688	1.0	0.9662108981843441	184508.58112983417
YPVAHFIDQTLK	2	sp|P05155|IC1_HUMAN	0.010498688	1.0	0.956903504711147	366854.84845611564
FEDGVLDPDYPR	2	sp|P04004|VTNC_HUMAN	0.011111111	0.9866190731264982	0.9239630658535865	142950.68308258077
FQPTLLTLPR	2	sp|P05155|IC1_HUMAN	0.011111111	0.9933552810135716	0.976160014331164	844544.8602910913
SDVMYTDWKK	2	sp|P19652|A1AG2_HUMAN	0.010498688	1.0	0.9730548540250606	75416.11310331877
SLPTEDC[+57.021465]ENEK	2	sp|Q13790|APOF_HUMAN	0.010498688	1.0	0.8648005700774041	10464.343453005746
FNQPFIIMIFDHFTWSSLFLAR	4	sp|P08185|CBG_HUMAN	0.014527845	0.9658285256870233	0.9658228238189863	17046.03528502606
NLQEILHGAVR	2	sp|P00533|EGFR_HUMAN	0.010498688	1.0	0.8528012063121979	8222.291778921552
GSESGIFTNTK	2	sp|P02671|FIBA_HUMAN	0.010498688	1.0	0.9776708247759888	74308.77467947415
DQIVDLTVGNNK	2	sp|P35527|K1C9_HUMAN	0.010498688	1.0	0.8230847684926502	1871.7308025167195
M[+15.994915]TVTDQVNC[+57.021465]PK	3	sp|P05090|APOD_HUMAN	0.010498688	1.0	0.7213772779662625	1157.04938849908
GKEESLDSDLYAELR	3	sp|P02775|CXCL7_HUMAN	0.027563395	0.686593192055836	0.8367325942943256	7666.919193751219
YGFIEGHVVIPR	2	sp|P16070|CD44_HUMAN	0.011111111	0.9933552810135716	0.9727505420640725	512823.5342194971
DLGEENFK	1	sp|P02768|ALBU_HUMAN	0.011111111	0.9866190731264982	0.9383184522871937	1139.3684598091052
LVRPEVDVMC[+57.021465]TAFHDNEETFLK	4	sp|P02768|ALBU_HUMAN	0.010498688	1.0	0.7895510658581999	177113.15163136245
GLEEELQFSLGSK	2	sp|P0C0L4|CO4A_HUMAN;sp|P0C0L5|CO4B_HUMAN	0.010498688	1.0	0.9210990136330274	244041.92376201664
AGTELVNFLSYFVELGTQPATQ	3	sp|P02652|APOA2_HUMAN	0.010498688	1.0	0.9152820396558913	5010504.243798327
YYWGGQYTWDMAK	2	sp|P02675|FIBB_HUMAN	0.010498688	1.0	0.9520705719847189	1562751.1816181396
TVAAPSVFIFPPSDEQLK	3	sp|P01834|IGKC_HUMAN	0.010498688	1.0	0.9085099044816117	63795.465073599175
TFLTVYWTPER	2	sp|P05362|ICAM1_HUMAN	0.011111111	0.9866190731264982	0.9009250231900021	201060.4063440789
KGPGPGGPGGAGVAR	3	sp|Q92686|NEUG_HUMAN	0.012642225	0.9728591838590949	0.9454784714169059	17080.676162952564
EFLEDTC[+57.021465]VQYVQK	2	sp|Q9UNN8|EPCR_HUMAN	0.029735683	1.0	0.9342975728171529	240524.63353204282
AAC[+57.021465]LLPK	2	sp|P02768|ALBU_HUMAN	0.010498688	1.0	0.9758914409536288	229395.59791730862
NEVWWTIDGK	2	sp|Q9NPH3|IL1AP_HUMAN	0.010498688	1.0	0.8290723664110309	9317.726909861209
RHPYFYAPELLFFAK	4	sp|P02768|ALBU_HUMAN	0.010498688	1.0	0.7737749467711763	27113.92367040871
IENVSYQDK	2	sp|O00533|NCHL1_HUMAN	0.010498688	1.0	0.9231049703810176	34621.15181016437
VQLTGEPVPMAR	2	sp|P15151|PVR_HUMAN	0.010498688	1.0	0.9645206619039349	91439.37384802605
SKLPGIVAEGRDDLYVSDAFHK	5	sp|P01008|ANT3_HUMAN	0.011111111	0.9933552810135716	0.807202834824261	140080.88759068842
NHNALLASLTTQK	2	sp|O75882|ATRN_HUMAN	0.011111111	0.9933552810135716	0.987117734750279	6289.891845101981
SQYEQLAEQNR	2	sp|P13645|K1C10_HUMAN	0.011111111	0.9933552810135716	0.8069720729143197	26619.977146163823
YVTSAPMPEPQAPGR	2	sp|P01871|IGHM_HUMAN;sp|P0DOX6|IGM_HUMAN	0.012295082	0.9797881705057813	0.9630306981921338	13127.795442704502
VFSLQWGEVK	2	sp|P05156|CFAI_HUMAN	0.011111111	0.9933552810135716	0.9500876465700275	60764.46645355437
IGPDNLPYVQILK	2	sp|P11362|FGFR1_HUMAN	0.011111111	0.9866190731264982	0.9447779514877634	168377.77206954316
EGYYGYTGAFR	2	sp|P02787|TRFE_HUMAN	0.010498688	1.0	0.8791447083954138	8633.792057897248
AVLDVFEEGTEASAATAVK	2	sp|P01011|AACT_HUMAN	0.010498688	1.0	0.9261944044705055	225909.69537418077
NWGLSFYADKPETTK	2	sp|P19652|A1AG2_HUMAN	0.012642225	0.9728591838590949	0.9239693738946889	8175.632559407051
TC[+57.021465]VADESAENC[+57.021465]DK	2	sp|P02768|ALBU_HUMAN	0.010498688	1.0	0.9492755360461647	147412.40144776442
SPELQAEAKSYFEK	2	sp|P02652|APOA2_HUMAN	0.012642225	0.9728591838590949	0.9802001889015333	343963.05532177753
GEC[+57.021465]QAEGVLFFQGDR	2	sp|P02790|HEMO_HUMAN	0.012642225	0.9728591838590949	0.8681497565100449	76873.1039836045
GPSVFPLAPC[+57.021465]SR	2	sp|P01859|IGHG2_HUMAN;sp|P01860|IGHG3_HUMAN;sp|P01861|IGHG4_HUMAN	0.010498688	1.0	0.971206850617517	36112.92949036641
YYC[+57.021465]FQGNQFLR	2	sp|P02790|HEMO_HUMAN	0.010498688	1.0	0.9678728668876838	9261240.01852934
DTVFALVNYIFFK	2	sp|P01009|A1AT_HUMAN	0.010498688	1.0	0.9663690291752413	1863811.4474719292
RHPYFYAPELLFFAK	3	sp|P02768|ALBU_HUMAN	0.019252548	0.9290085173289965	0.755083807369105	27146.77561780793
HSAQPWADFTLLGAR	2	sp|Q8IYS5|OSCAR_HUMAN	0.010498688	1.0	0.8312464613653898	68623.89621308993
TDASDVKPC[+57.021465]	2	sp|P02749|APOH_HUMAN	0.011111111	0.9866190731264982	0.8622715749870052	3798.0060207230017
IEISELNR	1	sp|P04264|K2C1_HUMAN;sp|P35908|K22E_HUMAN	0.010498688	1.0	0.7242377034582099	10277.79891427948
VTTSQDMLSIMEK	2	sp|P05155|IC1_HUMAN	0.011111111	0.9866190731264982	0.9762299233008583	871256.4777279462
DALSSVQESQVAQQAR	2	sp|P02656|APOC3_HUMAN	0.012642225	0.9728591838590949	0.9427069691254699	519357.6992633638
GSEAINAPGDNPAK	2	sp|Q9NZP8|C1RL_HUMAN	0.011111111	0.9933552810135716	0.9358870140597226	25923.895292347985
QFTSSTSYNR	2	sp|P02671|FIBA_HUMAN	0.011111111	0.9933552810135716	0.9103091515353546	10038.878042073802
ITQDAQLK	2	sp|P08185|CBG_HUMAN	0.012295082	0.9797881705057813	0.9265683438056513	8045.386576541433
TDTSHHDQDHPTFNK	2	sp|P01009|A1AT_HUMAN	0.011111111	0.9933552810135716	0.9353949812161899	51031.47538983675
LALDIEIATYR	2	sp|P05787|K2C8_HUMAN;sp|P08729|K2C7_HUMAN;sp|P14136|GFAP_HUMAN;sp|P19013|K2C4_HUMAN;sp|Q6KB66|K2C80_HUMAN	0.010498688	1.0	0.8563441332019318	5980.089218226709
AGEQDATIHLK	2	sp|P13591|NCAM1_HUMAN	0.011111111	0.9933552810135716	0.8419884751548855	4670.673463738726
YPPTVSMVEGQGEK	3	sp|P27918|PROP_HUMAN	0.027563395	0.7004675850791199	0.8418897803330508	3252.0084938076325
ATLLEEQLPLGK	2	sp|Q9BQ51|PD1L2_HUMAN	0.010498688	1.0	0.9638781910883435	62983.56918583797
KVPQVSTPTLVEVSR	3	sp|P02768|ALBU_HUMAN	0.010498688	1.0	0.8789470477226131	774743.3393900292
ETC[+57.021465]FAEEGKK	3	sp|P02768|ALBU_HUMAN	0.010498688	1.0	0.9713178410032255	272488.1599533553
LVVQSSIDSSAFK	2	sp|P10721|KIT_HUMAN	0.010498688	1.0	0.9236071782895537	15939.515401627672
SYSC[+57.021465]QVTHEGSTVEK	2	sp|B9A064|IGLL5_HUMAN;sp|P0CF74|IGLC6_HUMAN;sp|P0CG04|IGLC1_HUMAN;sp|P0DOX8|IGL1_HUMAN;sp|P0DOY2|IGLC2_HUMAN;sp|P0DOY3|IGLC3_HUMAN	0.010498688	1.0	0.952692773704407	2870117.2272865404
MLEEIMK	2	sp|P02679|FIBG_HUMAN	0.012295082	0.9797881705057813	0.9721844614399993	4068.4891566101905
FMPLSDVLYGR	2	sp|Q10588|BST1_HUMAN	0.010498688	1.0	0.8846207795459773	9519.882456625524
INHGILYDEEK	2	sp|P36980|FHR2_HUMAN;sp|Q03591|FHR1_HUMAN	0.010498688	1.0	0.8729737896586998	6658.7535092911685
FTDSENVC[+57.021465]QER	2	sp|P43652|AFAM_HUMAN	0.011111111	0.9933552810135716	0.8781958154898686	11780.360822212435
GFGGLTGQIVAALSTAK	2	sp|Q92954|PRG4_HUMAN	0.010498688	1.0	0.9661679487689291	3979111.6824364145
NWGLSVYADKPETTK	4	sp|P02763|A1AG1_HUMAN	0.010498688	1.0	0.9501505643602626	2122819.5649849502
SASNMAIVDVK	2	sp|P01023|A2MG_HUMAN	0.020293122	0.9933552810135716	0.974512945297847	16573.835687035415
QLVEIEK	2	sp|P00738|HPT_HUMAN;sp|P00739|HPTR_HUMAN	0.012295082	0.9797881705057813	0.9517581330066563	3058.148332592527
GPALTTPK	1	sp|Q92954|PRG4_HUMAN	0.012642225	0.9728591838590949	0.7607703030089031	560.8121171673454
EWFWDLATGTMK	2	sp|P02790|HEMO_HUMAN	0.011111111	0.9866190731264982	0.9566658511406897	2489802.7460057605
REPAVGEPAEVTTTVLVR	3	sp|P05362|ICAM1_HUMAN	0.010498688	1.0	0.8700026702484498	19023.678007216444
LTPTLYVGK	2	sp|O75460|ERN1_HUMAN	0.011111111	0.9866190731264982	0.899562977026371	14287.92249259634
AQVSPTASDMLHMR	2	sp|Q6UXB8|PI16_HUMAN	0.010498688	1.0	0.7886447115545973	58662.301581101645
EMEDTLNHLK	2	sp|P17936|IBP3_HUMAN	0.010498688	1.0	0.9708585243984946	132324.34194397225
DYQELMNTK	2	sp|P04264|K2C1_HUMAN	0.010498688	1.0	0.8691330313507164	59660.897758479994
LMVELHNLYR	2	sp|Q6UXB8|PI16_HUMAN	0.010498688	1.0	0.9266070592056543	18009.831859548696
FKLDDDLEHQGGHVLDHGHK	3	sp|P01042|KNG1_HUMAN	0.011111111	0.9866190731264982	0.9760985287223488	11338.725053654121
DLWVNIDQMEK	2	sp|Q6UX71|PXDC2_HUMAN	0.011111111	0.9933552810135716	0.9257813983973072	50369.71017169172
ITC[+57.021465]TEEGWSPTPK	2	sp|Q03591|FHR1_HUMAN;sp|Q9BXR6|FHR5_HUMAN	0.011111111	0.9866190731264982	0.8262809975509736	1696.264844107706
TGLFQDVGPQR	2	sp|Q86SQ4|AGRG6_HUMAN	0.010498688	1.0	0.9897510336107507	22613.988859926263
SGSDEVQVGQQR	2	sp|P01024|CO3_HUMAN	0.010498688	1.0	0.9435481041300332	10233.215823143428
VTATGFQQC[+57.021465]SLIDGR	2	sp|Q8NFT8|DNER_HUMAN	0.010498688	1.0	0.802568087681242	42301.859861924226
SFMLLILER	2	sp|P05543|THBG_HUMAN	0.011111111	0.9933552810135716	0.9812919009223382	160663.5647763231
LLDSLPSDTR	2	sp|P05155|IC1_HUMAN	0.010498688	1.0	0.9525092309308323	3154941.766471573
TNLESILSYPK	2	sp|P05155|IC1_HUMAN	0.010498688	1.0	0.9805546906543897	210221.51288714787
QSTQTLYVNVAPR	2	sp|P19320|VCAM1_HUMAN	0.010498688	1.0	0.872520242756747	23762.769276003408
YVMLPVADQDQC[+57.021465]IR	3	sp|P00738|HPT_HUMAN	0.010498688	1.0	0.8441235485694282	246450.23789237725
ALYVHGGYK	2	sp|O75882|ATRN_HUMAN	0.010498688	1.0	0.957326235492538	533595.3323073686
RVWELSK	1	sp|P01008|ANT3_HUMAN	0.012295082	0.9797881705057813	0.9339709879619571	4320.234381706183
QPAVEEPAEVTATVLASR	2	sp|P32942|ICAM3_HUMAN	0.014527845	0.9658285256870233	0.8404953236099798	84388.99549581156
DWHGVPGQVDAAMAGR	2	sp|P04004|VTNC_HUMAN	0.010498688	1.0	0.8965299343666334	933078.8648356745
SYFEKSK	2	sp|P02652|APOA2_HUMAN	0.012295082	0.9797881705057813	0.939817048170029	9802.338582944216
AVVFLEPQWYR	3	sp|P08637|FCG3A_HUMAN	0.011111111	0.9933552810135716	0.8196564082526423	4045.3335857625416
SGTASVVC[+57.021465]LLNNFYPR	3	sp|P01834|IGKC_HUMAN;sp|P0DOX7|IGK_HUMAN	0.011111111	0.9933552810135716	0.8532180202843794	22369.90648687287
WNDDAC[+57.021465]HK	2	sp|P14151|LYAM1_HUMAN	0.011111111	0.9866190731264982	0.9285303332979108	10098.70351367296
VGYVSGWGQSDNFK	2	sp|P00739|HPTR_HUMAN	0.011111111	0.9866190731264982	0.9390398054941197	1153.442873388714
LLGIETPLPK	2	sp|P05362|ICAM1_HUMAN	0.010498688	1.0	0.9077482155003015	90782.64136481423
GILTVDELLAIR	2	sp|P13473|LAMP2_HUMAN	0.010498688	1.0	0.8888288625309282	2506.8778289675697
AIGPSQTHTIR	2	sp|Q92954|PRG4_HUMAN	0.011111111	0.9933552810135716	0.9693333745007449	84984.1379195443
RHPDYSVVLLLR	3	sp|P02768|ALBU_HUMAN	0.010498688	1.0	0.8112347755921887	264419.68331125274
EPFLSC[+57.021465]C[+57.021465]QFAESLR	2	sp|P0C0L4|CO4A_HUMAN;sp|P0C0L5|CO4B_HUMAN	0.012642225	0.9728591838590949	0.7968561283476795	33846.00262413522
TSDQIHFFFAK	2	sp|P01008|ANT3_HUMAN	0.011111111	0.9933552810135716	0.9601123545854258	491018.2938836087
GWVTDGFSSLK	2	sp|P02656|APOC3_HUMAN	0.011111111	0.9933552810135716	0.9740975348255627	502672.8155753493
LHMLQISYFR	2	sp|Q9UNN8|EPCR_HUMAN	0.010498688	1.0	0.8074837519769018	42326.0214243418
EPC[+57.021465]VESLVSQYFQTVTDYGK	3	sp|P02652|APOA2_HUMAN	0.012295082	0.9797881705057813	0.9531409548296402	1110007.5136214292
YTIAALLSPYSYSTTAVVTNPK	3	sp|P02766|TTHY_HUMAN	0.012295082	0.9797881705057813	0.9150077579602375	1564163.227938809
EHAVEGDC[+57.021465]DFQLLK	2	sp|P02765|FETUA_HUMAN	0.010498688	1.0	0.9234948898533168	1122069.4620776798
VVGLIQDLKPNTIMVLVNYIHFK	4	sp|P05543|THBG_HUMAN	0.010498688	1.0	0.9714377378709121	193184.56528515273
TLMFGSYLDDEK	2	sp|P19652|A1AG2_HUMAN	0.011111111	0.9866190731264982	0.9726833706224071	1601945.6852158438
FNQPFIIM[+15.994915]IFDHFTWSSLFLAR	3	sp|P08185|CBG_HUMAN	0.014527845	0.9658285256870233	0.9084782340270154	22762.247419376425
RYTIAALLSPYSYSTTAVVTNPK	4	sp|P02766|TTHY_HUMAN	0.010498688	1.0	0.9847460691220962	86676.30017889092
SPLFMGK	2	sp|P01009|A1AT_HUMAN	0.012642225	0.9728591838590949	0.9035222752298101	19181.801086190797
FNWYVDGVEVHNAK	3	sp|P01857|IGHG1_HUMAN;sp|P0DOX5|IGG1_HUMAN	0.010498688	1.0	0.951358763830582	482565.9291014735
KGEVLPLPEANFPSFPLPHHK	4	sp|P04196|HRG_HUMAN	0.011111111	0.9933552810135716	0.9500991999894337	504742.48245782946
YVGGQEHFAHLLILRDTK	4	sp|P02763|A1AG1_HUMAN	0.011111111	0.9933552810135716	0.9378688911252302	19384.94437131656
FQNALLVR	2	sp|P02768|ALBU_HUMAN	0.010498688	1.0	0.9631785267302028	256275.55811488105
GDSVVYGLR	2	sp|P10451|OSTP_HUMAN	0.010498688	1.0	0.9322025230092221	80785.92877684685
DYWSTVK	2	sp|P02656|APOC3_HUMAN	0.014527845	0.9658285256870233	0.9862511127760314	288787.5208893716
KAADDTWEPFASGK	2	sp|P02766|TTHY_HUMAN	0.010498688	1.0	0.960490474575183	545106.6586997512
VTSIQDWVQK	2	sp|P00738|HPT_HUMAN	0.011111111	0.9933552810135716	0.9416971159553094	415923.94915672945
LQHLENELTHDIITK	2	sp|P01009|A1AT_HUMAN	0.014527845	0.9658285256870233	0.8140719345394292	19319.30358056139
VLLDGVQNPR	2	sp|P01024|CO3_HUMAN	0.010498688	1.0	0.9588387536669325	36154.46652140879
IEDGFSLK	1	sp|P01008|ANT3_HUMAN	0.012295082	0.9797881705057813	0.7240619708165514	2940.9638517882368
LILVDYILFK	2	sp|Q9UK55|ZPI_HUMAN	0.010498688	1.0	0.933367698278689	39689.0891063726
GLASANVDFAFSLYK	3	sp|P08185|CBG_HUMAN	0.012295082	0.9797881705057813	0.8202579619414428	24269.905008164274
QNC[+57.021465]ELFEQLGEYK	2	sp|P02768|ALBU_HUMAN	0.010498688	1.0	0.8948681760715195	1637601.554206679
YTIAALLSPYSYSTTAVVTNPK	4	sp|P02766|TTHY_HUMAN	0.016627079	0.9586923939928679	0.8117197152714248	50941.362221301504
TPSSTGPSPVFDIK	2	sp|Q12913|PTPRJ_HUMAN	0.010498688	1.0	0.9326209095900702	713221.7397789849
FDTISEK	2	sp|P01008|ANT3_HUMAN	0.010498688	1.0	0.9852416440828756	494500.793662889
WKTTFDPKK	2	sp|P05155|IC1_HUMAN	0.010498688	1.0	0.9328316556372024	67924.05965829003
YSLTYIYTGLSK	2	sp|P25311|ZA2G_HUMAN	0.011111111	0.9933552810135716	0.8444921949619582	1952.857860387346
NTWSILHTQGALVQGGYGHSSVYDHR	3	sp|O75882|ATRN_HUMAN	0.014527845	0.9658285256870233	0.9890903189855123	44208.235201155505
QGHNSVFLIK	3	sp|P02790|HEMO_HUMAN	0.010498688	1.0	0.9549726602293135	7510260.821772071
IHLISTQSAIPYALR	2	sp|P02679|FIBG_HUMAN	0.013630731	0.9728591838590949	0.9505421931838628	311405.63790859113
IAPQLSTEELVSLGEK	2	sp|P43652|AFAM_HUMAN	0.013630731	0.9728591838590949	0.9793364286469391	103790.5646468921
SDVM[+15.994915]YTDWKK	2	sp|P19652|A1AG2_HUMAN	0.010498688	1.0	0.9801027351712255	23060.348653310426
FTVNNLAEPQK	2	sp|P12259|FA5_HUMAN	0.010498688	1.0	0.9349106746617741	12517.740070141623
MEEVEAMLLPETLK	2	sp|P01011|AACT_HUMAN	0.010498688	1.0	0.9439703669460239	1358678.8580439892
FRIEDGFSLK	2	sp|P01008|ANT3_HUMAN	0.010498688	1.0	0.8924355455569195	459991.1823713196
GDDITMVLILPKPEK	3	sp|P01008|ANT3_HUMAN	0.010498688	1.0	0.945723939488468	1390947.782193213
GDTFSC[+57.021465]MVGHEALPLAFTQK	3	sp|P01876|IGHA1_HUMAN	0.010498688	1.0	0.9388710582990828	963264.3786633209
EHVAHLLFLRDTK	4	sp|P19652|A1AG2_HUMAN	0.011111111	0.9866190731264982	0.944649210203125	241571.22325353848
ALVQQMEQLR	2	sp|P06727|APOA4_HUMAN	0.011111111	0.9933552810135716	0.9568051313819923	28107.87254747143
AQWANPFDPSK	2	sp|P05543|THBG_HUMAN	0.010498688	1.0	0.9616020576617503	120568.40786733091
FNKPFVFLMIEQNTK	2	sp|P01009|A1AT_HUMAN	0.024417315	1.0	0.9736060815984325	35541.609800859995
SDVVYTDWK	2	sp|P02763|A1AG1_HUMAN	0.010498688	1.0	0.9496213558101966	116306.32121746203
GLPNVVTSAISLPNIR	3	sp|Q92954|PRG4_HUMAN	0.010498688	1.0	0.9398703524695599	3187439.3254780513
VGEYSLYIGR	2	sp|P02743|SAMP_HUMAN	0.010498688	1.0	0.7916324511391242	17833.75675845256
VELAPLPSWQPVGK	3	sp|P05362|ICAM1_HUMAN	0.020293122	0.9134157281067091	0.8125825686992247	3363.2564578312436
VPQVSTPTLVEVSR	2	sp|P02768|ALBU_HUMAN	0.011111111	0.9866190731264982	0.946999953895434	567723.5580330681
WVQDYIK	2	sp|Q16627|CCL14_HUMAN	0.011111111	0.9866190731264982	0.9078314770224771	8223.907518295273
EVPLNTIIFM[+15.994915]GR	2	sp|P01008|ANT3_HUMAN	0.011111111	0.9933552810135716	0.9372831058977846	30266.35969358822
M[+15.994915]SSINADFAFNLYR	2	sp|P05543|THBG_HUMAN	0.010498688	1.0	0.8638845662139104	223497.2912945054
GWVDLFVPK	2	sp|P05543|THBG_HUMAN	0.010498688	1.0	0.9615080081152828	766552.6587432071
LVHVEEPHTETVR	2	sp|P01023|A2MG_HUMAN	0.010498688	1.0	0.8435926658699439	30485.301955482046
EGQM[+15.994915]ESVEAAM[+15.994915]SSK	2	sp|P05543|THBG_HUMAN	0.010498688	1.0	0.9370115888286192	27391.367852795465
MATLYSR	2	sp|P41222|PTGDS_HUMAN	0.013630731	0.9728591838590949	0.9240314257152213	25581.383364630354
FLEDVKK	2	sp|P01009|A1AT_HUMAN	0.010498688	1.0	0.9421116819275792	1027150.3287834215
GNLMGGWK	1	sp|P23435|CBLN1_HUMAN;sp|Q8IUK8|CBLN2_HUMAN	0.025442477	0.7739449743159442	0.7325077720735412	3317.186554169766
YAASSYLSLTPEQWK	2	sp|A0M8Q6|IGLC7_HUMAN;sp|B9A064|IGLL5_HUMAN;sp|P0CF74|IGLC6_HUMAN;sp|P0CG04|IGLC1_HUMAN;sp|P0DOX8|IGL1_HUMAN;sp|P0DOY2|IGLC2_HUMAN;sp|P0DOY3|IGLC3_HUMAN	0.010498688	1.0	0.9584044519558292	13970448.933404857
LSSWVLLM[+15.994915]K	2	sp|P01009|A1AT_HUMAN	0.010498688	1.0	0.8829150239133379	76620.84778219378
SSEDPNEDIVER	2	sp|P01591|IGJ_HUMAN	0.011111111	0.9933552810135716	0.8724023499490423	8692.67355794962
ELTPEVLQEWLDELEEMMLVVHMPR	4	sp|P01008|ANT3_HUMAN	0.019252548	0.9440873193926883	0.9705713978763553	205916.5366298354
TMLLQPAGSLGSYSYR	3	sp|P41222|PTGDS_HUMAN	0.010498688	1.0	0.9177817139961403	724775.5708240469
VILPQTSDAYQVSVAK	2	sp|Q86SQ4|AGRG6_HUMAN	0.013630731	0.9728591838590949	0.9125398962377118	7745.371105405255
LLDNWDSVTSTFSK	2	sp|P02647|APOA1_HUMAN	0.012295082	0.9797881705057813	0.9508462529826627	44643.1566507998
AVSISPTNVILTWK	3	sp|Q12913|PTPRJ_HUMAN	0.011111111	0.9866190731264982	0.7866212532290149	3088.329945058663
ANQQLNFTEAK	2	sp|Q9Y5Y7|LYVE1_HUMAN	0.010498688	1.0	0.9299851200692507	22853.67920202045
YVGGQEHFAHLLILR	2	sp|P02763|A1AG1_HUMAN	0.013630731	0.9728591838590949	0.9506719699392515	357088.9054316551
TFYEPGEEITYSC[+57.021465]KPGYVSR	3	sp|P02749|APOH_HUMAN	0.010498688	1.0	0.903389712719048	1484303.6198552344
VTTSQDM[+15.994915]LSIM[+15.994915]EK	2	sp|P05155|IC1_HUMAN	0.010498688	1.0	0.7910306517543766	71898.95999023638
GGSTSYGTGSETESPR	3	sp|P02671|FIBA_HUMAN	0.019252548	0.9440873193926883	0.8667477455147664	2132.558743087614
NKEDC[+57.021465]VEIYIK	3	sp|P14151|LYAM1_HUMAN	0.019252548	0.9366095275687156	0.921877845281496	31130.49450691391
EHVAHLLFLRDTK	3	sp|P19652|A1AG2_HUMAN	0.011111111	0.9866190731264982	0.9483186665553164	159877.288133941
RLGMFNIQHC[+57.021465]K	2	sp|P01009|A1AT_HUMAN	0.011111111	0.9866190731264982	0.8902865946686125	3208.9760152850117
EFTPPVQAAYQK	3	sp|P68871|HBB_HUMAN	0.010498688	1.0	0.7047607131860296	15234.709491274167
SAGSVESPSVSSTHR	3	sp|P17936|IBP3_HUMAN	0.011111111	0.9866190731264982	0.938084815203924	40963.868156656616
KATVVYQGER	2	sp|P02749|APOH_HUMAN	0.010498688	1.0	0.9750022479220194	252073.20183752908
IPKSDVVYTDWK	2	sp|P02763|A1AG1_HUMAN	0.010498688	1.0	0.9721162045858213	155682.19229739512
QGLLPVLESFK	2	sp|P02647|APOA1_HUMAN	0.010498688	1.0	0.845652613305397	84652.41492655851
MREWFSETFQK	2	sp|P02654|APOC1_HUMAN	0.010498688	1.0	0.9675063596791459	462307.5241828422
TYFPHFDLSHGSAQVK	4	sp|P69905|HBA_HUMAN	0.012295082	0.9797881705057813	0.885624555445345	35844.811359358435
GGEGTGYFVDFSVR	2	sp|P04196|HRG_HUMAN	0.010498688	1.0	0.9499265852398892	1449781.3390206085
AGALQLLLVGDK	2	sp|P55058|PLTP_HUMAN	0.010498688	1.0	0.7938044452750296	795.5826824691347
ESSSHHPGIAEFPSR	2	sp|P02671|FIBA_HUMAN	0.010498688	1.0	0.9484793311877362	167074.07949874442
DTEEEDFHVDQVTTVK	2	sp|P01009|A1AT_HUMAN	0.010498688	1.0	0.9358774679676783	39050715.716365546
ATVVYQGER	2	sp|P02749|APOH_HUMAN	0.011111111	0.9866190731264982	0.9737439483950513	34798.84178213878
YNSQNQSNNQFVLYR	2	sp|P01042|KNG1_HUMAN	0.014527845	0.9658285256870233	0.8712143590063218	321000.738879514
IDSLLENDR	2	sp|P10909|CLUS_HUMAN	0.010498688	1.0	0.9446804012223364	94791.81982019717
DYVSQFEGSALGK	2	sp|P02647|APOA1_HUMAN	0.011111111	0.9933552810135716	0.9451878990303544	36676.457727688176
TM[+15.994915]LLQPAGSLGSYSYR	2	sp|P41222|PTGDS_HUMAN	0.013630731	0.9728591838590949	0.9754875963528274	28377.16445949997
HPDEAAFFDTASTGK	2	sp|P02671|FIBA_HUMAN	0.012642225	0.9797881705057813	0.9533665167766149	60740.62101756755
EGIVEYPR	1	sp|Q02985|FHR3_HUMAN;sp|Q92496|FHR4_HUMAN	0.010498688	1.0	0.7118976754936538	8852.259066873194
EHVAHLLFLR	2	sp|P19652|A1AG2_HUMAN	0.010498688	1.0	0.9498446582248101	1285439.4689694
YGMVAQVTQTLK	2	sp|P04114|APOB_HUMAN	0.010498688	1.0	0.7697196149059853	881.0720357559596
FNRPFLMIIVPTDTQNIFFMSK	3	sp|P01011|AACT_HUMAN	0.013630731	0.9728591838590949	0.936830402027631	1527.4482934586067
TVAAC[+57.021465]NLPIVR	3	sp|P02760|AMBP_HUMAN	0.011111111	0.9933552810135716	0.9187760473496764	9663.914493909999
ETYGEMADC[+57.021465]C[+57.021465]AK	2	sp|P02768|ALBU_HUMAN	0.010498688	1.0	0.9627557384699552	75548.4979966932
AVVFLEPQWYSVLEK	2	sp|O75015|FCG3B_HUMAN	0.010498688	1.0	0.9531911307152635	6320.600983309082
LLIYDNNK	2	sp|P01701|LV151_HUMAN	0.011111111	0.9866190731264982	0.9603282995752691	28634.238901707526
EFQLFSSPHGK	3	sp|P02787|TRFE_HUMAN	0.010498688	1.0	0.8631761880643152	5460.426769144945
LLIYGASTR	2	sp|A0A075B6H7|KV37_HUMAN;sp|A0A0C4DH55|KVD07_HUMAN;sp|P01624|KV315_HUMAN	0.011111111	0.9866190731264982	0.9477092801583542	34700.0856944372
DFVQPPTK	1	sp|P01042|KNG1_HUMAN	0.012642225	0.9797881705057813	0.9346741392194334	7548.060498288161
FIVLSNNYLQIR	2	sp|P13591|NCAM1_HUMAN	0.010498688	1.0	0.9747129683518341	206326.9744364695
NEC[+57.021465]FLQHK	2	sp|P02768|ALBU_HUMAN	0.010498688	1.0	0.9862307338288822	241333.8194514131
DKC[+57.021465]EPLEKQHEK	2	sp|P02763|A1AG1_HUMAN;sp|P19652|A1AG2_HUMAN	0.010498688	1.0	0.9441446183000799	27379.056214994478
SGTASEMGTER	2	sp|Q9ULI3|HEG1_HUMAN	0.011111111	0.9866190731264982	0.8895487117225487	4127.013629124548
AEAESLYQSK	2	sp|P04264|K2C1_HUMAN	0.011111111	0.9866190731264982	0.9639418128514904	73614.37445674861
LWWLDLK	2	sp|P02790|HEMO_HUMAN	0.010498688	1.0	0.9682309872056741	62685997.15618118
YYTYLIMNK	2	sp|P01024|CO3_HUMAN	0.019252548	0.9290085173289965	0.8880136597156787	31545.417149689554
TEGDGVYTLNNEK	2	sp|P00738|HPT_HUMAN	0.010498688	1.0	0.9462649995720143	1402529.7488003243
DTVQIHDITGK	2	sp|P02679|FIBG_HUMAN	0.010498688	1.0	0.9571052795990458	32358.863885989358
VPTVEPLDSLTLFLFR	2	sp|P13598|ICAM2_HUMAN	0.015494636	0.9658285256870233	0.9417966594344016	1037023.925902581
KLVPFATELHER	3	sp|P06727|APOA4_HUMAN	0.010498688	1.0	0.8292803408069791	105214.2037793216
AFLEVNEEGSEAAASTAVVIAGR	3	sp|P01008|ANT3_HUMAN	0.011111111	0.9866190731264982	0.9023720066937763	98733.88892260854
DLDSQTMMVLVNYIFFK	3	sp|P01011|AACT_HUMAN	0.019252548	0.9212790999005022	0.918150728195912	16068.592550531059
ALGISPFHEHAEVVFTANDSGPR	5	sp|P02766|TTHY_HUMAN	0.010498688	1.0	0.9012690724891655	1572684.8633188233
FDPVRGEVPPR	3	sp|P02790|HEMO_HUMAN	0.013630731	0.9728591838590949	0.9586989227907122	235775.8405984823
ATVVYQGERVK	2	sp|P02749|APOH_HUMAN	0.010498688	1.0	0.7940713701551052	88016.33289693983
QINSYVK	2	sp|P08185|CBG_HUMAN	0.010498688	1.0	0.7430015249641284	11459.197600701453
MADEAGSEADHEGTHSTK	3	sp|P02671|FIBA_HUMAN	0.010498688	1.0	0.9643812386412357	19171.572060878618
TLLVFEVQQPFLFVLWDQQHK	3	sp|P05155|IC1_HUMAN	0.010498688	1.0	0.9614854786527989	14896941.473108122
YLYEIAR	2	sp|P02768|ALBU_HUMAN	0.012642225	0.9797881705057813	0.952086287366752	214423.01442374193
YVYIAELLAHK	2	sp|P27169|PON1_HUMAN	0.012642225	0.9797881705057813	0.8024655309450774	7721.374421608305
FLSTLTIDGVTR	2	sp|P35968|VGFR2_HUMAN	0.010498688	1.0	0.7817283790261815	23119.392460251875
ALNSIIDVYHK	3	sp|P05109|S10A8_HUMAN	0.010498688	1.0	0.8954599842791064	81102.72282030967
ALGISPFHEHAEVVFTANDSGPRR	5	sp|P02766|TTHY_HUMAN	0.011111111	0.9866190731264982	0.859782618708517	79490.84237160718
SLNNQFASFIDK	2	sp|P04264|K2C1_HUMAN	0.010498688	1.0	0.9699505450632354	452968.26279159467
AADDTWEPFASGK	2	sp|P02766|TTHY_HUMAN	0.011111111	0.9933552810135716	0.9467423714691506	300499.4734145413
AFLLVQDIMEDTMR	2	sp|P09603|CSF1_HUMAN	0.013630731	0.9728591838590949	0.7316163162967128	17381.09239295404
EQYAVVGHSAHIVTLK	2	sp|O75882|ATRN_HUMAN	0.010498688	1.0	0.8038836547894707	27012.193455590546
LYLVQGTQVYVFLTK	2	sp|P02790|HEMO_HUMAN	0.013630731	0.9728591838590949	0.9460545145544762	659931.7121388705
VNVDEVGGEALGR	2	sp|P68871|HBB_HUMAN	0.010498688	1.0	0.9227963506797298	20721.838955511517
VTTPDTSTTQHNK	2	sp|Q92954|PRG4_HUMAN	0.010498688	1.0	0.8730408616453196	56548.06944666365
LTC[+57.021465]LQNLK	2	sp|P08174|DAF_HUMAN	0.011111111	0.9866190731264982	0.9253521110733877	4202.430137353025
NWGLSVYADKPETTK	3	sp|P02763|A1AG1_HUMAN	0.010498688	1.0	0.9592138432113645	2870517.701206227
GDPLGTEGGLDASNTER	2	sp|Q12913|PTPRJ_HUMAN	0.013630731	0.9728591838590949	0.9086443569289437	158620.03696894497
LLLGSNQNEIVSLK	2	sp|Q86SQ4|AGRG6_HUMAN	0.010498688	1.0	0.9523534603002315	254497.92504473607
LTIGEGQQHHLGGAK	4	sp|P02679|FIBG_HUMAN	0.010498688	1.0	0.9449927332763156	1935375.9883105147
LGNQEPGGQTALK	2	sp|P08697|A2AP_HUMAN	0.011111111	0.9933552810135716	0.9361132162521545	24221.357984792983
GLYDVVSVLR	2	sp|O75144|ICOSL_HUMAN	0.011111111	0.9933552810135716	0.9790486710398474	41203.76082617489
GSPAINVAVHVFRK	2	sp|P02766|TTHY_HUMAN	0.019252548	0.9440873193926883	0.8124624482166398	683.5242921985785
ETPAATEAPSSTPK	2	sp|P80723|BASP1_HUMAN	0.011111111	0.9933552810135716	0.9373558388757476	21142.167864345673
AVLHIGEK	2	sp|P05543|THBG_HUMAN	0.010498688	1.0	0.9346836381220501	184060.43974165354
DGNPFYFTDHR	3	sp|O00533|NCHL1_HUMAN	0.011111111	0.9933552810135716	0.9260248927019255	12630.68514392288
DNENVVNEYSSELEK	2	sp|P02675|FIBB_HUMAN	0.013630731	0.9728591838590949	0.8306733845124027	362.6204427490593
TDTSHHDQDHPTFNK	4	sp|P01009|A1AT_HUMAN	0.011111111	0.9933552810135716	0.9354396814424605	2920359.244093124
LYHSEAFTVNFGDTEEAKK	3	sp|P01009|A1AT_HUMAN	0.010498688	1.0	0.9565231683394879	334011.6018370817
FAGVFHVEK	2	sp|P16070|CD44_HUMAN	0.010498688	1.0	0.8586981545614976	47863.95451080669
GPALTTPK	2	sp|Q92954|PRG4_HUMAN	0.013630731	0.9728591838590949	0.9787316693163725	68014.82828001106
VTMQNLNDR	2	sp|P02533|K1C14_HUMAN;sp|P08779|K1C16_HUMAN;sp|P13645|K1C10_HUMAN;sp|Q7Z3Y7|K1C28_HUMAN;sp|Q7Z3Y8|K1C27_HUMAN;sp|Q7Z3Y9|K1C26_HUMAN;sp|Q7Z3Z0|K1C25_HUMAN	0.010498688	1.0	0.9545324838945098	81870.57837511552
DYFMPC[+57.021465]PGR	2	sp|P02790|HEMO_HUMAN	0.010498688	1.0	0.949120548549635	24692734.8014291
GEIMFQYDK	2	sp|Q8IZP9|AGRG2_HUMAN	0.011111111	0.9933552810135716	0.9785863618524017	4414.185385634124
VEIDTKSYWK	2	sp|P02766|TTHY_HUMAN	0.010498688	1.0	0.9213662684192659	48031.1077150077
ANRPFLVFIR	3	sp|P01008|ANT3_HUMAN	0.013630731	0.9728591838590949	0.8180815916286541	28388.025043502577
WSAGLTSSQVDLYIPK	3	sp|P08185|CBG_HUMAN	0.027563395	0.686593192055836	0.8069159091327032	6980.755682541355
FLASVSTVLTSK	2	sp|P69905|HBA_HUMAN	0.010498688	1.0	0.984012403002298	12743.652950590991
TEHPFTVEEFVLPK	3	sp|P01023|A2MG_HUMAN	0.019252548	0.9212790999005022	0.9659252144833287	23173.568155858244
FKLDDDLEHQGGHVLDHGHK	6	sp|P01042|KNG1_HUMAN	0.011111111	0.9866190731264982	0.8840371206303697	16485.555043845336
GLGELQELYLK	2	sp|P07359|GP1BA_HUMAN	0.010498688	1.0	0.9083503295092681	79933.62481162306
LPTDSELAPR	2	sp|P49908|SEPP1_HUMAN	0.010498688	1.0	0.9561419822380204	65257.384059124044
GTHC[+57.021465]NQVEVIATLK	2	sp|P02775|CXCL7_HUMAN	0.012642225	0.9797881705057813	0.9163373731644555	351100.79106764216
SDVVYTDWKKDK	2	sp|P02763|A1AG1_HUMAN	0.011111111	0.9866190731264982	0.8374176217004098	13523.331939931122
DSHSLTTNIMEILR	2	sp|P02671|FIBA_HUMAN	0.016627079	0.9797881705057813	0.8383546765195362	20417.028958729694
AQLLVVGSPGPVPR	2	sp|P32004|L1CAM_HUMAN	0.011111111	0.9933552810135716	0.8749380377545501	7463.930515341477
VVSTNYNQHAMVFFK	3	sp|P80188|NGAL_HUMAN	0.011111111	0.9933552810135716	0.9268034999431887	62816.01140124962
AVMDDFAAFVEK	3	sp|P02768|ALBU_HUMAN	0.012642225	0.9797881705057813	0.9162073325180886	62549.384064923346
EESLDSDLYAELR	2	sp|P02775|CXCL7_HUMAN	0.011111111	0.9866190731264982	0.9429560840904039	447540.5890204717
RIPIEDGSGEVVLSR	2	sp|P01024|CO3_HUMAN	0.010498688	1.0	0.8563203950100643	39623.27606244724
QISNLQQSISDAEQR	2	sp|P04264|K2C1_HUMAN	0.013630731	0.9728591838590949	0.9363987964226588	40716.36214417949
ASFHIPQVQVR	2	sp|Q9BQ51|PD1L2_HUMAN	0.010498688	1.0	0.805735570910425	42041.88777464181
VIVVSMNYR	2	sp|P06276|CHLE_HUMAN	0.010498688	1.0	0.9375727532551126	140409.94413249852
MTVTDQVNC[+57.021465]PK	2	sp|P05090|APOD_HUMAN	0.010498688	1.0	0.9809245694573502	29545.721602020876
VVAGVANALAHK	3	sp|P02042|HBD_HUMAN;sp|P68871|HBB_HUMAN	0.010498688	1.0	0.8529998447755225	237429.38493333806
DGYLFQLLR	2	sp|P04196|HRG_HUMAN	0.011111111	0.9933552810135716	0.9620843717579844	6049.039725682502
NFPSPVDAAFR	2	sp|P02790|HEMO_HUMAN	0.010498688	1.0	0.9910134393402901	6720491.409881814
AEDTAVYYC[+57.021465]AR	2	sp|A0A0B4J1V1|HV321_HUMAN;sp|A0A0B4J1X5|HV374_HUMAN;sp|A0A0C4DH42|HV366_HUMAN;sp|A0A0J9YVY3|HV741_HUMAN;sp|P01762|HV311_HUMAN;sp|P01763|HV348_HUMAN;sp|P01767|HV353_HUMAN;sp|P01772|HV333_HUMAN;sp|P01780|HV307_HUMAN;sp|P0DOX2|IGA2_HUMAN;sp|P0DP02|HVC33_HUMAN	0.010498688	1.0	0.7630896100910375	2485.923488828194
AVLTIDEK	2	sp|P01009|A1AT_HUMAN	0.013630731	0.9728591838590949	0.977823525309533	577850.8371205188
GVTSVSQIFHSPDLAIR	2	sp|P05155|IC1_HUMAN	0.010498688	1.0	0.9276235471895667	34070.33051828804
RYTIAALLSPYSYSTTAVVTNPKE	4	sp|P02766|TTHY_HUMAN	0.010498688	1.0	0.9313403963747072	11989815.52954899
TWQDC[+57.021465]EYK	2	sp|P01042|KNG1_HUMAN	0.011111111	0.9933552810135716	0.9645007397790615	1848.8701383895561
DQYYNIDVPSR	3	sp|Q92954|PRG4_HUMAN	0.011111111	0.9933552810135716	0.7765618084182381	9993.138961604629
GFMQTYYDDHLR	3	sp|P55056|APOC4_HUMAN	0.018691588	0.9797881705057813	0.8299481122012278	4387.922563493829
C[+57.021465]TWLIEGQPNR	2	sp|O75882|ATRN_HUMAN	0.011111111	0.9933552810135716	0.9600508029218214	44789.09730625196
STSESTAALGC[+57.021465]LVK	2	sp|P01859|IGHG2_HUMAN;sp|P01861|IGHG4_HUMAN	0.011111111	0.9866190731264982	0.9600732100759426	126178.3887074048
EQLTPLIK	1	sp|P02652|APOA2_HUMAN	0.012642225	0.9797881705057813	0.7117942611559847	3871.9354990608567
SGIIFAGHDK	2	sp|Q13449|LSAMP_HUMAN	0.011111111	0.9866190731264982	0.996239292785778	36436.69079689786
SGYFLSISDSK	2	sp|Q86SQ4|AGRG6_HUMAN	0.019252548	0.9290085173289965	0.7858822763398139	12767.420854257667
QPAVEEPAEVTATVLASR	4	sp|P32942|ICAM3_HUMAN	0.015494636	0.9658285256870233	0.8531826730646043	18764.99264506229
SKEQLTPLIK	3	sp|P02652|APOA2_HUMAN	0.010498688	1.0	0.90115797286984	50362.05290947791
GDSVVYGLR	1	sp|P10451|OSTP_HUMAN	0.010498688	1.0	0.9178388264704598	99223.08553693467
LRTEGDGVYTLNNEK	2	sp|P00738|HPT_HUMAN	0.010498688	1.0	0.8815784626921375	449404.51161558577
AQSIAYHLK	2	sp|Q14515|SPRL1_HUMAN	0.010498688	1.0	0.939655890090833	54857.42071029476
SEAAC[+57.021465]LAAGPGIR	2	sp|O75882|ATRN_HUMAN	0.010498688	1.0	0.945519770731218	59749.45585140924
TVESITDIR	2	sp|P11279|LAMP1_HUMAN	0.010498688	1.0	0.9419481800350465	710652.1315047157
FATTFYQHLADSK	2	sp|P01008|ANT3_HUMAN	0.011111111	0.9866190731264982	0.9418180354224381	210826.96621015528
ATLVC[+57.021465]LISDFYPGAVTVAWK	3	sp|B9A064|IGLL5_HUMAN;sp|P0CG04|IGLC1_HUMAN;sp|P0DOX8|IGL1_HUMAN;sp|P0DOY2|IGLC2_HUMAN;sp|P0DOY3|IGLC3_HUMAN	0.010498688	1.0	0.925606263898207	52333.35458385504
QQDVLGFLEANK	2	sp|O75368|SH3L1_HUMAN	0.011111111	0.9933552810135716	0.907295131430458	22537.298926619816
LYGSEAFATDFQDSAAAK	2	sp|P01011|AACT_HUMAN	0.010498688	1.0	0.9640345001925007	588226.3972018191
DTATLSWGLPK	2	sp|O00533|NCHL1_HUMAN	0.011111111	0.9933552810135716	0.9040218671647097	18567.005514377975
GTQEQDFYVTSETVVR	2	sp|P05154|IPSP_HUMAN	0.015494636	0.9658285256870233	0.7518951861400025	699.3949444186565
EQLGEFYEALDC[+57.021465]LR	2	sp|P02763|A1AG1_HUMAN	0.014527845	0.9728591838590949	0.9415302071230315	12705141.352521518
C[+57.021465]EDLETQTQSEK	2	sp|O00592|PODXL_HUMAN	0.011111111	0.9866190731264982	0.9283279638552986	4797.294405835779
LEDMEQALSPSVFK	3	sp|P05155|IC1_HUMAN	0.017564403	0.9514467542496609	0.8241221996806738	4943.276630272499
YLDFVFAVK	2	sp|P13473|LAMP2_HUMAN	0.010498688	1.0	0.7582239160371864	376001.25450248277
EDC[+57.021465]VEIYIK	2	sp|P14151|LYAM1_HUMAN	0.010498688	1.0	0.9381350835546086	203794.17009876468
VLDAVRGSPAINVAVHVFR	3	sp|P02766|TTHY_HUMAN	0.011111111	0.9933552810135716	0.8228262052748186	117587.34186198545
YAATSQVLLPSK	2	sp|P01871|IGHM_HUMAN;sp|P0DOX6|IGM_HUMAN	0.019252548	0.9290085173289965	0.9139099191173363	21061.988254239826
EPQVYTLPPSR	3	sp|P01857|IGHG1_HUMAN;sp|P01859|IGHG2_HUMAN;sp|P01860|IGHG3_HUMAN;sp|P0DOX5|IGG1_HUMAN	0.010498688	1.0	0.870269914433016	1539.0930225268403
ITPNLAEFAFSLYR	2	sp|P01009|A1AT_HUMAN	0.010498688	1.0	0.9446559547457349	3266255.033514407
ALDLINKR	2	sp|P04196|HRG_HUMAN	0.011111111	0.9866190731264982	0.9102296425904077	971.7026687367209
NSVIKVPMMNSK	3	sp|P05155|IC1_HUMAN	0.011111111	0.9933552810135716	0.8599050120229008	54325.62583002446
EILSVDC[+57.021465]STNNPSQAK	2	sp|P10909|CLUS_HUMAN	0.010498688	1.0	0.9189550615624885	1104006.0146567917
YFHHNSDFHIPK	2	sp|O75015|FCG3B_HUMAN	0.010498688	1.0	0.9497340971542552	120236.88076117674
LESEETMVLEAHDAQGDVPVTVTVHDFPGK	6	sp|P01024|CO3_HUMAN	0.012642225	0.9797881705057813	0.8533953134906876	603.1207541192543
DDLYVSDAFHK	2	sp|P01008|ANT3_HUMAN	0.010498688	1.0	0.9487174459448894	568436.8874326771
LTQLNLDR	2	sp|P07359|GP1BA_HUMAN	0.010498688	1.0	0.9567904642858719	95450.23736387702
ENQLEVLEVSWLHGLK	3	sp|P02750|A2GL_HUMAN	0.010498688	1.0	0.7969503931601033	6669.3529330440215
DYFM[+15.994915]PC[+57.021465]PGR	2	sp|P02790|HEMO_HUMAN	0.010498688	1.0	0.9387585622195741	300484.71832459234
VEEVKPLEGR	2	sp|O00533|NCHL1_HUMAN	0.010498688	1.0	0.7425448488483936	11609.113052781891
IISLDEER	2	sp|P23467|PTPRB_HUMAN	0.010498688	1.0	0.9079587355051698	36055.65214129496
VQPYLDDFQK	3	sp|P02647|APOA1_HUMAN	0.019252548	0.9290085173289965	0.8904308281926352	2010.477957123426
LSFYYLIMAK	2	sp|P01023|A2MG_HUMAN	0.010498688	1.0	0.8258010627990251	3388.9044720441802
C[+57.021465]SPHLVLSALTSDNHGATYAFSGTHYWR	4	sp|P02790|HEMO_HUMAN	0.012642225	0.9797881705057813	0.9529017831116577	384770.6855492713
LGMFNIQHC[+57.021465]K	2	sp|P01009|A1AT_HUMAN	0.010498688	1.0	0.9843845096454499	783.9196855445939
NTLYLQMNSLK	3	sp|A0A0B4J1V0|HV315_HUMAN	0.020293122	0.9212790999005022	0.8626897160634394	3129.3188600794356
SGAQATWTELPWPHEK	3	sp|P02790|HEMO_HUMAN	0.03080308	1.0	0.891258227629929	684714.292592004
YWNDC[+57.021465]EPPDSR	2	sp|P04196|HRG_HUMAN	0.010498688	1.0	0.8718796877478004	43926.97184855355
LVVEWQLQDDK	2	sp|P61916|NPC2_HUMAN	0.011111111	0.9933552810135716	0.8737209348828225	23556.37328941577
GNLMGGWK	2	sp|P23435|CBLN1_HUMAN;sp|Q8IUK8|CBLN2_HUMAN	0.012642225	0.9797881705057813	0.9212974566270895	3347.8570457683054
QNQC[+57.021465]FYNSSYLNVQR	2	sp|P19652|A1AG2_HUMAN	0.014527845	0.9728591838590949	0.9367555927854831	537.9113528004139
ASVDSGSSEEQGGSSR	2	sp|P01833|PIGR_HUMAN	0.012642225	0.9797881705057813	0.9012767335268383	19592.152893435294
VLDAVRGSPAINVAVHVFR	4	sp|P02766|TTHY_HUMAN	0.011111111	0.9933552810135716	0.9324499387921872	123926.61241174213
TLM[+15.994915]FGSYLDDEK	2	sp|P19652|A1AG2_HUMAN	0.010498688	1.0	0.7745275656406443	60578.95131618315
MEPFHFK	2	sp|P05155|IC1_HUMAN	0.012642225	0.9797881705057813	0.941484199499603	444951.1819236664
FLEQQNQVLQTK	2	sp|P04264|K2C1_HUMAN;sp|P35908|K22E_HUMAN;sp|Q7Z794|K2C1B_HUMAN	0.010498688	1.0	0.956430231959275	268647.2244346716
HTFMGVVSLGSPSGEVSHPR	3	sp|P02765|FETUA_HUMAN	0.011111111	0.9933552810135716	0.9482043200574825	269940.89079141046
YTIAALLSPYSYSTTAVVTNPKE	4	sp|P02766|TTHY_HUMAN	0.010498688	1.0	0.7894240521980005	922324.8614785803
GGSIQQYIYK	2	sp|Q92954|PRG4_HUMAN	0.010498688	1.0	0.7887051647165669	51076.42614034767
NSLFEYQK	2	sp|P02671|FIBA_HUMAN	0.010498688	1.0	0.9667236116895498	752429.3981752472
SGFPQVSMFFTHTFPK	3	sp|P04196|HRG_HUMAN	0.010498688	1.0	0.992813024107591	447991.517096813
HTLNQIDEVK	3	sp|P02765|FETUA_HUMAN	0.011111111	0.9933552810135716	0.8447302754704309	7138.607503105567
GSLGGGFSSGGFSGGSFSR	2	sp|P13645|K1C10_HUMAN	0.010498688	1.0	0.9749443445271836	392006.32219662063
GLEWVGFIR	2	sp|A0A0A0MS15|HV349_HUMAN	0.010498688	1.0	0.894712057718224	60009.870336113556
GLPAPIEK	2	sp|P01859|IGHG2_HUMAN	0.010498688	1.0	0.9902783333699606	421007.0716789077
QVILTLQPTLVAVGK	3	sp|P13598|ICAM2_HUMAN	0.010498688	1.0	0.9359411660637099	674447.161769968
LTGSSGFVTDGPGNYK	2	sp|O75882|ATRN_HUMAN	0.012642225	0.9797881705057813	0.9805375520441593	37157.53681136801
APEQEQAAPGPAAGGEAPK	2	sp|P80723|BASP1_HUMAN	0.015494636	0.9658285256870233	0.920727974761364	46072.56342638749
DGWHSWPIAHQWPQGPSAVDAAFSWEEK	5	sp|P02790|HEMO_HUMAN	0.017564403	0.9514467542496609	0.7454228518884362	42612.08558171758
ITDVIPSEAINELTVLVLVNTIYFK	4	sp|P01008|ANT3_HUMAN	0.016627079	0.9586923939928679	0.929008802988824	418981.0939674313
SGAQATWTELPWPHEK	4	sp|P02790|HEMO_HUMAN	0.022296544	0.888960273227615	0.7988919080489062	2771.0732297595096
YFIDFVAR	2	sp|P01042|KNG1_HUMAN	0.010498688	1.0	0.9832348751863061	3033189.0629961374
YGLVTYATYPK	2	sp|P00751|CFAB_HUMAN	0.010498688	1.0	0.9236757310288685	5618.649697865847
NMQDMVEDYR	2	sp|P04264|K2C1_HUMAN	0.010498688	1.0	0.8195381744065322	6996.4994339166715
SYYWIGIR	2	sp|P14151|LYAM1_HUMAN	0.010498688	1.0	0.9239147712412498	709159.6857154517
GIYSFNFHVVK	2	sp|P23435|CBLN1_HUMAN	0.010498688	1.0	0.8908144510401027	18243.77339069915
AEELSIQVSC[+57.021465]R	2	sp|Q9Y5Y7|LYVE1_HUMAN	0.010498688	1.0	0.9635137702264203	258164.9798084467
YVSELHLTR	2	sp|P10721|KIT_HUMAN	0.010498688	1.0	0.9872403616678446	224983.52033315308
RGENLFAITDEGMDVPLAMEEWHHER	5	sp|Q6UXB8|PI16_HUMAN	0.010498688	1.0	0.9297906182468777	46864.74302573523
GFSGIFEDR	2	sp|P09619|PGFRB_HUMAN	0.010498688	1.0	0.8465970818896336	29314.38847292705
YEGSYALTSEEAER	2	sp|O95810|CAVN2_HUMAN	0.017564403	0.9514467542496609	0.9464224771790795	13678.495589564292
DIAPTLTLYVGK	2	sp|P00738|HPT_HUMAN;sp|P00739|HPTR_HUMAN	0.010498688	1.0	0.9610603182003192	644978.1464113748
NTLYLQMNSLR	2	sp|A0A0B4J1X5|HV374_HUMAN;sp|A0A0C4DH42|HV366_HUMAN;sp|P01764|HV323_HUMAN;sp|P01767|HV353_HUMAN;sp|P01768|HV330_HUMAN;sp|P01772|HV333_HUMAN;sp|P0DP02|HVC33_HUMAN;sp|P0DP03|HVC05_HUMAN	0.010498688	1.0	0.7428808857311194	42187.39149565346
SDVMYTDWKK	3	sp|P19652|A1AG2_HUMAN	0.032967035	0.5678582329614409	0.8085373730684839	21406.54771502034
FSGSNSGNTATLTISR	2	sp|A0A075B6K5|LV39_HUMAN;sp|P80748|LV321_HUMAN	0.012642225	0.9797881705057813	0.8109732212489276	18092.052866523813
DYELLC[+57.021465]LDGTR	2	sp|P02787|TRFE_HUMAN	0.010498688	1.0	0.8630353041985496	35341.62146461071
WQEEMELYR	2	sp|P02647|APOA1_HUMAN	0.010498688	1.0	0.9611128060956904	31993.245499961275
IASFSQNC[+57.021465]DIYPGK	2	sp|P01042|KNG1_HUMAN	0.012642225	0.9797881705057813	0.922909559423874	808209.4541371326
EENFYVDETTVVK	3	sp|P08185|CBG_HUMAN	0.012642225	0.9797881705057813	0.9113451999970215	16757.054971147223
M[+15.994915]TVTDQVNC[+57.021465]PK	2	sp|P05090|APOD_HUMAN	0.010498688	1.0	0.9801479978345815	32497.94421839135
AFIQLWAFDAVK	2	sp|P02760|AMBP_HUMAN	0.011111111	0.9933552810135716	0.8914951271447266	3076.446538296228
AFQVQQAVDLR	2	sp|P13497|BMP1_HUMAN	0.010498688	1.0	0.8937370133718744	4785.166603135668
FIC[+57.021465]PLTGLWPINTLK	3	sp|P02749|APOH_HUMAN	0.011111111	0.9933552810135716	0.9616318082369123	603002.3853984765
GPLQLER	2	sp|P02750|A2GL_HUMAN	0.010498688	1.0	0.9394371269194838	54461.0608032214
NIQSLEVIGK	2	sp|P02775|CXCL7_HUMAN	0.011086474	1.0	0.9591598684941625	72559.52198465752
QGFGNVATNTDGK	2	sp|P02675|FIBB_HUMAN	0.011086474	1.0	0.9290891830146255	102810.50488060396
GDDITM[+15.994915]VLILPKPEK	3	sp|P01008|ANT3_HUMAN	0.011111111	0.9933552810135716	0.8070884437246053	1237.894078294533
GFFADYEIPNLQK	2	sp|Q10588|BST1_HUMAN	0.011111111	0.9866190731264982	0.9292977301238656	2692.3401049204576
AATGEC[+57.021465]TATVGK	2	sp|P01042|KNG1_HUMAN	0.011111111	0.9933552810135716	0.9244011343996704	11482.221141087628
NHNALLASLTTQK	3	sp|O75882|ATRN_HUMAN	0.011111111	0.9933552810135716	0.9004837266783083	2460.950958080239
SKLPGIVAEGRDDLYVSDAFHK	4	sp|P01008|ANT3_HUMAN	0.011111111	0.9933552810135716	0.9299843983889204	118617.7457682522
VMTPAVYAPYDVK	2	sp|O00533|NCHL1_HUMAN	0.011086474	1.0	0.9731636362029193	71427.39863583866
QINSYVK	1	sp|P08185|CBG_HUMAN	0.011086474	1.0	0.9650302642969175	144789.3278033985
DLMEKVK	2	sp|P02652|APOA2_HUMAN	0.014527845	0.9728591838590949	0.944822686423282	26635.501944815413
AAFTEC[+57.021465]C[+57.021465]QAADK	2	sp|P02768|ALBU_HUMAN	0.011111111	0.9933552810135716	0.9965653901696548	9564.210014615044
TSESGELHGLTTEEEFVEGIYK	3	sp|P02766|TTHY_HUMAN	0.011086474	1.0	0.9397725299191475	10083472.60923387
LDDDLEHQGGHVLDHGHK	4	sp|P01042|KNG1_HUMAN	0.011086474	1.0	0.8928984099576557	103774.55619075094
AVLDVFEEGTEASAATAVK	3	sp|P01011|AACT_HUMAN	0.011086474	1.0	0.9484993583224436	292568.1682542821
SSSNEEVMFLTVQVK	2	sp|P01023|A2MG_HUMAN	0.021276595	0.9054124614333342	0.8825426686479426	1705.5498749428564
HSWTIPEDGNSQK	3	sp|Q13201|MMRN1_HUMAN	0.011086474	1.0	0.9557366956515571	22090.959720374853
NWGLSFYADKPETTK	3	sp|P19652|A1AG2_HUMAN	0.016627079	0.9586923939928679	0.869872985204135	143786.60983763938
ILGGHLDAK	2	sp|P00738|HPT_HUMAN;sp|P00739|HPTR_HUMAN	0.012642225	0.9797881705057813	0.9666505012328201	246022.48719233827
DLGGFDEDAEPR	2	sp|Q9BRK5|CAB45_HUMAN	0.011086474	1.0	0.9295178762680812	21718.69057673685
LISLIC[+57.021465]R	2	sp|O00592|PODXL_HUMAN	0.011086474	1.0	0.8921003952516495	186136.70536476036
TFPGFFSPMLGEFVSETESR	3	sp|P02671|FIBA_HUMAN	0.011111111	0.9866190731264982	0.9190327573543696	101014.80665972031
ILLDEQAQWK	2	sp|P13598|ICAM2_HUMAN	0.027563395	0.9933552810135716	0.9477054591910788	987798.0108932654
HIQETEWQSQEGK	2	sp|Q14515|SPRL1_HUMAN	0.012642225	0.9797881705057813	0.9043918156309699	16475.268245241226
LVDTLPQKPR	2	sp|P11684|UTER_HUMAN	0.011111111	0.9933552810135716	0.7082212218922208	715.3159082871748
GAQTQTEEEMTR	2	sp|Q12841|FSTL1_HUMAN	0.011086474	1.0	0.9439794884335462	31769.136371787292
LLGLSLAGK	2	sp|Q9Y5Y7|LYVE1_HUMAN	0.011086474	1.0	0.9725534713364896	480473.2564171707
MEEVEAMLLPETLKR	3	sp|P01011|AACT_HUMAN	0.011111111	0.9933552810135716	0.9049241011150752	52089.2537523909
DLATVYVDVLK	2	sp|P02647|APOA1_HUMAN	0.011086474	1.0	0.9631145268537111	1290085.6900569655
TLMFGSYLDDEKNWGLSFYADKPETTK	4	sp|P19652|A1AG2_HUMAN	0.011086474	1.0	0.9435904353964658	1625830.9711471805
SVNNVVVR	2	sp|O75882|ATRN_HUMAN	0.012642225	0.9797881705057813	0.9629652051134886	3500.344750942125
VMPIC[+57.021465]LPSK	2	sp|P00738|HPT_HUMAN;sp|P00739|HPTR_HUMAN	0.011111111	0.9866190731264982	0.9562042971186953	409696.30534873786
LNMGITDLQGLR	2	sp|P0C0L4|CO4A_HUMAN;sp|P0C0L5|CO4B_HUMAN	0.011086474	1.0	0.7001043566546277	28806.885277730067
AVLHIGEK	1	sp|P05543|THBG_HUMAN	0.011086474	1.0	0.7367026856619208	9611.39501969509
VAEGTQVLELPFK	3	sp|P01008|ANT3_HUMAN	0.011086474	1.0	0.8349220061226598	65909.74636942384
ITQDAQLK	1	sp|P08185|CBG_HUMAN	0.012642225	0.9797881705057813	0.930886401161389	5363.75391714116
GTWTQPFDLASTR	3	sp|P08185|CBG_HUMAN	0.011086474	1.0	0.9038907263562967	77363.7035472241
LSFQEFLK	2	sp|Q12841|FSTL1_HUMAN	0.011086474	1.0	0.9701192682605759	128124.86698272728
DEELSC[+57.021465]TVVELK	2	sp|P01011|AACT_HUMAN	0.011111111	0.9933552810135716	0.9744785277033772	12937.140945827388
YEELQITAGR	2	sp|P04259|K2C6B_HUMAN;sp|P04264|K2C1_HUMAN	0.019252548	0.9366095275687156	0.8550259131574793	606.8809068119131
ETC[+57.021465]FAEEGKK	2	sp|P02768|ALBU_HUMAN	0.011086474	1.0	0.952210412165372	472814.9270979614
AMVGSDVELSC[+57.021465]AC[+57.021465]PEGSR	2	sp|O75144|ICOSL_HUMAN	0.014527845	0.9728591838590949	0.893300181770487	2005.0647929713475
SPELQAEAK	2	sp|P02652|APOA2_HUMAN	0.014527845	0.9728591838590949	0.9713396723942175	2220.3886496374166
EGQMESVEAAMSSK	2	sp|P05543|THBG_HUMAN	0.011111111	0.9866190731264982	0.9251751501870402	171830.52622037823
EQYAVVGHSAHIVTLK	4	sp|O75882|ATRN_HUMAN	0.011086474	1.0	0.9680502526404946	678795.774300224
ALQATVGNSYK	2	sp|P11279|LAMP1_HUMAN	0.011086474	1.0	0.988088569471912	246787.76462244152
ESLSSYWESAK	2	sp|P02655|APOC2_HUMAN	0.011086474	1.0	0.9439890032160074	53568.62245455468
AHYGGFTVQNEANK	2	sp|P02675|FIBB_HUMAN	0.011111111	0.9866190731264982	0.9589601843144233	6711.095100977579
AIGYLNTGYQR	2	sp|P01023|A2MG_HUMAN	0.011086474	1.0	0.8978985947673851	7247.808919019805
TEDSSSFLIDK	2	sp|P05543|THBG_HUMAN	0.011086474	1.0	0.958678368506881	18931.518786139648
TYM[+15.994915]LAFDVNDEK	2	sp|P02763|A1AG1_HUMAN	0.011086474	1.0	0.9676736925846939	3247256.0128987962
RDPPQYPVVPVHLDR	4	sp|P10153|RNAS2_HUMAN	0.017564403	0.9514467542496609	0.8715117858667437	20099.26279409132
TLLVFEVQQPFLFVLWDQQHK	4	sp|P05155|IC1_HUMAN	0.011086474	1.0	0.8944588651107958	3043884.6727949446
RHPYFYAPELLFFAKR	4	sp|P02768|ALBU_HUMAN	0.011086474	1.0	0.7579421491613539	48298.555743737976
LADELSGWVQR	2	sp|Q99941|ATF6B_HUMAN	0.011086474	1.0	0.7099705387252544	6259.689401846024
REPAVGEPAEVTTTVLVR	2	sp|P05362|ICAM1_HUMAN	0.011086474	1.0	0.9097419066118269	7596.167182341065
NIFISPVSISMALAMLSLGTC[+57.021465]GHTR	3	sp|P08185|CBG_HUMAN	0.011111111	0.9933552810135716	0.9398871554461282	8761037.178228505
AQVSPTASDMLHMR	3	sp|Q6UXB8|PI16_HUMAN	0.011086474	1.0	0.9274679090589095	567646.1763070825
LSSVTAADTAVYYC[+57.021465]AR	2	sp|A0A075B6R2|HV404_HUMAN;sp|A0A087WSY4|HV432_HUMAN;sp|A0A0C4DH41|HV461_HUMAN;sp|P01824|HV439_HUMAN;sp|P01825|HV459_HUMAN;sp|P06331|HV434_HUMAN;sp|P0DP06|HVD34_HUMAN;sp|P0DP07|HV431_HUMAN;sp|P0DP08|HVD82_HUMAN	0.011086474	1.0	0.8901723126833404	297599.21414659626
DAVEDLESVGK	2	sp|P81605|DCD_HUMAN	0.011111111	0.9933552810135716	0.848411417351791	7004.989996440489
GSPAINVAVHVFR	2	sp|P02766|TTHY_HUMAN	0.011111111	0.9933552810135716	0.9684699320042055	234108.2997570562
EVPLNTIIFMGR	3	sp|P01008|ANT3_HUMAN	0.011111111	0.9933552810135716	0.9076743348769987	31289.72400637595
FKLDDDLEHQGGHVLDHGHK	4	sp|P01042|KNG1_HUMAN	0.011111111	0.9866190731264982	0.7185785456772168	483.3250908677346
YDVDTQMWTILK	2	sp|O75882|ATRN_HUMAN	0.011086474	1.0	0.9787219114567604	1564641.1722400794
ENEGFTVTAEGK	2	sp|P01024|CO3_HUMAN	0.011086474	1.0	0.9029326469808044	6974.418461050437
TGDTIEFMC[+57.021465]K	2	sp|Q02985|FHR3_HUMAN;sp|Q92496|FHR4_HUMAN	0.011111111	0.9933552810135716	0.9187315399024392	30628.364549088077
GSFPWQAK	1	sp|P00738|HPT_HUMAN;sp|P00739|HPTR_HUMAN	0.012642225	0.9797881705057813	0.9489959655964826	39202.43977079421
LGNFPWQAFTSIHGR	3	sp|Q9NZP8|C1RL_HUMAN	0.011086474	1.0	0.8939201022712732	45866.04629969273
YVMLPVADQDQC[+57.021465]IR	2	sp|P00738|HPT_HUMAN	0.011086474	1.0	0.9626869950640479	16832564.099527538
ESNEELTESC[+57.021465]ETK	2	sp|P01042|KNG1_HUMAN	0.012642225	0.9797881705057813	0.9634954105796919	7314.099765979143
RVWELSK	2	sp|P01008|ANT3_HUMAN	0.012642225	0.9797881705057813	0.970642751754442	177305.02217505802
AVVFLEPQWYR	2	sp|P08637|FCG3A_HUMAN	0.011111111	0.9933552810135716	0.9471724269545764	251005.31694442185
HTFM[+15.994915]GVVSLGSPSGEVSHPR	3	sp|P02765|FETUA_HUMAN	0.011111111	0.9933552810135716	0.90145035731066	58495.21884796412
QEPSQGTTTFAVTSILR	3	sp|P01876|IGHA1_HUMAN	0.011086474	1.0	0.9360837576213361	7817249.548068027
DASGATFTWTPSSGK	2	sp|P01877|IGHA2_HUMAN;sp|P0DOX2|IGA2_HUMAN	0.011086474	1.0	0.9673280435446466	462479.49663494335
LLQDEFPGIPSPLDAAVEC[+57.021465]HR	3	sp|P02790|HEMO_HUMAN	0.011086474	1.0	0.9407035676576393	24116888.430607926
DGFFGNPR	1	sp|P01871|IGHM_HUMAN;sp|P0DOX6|IGM_HUMAN	0.017564403	0.9514467542496609	0.7238798229103376	1689.938775480525
RHPDYSVVLLLR	2	sp|P02768|ALBU_HUMAN	0.011086474	1.0	0.9344737854794999	179949.3318733725
NIFISPVSISMALAMLSLGTC[+57.021465]GHTR	4	sp|P08185|CBG_HUMAN	0.011111111	0.9933552810135716	0.9290301283038453	590859.8352662548
GVTSVSQIFHSPDLAIR	4	sp|P05155|IC1_HUMAN	0.024417315	0.8448700454299841	0.8158964171373553	10057.956825329593
KYPVAHFIDQTLK	2	sp|P05155|IC1_HUMAN	0.012642225	0.9797881705057813	0.979079039776866	129499.19884903102
VKSPELQAEAK	3	sp|P02652|APOA2_HUMAN	0.011111111	0.9933552810135716	0.9842151254308334	26887.533063395476
LHMLQISYFR	3	sp|Q9UNN8|EPCR_HUMAN	0.011086474	1.0	0.944625994902472	50355.14033161234
LALDLEIATYR	2	sp|P04264|K2C1_HUMAN	0.011086474	1.0	0.9267081707170569	24008.907223848273
GDEC[+57.021465]QLC[+57.021465]EVENR	2	sp|O75882|ATRN_HUMAN	0.024417315	0.8258516653955662	0.9172356900264047	6101.491736062587
FNQPFIIM[+15.994915]IFDHFTWSSLFLAR	4	sp|P08185|CBG_HUMAN	0.015494636	0.9658285256870233	0.8940416149964213	15938.888781067493
KGEVLPLPEANFPSFPLPHHK	3	sp|P04196|HRG_HUMAN	0.011111111	0.9933552810135716	0.9049974750190005	49049.747772379334
SPLFMGK	1	sp|P01009|A1AT_HUMAN	0.025442477	0.7848914682405913	0.7450305566595333	1858.467939132257
IADAHLDR	2	sp|P04196|HRG_HUMAN	0.012642225	0.9797881705057813	0.948925129679171	16146.231134855674
YVGGQEHFAHLLILRDTK	5	sp|P02763|A1AG1_HUMAN	0.011111111	0.9933552810135716	0.9444827167478668	84605.8130083376
GPSVFPLAPSSK	2	sp|P01857|IGHG1_HUMAN;sp|P0DOX5|IGG1_HUMAN	0.011111111	0.9933552810135716	0.9818442436127595	439832.209696362
AYLEEEC[+57.021465]PATLR	2	sp|P25311|ZA2G_HUMAN	0.028634362	1.0	0.9330435066348269	297268.60903067316
QQTHMLDVMQDHFSR	2	sp|P10909|CLUS_HUMAN	0.011111111	0.9866190731264982	0.7825627664073713	2327.224477514447
IYGNQDTSSQLK	2	sp|P19823|ITIH2_HUMAN	0.011086474	1.0	0.8930816034009287	6880.298154157718
YGEGDSLTLQQLK	2	sp|Q15043|S39AE_HUMAN	0.011086474	1.0	0.7259266475270097	10017.042906991124
LLQDEFPGIPSPLDAAVEC[+57.021465]HR	4	sp|P02790|HEMO_HUMAN	0.011086474	1.0	0.830650900388288	501664.2971098742
DYWSTVK	1	sp|P02656|APOC3_HUMAN	0.015494636	0.9658285256870233	0.9821644449917086	121436.80363177806
DLQFVEVTDVK	2	sp|P02751|FINC_HUMAN	0.011086474	1.0	0.8423725551026114	11417.619571064934
RYTIAALLSPYSYSTTAVVTNPKE	3	sp|P02766|TTHY_HUMAN	0.011086474	1.0	0.9229791870916072	30216746.633714963
KPDGYDYYAFSK	2	sp|Q92954|PRG4_HUMAN	0.011086474	1.0	0.9278261160015617	78709.82966569359
DYNLNDILLQLGIEEAFTSK	3	sp|P01011|AACT_HUMAN	0.011111111	0.9866190731264982	0.8829200768140961	2762.3374690813475
YVM[+15.994915]LPVADQDQC[+57.021465]IR	2	sp|P00738|HPT_HUMAN	0.011086474	1.0	0.9567839713041105	375854.0008234062
LQHLENELTHDIITK	3	sp|P01009|A1AT_HUMAN	0.017564403	0.9586923939928679	0.9033969447904027	35092.248386600615
LLIYDASNLETGVPSR	2	sp|P01593|KVD33_HUMAN;sp|P01594|KV133_HUMAN	0.011086474	1.0	0.9496086624302105	380786.974696052
IEDGFSLK	2	sp|P01008|ANT3_HUMAN	0.012642225	0.9797881705057813	0.940132822747637	18787.811499933618
DDNPNLPR	1	sp|P02768|ALBU_HUMAN	0.012642225	0.9797881705057813	0.9345807058994576	6942.758355018091
GLASANVDFAFSLYK	2	sp|P08185|CBG_HUMAN	0.012642225	0.9797881705057813	0.9581872150959027	1861747.5709875752
NQVSLTC[+57.021465]LVK	2	sp|P01857|IGHG1_HUMAN;sp|P01859|IGHG2_HUMAN;sp|P01860|IGHG3_HUMAN;sp|P01861|IGHG4_HUMAN;sp|P0DOX5|IGG1_HUMAN	0.011111111	0.9933552810135716	0.9603125448261095	62689.13066667797
VGFYESDVMGR	2	sp|P01023|A2MG_HUMAN	0.011086474	1.0	0.9485102436310323	26626.405557382877
MEPFHFK	1	sp|P05155|IC1_HUMAN	0.018691588	0.9514467542496609	0.8818712991592069	1747.8202218772626
LESEETMVLEAHDAQGDVPVTVTVHDFPGK	4	sp|P01024|CO3_HUMAN	0.012642225	0.9797881705057813	0.9379368109118932	5067.894940657539
FDTISEK	1	sp|P01008|ANT3_HUMAN	0.011086474	1.0	0.9410081225713809	58719.45599644621
IMGITLVSK	2	sp|Q9Y5Y7|LYVE1_HUMAN	0.011086474	1.0	0.8795754139910686	115823.72698196568
VLNQELR	1	sp|P05090|APOD_HUMAN	0.011086474	1.0	0.749330766287339	13287.406104481564
GLPAPIEK	1	sp|P01859|IGHG2_HUMAN	0.011086474	1.0	0.7430440112381976	33241.94287357392
NTWSILHTQGALVQGGYGHSSVYDHR	4	sp|O75882|ATRN_HUMAN	0.015494636	0.9658285256870233	0.8714630043775955	154437.34414733064
IHLISTQSAIPYALR	3	sp|P02679|FIBG_HUMAN	0.014527845	0.9728591838590949	0.9855859294090522	121745.91236163351
SDVM[+15.994915]YTDWKK	3	sp|P19652|A1AG2_HUMAN	0.011086474	1.0	0.9230520235037186	2166.6543561743065
MEEVEAMLLPETLK	3	sp|P01011|AACT_HUMAN	0.011086474	1.0	0.9209178288498066	203818.17729939678
TLYSSSPR	2	sp|P05155|IC1_HUMAN	0.012642225	0.9797881705057813	0.9649170370580786	5909.160813238492
FLNVLSPR	2	sp|P17936|IBP3_HUMAN	0.011111111	0.9866190731264982	0.9059623110228457	17546.223388277624
VELAPLPSWQPVGK	2	sp|P05362|ICAM1_HUMAN	0.011086474	1.0	0.9046731218770969	583157.5368483197
LSPLGEEMR	2	sp|P02647|APOA1_HUMAN	0.011086474	1.0	0.9635838093148951	1133402.9159799435
KLVAASQAALGL	2	sp|P02768|ALBU_HUMAN	0.011086474	1.0	0.9776943317090981	3109044.999216141
ATEHLSTLSEK	2	sp|P02647|APOA1_HUMAN	0.011111111	0.9933552810135716	0.9010378066312954	23656.17250078373
EVGTPHGIILDSVDAAFIC[+57.021465]PGSSR	4	sp|P02790|HEMO_HUMAN	0.011086474	1.0	0.9306072539311232	3345635.8410050985
TGLEAISNHK	2	sp|Q14515|SPRL1_HUMAN	0.011086474	1.0	0.9114429361326276	161681.17033510486
TVVQPSVGAAAGPVVPPC[+57.021465]PGR	3	sp|P02765|FETUA_HUMAN	0.011111111	0.9933552810135716	0.9363290984668327	886150.301893906
EAATNGVLLYLDK	2	sp|Q9NTU7|CBLN4_HUMAN	0.011111111	0.9933552810135716	0.892452397689774	12424.34444934267
QEINSHVEMQTK	2	sp|P05543|THBG_HUMAN	0.011111111	0.9866190731264982	0.9157435026862574	127554.53112874794
YPNC[+57.021465]AYR	2	sp|P07998|RNAS1_HUMAN	0.011111111	0.9866190731264982	0.9318557449540719	361.08232690150095
RPC[+57.021465]FSALEVDETYVPK	2	sp|P02768|ALBU_HUMAN	0.032967035	1.0	0.914730553200434	233848.77507505467
VILPQTSDAYQVSVAK	3	sp|Q86SQ4|AGRG6_HUMAN	0.017564403	0.9586923939928679	0.8329061219162244	476.5959192960873
DTKTYMLAFDVNDEK	2	sp|P02763|A1AG1_HUMAN	0.011086474	1.0	0.9356260579986544	2759190.7372101275
IKVTTSQDMLSIMEK	2	sp|P05155|IC1_HUMAN	0.011086474	1.0	0.92145628814311	1406246.8322987375
WVFKEEDPIHLR	4	sp|O75015|FCG3B_HUMAN;sp|P08637|FCG3A_HUMAN	0.017564403	0.9586923939928679	0.9300246554891938	17258.61421494578
WFYIASAFR	2	sp|P02763|A1AG1_HUMAN;sp|P19652|A1AG2_HUMAN	0.011111111	0.9933552810135716	0.9368072185095511	45880.921514314934
VTTVASHTSDSDVPSGVTEVVVK	3	sp|P10909|CLUS_HUMAN	0.011111111	0.9866190731264982	0.895721427735911	95394.34620957082
AKPALEDLR	2	sp|P02647|APOA1_HUMAN	0.011086474	1.0	0.9689557247731502	709000.765595692
TTDTASVQNEAK	2	sp|Q9ULV4|COR1C_HUMAN	0.011086474	1.0	0.8212945855684594	901.2597878963611
LSSWVLLMK	2	sp|P01009|A1AT_HUMAN	0.011086474	1.0	0.9411550173426393	201608.8466227611
EQQC[+57.021465]VIMAENR	2	sp|P00747|PLMN_HUMAN;sp|Q02325|PLGB_HUMAN	0.011086474	1.0	0.9037901467771495	21044.275725478783
NKEDC[+57.021465]VEIYIK	2	sp|P14151|LYAM1_HUMAN	0.011111111	0.9866190731264982	0.9732009128942283	48863.54167496259
AEDTAVYYC[+57.021465]AK	2	sp|P01764|HV323_HUMAN;sp|P01768|HV330_HUMAN;sp|P0DP03|HVC05_HUMAN	0.011111111	1.0	0.9115917143372878	10749.242380413587
NALALFVLPK	2	sp|P05543|THBG_HUMAN	0.011111111	1.0	0.949618316603666	1402825.8565403437
ELISERWK	2	sp|P02790|HEMO_HUMAN	0.011111111	1.0	0.9883395948622128	101368.46414676668
ADLSGITGAR	2	sp|P01011|AACT_HUMAN	0.011111111	1.0	0.9426819790584141	498704.9255699772
DTKTYM[+15.994915]LAFDVNDEK	2	sp|P02763|A1AG1_HUMAN	0.015494636	0.9658285256870233	0.7611459490475085	7345.876168660322
KATVVYQGER	3	sp|P02749|APOH_HUMAN	0.011111111	1.0	0.8514386794722628	5089.954602859144
TEDTIFLREYQTR	2	sp|P02763|A1AG1_HUMAN;sp|P19652|A1AG2_HUMAN	0.011111111	1.0	0.9732337466591168	137961.76238990022
SDVVYTDWKK	3	sp|P02763|A1AG1_HUMAN	0.011111111	1.0	0.9428664189545503	548.7321903341342
VWFELTQGSITK	2	sp|Q9H8L6|MMRN2_HUMAN	0.011111111	0.9933552810135716	0.9710496658676862	90563.31966009241
EWFSETFQK	2	sp|P02654|APOC1_HUMAN	0.011111111	0.9933552810135716	0.9645698047540644	1373388.4645251199
KMTVTDQVNC[+57.021465]PK	2	sp|P05090|APOD_HUMAN	0.011111111	0.9933552810135716	0.9639502946865991	468.0421237257794
LFDSDPITVTVPVEVSR	2	sp|P10909|CLUS_HUMAN	0.011111111	1.0	0.8451259057200328	13943.648369016926
EHSSLAFWK	2	sp|P02749|APOH_HUMAN	0.011111111	1.0	0.9717011545819583	1715679.1984258825
NLMIDIQK	2	sp|Q9BY67|CADM1_HUMAN	0.011111111	1.0	0.9697974661875687	501195.50674620445
DSGSYFC[+57.021465]R	2	sp|O75015|FCG3B_HUMAN;sp|P08637|FCG3A_HUMAN	0.011111111	0.9866190731264982	0.8843621036857906	9336.425059763298
FQPTLLTLPR	3	sp|P05155|IC1_HUMAN	0.011111111	0.9933552810135716	0.752782529484727	9983.688221573102
FNQPFIIMIFDHFTWSSLFLAR	3	sp|P08185|CBG_HUMAN	0.015494636	0.9658285256870233	0.9510049306402372	125834.48107078369
YEGGREHVAHLLFLR	2	sp|P19652|A1AG2_HUMAN	0.012642225	0.9797881705057813	0.8903982341750137	16110.652193626704
ENFLFLTPDC[+57.021465]K	2	sp|P01042|KNG1_HUMAN	0.011111111	1.0	0.9860336221888518	533126.8279517853
VLAPWITETHFK	3	sp|P23467|PTPRB_HUMAN	0.021276595	0.9054124614333342	0.9815918193172264	2914.5113086244573
ALGISPFHEHAEVVFTANDSGPR	3	sp|P02766|TTHY_HUMAN	0.011111111	1.0	0.938937495075967	10610656.3601857
ITDVIPSEAINELTVLVLVNTIYFK	3	sp|P01008|ANT3_HUMAN	0.015494636	0.9658285256870233	0.8803093794515404	3856.8736243136236
ASSLESGVPSR	2	sp|P01602|KV105_HUMAN;sp|P0DOX7|IGK_HUMAN	0.011111111	1.0	0.908536558311403	10955.234521707605
GKEESLDSDLYAELR	2	sp|P02775|CXCL7_HUMAN	0.011111111	1.0	0.8771889103117423	552128.5004468807
LSITGTYDLK	2	sp|P01009|A1AT_HUMAN	0.011111111	1.0	0.9816597911257522	101650.26548501255
DSYVGDEAQSK	2	sp|P60709|ACTB_HUMAN;sp|P62736|ACTA_HUMAN;sp|P63261|ACTG_HUMAN;sp|P63267|ACTH_HUMAN;sp|P68032|ACTC_HUMAN;sp|P68133|ACTS_HUMAN	0.011111111	0.9933552810135716	0.9152243083467873	4059.548696353035
MYLGYEYVTAIR	2	sp|P02787|TRFE_HUMAN	0.011111111	1.0	0.992264146416976	532849.5757101547
DFTC[+57.021465]VHQALK	2	sp|P05155|IC1_HUMAN	0.011111111	1.0	0.9511034428289491	36293.44310568081
SFM[+15.994915]LLILER	2	sp|P05543|THBG_HUMAN	0.011111111	1.0	0.715101890320756	27053.336484597407
DLMEKVK	1	sp|P02652|APOA2_HUMAN	0.018691588	0.9514467542496609	0.7385948554706259	1577.8893289792734
YGFIEGHVVIPR	3	sp|P16070|CD44_HUMAN	0.011111111	0.9933552810135716	0.9470362620883995	1877893.374462808
DFVQPPTK	2	sp|P01042|KNG1_HUMAN	0.012642225	0.9797881705057813	0.9672459420158848	115417.5846247431
M[+15.994915]EEVEAM[+15.994915]LLPETLK	2	sp|P01011|AACT_HUMAN	0.011111111	1.0	0.9594655930609591	175808.91199664577
DKC[+57.021465]EPLEKQHEK	3	sp|P02763|A1AG1_HUMAN;sp|P19652|A1AG2_HUMAN	0.03080308	0.6569951299919323	0.7211963143913629	1663.6852488104719
HITSLEVIK	2	sp|P02776|PLF4_HUMAN;sp|P10720|PF4V_HUMAN	0.011111111	1.0	0.9697901011172295	1496056.0750620796
YLTLNTESTR	2	sp|P06276|CHLE_HUMAN	0.011111111	0.9933552810135716	0.9653306724234878	5673.309590420162
TAAQNLYEK	2	sp|P02655|APOC2_HUMAN	0.011111111	1.0	0.9752367126699236	1071195.7542447317
LWWLDLK	1	sp|P02790|HEMO_HUMAN	0.011111111	1.0	0.9643297181559615	903437.3006429168
DLGEENFK	2	sp|P02768|ALBU_HUMAN	0.011111111	0.9866190731264982	0.9919195047365534	7422.919009084965
ALGISPFHEHAEVVFTANDSGPRR	3	sp|P02766|TTHY_HUMAN	0.011111111	0.9866190731264982	0.8438297913230431	53177.85469222735
