peptide	charge	proteins	q_value	score	spectral_angle	20250429_OA3_Evo03_ViAl_SA_FAIMS40_IO46_A556_MOMI_GBGD_P77_F12_R02.mzML
MTVSTLVLGEGATEAEISMTSTR	3	sp|P02760|AMBP_HUMAN	0.009646302	0.9866190731264982	0.9405506678346612	70537.9440174142
LQQDVLQFQK	2	sp|Q8NBJ4|GOLM1_HUMAN	0.0054945056	1.0	0.9758161646393909	104070.5785544123
TEGDGVYTLNNEK	3	sp|P00738|HPT_HUMAN	0.012775842	0.9290085173289965	0.8051889754562368	1211.8161846534097
VPTVEPLDSLTLFLFR	3	sp|P13598|ICAM2_HUMAN	0.0054945056	1.0	0.9453392365520706	112284.58576111577
ILGGHLDAK	1	sp|P00738|HPT_HUMAN;sp|P00739|HPTR_HUMAN	0.0054945056	1.0	0.9289988090803307	43607.661667708264
SSNTYTLTDVR	2	sp|Q13740|CD166_HUMAN	0.009646302	0.9933552810135716	0.8067088779853999	9001.996798374474
LGFTDLFSK	2	sp|P29622|KAIN_HUMAN	0.010062893	0.9797881705057813	0.9454288964899953	6557.536063178955
MQILEGLGLNLQK	2	sp|P05154|IPSP_HUMAN	0.009646302	0.9933552810135716	0.9519392117187315	9202.510782953408
DTKTLMFGSYLDDEK	2	sp|P19652|A1AG2_HUMAN	0.010062893	0.9728591838590949	0.9557060278531049	263733.5131445659
SEAAAVQPVIGISQR	2	sp|Q96FE7|P3IP1_HUMAN	0.009646302	0.9866190731264982	0.9777338238956045	35892.583507601106
TSLTVVLLR	2	sp|P32942|ICAM3_HUMAN	0.010062893	0.9797881705057813	0.8801597988188207	12417.288784603224
ITLLSALVETR	2	sp|P01011|AACT_HUMAN	0.0054945056	1.0	0.9749867728848725	1072682.4427049602
DEGTAFLVYGAPGFSK	2	sp|P06276|CHLE_HUMAN	0.010062893	0.9797881705057813	0.93620939621555	138684.64017490073
FPVFMGR	2	sp|P05155|IC1_HUMAN	0.011002445	0.9586923939928679	0.9077149738246665	29043.111236727156
FDPVRGEVPPR	2	sp|P02790|HEMO_HUMAN	0.0054945056	1.0	0.957911967829655	2150219.868571558
VQLTGEPVPMAR	3	sp|P15151|PVR_HUMAN	0.012775842	0.9290085173289965	0.8369960308931591	3716.3466986744315
HGGLFHENMR	2	sp|Q02985|FHR3_HUMAN	0.010062893	0.9658285256870233	0.8856386774775822	977.824312167977
GFSSGSAVVSGGSR	2	sp|P35908|K22E_HUMAN	0.0054945056	1.0	0.8779261090024458	5425.668145678974
MADEAGSEADHEGTHSTK	2	sp|P02671|FIBA_HUMAN	0.0054945056	1.0	0.9205189699812862	8038.519954927552
QIQVFEDEPAR	2	sp|Q9NPH3|IL1AP_HUMAN	0.0054945056	1.0	0.9362702717062781	6982.134895090309
EETNEIQVVNEEPQR	2	sp|Q8NBJ4|GOLM1_HUMAN	0.010062893	0.9728591838590949	0.817532986965137	11287.942535353775
IGPDNLPYVQILK	3	sp|P11362|FGFR1_HUMAN	0.0054945056	1.0	0.8088606432831147	16042.300639224239
DLDSQTMM[+15.994915]VLVNYIFFK	3	sp|P01011|AACT_HUMAN	0.0054945056	1.0	0.8295657247029464	28201.186935260175
TFTC[+57.021465]TAAYPESK	2	sp|P01876|IGHA1_HUMAN	0.0054945056	1.0	0.9673553825340935	55641.07477333548
GEVLPLPEANFPSFPLPHHK	4	sp|P04196|HRG_HUMAN	0.009646302	0.9866190731264982	0.9664119994872318	196831.30386310525
EFGNTLEDK	2	sp|P02654|APOC1_HUMAN	0.0054945056	1.0	0.8347575161536414	84673.16875121005
SISTAYLQWSSLK	2	sp|A0A0C4DH38|HV551_HUMAN;sp|A0A0J9YXX1|HV5X1_HUMAN	0.0054945056	1.0	0.9509458252981762	200321.4864689296
LYLVQGTQVYVFLTK	3	sp|P02790|HEMO_HUMAN	0.0054945056	1.0	0.9774811742909397	5710182.192176275
C[+57.021465]PNPPVQENFDVNK	2	sp|P05090|APOD_HUMAN	0.010062893	0.9797881705057813	0.9695260658876608	230233.2372430844
GPLDQLEK	2	sp|P05546|HEP2_HUMAN	0.0054945056	1.0	0.7771903631705231	164739.88544748316
GEC[+57.021465]QAEGVLFFQGDR	3	sp|P02790|HEMO_HUMAN	0.0054945056	1.0	0.8423177883472386	297509.4364568547
VGLSDAFVVVHR	3	sp|Q6UX71|PXDC2_HUMAN	0.010062893	0.9728591838590949	0.7855031921550495	11431.53198637404
EQLQDMGLVDLFSPEK	3	sp|P01008|ANT3_HUMAN	0.009646302	0.9933552810135716	0.751248371453238	31621.38464601423
VGSALFLSHNLK	3	sp|P29622|KAIN_HUMAN	0.0054945056	1.0	0.9108096467693836	776714.9676247678
SSSQELGLK	2	sp|Q14515|SPRL1_HUMAN	0.0054945056	1.0	0.9030253727735167	62787.23697760448
AVM[+15.994915]DDFAAFVEK	2	sp|P02768|ALBU_HUMAN	0.010062893	0.9933552810135716	0.7707290435653655	18381.760062264548
GDLYFANVEEK	2	sp|O00533|NCHL1_HUMAN	0.012775842	0.9290085173289965	0.9476714547868504	15260.78904777595
ETSNFGFSLLR	2	sp|Q9UK55|ZPI_HUMAN	0.0054945056	1.0	0.8286417684562786	13023.429348545797
DTVFALVNYIFFK	3	sp|P01009|A1AT_HUMAN	0.009646302	0.9866190731264982	0.7524744197535976	3560.1090851207723
HSAQPWADFTLLGAR	3	sp|Q8IYS5|OSCAR_HUMAN	0.009646302	0.9866190731264982	0.9745823941718743	26721.772085825214
DALSSVQESQVAQQAR	3	sp|P02656|APOC3_HUMAN	0.0054945056	1.0	0.945164647199941	94630.40837703209
GTYSTTVTGR	2	sp|P08519|APOA_HUMAN	0.0054945056	1.0	0.963159097977349	108824.8282603672
TDTSHHDQDHPTFNK	3	sp|P01009|A1AT_HUMAN	0.010062893	0.9728591838590949	0.8523687085243036	3066.4563740601607
EIGELYLPK	2	sp|P01011|AACT_HUMAN	0.010062893	0.9797881705057813	0.9805013345032056	114286.06488304367
YPPTVSMVEGQGEK	2	sp|P27918|PROP_HUMAN	0.009646302	0.9866190731264982	0.9714012568596513	125426.1592644808
VEIDTKSYWK	3	sp|P02766|TTHY_HUMAN	0.012775842	0.9212790999005022	0.9377696259071057	54023.11949257542
IMQSSQSMSK	2	sp|O75882|ATRN_HUMAN	0.0054945056	1.0	0.9594792798897275	110633.48241902537
KVPQVSTPTLVEVSR	2	sp|P02768|ALBU_HUMAN	0.009646302	0.9866190731264982	0.9681833387388746	49547.16772060219
GGVGPFSDPVK	2	sp|Q12866|MERTK_HUMAN	0.010062893	0.9797881705057813	0.9087116132675924	6186.729705425171
SYSC[+57.021465]QVTHEGSTVEK	3	sp|B9A064|IGLL5_HUMAN;sp|P0CF74|IGLC6_HUMAN;sp|P0CG04|IGLC1_HUMAN;sp|P0DOX8|IGL1_HUMAN;sp|P0DOY2|IGLC2_HUMAN;sp|P0DOY3|IGLC3_HUMAN	0.010062893	0.9797881705057813	0.9354843079873519	56286.777437844845
NWGLSFYADKPETTK	4	sp|P19652|A1AG2_HUMAN	0.0054945056	1.0	0.7657789325960742	30031.013471808154
LRTEGDGVYTLNDKK	4	sp|P00738|HPT_HUMAN;sp|P00739|HPTR_HUMAN	0.010062893	0.9728591838590949	0.9166127309466118	5497.59026927164
GTHC[+57.021465]NQVEVIATLK	3	sp|P02775|CXCL7_HUMAN	0.0054945056	1.0	0.9285822174507878	174554.5063480617
VDGALC[+57.021465]M[+15.994915]EK	2	sp|P02790|HEMO_HUMAN	0.010062893	0.9797881705057813	0.9333359823700682	8964.4019142974
FSISATYDLGATLLK	3	sp|P05543|THBG_HUMAN	0.0054945056	1.0	0.7732526434728014	136879.54234043724
GFGGLTGQIVAALSTAK	3	sp|Q92954|PRG4_HUMAN	0.010062893	0.9797881705057813	0.9488643485090466	389968.8024728572
GGYTLVSGYPK	2	sp|P02790|HEMO_HUMAN	0.009646302	0.9866190731264982	0.9745223775521966	1510402.4337218576
LRTEGDGVYTLNNEK	4	sp|P00738|HPT_HUMAN	0.012121212	0.9514467542496609	0.8426449224210344	5019.136268563127
QLVEIEK	1	sp|P00738|HPT_HUMAN;sp|P00739|HPTR_HUMAN	0.0054945056	1.0	0.9481179403274834	207810.87538979622
TYLPAVDEK	2	sp|P02655|APOC2_HUMAN	0.010062893	0.9797881705057813	0.9765488326584377	88792.17987669636
ADGESC[+57.021465]SASMMYQEGK	2	sp|P01008|ANT3_HUMAN	0.010062893	0.9728591838590949	0.9002565918191107	28836.382762108962
DSGPYSC[+57.021465]SVNVQDK	2	sp|Q96AP7|ESAM_HUMAN	0.0054945056	1.0	0.869167938712944	14336.632784810183
VITEPIPVSDLR	2	sp|Q12913|PTPRJ_HUMAN	0.0054945056	1.0	0.9593705405478361	133827.58582036133
REPAVGEPAEVTTTVLVR	4	sp|P05362|ICAM1_HUMAN	0.009646302	0.9933552810135716	0.7545740586556012	5030.945307804089
GVTSVSQIFHSPDLAIR	3	sp|P05155|IC1_HUMAN	0.009646302	0.9933552810135716	0.9420948346411592	25151.929155726517
EMEDTLNHLK	3	sp|P17936|IBP3_HUMAN	0.009646302	0.9933552810135716	0.9652761373172637	36457.87612043718
AVLTIDEK	1	sp|P01009|A1AT_HUMAN	0.0054945056	1.0	0.9634026755911718	181693.25548408902
NPDAVAAPYC[+57.021465]YTR	2	sp|P08519|APOA_HUMAN	0.009646302	0.9866190731264982	0.883328800878552	27892.24830728808
GFMQTYYDDHLR	2	sp|P55056|APOC4_HUMAN	0.009646302	1.0	0.8228601596437177	49108.23217929164
VLDELTLTK	2	sp|P13645|K1C10_HUMAN	0.010062893	0.9797881705057813	0.9757322769621227	28283.456305859305
GQYC[+57.021465]YELDEK	2	sp|P04004|VTNC_HUMAN	0.0054945056	1.0	0.9971762120914	11714.13654662143
ALSIGFETC[+57.021465]R	2	sp|P16070|CD44_HUMAN	0.009646302	0.9933552810135716	0.940694682709782	36165.36407247976
EMEVLHLR	2	sp|P11362|FGFR1_HUMAN	0.010062893	0.9797881705057813	0.9015203226484666	12383.619436831457
VDLVLEK	2	sp|P17900|SAP3_HUMAN	0.011002445	0.9586923939928679	0.9116256799364845	25490.873069456095
VPLQQNFQDNQFQGK	2	sp|P80188|NGAL_HUMAN	0.010062893	0.9728591838590949	0.9612994655901714	92911.63674945138
YFHHNSDFHIPK	4	sp|O75015|FCG3B_HUMAN	0.010062893	0.9658285256870233	0.9688364960810358	153852.95219963632
YFHHNSDFYIPK	4	sp|P08637|FCG3A_HUMAN	0.009646302	1.0	0.8893759484009893	52995.98828601636
SKEQLTPLIK	2	sp|P02652|APOA2_HUMAN	0.009646302	0.9866190731264982	0.9345016462444129	47641.642551661265
MSSINADFAFNLYR	2	sp|P05543|THBG_HUMAN	0.024054984	0.9797881705057813	0.9247828167476653	174383.23046127995
NLAVSQVVHK	2	sp|P01011|AACT_HUMAN	0.009646302	0.9866190731264982	0.9674804285949211	254790.915625666
IMGITLVSKK	2	sp|Q9Y5Y7|LYVE1_HUMAN	0.009646302	0.9866190731264982	0.8681462552310882	3912.6367400984313
RDPPQYPVVPVHLDR	3	sp|P10153|RNAS2_HUMAN	0.015028901	0.8718655118414741	0.9854075095118513	4735.205853082578
GILTVDELLAIR	3	sp|P13473|LAMP2_HUMAN	0.0054945056	1.0	0.9776922170153697	5203.374806439344
QQLQALSEPQPR	2	sp|Q8NBJ4|GOLM1_HUMAN	0.0054945056	1.0	0.7734840894183387	9946.562656635697
NDNDNIFLSPLSISTAFAMTK	3	sp|P01008|ANT3_HUMAN	0.012775842	0.9134157281067091	0.9337461997717943	111819.3747152542
TEGDGVYTLNDK	2	sp|P00738|HPT_HUMAN;sp|P00739|HPTR_HUMAN	0.0054945056	1.0	0.8954696291641031	21420.23320246782
EQLGEFYEALDC[+57.021465]LR	3	sp|P02763|A1AG1_HUMAN	0.0054945056	1.0	0.7765371607849341	231590.40629731995
WLQGSQELPR	2	sp|P01876|IGHA1_HUMAN;sp|P01877|IGHA2_HUMAN;sp|P0DOX2|IGA2_HUMAN	0.0054945056	1.0	0.9473684580738229	768067.8806419692
VYSTSVTGSR	2	sp|Q9H299|SH3L3_HUMAN	0.010062893	0.9797881705057813	0.9410975759934438	10265.039462801717
SISC[+57.021465]QEIPGQQSR	2	sp|P27918|PROP_HUMAN	0.009646302	0.9866190731264982	0.9260528432088043	180376.4169397633
TSDQIHFFFAK	3	sp|P01008|ANT3_HUMAN	0.0054945056	1.0	0.9455236090469928	148013.52534404208
EPQVYTLPPSR	2	sp|P01857|IGHG1_HUMAN;sp|P01859|IGHG2_HUMAN;sp|P01860|IGHG3_HUMAN;sp|P0DOX5|IGG1_HUMAN	0.009646302	0.9933552810135716	0.930990805030326	9727.254222037172
SAVQGPPER	2	sp|P01876|IGHA1_HUMAN;sp|P01877|IGHA2_HUMAN	0.0054945056	1.0	0.9507141298075107	45123.57997205441
NSVIKVPMMNSK	2	sp|P05155|IC1_HUMAN	0.0054945056	1.0	0.9439523405964402	120102.21574277384
AIMEKLEMSK	2	sp|P05155|IC1_HUMAN	0.0054945056	1.0	0.9632323881297762	19584.08923527315
ASVSVTAEDEGTQR	2	sp|P05362|ICAM1_HUMAN	0.009646302	0.9933552810135716	0.8768495018498258	8624.69916110948
YFHHNSDFHIPK	3	sp|O75015|FCG3B_HUMAN	0.010062893	0.9658285256870233	0.8267548469638253	6893.000696243414
ESGTDDFNVWIGLHDPK	3	sp|P05451|REG1A_HUMAN	0.0054945056	1.0	0.9151359287993316	371.46436429315423
RYTIAALLSPYSYSTTAVVTNPK	3	sp|P02766|TTHY_HUMAN	0.0054945056	1.0	0.9419555606699642	1922700.3905576293
KGEVLPLPEANFPSFPLPHHK	5	sp|P04196|HRG_HUMAN	0.0054945056	1.0	0.7539554345182093	75519.2755333704
LPGIVAEGRDDLYVSDAFHK	3	sp|P01008|ANT3_HUMAN	0.0054945056	1.0	0.9469009352920259	363184.66709213424
VLNQELR	2	sp|P05090|APOD_HUMAN	0.010062893	0.9728591838590949	0.9694068077676827	565912.5801707888
LYIEYGIQR	2	sp|Q9NPH3|IL1AP_HUMAN	0.009646302	0.9933552810135716	0.9464217350647414	1937.482278291864
HTFM[+15.994915]GVVSLGSPSGEVSHPR	4	sp|P02765|FETUA_HUMAN	0.0054945056	1.0	0.8788454053730608	31753.27977260004
TLLEGEESR	2	sp|P04264|K2C1_HUMAN	0.010062893	0.9797881705057813	0.9561405459329709	10412.32135869501
VQPYLDDFQK	2	sp|P02647|APOA1_HUMAN	0.0054945056	1.0	0.9596372339077464	421233.15661138576
SSAEAQTPEDTPNK	2	sp|O43493|TGON2_HUMAN	0.009646302	0.9866190731264982	0.9061446859021077	11749.402816047595
C[+57.021465]SPHLVLSALTSDNHGATYAFSGTHYWR	5	sp|P02790|HEMO_HUMAN	0.009646302	0.9933552810135716	0.9258292577409274	824256.5051597238
TFTDKWEDYPK	2	sp|P10721|KIT_HUMAN	0.009646302	0.9933552810135716	0.740943109477824	24143.889326173274
LGMFNIQHC[+57.021465]K	3	sp|P01009|A1AT_HUMAN	0.0054945056	1.0	0.9268405554615197	48047.27788799162
SGAQATWTELPWPHEK	2	sp|P02790|HEMO_HUMAN	0.010062893	0.9728591838590949	0.9464705828922145	40800.498356089054
DNPMYYC[+57.021465]NK	2	sp|O75882|ATRN_HUMAN	0.0054945056	1.0	0.8281159082115945	4000.2520269662978
SGTSASLAISGLR	2	sp|P01700|LV147_HUMAN	0.012775842	0.9366095275687156	0.9601057846701297	3970.547842742001
WEMPFDPQDTHQSR	2	sp|P01011|AACT_HUMAN	0.0054945056	1.0	0.9643634809741293	390640.4768197549
DSTYSLSSTLTLSK	2	sp|P01834|IGKC_HUMAN;sp|P0DOX7|IGK_HUMAN	0.009646302	0.9866190731264982	0.9553290518134043	59529.1908040023
IC[+57.021465]LDLQAPLYK	2	sp|P02776|PLF4_HUMAN	0.0054945056	1.0	0.9607703419245472	30189.8889494905
HTFMGVVSLGSPSGEVSHPR	4	sp|P02765|FETUA_HUMAN	0.0054945056	1.0	0.9326449882758387	297481.6952001362
LAIPQQSDFHNNR	2	sp|P07333|CSF1R_HUMAN	0.0054945056	1.0	0.9764834398941316	70728.88705751339
LTLTPWVGLR	2	sp|O75882|ATRN_HUMAN	0.009646302	0.9933552810135716	0.9252777229425244	3616.8549898290194
HTLNQIDEVK	2	sp|P02765|FETUA_HUMAN	0.0054945056	1.0	0.9525091428954303	627201.5801298856
ESTLHLVLR	2	sp|P0CG47|UBB_HUMAN;sp|P0CG48|UBC_HUMAN;sp|P62979|RS27A_HUMAN;sp|P62987|RL40_HUMAN	0.010062893	0.9797881705057813	0.8847828355364937	297554.90766108653
QGHNSVFLIK	2	sp|P02790|HEMO_HUMAN	0.010062893	0.9658285256870233	0.8966084623901095	4639.755132378798
SC[+57.021465]ALDQNC[+57.021465]QWEPR	2	sp|O75882|ATRN_HUMAN	0.012121212	0.9797881705057813	0.9211946975532641	20308.15205718509
QVILTLQPTLVAVGK	2	sp|P13598|ICAM2_HUMAN	0.012775842	0.9866190731264982	0.948351873444859	617311.7168430632
LVYHLGLPFSFLTFPYVEEAIK	4	sp|P49908|SEPP1_HUMAN	0.010062893	0.9797881705057813	0.9785341747993617	1523.7692403265871
NVQDAIADAEQR	2	sp|P35908|K22E_HUMAN	0.0054945056	1.0	0.9173658487438078	1579.0282760838566
FTVNNLAEPQK	3	sp|P12259|FA5_HUMAN	0.009646302	0.9933552810135716	0.863189320915704	1793.1215029251764
VTTVASHTSDSDVPSGVTEVVVK	4	sp|P10909|CLUS_HUMAN	0.0054945056	1.0	0.8434119987361804	49702.94119992602
FRIEDGFSLK	3	sp|P01008|ANT3_HUMAN	0.010062893	0.9658285256870233	0.8795942550672284	15129.249065713058
EQVTNVGGAVVTGVTAVAQK	3	sp|P37840|SYUA_HUMAN	0.009646302	0.9933552810135716	0.9150228260258978	132671.2349802172
GDDITMVLILPKPEK	2	sp|P01008|ANT3_HUMAN	0.009646302	0.9866190731264982	0.9415026590988953	30649.811294338833
LDSSEFLK	2	sp|Q12841|FSTL1_HUMAN	0.0054945056	1.0	0.9292561221352877	150299.0689439011
DNYTDLVAIQNK	2	sp|P14151|LYAM1_HUMAN	0.0054945056	1.0	0.8433305404177543	16630.62634508425
AGVETTTPSK	2	sp|P0DOY2|IGLC2_HUMAN;sp|P0DOY3|IGLC3_HUMAN	0.0054945056	1.0	0.92448585412448	59843.41781961825
LLIYWASTR	2	sp|P06312|KV401_HUMAN	0.0054945056	1.0	0.8846158408274801	259460.14528544227
HYYESEVLAMNFQDWATASR	3	sp|P08185|CBG_HUMAN	0.0054945056	1.0	0.9285244294724332	3820856.1423524874
FNKPFVFLMIEQNTK	3	sp|P01009|A1AT_HUMAN	0.009646302	0.9933552810135716	0.8487030483392756	25348.264111186512
IILEDENDAMADADR	2	sp|Q9BUN1|MENT_HUMAN	0.0054945056	1.0	0.885716356901667	138562.69782199754
ADLSGITGAR	1	sp|P01011|AACT_HUMAN	0.010062893	0.9728591838590949	0.9174704945367635	14897.712426249176
SGVQQLIQYYQDQK	2	sp|Q13790|APOF_HUMAN	0.012121212	0.9514467542496609	0.9310165482227469	13624.817467070936
WVQDYIK	1	sp|Q16627|CCL14_HUMAN	0.0054945056	1.0	0.8480874440583828	20495.596313205464
MFLSFPTTK	2	sp|P69905|HBA_HUMAN	0.009646302	0.9866190731264982	0.9833176462343182	7527.446374331468
GLPNVVTSAISLPNIR	2	sp|Q92954|PRG4_HUMAN	0.009646302	0.9866190731264982	0.9249912666960294	123840.20759448534
TLTLLSVTR	2	sp|P06731|CEAM5_HUMAN;sp|P13688|CEAM1_HUMAN;sp|P31997|CEAM8_HUMAN	0.010062893	0.9797881705057813	0.929577695496921	7529.424565182449
LQHLENELTHDIITK	4	sp|P01009|A1AT_HUMAN	0.0054945056	1.0	0.9353739512745771	11360150.36737696
QVVAGLNFR	2	sp|P01042|KNG1_HUMAN	0.010062893	0.9797881705057813	0.9246841608481549	36362.60247023552
VGYVSGWGR	2	sp|P00738|HPT_HUMAN	0.010062893	0.9797881705057813	0.9932025539695832	90047.51402743318
YENEVALR	2	sp|P13645|K1C10_HUMAN	0.0054945056	1.0	0.8936477373763773	14322.27979036523
DASGVTFTWTPSSGK	2	sp|P01876|IGHA1_HUMAN	0.0054945056	1.0	0.9469938201028856	867730.4304625216
QDQC[+57.021465]IYNTTYLNVQR	3	sp|P02763|A1AG1_HUMAN	0.010062893	0.9658285256870233	0.7581181765437638	14546.062982244106
TMLLQPAGSLGSYSYR	2	sp|P41222|PTGDS_HUMAN	0.010062893	0.9728591838590949	0.9448565143731017	450111.2873231088
GGNIFHK	2	sp|P13598|ICAM2_HUMAN	0.010062893	0.9658285256870233	0.949528641918681	3510.3733828109334
AVSISPTNVILTWK	2	sp|Q12913|PTPRJ_HUMAN	0.0054945056	1.0	0.9565196566492685	2141879.676626452
YVGGQEHFAHLLILR	3	sp|P02763|A1AG1_HUMAN	0.0054945056	1.0	0.9591439966092816	12226422.506819742
SDVM[+15.994915]YTDWK	2	sp|P19652|A1AG2_HUMAN	0.025142858	0.7138053936648634	0.8776575591868244	1484.609544127511
FSGSGSGTDFTLTISR	2	sp|A0A0C4DH25|KVD20_HUMAN;sp|P01619|KV320_HUMAN	0.009646302	0.9866190731264982	0.9607277470229648	11416.57583448412
SDVMYTDWK	2	sp|P19652|A1AG2_HUMAN	0.009646302	0.9866190731264982	0.9811032496204072	120621.52072968501
YIC[+57.021465]ENQDSISSK	2	sp|P02768|ALBU_HUMAN	0.0054945056	1.0	0.9168805618633759	57630.51955931411
AQYEEIAQR	2	sp|P02538|K2C6A_HUMAN;sp|P04259|K2C6B_HUMAN;sp|P19013|K2C4_HUMAN;sp|P35908|K22E_HUMAN;sp|P48668|K2C6C_HUMAN;sp|Q01546|K22O_HUMAN	0.009646302	0.9866190731264982	0.8825217580501556	2937.516145025262
SEAYNTFSER	2	sp|P12259|FA5_HUMAN	0.0054945056	1.0	0.907728814262113	14815.10446553432
GGSTSYGTGSETESPR	2	sp|P02671|FIBA_HUMAN	0.0054945056	1.0	0.9366745078359429	238900.80229142398
SYPGLTSYLVR	2	sp|P80188|NGAL_HUMAN	0.0054945056	1.0	0.9515968095751846	84071.27279940565
EHVAHLLFLRDTK	2	sp|P19652|A1AG2_HUMAN	0.009646302	0.9866190731264982	0.9564247128152332	81047.34337384612
RLGMFNIQHC[+57.021465]K	3	sp|P01009|A1AT_HUMAN	0.0054945056	1.0	0.9448402008042531	2831981.175845517
EENFYVDETTVVK	2	sp|P08185|CBG_HUMAN	0.0054945056	1.0	0.9430404991218584	225959.02708681475
SAGSVESPSVSSTHR	2	sp|P17936|IBP3_HUMAN	0.0054945056	1.0	0.9743513611687914	49892.24643777998
IHWESASLLR	2	sp|P01024|CO3_HUMAN	0.0054945056	1.0	0.8790160995020788	22717.89792834279
EVGTPHGIILDSVDAAFIC[+57.021465]PGSSR	3	sp|P02790|HEMO_HUMAN	0.010062893	0.9797881705057813	0.9144628736505584	1633167.1211497718
VC[+57.021465]PFAGILENGAVR	2	sp|P02749|APOH_HUMAN	0.009646302	0.9866190731264982	0.9563492889380713	1773971.9267075858
AFIQLWAFDAVK	3	sp|P02760|AMBP_HUMAN	0.012775842	0.9212790999005022	0.8731433480584857	12608.218071939229
TLLSNLEEAK	2	sp|P10909|CLUS_HUMAN	0.009646302	0.9866190731264982	0.9574074283586684	213261.53002020597
VDGALC[+57.021465]MEK	2	sp|P02790|HEMO_HUMAN	0.0054945056	1.0	0.9628738838412494	1007719.6912359607
ESSSHHPGIAEFPSR	3	sp|P02671|FIBA_HUMAN	0.009646302	0.9866190731264982	0.8661711752414579	3186.6200298281306
FIC[+57.021465]PLTGLWPINTLK	2	sp|P02749|APOH_HUMAN	0.0054945056	1.0	0.931278542197656	5968914.038082678
VIEHIMEDLDTNADK	2	sp|P06702|S10A9_HUMAN	0.0054945056	1.0	0.8885354059808037	302553.90931133897
DLSPDDPQVQK	2	sp|Q15828|CYTM_HUMAN	0.0054945056	1.0	0.9613839579248316	34271.48248001657
SVLGQLGITK	2	sp|P01009|A1AT_HUMAN	0.010062893	0.9797881705057813	0.9650972042771054	1151324.5366560628
TM[+15.994915]LLQPAGSLGSYSYR	3	sp|P41222|PTGDS_HUMAN	0.0054945056	1.0	0.8828270386000725	257201.72710247498
HPDEAAFFDTASTGK	3	sp|P02671|FIBA_HUMAN	0.0054945056	1.0	0.9321728190209527	236059.6474457015
FLENEDRR	2	sp|P01009|A1AT_HUMAN	0.010062893	0.9797881705057813	0.9693231776665752	282009.1674222918
MYATIYELK	2	sp|P80188|NGAL_HUMAN	0.0054945056	1.0	0.9252532532759362	72198.33970569796
FIQSQDYQC[+57.021465]SALMGGR	2	sp|P07333|CSF1R_HUMAN	0.0054945056	1.0	0.934926321423736	239249.6195965832
EHVAHLLFLR	3	sp|P19652|A1AG2_HUMAN	0.010062893	0.9658285256870233	0.980816823614031	1249433.1578796464
KLINDYVK	2	sp|P01011|AACT_HUMAN	0.0054945056	1.0	0.9586374926138477	242432.33033099308
YEGGREHVAHLLFLR	4	sp|P19652|A1AG2_HUMAN	0.0054945056	1.0	0.9463419510142899	9199327.850204177
TEDTIFLR	2	sp|P02763|A1AG1_HUMAN;sp|P19652|A1AG2_HUMAN	0.0054945056	1.0	0.9308462720601561	200876.4829722222
DFLQSLK	2	sp|P08697|A2AP_HUMAN	0.011002445	0.9586923939928679	0.9044075103328502	13239.655272791882
LC[+57.021465]TPLLPK	2	sp|P27918|PROP_HUMAN	0.0054945056	1.0	0.9525098931057496	236833.74834091432
YTDLVAIQNK	2	sp|P16109|LYAM3_HUMAN	0.0054945056	1.0	0.8680707015009229	40115.755204145855
AFSVNIFK	2	sp|P11279|LAMP1_HUMAN	0.0054945056	1.0	0.9222876703979543	337890.7237696238
TVAAC[+57.021465]NLPIVR	2	sp|P02760|AMBP_HUMAN	0.0054945056	1.0	0.9673133125641246	122409.84004712178
IPLNDLFR	2	sp|P13473|LAMP2_HUMAN	0.0054945056	1.0	0.8297206975458402	47329.62932871356
SKLPGIVAEGRDDLYVSDAFHK	3	sp|P01008|ANT3_HUMAN	0.0054945056	1.0	0.9470912720861121	271246.3396486227
DSPVLIDFFEDTER	2	sp|P04196|HRG_HUMAN	0.012775842	0.897262926642552	0.8986273664423731	69095.20800041732
TSESGELHGLTTEEEFVEGIYK	4	sp|P02766|TTHY_HUMAN	0.009646302	0.9866190731264982	0.961946233956347	3814.9261987616583
ALTDMPQMR	2	sp|P02671|FIBA_HUMAN	0.010062893	0.9797881705057813	0.937522080577218	103455.57423069277
QINDYVEK	2	sp|P01009|A1AT_HUMAN	0.010062893	0.9797881705057813	0.9161697143825913	3882.4483582178523
ESSSHHPGIAEFPSR	4	sp|P02671|FIBA_HUMAN	0.009646302	0.9866190731264982	0.9175631135494221	26183.771351705404
ELDRDTVFALVNYIFFK	3	sp|P01009|A1AT_HUMAN	0.0054945056	1.0	0.9021534470244053	58383.550854735025
GFQQLLQELNQPR	3	sp|P05154|IPSP_HUMAN	0.0054945056	1.0	0.9028884258957058	61199.9844531773
WYNLAIGSTC[+57.021465]PWLK	3	sp|P02760|AMBP_HUMAN	0.010062893	0.9797881705057813	0.8626067606333951	32913.5980395428
RLWWLDLK	2	sp|P02790|HEMO_HUMAN	0.0054945056	1.0	0.9378123847369129	154248.22169284697
HSWTIPEDGNSQK	2	sp|Q13201|MMRN1_HUMAN	0.009646302	0.9866190731264982	0.9741762543433952	22035.375572075187
NPNLPPETVDSLK	2	sp|P05090|APOD_HUMAN	0.0054945056	1.0	0.9699519379664842	533635.2230579709
ALGISPFHEHAEVVFTANDSGPR	4	sp|P02766|TTHY_HUMAN	0.010062893	0.9728591838590949	0.935380451699192	5698242.751645887
WLQDNAENVYVWK	2	sp|P07359|GP1BA_HUMAN	0.010062893	0.9797881705057813	0.9531611929836461	116695.49052072376
ELLQWLER	2	sp|P51460|INSL3_HUMAN	0.012775842	0.9440873193926883	0.8460423169368715	4140.621438560994
YKEENDDFASFR	2	sp|P04196|HRG_HUMAN	0.011002445	0.9866190731264982	0.9233400847788166	36294.09376713054
DSVGQLQLYR	2	sp|Q99941|ATF6B_HUMAN	0.0054945056	1.0	0.9035580994554642	25478.64062098986
SVNNVVVR	1	sp|O75882|ATRN_HUMAN	0.0054945056	1.0	0.7493129208286968	10093.181404560308
VAEGTQVLELPFK	2	sp|P01008|ANT3_HUMAN	0.009646302	0.9933552810135716	0.952898223046262	45492.22847520599
GIYSFSFHVIK	3	sp|Q9NTU7|CBLN4_HUMAN	0.010062893	0.9728591838590949	0.955530350366631	8078.941969796328
GTWTQPFDLASTR	2	sp|P08185|CBG_HUMAN	0.009646302	0.9933552810135716	0.9509573424439688	1005120.4756835835
LNDLEDALQQAK	2	sp|P04264|K2C1_HUMAN	0.0054945056	1.0	0.8865053339362094	4595.186315211135
TITTTEIMNKPEETAKPK	4	sp|Q92954|PRG4_HUMAN	0.009646302	0.9933552810135716	0.8197269024115285	7346.995385516184
ALGISPFHEHAEVVFTANDSGPRR	4	sp|P02766|TTHY_HUMAN	0.0054945056	1.0	0.7067206363634704	45472.922961182696
LLIYGASSR	2	sp|P01619|KV320_HUMAN	0.010062893	0.9797881705057813	0.9238326649771599	6347.518122075089
EEDPIHLR	2	sp|O75015|FCG3B_HUMAN;sp|P08637|FCG3A_HUMAN	0.010062893	0.9797881705057813	0.9716126347723478	25052.433449063516
SPELQAEAK	1	sp|P02652|APOA2_HUMAN	0.0054945056	1.0	0.9620483173052158	286741.88720001566
EALQGVGDMGR	2	sp|P35542|SAA4_HUMAN	0.0054945056	1.0	0.9649366851698032	24169.200781578456
LVLLNAIYLSAK	2	sp|P05155|IC1_HUMAN	0.0054945056	1.0	0.9718682151895105	445389.41701293417
EQYAVVGHSAHIVTLK	3	sp|O75882|ATRN_HUMAN	0.010062893	0.9728591838590949	0.7720191905906961	2712.2449311394166
QSLEASLAETEGR	2	sp|P13645|K1C10_HUMAN	0.0054945056	1.0	0.9124482069731042	32040.252212657106
MNTVIAALSR	2	sp|P08185|CBG_HUMAN	0.012775842	0.9440873193926883	0.7055491420916068	3795.2923467719565
SDGDPVQPAVLQVHQTS	2	sp|O95810|CAVN2_HUMAN	0.010062893	0.9728591838590949	0.8731644347858144	36523.920184261406
TFVLPVTPPR	2	sp|P32942|ICAM3_HUMAN	0.0054945056	1.0	0.9035866583582713	101792.49965983325
VTTPDTSTTQHNK	3	sp|Q92954|PRG4_HUMAN	0.010062893	0.9728591838590949	0.8851784895841369	5343.477357574745
NWGLSVYADKPETTK	2	sp|P02763|A1AG1_HUMAN	0.010062893	0.9797881705057813	0.9561482998271094	205933.0870005309
GSSSSPLGISVR	2	sp|Q9NTU7|CBLN4_HUMAN	0.009646302	0.9866190731264982	0.9395710421835887	83651.49832315078
VWPQQPSGELFEIEIDTLETTC[+57.021465]HVLDPTPVAR	4	sp|P02765|FETUA_HUMAN	0.010062893	0.9728591838590949	0.946371228292692	44546.47865734354
SQYEQLAEQNRK	3	sp|P13645|K1C10_HUMAN	0.0054945056	1.0	0.8211056212274691	101917.01012174822
GSPAINVAVHVFRK	3	sp|P02766|TTHY_HUMAN	0.0054945056	1.0	0.9232753325980046	410552.51628464996
LYHSEAFTVNFGDTEEAKK	4	sp|P01009|A1AT_HUMAN	0.009646302	0.9933552810135716	0.9482750528536423	124983.77915629186
NVQALEIELQSQLALK	3	sp|P13645|K1C10_HUMAN	0.0054945056	1.0	0.7205704236145257	48886.541121124574
TITTTEIMNKPEETAKPK	3	sp|Q92954|PRG4_HUMAN	0.009646302	0.9933552810135716	0.9601484766542797	27745.255045580187
DYFMPC[+57.021465]PGR	3	sp|P02790|HEMO_HUMAN	0.012775842	0.9366095275687156	0.8930585815237535	20094.43628877529
GSPAINVAVHVFR	3	sp|P02766|TTHY_HUMAN	0.0054945056	1.0	0.9602570403204531	2158209.747385668
ANRPFLVFIR	2	sp|P01008|ANT3_HUMAN	0.0054945056	1.0	0.8877665465259962	65582.62532927879
SSGQWQTPGATR	2	sp|P06681|CO2_HUMAN	0.0054945056	1.0	0.910929645926277	8989.668455820956
EAEPLVDIR	2	sp|Q9H8L6|MMRN2_HUMAN	0.0054945056	1.0	0.9339666566714984	101628.54262402463
EVPLNTIIFMGR	2	sp|P01008|ANT3_HUMAN	0.0054945056	1.0	0.9934748305809755	1532402.4830234672
VVEQMC[+57.021465]ITQYER	2	sp|P04156|PRIO_HUMAN	0.0054945056	1.0	0.9069863199278916	44871.605933994186
WSAGLTSSQVDLYIPK	2	sp|P08185|CBG_HUMAN	0.010062893	0.9728591838590949	0.9369659252517405	2001315.3524519831
SC[+57.021465]AVAEYGVYVK	2	sp|P00738|HPT_HUMAN;sp|P00739|HPTR_HUMAN	0.01618497	1.0	0.9625549551582386	250058.07515749792
FKLDDDLEHQGGHVLDHGHK	5	sp|P01042|KNG1_HUMAN	0.0054945056	1.0	0.93309663194322	934395.5163343485
IDPSHTQGYR	3	sp|P40189|IL6RB_HUMAN	0.0054945056	1.0	0.9070126135265721	73620.60646942614
GEVLPLPEANFPSFPLPHHK	3	sp|P04196|HRG_HUMAN	0.009646302	0.9866190731264982	0.9620926258371036	101224.04309070577
VVSTNYNQHAMVFFK	2	sp|P80188|NGAL_HUMAN	0.010062893	0.9728591838590949	0.9588727711577314	61393.3480093437
SDVVYTDWKKDK	3	sp|P02763|A1AG1_HUMAN	0.0054945056	1.0	0.9352765684985439	128812.59326871777
GSFPWQAK	2	sp|P00738|HPT_HUMAN;sp|P00739|HPTR_HUMAN	0.0054945056	1.0	0.9898299147954489	2438042.5055603236
WYVVGLAGNAILR	2	sp|P80188|NGAL_HUMAN	0.009646302	0.9933552810135716	0.8784151001428756	54934.22735094132
ETLLQDFR	2	sp|P02760|AMBP_HUMAN	0.0054945056	1.0	0.972916714986649	1455197.695291283
AVMDDFAAFVEK	2	sp|P02768|ALBU_HUMAN	0.0054945056	1.0	0.9965352718742485	6853961.061037187
VFEVHVRPK	2	sp|P13598|ICAM2_HUMAN	0.009646302	0.9866190731264982	0.8106239949857377	5331.105030658936
ALMSPAGMLR	2	sp|O75144|ICOSL_HUMAN	0.0054945056	1.0	0.9684026313042372	834350.1369120993
YVGGQEHFAHLLILRDTK	3	sp|P02763|A1AG1_HUMAN	0.0054945056	1.0	0.9438797251423023	673981.439141786
QISNLQQSISDAEQR	3	sp|P04264|K2C1_HUMAN	0.0054945056	1.0	0.9422662597574203	66915.17577786851
EESLDSDLYAELR	3	sp|P02775|CXCL7_HUMAN	0.029545454	0.606735609642813	0.7633399230673472	7904.125866193531
QQTHMLDVMQDHFSR	4	sp|P10909|CLUS_HUMAN	0.0054945056	1.0	0.9276666854611608	160782.97989394565
NIDVFNVEDQK	2	sp|Q8NBJ4|GOLM1_HUMAN	0.0054945056	1.0	0.8182193905751038	3010.1205052380496
VVAGVANALAHK	2	sp|P02042|HBD_HUMAN;sp|P68871|HBB_HUMAN	0.010062893	0.9658285256870233	0.9418525029803796	18404.707928533506
QEPSQGTTTFAVTSILR	2	sp|P01876|IGHA1_HUMAN	0.010062893	0.9728591838590949	0.9374825260100608	263801.9374505879
ITQVTWQK	2	sp|Q15223|NECT1_HUMAN	0.010062893	0.9797881705057813	0.9601913994065113	2797.4767019425626
DQYYNIDVPSR	2	sp|Q92954|PRG4_HUMAN	0.0054945056	1.0	0.9577961637617297	584958.4982570644
RDGYLFQLLR	3	sp|P04196|HRG_HUMAN	0.010062893	0.9728591838590949	0.7295060850848717	4675.616742933131
ALTFELTLR	2	sp|P07333|CSF1R_HUMAN	0.010062893	0.9797881705057813	0.9816881690009429	56277.31087659016
VGSPFELVVSGNK	2	sp|Q6YHK3|CD109_HUMAN	0.0054945056	1.0	0.88195152107097	733.9847725645683
VKSPELQAEAK	2	sp|P02652|APOA2_HUMAN	0.0054945056	1.0	0.9255771626398092	124140.33058149711
EYC[+57.021465]GVPGDGDEELLR	2	sp|P02760|AMBP_HUMAN	0.010062893	0.9797881705057813	0.9322712805491415	152514.20039819574
VADALTNAVAHVDDMPNALSALSDLHAHK	4	sp|P69905|HBA_HUMAN	0.0054945056	1.0	0.9362064707561613	215566.4938369735
VFSNGADLSGVTEEAPLK	2	sp|P01009|A1AT_HUMAN	0.011002445	0.9586923939928679	0.9101356762150483	408705.4053505837
EQLTPLIK	2	sp|P02652|APOA2_HUMAN	0.0054945056	1.0	0.9827812498153897	344650.69552924775
ADLFYDVEALDLESPK	2	sp|P04196|HRG_HUMAN	0.012775842	0.9366095275687156	0.9252740762742183	60251.174042370025
LRTEGDGVYTLNNEK	3	sp|P00738|HPT_HUMAN	0.012121212	0.9514467542496609	0.7518014830123504	7569.967902077389
QQTHMLDVMQDHFSR	3	sp|P10909|CLUS_HUMAN	0.0054945056	1.0	0.937014219363962	46409.57615138251
TYMLAFDVNDEK	2	sp|P02763|A1AG1_HUMAN	0.013937282	1.0	0.9683820588609215	104784.86104290505
SLTEEAENWGDGEPNNK	2	sp|P14151|LYAM1_HUMAN	0.010062893	0.9658285256870233	0.8265674253818416	161701.31734244816
EQLGEFYEALDC[+57.021465]LC[+57.021465]IPR	3	sp|P19652|A1AG2_HUMAN	0.0054945056	1.0	0.9350296287345982	7084830.734754859
DMPASEDLQDLQK	2	sp|P49908|SEPP1_HUMAN	0.009646302	0.9933552810135716	0.9639746441567902	21024.658631502156
LAADDFR	2	sp|O76013|KRT36_HUMAN;sp|O76014|KRT37_HUMAN;sp|O76015|KRT38_HUMAN;sp|P02533|K1C14_HUMAN;sp|P05783|K1C18_HUMAN;sp|P08727|K1C19_HUMAN;sp|P08779|K1C16_HUMAN;sp|P13645|K1C10_HUMAN;sp|P13646|K1C13_HUMAN;sp|P19012|K1C15_HUMAN;sp|Q04695|K1C17_HUMAN;sp|Q14525|KT33B_HUMAN;sp|Q14532|K1H2_HUMAN;sp|Q15323|K1H1_HUMAN;sp|Q2M2I5|K1C24_HUMAN;sp|Q7Z3Y7|K1C28_HUMAN;sp|Q92764|KRT35_HUMAN	0.0054945056	1.0	0.9289941111069048	134296.05831703503
STSGGTAALGC[+57.021465]LVK	2	sp|P01857|IGHG1_HUMAN;sp|P01860|IGHG3_HUMAN;sp|P0DOX5|IGG1_HUMAN	0.0054945056	1.0	0.9348982431454465	31745.82263186904
KPDGYDYYAFSK	3	sp|Q92954|PRG4_HUMAN	0.010062893	0.9728591838590949	0.8352037799909647	9519.686762512829
GWSEEELQGVLR	2	sp|Q9H4A9|DPEP2_HUMAN	0.012775842	0.9212790999005022	0.7602391250159165	13370.276051419522
KWQEEMELYR	2	sp|P02647|APOA1_HUMAN	0.0054945056	1.0	0.988260115478116	319109.81874761765
ALQDQLVLVAAK	2	sp|P01019|ANGT_HUMAN	0.0054945056	1.0	0.7221909073289023	7721.172406635296
LEDMEQALSPSVFK	2	sp|P05155|IC1_HUMAN	0.0054945056	1.0	0.9663277481803086	8221428.827914176
SFTIEC[+57.021465]R	1	sp|P13598|ICAM2_HUMAN	0.0054945056	1.0	0.7453721772047046	12577.208451314711
ITPNLAEFAFSLYR	3	sp|P01009|A1AT_HUMAN	0.009646302	0.9866190731264982	0.9719245773274107	93720.96658483654
VWVYPPEK	2	sp|P02790|HEMO_HUMAN	0.0054945056	1.0	0.9576253128547995	7778626.87179433
VLHPLEGAVVIIFK	3	sp|Q13740|CD166_HUMAN	0.0054945056	1.0	0.8936062562704563	135814.40059736377
YFHHNSDFYIPK	3	sp|P08637|FCG3A_HUMAN	0.0054945056	1.0	0.832308183206861	8824.491109629922
DDLYVSDAFHK	3	sp|P01008|ANT3_HUMAN	0.0054945056	1.0	0.9257683665959687	48999.28077690154
NTWSILHTQGALVQGGYGHSSVYDHR	5	sp|O75882|ATRN_HUMAN	0.0054945056	1.0	0.9239552946314359	5973017.202055437
LVYHLGLPFSFLTFPYVEEAIK	3	sp|P49908|SEPP1_HUMAN	0.010062893	0.9797881705057813	0.962734282259707	71950.91071577427
VEEVKPLEGR	3	sp|O00533|NCHL1_HUMAN	0.010062893	0.9658285256870233	0.7920941760309882	2168.417094785284
SLTEEAENWGDGEPNNKK	3	sp|P14151|LYAM1_HUMAN	0.0054945056	1.0	0.9534453419272718	108499.74184537772
NTLYLQMNSLK	2	sp|A0A0B4J1V0|HV315_HUMAN	0.0054945056	1.0	0.9368584641152534	10698.567280360174
SDVMYTDWKKDK	2	sp|P19652|A1AG2_HUMAN	0.009646302	0.9866190731264982	0.9131386032068235	12949.152335290451
QNQC[+57.021465]FYNSSYLNVQR	3	sp|P19652|A1AG2_HUMAN	0.0054945056	1.0	0.7880779340647135	40218.22606534963
DTINLLDQR	2	sp|Q8NBJ4|GOLM1_HUMAN	0.009646302	0.9866190731264982	0.8148671216197142	1587.6897369043947
AEIEYLEK	2	sp|P14151|LYAM1_HUMAN	0.0054945056	1.0	0.9565103949798293	151310.12203994713
DTKTYMLAFDVNDEK	3	sp|P02763|A1AG1_HUMAN	0.011002445	0.9586923939928679	0.7705345406980899	3447.56883366322
RVAEGTQVLELPFK	2	sp|P01008|ANT3_HUMAN	0.010062893	0.9797881705057813	0.9471303996797165	575099.6121609482
YTIAALLSPYSYSTTAVVTNPKE	3	sp|P02766|TTHY_HUMAN	0.010062893	0.9797881705057813	0.9043881961165933	491167.55159810575
GGSIQQYIYK	3	sp|Q92954|PRG4_HUMAN	0.029545454	0.5462099337781654	0.9011248311368374	7233.936849122842
DIPTNSPELEETLTHTITK	3	sp|P01042|KNG1_HUMAN	0.009646302	0.9933552810135716	0.9551782852717025	1791249.196312687
YVGGQEHFAHLLILR	4	sp|P02763|A1AG1_HUMAN	0.0054945056	1.0	0.9557128237312759	292037441.1682069
WNNYMMDWK	2	sp|P06276|CHLE_HUMAN	0.0054945056	1.0	0.7862064493261761	446.55729096223223
GEAEYQEIR	2	sp|Q15223|NECT1_HUMAN	0.009646302	0.9866190731264982	0.9257829093778159	1162.4970885106861
DKC[+57.021465]EPLEK	2	sp|P02763|A1AG1_HUMAN;sp|P19652|A1AG2_HUMAN	0.0054945056	1.0	0.9631645640358353	38097.29840756922
DGWHSWPIAHQWPQGPSAVDAAFSWEEK	4	sp|P02790|HEMO_HUMAN	0.0054945056	1.0	0.933856120484879	22005018.9142868
GTEAAGAMFLEAIPMSIPPEVK	3	sp|P01009|A1AT_HUMAN	0.0054945056	1.0	0.8466386343887006	712933.7589204544
SPSQDEMLPTYLK	2	sp|Q8IZF2|AGRF5_HUMAN	0.0054945056	1.0	0.9505016975778787	172659.5572117914
SGAEAQTPEDSPNR	2	sp|O43493|TGON2_HUMAN	0.009646302	0.9933552810135716	0.9033361082230227	3831.6292352726873
GTSAVNVVLSLK	2	sp|P20061|TCO1_HUMAN	0.0054945056	1.0	0.9244604791662171	59034.32086116747
GVC[+57.021465]EETSGAYEK	2	sp|P02760|AMBP_HUMAN	0.009646302	0.9933552810135716	0.9711568258592179	175854.88374096778
TEDTIFLREYQTR	3	sp|P02763|A1AG1_HUMAN;sp|P19652|A1AG2_HUMAN	0.009646302	0.9866190731264982	0.9664228791554427	150130.5441619601
SDVVYTDWKK	2	sp|P02763|A1AG1_HUMAN	0.0054945056	1.0	0.9741365160761885	342141.03930336214
RHSLEYSLR	3	sp|Q13449|LSAMP_HUMAN	0.010062893	0.9658285256870233	0.9331487033136208	4252.999075988003
VQALEEANNDLENK	2	sp|P35527|K1C9_HUMAN	0.009646302	0.9866190731264982	0.9709606590322202	6455.408546807292
FLEDVKK	1	sp|P01009|A1AT_HUMAN	0.010062893	0.9728591838590949	0.8903054565552515	2026.764689513385
NILTSNNIDVK	2	sp|P05090|APOD_HUMAN	0.009646302	0.9933552810135716	0.961957225839424	1896792.5993637661
GPGEDFR	2	sp|P41222|PTGDS_HUMAN	0.0054945056	1.0	0.9769317934290769	364672.3298974432
LFDSDPITVTVPVEVSR	3	sp|P10909|CLUS_HUMAN	0.0054945056	1.0	0.9048887660528065	43346.67274660144
ELDESLQVAER	2	sp|P10909|CLUS_HUMAN	0.0054945056	1.0	0.938815835666316	105219.34117750719
YPVAHFIDQTLK	2	sp|P05155|IC1_HUMAN	0.009646302	0.9933552810135716	0.9460601585884975	269443.80834315444
FEDGVLDPDYPR	2	sp|P04004|VTNC_HUMAN	0.0054945056	1.0	0.9001960315736488	100544.50865036019
FQPTLLTLPR	2	sp|P05155|IC1_HUMAN	0.0054945056	1.0	0.9475630448135195	1262682.740400637
SDVMYTDWKK	2	sp|P19652|A1AG2_HUMAN	0.0054945056	1.0	0.9940053520086743	191120.6558534342
FNQPFIIMIFDHFTWSSLFLAR	4	sp|P08185|CBG_HUMAN	0.0054945056	1.0	0.8363698172880543	164244.97650170844
NLQEILHGAVR	2	sp|P00533|EGFR_HUMAN	0.0054945056	1.0	0.8704738960514617	24154.906739649858
GSESGIFTNTK	2	sp|P02671|FIBA_HUMAN	0.009646302	0.9866190731264982	0.9658809416659363	42549.85536766117
TPVC[+57.021465]TTGQGSGSTATVFAMAELQK	3	sp|Q9H8L6|MMRN2_HUMAN	0.0054945056	1.0	0.9257430651533541	628529.9223474213
LINDYVK	1	sp|P01011|AACT_HUMAN	0.010062893	0.9728591838590949	0.7288821627435164	443.2759682099186
SDDSVIQLLNPNR	2	sp|Q9BY67|CADM1_HUMAN	0.0054945056	1.0	0.8299047119971387	244331.34982317308
YGFIEGHVVIPR	2	sp|P16070|CD44_HUMAN	0.0054945056	1.0	0.956862774989959	2161666.3113395353
VTVLGQPK	2	sp|B9A064|IGLL5_HUMAN;sp|P0DOX8|IGL1_HUMAN	0.015028901	0.8718655118414741	0.8927327525367806	4904.63175076446
TVIGPDGHK	2	sp|P02671|FIBA_HUMAN	0.0054945056	1.0	0.9677533864665668	68414.70462494179
DLGEENFK	1	sp|P02768|ALBU_HUMAN	0.015028901	0.8630568252698203	0.9259666088913717	670.3952311381626
GLEEELQFSLGSK	2	sp|P0C0L4|CO4A_HUMAN;sp|P0C0L5|CO4B_HUMAN	0.009646302	0.9933552810135716	0.9685249782495068	44222.44741036255
ELDRDTVFALVNYIFFK	4	sp|P01009|A1AT_HUMAN	0.012775842	0.9212790999005022	0.7989961055054517	26361.19646017657
AGTELVNFLSYFVELGTQPATQ	3	sp|P02652|APOA2_HUMAN	0.009646302	0.9866190731264982	0.9093553761064129	37920.474801924196
THNLEPYFESFINNLR	3	sp|P04264|K2C1_HUMAN	0.0054945056	1.0	0.9431867001123062	9746.289699292698
TVAAPSVFIFPPSDEQLK	3	sp|P01834|IGKC_HUMAN	0.0054945056	1.0	0.7853785317964241	9748.245152890586
TFLTVYWTPER	2	sp|P05362|ICAM1_HUMAN	0.0054945056	1.0	0.9168120219349875	187798.3247726694
KGPGPGGPGGAGVAR	3	sp|Q92686|NEUG_HUMAN	0.0054945056	1.0	0.8931871140256906	48782.64644769471
EFLEDTC[+57.021465]VQYVQK	2	sp|Q9UNN8|EPCR_HUMAN	0.010062893	0.9797881705057813	0.9320790254998002	45134.51212710462
WMQLWQEQGEAK	2	sp|Q16288|NTRK3_HUMAN	0.0054945056	1.0	0.7021993856153886	74557.48164166146
NEVWWTIDGK	2	sp|Q9NPH3|IL1AP_HUMAN	0.0054945056	1.0	0.9118258793894567	76118.33266562446
FPVFMGR	1	sp|P05155|IC1_HUMAN	0.020642202	0.8058999028144878	0.712126992742039	393.1146814031235
SGAEEQGPIDGPSK	2	sp|O43493|TGON2_HUMAN	0.0054945056	1.0	0.8851091533634067	7538.369364435329
IENVSYQDK	2	sp|O00533|NCHL1_HUMAN	0.012775842	0.9440873193926883	0.7425820259528346	1201.8051251256584
VQLTGEPVPMAR	2	sp|P15151|PVR_HUMAN	0.0054945056	1.0	0.9798238100055724	8275.215267087036
SKLPGIVAEGRDDLYVSDAFHK	5	sp|P01008|ANT3_HUMAN	0.0054945056	1.0	0.9370994984621691	145957.44735468787
HGGLFHENMR	3	sp|Q02985|FHR3_HUMAN	0.010062893	0.9658285256870233	0.8769088471693163	11732.810942362185
SQYEQLAEQNR	2	sp|P13645|K1C10_HUMAN	0.0054945056	1.0	0.9261571512951947	4343.573835415008
NHNALLASLTTQK	2	sp|O75882|ATRN_HUMAN	0.0054945056	1.0	0.8524727358396507	101426.94601636441
VLSYVDWIK	2	sp|Q9NZP8|C1RL_HUMAN	0.0054945056	1.0	0.9458506305813863	87102.2971725603
TTPPVLDSDGSFFLYSK	2	sp|P01857|IGHG1_HUMAN;sp|P0DOX5|IGG1_HUMAN	0.0054945056	1.0	0.9411017798504102	88704.68975836095
RNPFVFAPTLLTVAVHFEEVAK	4	sp|P43652|AFAM_HUMAN	0.0054945056	1.0	0.7554098357030166	45697.31282788418
IGPDNLPYVQILK	2	sp|P11362|FGFR1_HUMAN	0.0054945056	1.0	0.9180098028834831	435808.0366442404
ALDLINK	1	sp|P04196|HRG_HUMAN	0.0054945056	1.0	0.7620744968672134	14555.279265859645
AVLDVFEEGTEASAATAVK	2	sp|P01011|AACT_HUMAN	0.010062893	0.9658285256870233	0.9374265655396871	252924.11021105916
NWGLSFYADKPETTK	2	sp|P19652|A1AG2_HUMAN	0.0054945056	1.0	0.9729693246540423	1832460.0769889476
SPELQAEAKSYFEK	2	sp|P02652|APOA2_HUMAN	0.0054945056	1.0	0.9090549724608908	110207.58749854677
GEC[+57.021465]QAEGVLFFQGDR	2	sp|P02790|HEMO_HUMAN	0.0054945056	1.0	0.947245832536235	3528486.4616332576
ELELQIGNALFIGK	2	sp|P05543|THBG_HUMAN	0.0054945056	1.0	0.973177205243994	1686346.0540495259
SLSGTAFGGFLMFK	2	sp|Q9H8L6|MMRN2_HUMAN	0.009646302	0.9933552810135716	0.7449446221997162	1496.6803796349266
FLENEDR	2	sp|P01009|A1AT_HUMAN	0.0054945056	1.0	0.9825977617551698	289616.1648457624
GPSVFPLAPC[+57.021465]SR	2	sp|P01859|IGHG2_HUMAN;sp|P01860|IGHG3_HUMAN;sp|P01861|IGHG4_HUMAN	0.009646302	0.9933552810135716	0.9092620428809493	59085.95595633297
YYC[+57.021465]FQGNQFLR	2	sp|P02790|HEMO_HUMAN	0.009646302	0.9866190731264982	0.9519610506232541	879690.0892414807
DTVFALVNYIFFK	2	sp|P01009|A1AT_HUMAN	0.009646302	0.9866190731264982	0.9676461922244605	202282.1831810592
HSAQPWADFTLLGAR	2	sp|Q8IYS5|OSCAR_HUMAN	0.009646302	0.9866190731264982	0.879851246026414	49645.75681635636
TDASDVKPC[+57.021465]	2	sp|P02749|APOH_HUMAN	0.0054945056	1.0	0.9022473184066214	10781.069106466057
VTTSQDMLSIMEK	2	sp|P05155|IC1_HUMAN	0.0054945056	1.0	0.9711142835381299	1894939.66758422
DALSSVQESQVAQQAR	2	sp|P02656|APOC3_HUMAN	0.0054945056	1.0	0.9240833286415525	802107.3439312283
GSEAINAPGDNPAK	2	sp|Q9NZP8|C1RL_HUMAN	0.0054945056	1.0	0.865901212618224	5343.345234781593
QFTSSTSYNR	2	sp|P02671|FIBA_HUMAN	0.0054945056	1.0	0.9611660115041105	282447.28356075403
TDTSHHDQDHPTFNK	2	sp|P01009|A1AT_HUMAN	0.010062893	0.9728591838590949	0.9298622989423876	9998.280173327326
LALDIEIATYR	2	sp|P05787|K2C8_HUMAN;sp|P08729|K2C7_HUMAN;sp|P14136|GFAP_HUMAN;sp|P19013|K2C4_HUMAN;sp|Q6KB66|K2C80_HUMAN	0.0054945056	1.0	0.8684769238323273	12322.214956237971
YPPTVSMVEGQGEK	3	sp|P27918|PROP_HUMAN	0.009646302	0.9866190731264982	0.8266414179000694	2997.7625691705266
ATLLEEQLPLGK	2	sp|Q9BQ51|PD1L2_HUMAN	0.0054945056	1.0	0.8684290332349377	17198.373793382794
KVPQVSTPTLVEVSR	3	sp|P02768|ALBU_HUMAN	0.009646302	0.9866190731264982	0.9339955957090954	15264.082062407815
ASSIIDELFQDR	2	sp|P10909|CLUS_HUMAN	0.0054945056	1.0	0.973253473770486	316389.2700232705
ETC[+57.021465]FAEEGKK	3	sp|P02768|ALBU_HUMAN	0.011002445	0.9658285256870233	0.7789013955017493	2002.621919611809
LVVQSSIDSSAFK	2	sp|P10721|KIT_HUMAN	0.009646302	0.9933552810135716	0.8504790690445427	28319.680011127857
SYSC[+57.021465]QVTHEGSTVEK	2	sp|B9A064|IGLL5_HUMAN;sp|P0CF74|IGLC6_HUMAN;sp|P0CG04|IGLC1_HUMAN;sp|P0DOX8|IGL1_HUMAN;sp|P0DOY2|IGLC2_HUMAN;sp|P0DOY3|IGLC3_HUMAN	0.010062893	0.9797881705057813	0.9750624300372908	18838.734853518137
IYMYGGK	1	sp|O75882|ATRN_HUMAN	0.010062893	0.9797881705057813	0.8901034982298361	3160.4268588815557
FMPLSDVLYGR	2	sp|Q10588|BST1_HUMAN	0.0054945056	1.0	0.9984878416339071	3875.8022384618444
INHGILYDEEK	2	sp|P36980|FHR2_HUMAN;sp|Q03591|FHR1_HUMAN	0.0054945056	1.0	0.9547991792199988	629.1545804584612
FTDSENVC[+57.021465]QER	2	sp|P43652|AFAM_HUMAN	0.0054945056	1.0	0.88073460538194	7022.145528934915
FSISATYDLGATLLK	2	sp|P05543|THBG_HUMAN	0.0054945056	1.0	0.9106100856531265	1262295.903058735
GFGGLTGQIVAALSTAK	2	sp|Q92954|PRG4_HUMAN	0.010062893	0.9797881705057813	0.9548313628305348	1145336.9654413029
NWGLSVYADKPETTK	4	sp|P02763|A1AG1_HUMAN	0.010062893	0.9797881705057813	0.9327023731953659	21838.403598803434
SASNMAIVDVK	2	sp|P01023|A2MG_HUMAN	0.03181818	1.0	0.7668579455594147	18120.706597737422
QLVEIEK	2	sp|P00738|HPT_HUMAN;sp|P00739|HPTR_HUMAN	0.0054945056	1.0	0.9803120238894485	4289957.177773872
GPALTTPK	1	sp|Q92954|PRG4_HUMAN	0.012775842	0.888960273227615	0.7615571645097419	1336.7931329578619
EWFWDLATGTMK	2	sp|P02790|HEMO_HUMAN	0.0054945056	1.0	0.95257103141623	15691442.415081466
REPAVGEPAEVTTTVLVR	3	sp|P05362|ICAM1_HUMAN	0.009646302	0.9933552810135716	0.9159561966392342	126502.61042790717
AQVSPTASDMLHMR	2	sp|Q6UXB8|PI16_HUMAN	0.010062893	0.9797881705057813	0.8942120147395942	15081.416711710383
EMEDTLNHLK	2	sp|P17936|IBP3_HUMAN	0.009646302	0.9933552810135716	0.8977131523472817	96386.1636003097
VFIGINDLEK	2	sp|Q9BWP8|COL11_HUMAN	0.009646302	0.9933552810135716	0.8518400495994546	1791.8081744516599
DYQELMNTK	2	sp|P04264|K2C1_HUMAN	0.009646302	0.9866190731264982	0.8651960535018887	8705.30658279362
KGIYSFSFHVIK	3	sp|Q9NTU7|CBLN4_HUMAN	0.0054945056	1.0	0.865235615134004	126599.12694328392
MSLMSTATFLTSK	2	sp|Q9ULC0|MUCEN_HUMAN	0.0054945056	1.0	0.7693122274607013	20092.74431175995
SETEIHQGFQHLHQLFAK	5	sp|P08185|CBG_HUMAN	0.0054945056	1.0	0.9340796555949612	38867346.700606935
LMVELHNLYR	2	sp|Q6UXB8|PI16_HUMAN	0.009646302	0.9933552810135716	0.9711446286530647	32877.66772545691
FKLDDDLEHQGGHVLDHGHK	3	sp|P01042|KNG1_HUMAN	0.0054945056	1.0	0.8745408846716537	188721.11871833552
DLWVNIDQMEK	2	sp|Q6UX71|PXDC2_HUMAN	0.0054945056	1.0	0.8542749493384023	29552.450202981567
YDVDTQMWTILK	3	sp|O75882|ATRN_HUMAN	0.009646302	0.9866190731264982	0.906668753486582	14491.623906428553
VTATGFQQC[+57.021465]SLIDGR	2	sp|Q8NFT8|DNER_HUMAN	0.010062893	0.9797881705057813	0.7636003589088045	4121.446369560484
SFMLLILER	2	sp|P05543|THBG_HUMAN	0.0054945056	1.0	0.9866826331603968	411754.6238593838
LLDSLPSDTR	2	sp|P05155|IC1_HUMAN	0.009646302	0.9866190731264982	0.9845393387269784	352176.20366701734
TNLESILSYPK	2	sp|P05155|IC1_HUMAN	0.0054945056	1.0	0.979614389478205	831449.7202267074
QSTQTLYVNVAPR	2	sp|P19320|VCAM1_HUMAN	0.009646302	0.9933552810135716	0.8646934295489838	4238.389893526188
YVMLPVADQDQC[+57.021465]IR	3	sp|P00738|HPT_HUMAN	0.010062893	0.9797881705057813	0.8870171843739402	15227.518911415655
ALYVHGGYK	2	sp|O75882|ATRN_HUMAN	0.010062893	0.9797881705057813	0.9545705906338433	14428.118371105193
VVGLIQDLKPNTIMVLVNYIHFK	3	sp|P05543|THBG_HUMAN	0.0054945056	1.0	0.8129027425665067	4471.004917328473
RVWELSK	1	sp|P01008|ANT3_HUMAN	0.015028901	0.8630568252698203	0.7170824895880293	687.670233061887
QPAVEEPAEVTATVLASR	2	sp|P32942|ICAM3_HUMAN	0.0054945056	1.0	0.9846840093067578	1365916.172886667
SYFEKSK	2	sp|P02652|APOA2_HUMAN	0.0054945056	1.0	0.8540709985190958	86982.5949228493
AVVFLEPQWYR	3	sp|P08637|FCG3A_HUMAN	0.017281106	0.8448700454299841	0.8826089631051428	49983.007587891654
MSSINADFAFNLYR	3	sp|P05543|THBG_HUMAN	0.012775842	0.9440873193926883	0.7366418472889582	18360.840418108877
WNDDAC[+57.021465]HK	2	sp|P14151|LYAM1_HUMAN	0.0054945056	1.0	0.9408499768346608	28963.314617665
LLGIETPLPK	2	sp|P05362|ICAM1_HUMAN	0.009646302	0.9866190731264982	0.8892413956263434	5035.2331447458
GILTVDELLAIR	2	sp|P13473|LAMP2_HUMAN	0.0054945056	1.0	0.958389562704825	129212.63468308197
IIYFDQILVNVGNFFTLESVFVAPR	4	sp|Q9NTU7|CBLN4_HUMAN	0.009646302	0.9933552810135716	0.9448619902448923	5638.0588160924635
AIGPSQTHTIR	2	sp|Q92954|PRG4_HUMAN	0.0054945056	1.0	0.9081585366816339	101806.99631131915
TSDQIHFFFAK	2	sp|P01008|ANT3_HUMAN	0.0054945056	1.0	0.9379741724328663	145866.74203675071
GWVTDGFSSLK	2	sp|P02656|APOC3_HUMAN	0.0054945056	1.0	0.9705488775469728	1463377.2135245062
LHMLQISYFR	2	sp|Q9UNN8|EPCR_HUMAN	0.0054945056	1.0	0.9273821876715344	14837.176706931463
EPC[+57.021465]VESLVSQYFQTVTDYGK	3	sp|P02652|APOA2_HUMAN	0.0054945056	1.0	0.9425604464583179	1337139.8458783857
YTIAALLSPYSYSTTAVVTNPK	3	sp|P02766|TTHY_HUMAN	0.0054945056	1.0	0.9414137269809499	4955999.477280035
SLDLDSIIAEVK	2	sp|P04264|K2C1_HUMAN	0.0054945056	1.0	0.7267198325066291	6658.6202420732525
EHAVEGDC[+57.021465]DFQLLK	2	sp|P02765|FETUA_HUMAN	0.010062893	0.9797881705057813	0.9084581489975845	49512.17757532645
VVGLIQDLKPNTIMVLVNYIHFK	4	sp|P05543|THBG_HUMAN	0.0054945056	1.0	0.979156430668157	113833.81851769054
FNQPFIIM[+15.994915]IFDHFTWSSLFLAR	3	sp|P08185|CBG_HUMAN	0.0054945056	1.0	0.9370994250344535	2304106.136455768
RYTIAALLSPYSYSTTAVVTNPK	4	sp|P02766|TTHY_HUMAN	0.0054945056	1.0	0.7500086975106904	162165.8792158892
SPLFMGK	2	sp|P01009|A1AT_HUMAN	0.0054945056	1.0	0.9834397507678063	1038664.5309080626
FNWYVDGVEVHNAK	3	sp|P01857|IGHG1_HUMAN;sp|P0DOX5|IGG1_HUMAN	0.009646302	0.9866190731264982	0.9274733990783541	180434.60158970463
TLMFGSYLDDEK	2	sp|P19652|A1AG2_HUMAN	0.0054945056	1.0	0.9464023813168493	492541.77053002524
YVGGQEHFAHLLILRDTK	4	sp|P02763|A1AG1_HUMAN	0.0054945056	1.0	0.909919779147561	159439.24297621122
KGEVLPLPEANFPSFPLPHHK	4	sp|P04196|HRG_HUMAN	0.0054945056	1.0	0.9222221700621299	965326.8054463397
GDSVVYGLR	2	sp|P10451|OSTP_HUMAN	0.010062893	0.9728591838590949	0.9513043344048104	14566.810096618341
VDLLNQEIEFLK	2	sp|P35908|K22E_HUMAN	0.009646302	0.9933552810135716	0.9128610565775372	45009.25078443395
YPIVSPR	2	sp|P16112|PGCA_HUMAN	0.011002445	0.9658285256870233	0.9336034296398664	14731.190020157434
DYWSTVK	2	sp|P02656|APOC3_HUMAN	0.0054945056	1.0	0.9834806246581441	3702782.9470261605
IIYFDQILVNVGNFFTLESVFVAPR	3	sp|Q9NTU7|CBLN4_HUMAN	0.009646302	0.9933552810135716	0.784001877111889	4018.2893482882746
KAADDTWEPFASGK	2	sp|P02766|TTHY_HUMAN	0.009646302	0.9866190731264982	0.8941539329798048	30679.863599054115
VTSIQDWVQK	2	sp|P00738|HPT_HUMAN	0.0054945056	1.0	0.9917002006462424	248441.08591596654
LQHLENELTHDIITK	2	sp|P01009|A1AT_HUMAN	0.0054945056	1.0	0.9500466510401983	3961050.398206598
GLASANVDFAFSLYK	3	sp|P08185|CBG_HUMAN	0.0054945056	1.0	0.8377274576779872	113157.65673606083
QNC[+57.021465]ELFEQLGEYK	2	sp|P02768|ALBU_HUMAN	0.010062893	0.9797881705057813	0.7883464080154349	63363.1382334685
YTIAALLSPYSYSTTAVVTNPK	4	sp|P02766|TTHY_HUMAN	0.0054945056	1.0	0.8518857386193804	140106.6298318194
IC[+57.021465]LDLQAPLYK	3	sp|P02776|PLF4_HUMAN	0.012775842	0.9290085173289965	0.9412065464719188	6803.402741448778
TPSSTGPSPVFDIK	2	sp|Q12913|PTPRJ_HUMAN	0.009646302	0.9933552810135716	0.9383925442175667	187626.79059603813
FDTISEK	2	sp|P01008|ANT3_HUMAN	0.011002445	0.9658285256870233	0.9768075379229342	48994.59411563604
YSLTYIYTGLSK	2	sp|P25311|ZA2G_HUMAN	0.0054945056	1.0	0.9611301838465727	240185.44641333382
EIPVLVTQISSTNHPVK	3	sp|Q6UX71|PXDC2_HUMAN	0.0054945056	1.0	0.8782489965654613	49188.61120120373
QGHNSVFLIK	3	sp|P02790|HEMO_HUMAN	0.011002445	0.9658285256870233	0.971398755057495	118484.99003364432
NTWSILHTQGALVQGGYGHSSVYDHR	3	sp|O75882|ATRN_HUMAN	0.0054945056	1.0	0.9379381926184671	3324631.3407629826
IVDLFSGLDSPAILVLVNYIFFK	3	sp|P08185|CBG_HUMAN	0.010062893	0.9797881705057813	0.9492153973487453	70822.74001106468
SASLHLPK	2	sp|P01009|A1AT_HUMAN	0.010062893	0.9728591838590949	0.9475522068345034	6181.547299125638
SDVM[+15.994915]YTDWKK	2	sp|P19652|A1AG2_HUMAN	0.0054945056	1.0	0.8726160278070041	1719.8264299190992
IAPQLSTEELVSLGEK	2	sp|P43652|AFAM_HUMAN	0.0054945056	1.0	0.9142775090422988	571129.6500384611
MEEVEAMLLPETLK	2	sp|P01011|AACT_HUMAN	0.009646302	0.9866190731264982	0.9724192431690671	16629.990461490725
FTVNNLAEPQK	2	sp|P12259|FA5_HUMAN	0.009646302	0.9933552810135716	0.8302001975376951	9764.468022993235
FRIEDGFSLK	2	sp|P01008|ANT3_HUMAN	0.012121212	0.9586923939928679	0.8933323856612472	100693.48774130711
EQLGEFYEALDC[+57.021465]LC[+57.021465]IPR	4	sp|P19652|A1AG2_HUMAN	0.0054945056	1.0	0.7240723629583018	79510.63361500924
GDDITMVLILPKPEK	3	sp|P01008|ANT3_HUMAN	0.009646302	0.9866190731264982	0.9375606688583382	485254.24313126376
GDTFSC[+57.021465]MVGHEALPLAFTQK	3	sp|P01876|IGHA1_HUMAN	0.009646302	0.9933552810135716	0.8995483804963227	18451.93000327147
VTDPQLVVTLHEK	3	sp|P09619|PGFRB_HUMAN	0.009646302	0.9933552810135716	0.8240162037947577	1347.4495184393277
EHVAHLLFLRDTK	4	sp|P19652|A1AG2_HUMAN	0.009646302	0.9866190731264982	0.9430451172637839	238951.14238523424
AQWANPFDPSK	2	sp|P05543|THBG_HUMAN	0.009646302	0.9933552810135716	0.9375615412101204	159041.698260026
ATSYAELC[+57.021465]SEYR	2	sp|Q9NQ38|ISK5_HUMAN	0.009646302	0.9933552810135716	0.841568369794781	1984.6415165338162
FNKPFVFLMIEQNTK	2	sp|P01009|A1AT_HUMAN	0.012775842	0.9366095275687156	0.888665358063245	42793.4886527045
SDVVYTDWK	2	sp|P02763|A1AG1_HUMAN	0.009646302	0.9866190731264982	0.9560979466970881	96704.9633810522
GLPNVVTSAISLPNIR	3	sp|Q92954|PRG4_HUMAN	0.009646302	0.9866190731264982	0.971578377694679	312854.4354203582
WVQDYIK	2	sp|Q16627|CCL14_HUMAN	0.0054945056	1.0	0.9797568170265519	796045.8923280982
EVPLNTIIFM[+15.994915]GR	2	sp|P01008|ANT3_HUMAN	0.0054945056	1.0	0.959928092212323	234511.9504255215
M[+15.994915]SSINADFAFNLYR	2	sp|P05543|THBG_HUMAN	0.010062893	0.9797881705057813	0.7308764901898541	6288.835912210141
GWVDLFVPK	2	sp|P05543|THBG_HUMAN	0.010062893	0.9797881705057813	0.9496889830451785	172584.9723967229
FLEDVKK	2	sp|P01009|A1AT_HUMAN	0.010062893	0.9728591838590949	0.9700931356119024	50395.11352885666
WVMVPMMSLHHLTIPYFR	4	sp|P01011|AACT_HUMAN	0.0054945056	1.0	0.7654800320027975	76851.71717810517
YAASSYLSLTPEQWK	2	sp|A0M8Q6|IGLC7_HUMAN;sp|B9A064|IGLL5_HUMAN;sp|P0CF74|IGLC6_HUMAN;sp|P0CG04|IGLC1_HUMAN;sp|P0DOX8|IGL1_HUMAN;sp|P0DOY2|IGLC2_HUMAN;sp|P0DOY3|IGLC3_HUMAN	0.0054945056	1.0	0.9541395325261165	9249840.50654206
QDQC[+57.021465]IYNTTYLNVQR	2	sp|P02763|A1AG1_HUMAN	0.011002445	0.9658285256870233	0.7585386264396325	56749.712762409945
TC[+57.021465]PKPDDLPFSTVVPLK	2	sp|P02749|APOH_HUMAN	0.011002445	0.9658285256870233	0.9230539957762584	598756.2715888581
LSSWVLLM[+15.994915]K	2	sp|P01009|A1AT_HUMAN	0.009646302	0.9866190731264982	0.8783445066015032	15224.56167950806
LTSLPLGALR	2	sp|P07359|GP1BA_HUMAN	0.0054945056	1.0	0.8214270446702091	167705.46546613093
SSEDPNEDIVER	2	sp|P01591|IGJ_HUMAN	0.0054945056	1.0	0.8413488494912071	8530.123699438142
ELTPEVLQEWLDELEEMMLVVHMPR	4	sp|P01008|ANT3_HUMAN	0.0054945056	1.0	0.7001787608687153	118815.20764971124
TMLLQPAGSLGSYSYR	3	sp|P41222|PTGDS_HUMAN	0.012121212	0.9586923939928679	0.9481678029865025	2140.5695760555063
LLDNWDSVTSTFSK	2	sp|P02647|APOA1_HUMAN	0.0054945056	1.0	0.9904389559087102	506550.9845048077
AVSISPTNVILTWK	3	sp|Q12913|PTPRJ_HUMAN	0.0054945056	1.0	0.7907269867082584	47038.46032696619
SKEEAEALYHSK	2	sp|P35908|K22E_HUMAN	0.0054945056	1.0	0.8553624244631465	7001.097229770626
YVGGQEHFAHLLILR	2	sp|P02763|A1AG1_HUMAN	0.0054945056	1.0	0.9623971208576657	9656531.792043759
ANQQLNFTEAK	2	sp|Q9Y5Y7|LYVE1_HUMAN	0.009646302	0.9933552810135716	0.9338359677517521	37247.01883662673
TFYEPGEEITYSC[+57.021465]KPGYVSR	3	sp|P02749|APOH_HUMAN	0.009646302	0.9866190731264982	0.8934623483815901	114410.5503130628
NKEDC[+57.021465]VEIYIK	3	sp|P14151|LYAM1_HUMAN	0.0054945056	1.0	0.8808890279492599	25333.880107529487
EHVAHLLFLRDTK	3	sp|P19652|A1AG2_HUMAN	0.009646302	0.9866190731264982	0.9661744715055784	95790.2299112312
RLGMFNIQHC[+57.021465]K	2	sp|P01009|A1AT_HUMAN	0.0054945056	1.0	0.96191942205175	792930.8235873149
SAGSVESPSVSSTHR	3	sp|P17936|IBP3_HUMAN	0.0054945056	1.0	0.9679676675044526	124428.22225928312
NSLYLQMNSLR	2	sp|A0A0B4J1V1|HV321_HUMAN;sp|A0A0B4J1X8|HV343_HUMAN;sp|A0A0C4DH32|HV320_HUMAN;sp|P01762|HV311_HUMAN;sp|P01763|HV348_HUMAN;sp|P01766|HV313_HUMAN;sp|P01780|HV307_HUMAN;sp|P01782|HV309_HUMAN;sp|P0DP04|HV43D_HUMAN	0.0054945056	1.0	0.7995850917928227	4159.470035144777
IPKSDVVYTDWK	2	sp|P02763|A1AG1_HUMAN	0.009646302	0.9933552810135716	0.9766447411673772	45017.638631987444
KATVVYQGER	2	sp|P02749|APOH_HUMAN	0.009646302	0.9866190731264982	0.9618695318557369	71513.55093558608
QGLLPVLESFK	2	sp|P02647|APOA1_HUMAN	0.009646302	0.9933552810135716	0.9747810792386555	306379.2080386079
MREWFSETFQK	2	sp|P02654|APOC1_HUMAN	0.009646302	0.9933552810135716	0.9710864522588819	34820.64062535934
AREDIFMETLK	3	sp|P25311|ZA2G_HUMAN	0.0054945056	1.0	0.9392605625413765	264424.0655308871
LQGEIAHVK	2	sp|P35908|K22E_HUMAN	0.0054945056	1.0	0.9203820411723495	20542.048294525834
TYFPHFDLSHGSAQVK	4	sp|P69905|HBA_HUMAN	0.0054945056	1.0	0.9303527711598871	656342.5624984881
GGEGTGYFVDFSVR	2	sp|P04196|HRG_HUMAN	0.009646302	0.9933552810135716	0.8664674222092509	224.95666789763305
AGALQLLLVGDK	2	sp|P55058|PLTP_HUMAN	0.0054945056	1.0	0.9036723663687737	17304.15639731622
ESSSHHPGIAEFPSR	2	sp|P02671|FIBA_HUMAN	0.009646302	0.9866190731264982	0.9566413275220408	18857.3655245612
DTEEEDFHVDQVTTVK	2	sp|P01009|A1AT_HUMAN	0.011002445	0.9658285256870233	0.9299033559593044	930552.2946743452
ATVVYQGER	2	sp|P02749|APOH_HUMAN	0.0054945056	1.0	0.9711891048894966	2248388.095515674
YNSQNQSNNQFVLYR	2	sp|P01042|KNG1_HUMAN	0.012775842	0.888960273227615	0.8165586054132706	80411.112316568
KAGTELVNFLSYFVELGTQPATQ	3	sp|P02652|APOA2_HUMAN	0.0054945056	1.0	0.9496508185466462	1635601.7980425658
DYVSQFEGSALGK	2	sp|P02647|APOA1_HUMAN	0.0054945056	1.0	0.9853154586189558	236734.90103299406
IDSLLENDR	2	sp|P10909|CLUS_HUMAN	0.010062893	0.9797881705057813	0.8060687300090964	81908.75715384888
TM[+15.994915]LLQPAGSLGSYSYR	2	sp|P41222|PTGDS_HUMAN	0.0054945056	1.0	0.9618542585177284	1950840.0388047695
HPDEAAFFDTASTGK	2	sp|P02671|FIBA_HUMAN	0.0054945056	1.0	0.8521121554952592	404143.0587779113
EHVAHLLFLR	2	sp|P19652|A1AG2_HUMAN	0.011002445	0.9658285256870233	0.9726132309418537	523413.6839375283
TVAAC[+57.021465]NLPIVR	3	sp|P02760|AMBP_HUMAN	0.0054945056	1.0	0.9267926796113626	14320.003724935954
GYNVNDEK	2	sp|P80723|BASP1_HUMAN	0.017281106	1.0	0.8991833279270437	591069.0597410051
ETYGEMADC[+57.021465]C[+57.021465]AK	2	sp|P02768|ALBU_HUMAN	0.009646302	0.9933552810135716	0.8687945910348184	3137.7077368426176
AEAESLYQSK	2	sp|P04264|K2C1_HUMAN	0.0054945056	1.0	0.9703371718477495	88505.95693588992
LLIYGASTR	2	sp|A0A075B6H7|KV37_HUMAN;sp|A0A0C4DH55|KVD07_HUMAN;sp|P01624|KV315_HUMAN	0.012775842	0.9134157281067091	0.9120064216518096	8391.668635988848
DFVQPPTK	1	sp|P01042|KNG1_HUMAN	0.0054945056	1.0	0.9221372936997633	24464.23420808431
SGTASEMGTER	2	sp|Q9ULI3|HEG1_HUMAN	0.0054945056	1.0	0.9430731624251828	13460.551933748528
FIVLSNNYLQIR	2	sp|P13591|NCAM1_HUMAN	0.009646302	0.9933552810135716	0.8279896532606006	1156.9243726916343
LWWLDLK	2	sp|P02790|HEMO_HUMAN	0.010062893	0.9797881705057813	0.9819202212152046	16910.7224844425
ALDLINK	2	sp|P04196|HRG_HUMAN	0.0054945056	1.0	0.9687951479075886	720144.9572360709
TLLDIDNTR	2	sp|P35527|K1C9_HUMAN	0.010062893	0.9797881705057813	0.7056650606820424	3494.030496994244
DIPMNPMC[+57.021465]IYR	2	sp|P01008|ANT3_HUMAN	0.0054945056	1.0	0.962859824316227	498762.0036590242
TEGDGVYTLNNEK	2	sp|P00738|HPT_HUMAN	0.009646302	0.9933552810135716	0.9316249688165967	40232.99099656359
VPTVEPLDSLTLFLFR	2	sp|P13598|ICAM2_HUMAN	0.0054945056	1.0	0.9719921883929903	855209.3641817446
AFLEVNEEGSEAAASTAVVIAGR	3	sp|P01008|ANT3_HUMAN	0.009646302	0.9866190731264982	0.916697612930605	64135.61945662134
DLDSQTMMVLVNYIFFK	3	sp|P01011|AACT_HUMAN	0.009646302	0.9933552810135716	0.95438192643559	263300.0047489808
FLENEDR	1	sp|P01009|A1AT_HUMAN	0.0054945056	1.0	0.9354147953017959	19448.86116591895
ALGISPFHEHAEVVFTANDSGPR	5	sp|P02766|TTHY_HUMAN	0.010062893	0.9728591838590949	0.9127642107876552	92998.66038989247
FDPVRGEVPPR	3	sp|P02790|HEMO_HUMAN	0.0054945056	1.0	0.9623922177211158	2093999.9246609367
MADEAGSEADHEGTHSTK	3	sp|P02671|FIBA_HUMAN	0.0054945056	1.0	0.9505824621324507	264409.8086944382
TLLVFEVQQPFLFVLWDQQHK	3	sp|P05155|IC1_HUMAN	0.0054945056	1.0	0.9457602408975309	14587.5363462461
FLSTLTIDGVTR	2	sp|P35968|VGFR2_HUMAN	0.012775842	0.9290085173289965	0.8154251822865218	11272.214982690326
ALGISPFHEHAEVVFTANDSGPRR	5	sp|P02766|TTHY_HUMAN	0.0054945056	1.0	0.9854458544761675	93818.83942589963
SLNNQFASFIDK	2	sp|P04264|K2C1_HUMAN	0.009646302	0.9933552810135716	0.9316820349866197	222024.04350989548
AADDTWEPFASGK	2	sp|P02766|TTHY_HUMAN	0.0054945056	1.0	0.9358809992727548	380350.59624145174
AFLLVQDIMEDTMR	2	sp|P09603|CSF1_HUMAN	0.0054945056	1.0	0.9491567197614678	284835.83326007886
IYMYGGK	2	sp|O75882|ATRN_HUMAN	0.025142858	0.9797881705057813	0.9665096082843688	5555.47848038321
EQYAVVGHSAHIVTLK	2	sp|O75882|ATRN_HUMAN	0.010062893	0.9728591838590949	0.8950781813522543	5090.425482979879
LYLVQGTQVYVFLTK	2	sp|P02790|HEMO_HUMAN	0.0054945056	1.0	0.9506532427903688	12722841.151947966
EQLTPLIKK	2	sp|P02652|APOA2_HUMAN	0.010062893	0.9797881705057813	0.954600580699092	51338.68668952088
VNVDEVGGEALGR	2	sp|P68871|HBB_HUMAN	0.0054945056	1.0	0.9542628764397973	13649.632296842286
VTTPDTSTTQHNK	2	sp|Q92954|PRG4_HUMAN	0.010062893	0.9728591838590949	0.8565470849977231	1464.4975139923145
LLGLSLAGK	1	sp|Q9Y5Y7|LYVE1_HUMAN	0.010062893	0.9728591838590949	0.7302350882291663	2506.105823544417
NWGLSVYADKPETTK	3	sp|P02763|A1AG1_HUMAN	0.010062893	0.9797881705057813	0.9713972476173437	41426.691979776544
GDPLGTEGGLDASNTER	2	sp|Q12913|PTPRJ_HUMAN	0.0054945056	1.0	0.9377522989471349	1565476.8478196254
HLVALSPK	1	sp|P08185|CBG_HUMAN	0.010062893	0.9797881705057813	0.9641296817404696	1995.543564437485
LGNQEPGGQTALK	2	sp|P08697|A2AP_HUMAN	0.0054945056	1.0	0.9423624873772422	1350.470083858178
GLYDVVSVLR	2	sp|O75144|ICOSL_HUMAN	0.0054945056	1.0	0.9635944698920389	1496108.4233057762
GSPAINVAVHVFRK	2	sp|P02766|TTHY_HUMAN	0.012775842	0.9054124614333342	0.8100926559121169	6789.624622303834
ETPAATEAPSSTPK	2	sp|P80723|BASP1_HUMAN	0.0054945056	1.0	0.9287006655240829	11468.797386776589
AVLHIGEK	2	sp|P05543|THBG_HUMAN	0.010062893	0.9728591838590949	0.9011192661163872	5744.227336921998
TDTSHHDQDHPTFNK	4	sp|P01009|A1AT_HUMAN	0.010062893	0.9728591838590949	0.9387413954114073	472844.8786345184
LYHSEAFTVNFGDTEEAKK	3	sp|P01009|A1AT_HUMAN	0.009646302	0.9933552810135716	0.9716467227306091	89274.43657459386
GPALTTPK	2	sp|Q92954|PRG4_HUMAN	0.0054945056	1.0	0.9594505158515536	379497.58286639006
VTMQNLNDR	2	sp|P02533|K1C14_HUMAN;sp|P08779|K1C16_HUMAN;sp|P13645|K1C10_HUMAN;sp|Q7Z3Y7|K1C28_HUMAN;sp|Q7Z3Y8|K1C27_HUMAN;sp|Q7Z3Y9|K1C26_HUMAN;sp|Q7Z3Z0|K1C25_HUMAN	0.009646302	0.9866190731264982	0.9726411001063942	8221.680932756119
DYFMPC[+57.021465]PGR	2	sp|P02790|HEMO_HUMAN	0.009646302	0.9866190731264982	0.9615485438888743	9160941.070489874
GEIMFQYDK	2	sp|Q8IZP9|AGRG2_HUMAN	0.0054945056	1.0	0.8815936419744668	61211.12736625122
GPMFELLPGESNK	2	sp|P10124|SRGN_HUMAN	0.0054945056	1.0	0.9823894154240378	104873.26627851406
VEIDTKSYWK	2	sp|P02766|TTHY_HUMAN	0.0054945056	1.0	0.8970567297879142	23668.307638501377
ANRPFLVFIR	3	sp|P01008|ANT3_HUMAN	0.0054945056	1.0	0.9379710108875017	1981561.850048274
FLASVSTVLTSK	2	sp|P69905|HBA_HUMAN	0.0054945056	1.0	0.9511844776334453	351051.1990650215
GLGELQELYLK	2	sp|P07359|GP1BA_HUMAN	0.009646302	0.9933552810135716	0.9655759758963639	233976.38770281192
FKLDDDLEHQGGHVLDHGHK	6	sp|P01042|KNG1_HUMAN	0.0054945056	1.0	0.8764891305740483	151429.07436313122
LPTDSELAPR	2	sp|P49908|SEPP1_HUMAN	0.009646302	0.9866190731264982	0.8311363863897967	5905.748445229948
GTHC[+57.021465]NQVEVIATLK	2	sp|P02775|CXCL7_HUMAN	0.0054945056	1.0	0.8982182886645415	866324.8691156721
SDVVYTDWKKDK	2	sp|P02763|A1AG1_HUMAN	0.0054945056	1.0	0.9754980486347965	112452.26426373552
VVSTNYNQHAMVFFK	3	sp|P80188|NGAL_HUMAN	0.010062893	0.9728591838590949	0.9150804923453629	31921.358553169703
AVMDDFAAFVEK	3	sp|P02768|ALBU_HUMAN	0.0054945056	1.0	0.8537297693166012	197948.75911714873
EESLDSDLYAELR	2	sp|P02775|CXCL7_HUMAN	0.0054945056	1.0	0.9401433296081552	3757628.8915878795
QISNLQQSISDAEQR	2	sp|P04264|K2C1_HUMAN	0.0054945056	1.0	0.9001008882747579	787200.2711905985
VIVVSMNYR	2	sp|P06276|CHLE_HUMAN	0.009646302	0.9866190731264982	0.9132857342031766	20339.01603004549
LNDLEEALQQAK	2	sp|P35908|K22E_HUMAN	0.0054945056	1.0	0.9826434552779119	35421.057275302854
MTVTDQVNC[+57.021465]PK	2	sp|P05090|APOD_HUMAN	0.0054945056	1.0	0.9479469276202324	363336.62157075375
VVAGVANALAHK	3	sp|P02042|HBD_HUMAN;sp|P68871|HBB_HUMAN	0.011002445	0.9658285256870233	0.9129968157791527	10313.614284807096
DGYLFQLLR	2	sp|P04196|HRG_HUMAN	0.0054945056	1.0	0.9811718460154295	670961.514406362
NFPSPVDAAFR	2	sp|P02790|HEMO_HUMAN	0.010062893	0.9728591838590949	0.9618906382088906	22196.383154944895
GVTSVSQIFHSPDLAIR	2	sp|P05155|IC1_HUMAN	0.009646302	0.9933552810135716	0.9279242722380409	13823.506123641411
AVLTIDEK	2	sp|P01009|A1AT_HUMAN	0.0054945056	1.0	0.9789253657277727	10708590.414788969
RYTIAALLSPYSYSTTAVVTNPKE	4	sp|P02766|TTHY_HUMAN	0.010062893	0.9728591838590949	0.9395516761417856	93692.63955688861
TWQDC[+57.021465]EYK	2	sp|P01042|KNG1_HUMAN	0.0054945056	1.0	0.9438120833437162	31489.155526596536
DQYYNIDVPSR	3	sp|Q92954|PRG4_HUMAN	0.0054945056	1.0	0.9939085530103728	17656.059447879492
GFMQTYYDDHLR	3	sp|P55056|APOC4_HUMAN	0.0054945056	1.0	0.891033017294419	41227.97165712126
C[+57.021465]TWLIEGQPNR	2	sp|O75882|ATRN_HUMAN	0.0054945056	1.0	0.9879066439901011	77976.02604964563
RDGYLFQLLR	2	sp|P04196|HRG_HUMAN	0.010062893	0.9728591838590949	0.862765962961528	15510.856630591814
STSESTAALGC[+57.021465]LVK	2	sp|P01859|IGHG2_HUMAN;sp|P01861|IGHG4_HUMAN	0.0054945056	1.0	0.9177386820589691	63910.75876459081
VADALTNAVAHVDDMPNALSALSDLHAHK	5	sp|P69905|HBA_HUMAN	0.0054945056	1.0	0.8784195097567817	430364.39396577
VFSNGADLSGVTEEAPLK	3	sp|P01009|A1AT_HUMAN	0.012121212	0.9586923939928679	0.819061060475021	9769.420020152584
EQLTPLIK	1	sp|P02652|APOA2_HUMAN	0.029545454	0.6244097987733555	0.7109323769689203	679.8506833826754
SGIIFAGHDK	2	sp|Q13449|LSAMP_HUMAN	0.0054945056	1.0	0.8245292454618045	87216.43237703205
ADLFYDVEALDLESPK	3	sp|P04196|HRG_HUMAN	0.009646302	0.9933552810135716	0.8411425996050386	22619.334399279665
QPAVEEPAEVTATVLASR	4	sp|P32942|ICAM3_HUMAN	0.0054945056	1.0	0.9203058132508273	357616.04478353955
SKEQLTPLIK	3	sp|P02652|APOA2_HUMAN	0.009646302	0.9866190731264982	0.8502030987966843	20203.218393105948
GDSVVYGLR	1	sp|P10451|OSTP_HUMAN	0.010062893	0.9728591838590949	0.7633979747381543	2344.223066749845
LRTEGDGVYTLNNEK	2	sp|P00738|HPT_HUMAN	0.010062893	0.9797881705057813	0.9126543143138468	20610.614070152755
GPPFSSSQSIPVVPR	2	sp|Q8IZP9|AGRG2_HUMAN	0.0054945056	1.0	0.8053949919706229	67902.55810699656
SEAAC[+57.021465]LAAGPGIR	2	sp|O75882|ATRN_HUMAN	0.0054945056	1.0	0.960191849869195	41104.88326951974
TVESITDIR	2	sp|P11279|LAMP1_HUMAN	0.010062893	0.9797881705057813	0.973490597134396	164745.12491892852
FATTFYQHLADSK	2	sp|P01008|ANT3_HUMAN	0.0054945056	1.0	0.9525411957920087	1925855.9456441076
ATLVC[+57.021465]LISDFYPGAVTVAWK	3	sp|B9A064|IGLL5_HUMAN;sp|P0CG04|IGLC1_HUMAN;sp|P0DOX8|IGL1_HUMAN;sp|P0DOY2|IGLC2_HUMAN;sp|P0DOY3|IGLC3_HUMAN	0.009646302	0.9933552810135716	0.8747394743269766	3389.8121164745617
LAADDFR	1	sp|O76013|KRT36_HUMAN;sp|O76014|KRT37_HUMAN;sp|O76015|KRT38_HUMAN;sp|P02533|K1C14_HUMAN;sp|P05783|K1C18_HUMAN;sp|P08727|K1C19_HUMAN;sp|P08779|K1C16_HUMAN;sp|P13645|K1C10_HUMAN;sp|P13646|K1C13_HUMAN;sp|P19012|K1C15_HUMAN;sp|Q04695|K1C17_HUMAN;sp|Q14525|KT33B_HUMAN;sp|Q14532|K1H2_HUMAN;sp|Q15323|K1H1_HUMAN;sp|Q2M2I5|K1C24_HUMAN;sp|Q7Z3Y7|K1C28_HUMAN;sp|Q92764|KRT35_HUMAN	0.0054945056	1.0	0.9284613371605344	30470.838915383567
LYGSEAFATDFQDSAAAK	2	sp|P01011|AACT_HUMAN	0.011002445	0.9658285256870233	0.9072157703141163	17255.398217041788
DTATLSWGLPK	2	sp|O00533|NCHL1_HUMAN	0.0054945056	1.0	0.893021333838067	43345.86420221225
GTQEQDFYVTSETVVR	2	sp|P05154|IPSP_HUMAN	0.0054945056	1.0	0.7047186782401944	307790.10015087697
EQLGEFYEALDC[+57.021465]LR	2	sp|P02763|A1AG1_HUMAN	0.029545454	1.0	0.9566282176319948	7754677.800779881
C[+57.021465]EDLETQTQSEK	2	sp|O00592|PODXL_HUMAN	0.0054945056	1.0	0.9592716478864202	11780.947412664726
KWQEEMELYR	3	sp|P02647|APOA1_HUMAN	0.0054945056	1.0	0.779686776922163	7322.943123202281
IQYQLVDISQDNALR	2	sp|Q9H299|SH3L3_HUMAN	0.0054945056	1.0	0.953807715058586	564085.6919232345
LEDMEQALSPSVFK	3	sp|P05155|IC1_HUMAN	0.0054945056	1.0	0.9218232152640955	367383.4335975824
YLDFVFAVK	2	sp|P13473|LAMP2_HUMAN	0.009646302	0.9866190731264982	0.8880996108647705	3056.340770839807
EDC[+57.021465]VEIYIK	2	sp|P14151|LYAM1_HUMAN	0.009646302	0.9933552810135716	0.9888825493791072	38644.01969019398
VLDAVRGSPAINVAVHVFR	3	sp|P02766|TTHY_HUMAN	0.0054945056	1.0	0.9054492839701688	184234.01182510649
EPQVYTLPPSR	3	sp|P01857|IGHG1_HUMAN;sp|P01859|IGHG2_HUMAN;sp|P01860|IGHG3_HUMAN;sp|P0DOX5|IGG1_HUMAN	0.029545454	0.5462099337781654	0.7842910837274111	1094.2486112199415
ITPNLAEFAFSLYR	2	sp|P01009|A1AT_HUMAN	0.009646302	0.9866190731264982	0.9576634077348184	465914.67605411017
ALDLINKR	2	sp|P04196|HRG_HUMAN	0.0054945056	1.0	0.9669479003280513	259113.12735605944
NSVIKVPMMNSK	3	sp|P05155|IC1_HUMAN	0.0054945056	1.0	0.9348850781794092	124631.14958080435
EILSVDC[+57.021465]STNNPSQAK	2	sp|P10909|CLUS_HUMAN	0.010062893	0.9728591838590949	0.7822546747134423	12379.586437321668
AIMEKLEMSK	3	sp|P05155|IC1_HUMAN	0.0054945056	1.0	0.9780134424618862	22025.385310257974
YFHHNSDFHIPK	2	sp|O75015|FCG3B_HUMAN	0.024054984	0.7955364837549187	0.9547447252931358	5512.307099303229
YFHHNSDFYIPK	2	sp|P08637|FCG3A_HUMAN	0.0054945056	1.0	0.93902640574908	290282.9707358868
VETNMAFSPFSIASLLTQVLLGAGENTK	4	sp|P05155|IC1_HUMAN	0.011002445	0.9658285256870233	0.8301150129865704	1266.440247081847
ESEPQAAAEPAEAK	2	sp|P80723|BASP1_HUMAN	0.009646302	0.9933552810135716	0.8764922947181104	906.8572946437865
DDLYVSDAFHK	2	sp|P01008|ANT3_HUMAN	0.0054945056	1.0	0.9597201975415468	477276.16023357783
LTQLNLDR	2	sp|P07359|GP1BA_HUMAN	0.010062893	0.9728591838590949	0.9399257336879051	12518.96225823206
DYFM[+15.994915]PC[+57.021465]PGR	2	sp|P02790|HEMO_HUMAN	0.009646302	0.9933552810135716	0.9808224738698526	4045.2268745338038
DVSSSVYSTWK	2	sp|P10721|KIT_HUMAN	0.009646302	0.9933552810135716	0.9326820691396872	21686.913894719262
IISLDEER	2	sp|P23467|PTPRB_HUMAN	0.010062893	0.9728591838590949	0.8746028950958857	7430.472873151663
C[+57.021465]SPHLVLSALTSDNHGATYAFSGTHYWR	4	sp|P02790|HEMO_HUMAN	0.009646302	0.9933552810135716	0.9061598135255344	864622.3604470467
LVVEWQLQDDK	2	sp|P61916|NPC2_HUMAN	0.0054945056	1.0	0.8719131218919814	10362.101714531793
LGMFNIQHC[+57.021465]K	2	sp|P01009|A1AT_HUMAN	0.0054945056	1.0	0.9669092130319922	40496.652795405724
SGAQATWTELPWPHEK	3	sp|P02790|HEMO_HUMAN	0.010062893	0.9728591838590949	0.8503562165005251	8615.974551302093
YWNDC[+57.021465]EPPDSR	2	sp|P04196|HRG_HUMAN	0.009646302	0.9933552810135716	0.8830081512457768	6570.615162832762
VPPTLEVTQQPVR	2	sp|P78324|SHPS1_HUMAN;sp|Q5TFQ8|SIRBL_HUMAN	0.009646302	0.9933552810135716	0.8692810413386121	4728.654049628561
GNLMGGWK	2	sp|P23435|CBLN1_HUMAN;sp|Q8IUK8|CBLN2_HUMAN	0.0054945056	1.0	0.94834507718391	469771.46252874256
QNQC[+57.021465]FYNSSYLNVQR	2	sp|P19652|A1AG2_HUMAN	0.0054945056	1.0	0.979303373182047	285543.10168332804
ASVDSGSSEEQGGSSR	2	sp|P01833|PIGR_HUMAN	0.0054945056	1.0	0.9478573749556773	21815.02544577297
VLDAVRGSPAINVAVHVFR	4	sp|P02766|TTHY_HUMAN	0.0054945056	1.0	0.9520019871564581	260656.55892892546
TLM[+15.994915]FGSYLDDEK	2	sp|P19652|A1AG2_HUMAN	0.009646302	0.9933552810135716	0.9692106505347204	562049.6165177643
VAAEDWK	2	sp|P01876|IGHA1_HUMAN;sp|P01877|IGHA2_HUMAN;sp|P0DOX2|IGA2_HUMAN	0.020642202	0.8159995903747699	0.7425047216332435	107.88395691782368
MEPFHFK	2	sp|P05155|IC1_HUMAN	0.0054945056	1.0	0.9622535554635827	6514522.269630574
FLEQQNQVLQTK	2	sp|P04264|K2C1_HUMAN;sp|P35908|K22E_HUMAN;sp|Q7Z794|K2C1B_HUMAN	0.009646302	0.9933552810135716	0.9598712461792709	6949.282164014044
RVAEGTQVLELPFK	3	sp|P01008|ANT3_HUMAN	0.010062893	0.9797881705057813	0.942587228279899	49335.52325266971
YTIAALLSPYSYSTTAVVTNPKE	4	sp|P02766|TTHY_HUMAN	0.012775842	0.9440873193926883	0.9132230298811632	9977.995813476698
GGSIQQYIYK	2	sp|Q92954|PRG4_HUMAN	0.009646302	0.9933552810135716	0.9641021151326963	7504.15379171626
ALFLETEQLK	2	sp|Q13740|CD166_HUMAN	0.0054945056	1.0	0.9100858199385025	76986.3988996347
SGFPQVSMFFTHTFPK	3	sp|P04196|HRG_HUMAN	0.009646302	0.9933552810135716	0.8993174430113661	81847.63870444534
HTLNQIDEVK	3	sp|P02765|FETUA_HUMAN	0.0054945056	1.0	0.9228019069281397	27249.320169958497
HTFMGVVSLGSPSGEVSHPR	3	sp|P02765|FETUA_HUMAN	0.0054945056	1.0	0.933205431740993	264941.7897679512
GSLGGGFSSGGFSGGSFSR	2	sp|P13645|K1C10_HUMAN	0.010062893	0.9797881705057813	0.8425680284736461	13739.32944320851
QVILTLQPTLVAVGK	3	sp|P13598|ICAM2_HUMAN	0.009646302	0.9866190731264982	0.989121633479048	121950.64999214529
TVPLAVLQLR	2	sp|P23467|PTPRB_HUMAN	0.012775842	0.9440873193926883	0.7779682804858876	2264.691776041035
TVGSDTFYSFK	2	sp|P01042|KNG1_HUMAN	0.0054945056	1.0	0.8808955756925366	12606.953044692194
LTGSSGFVTDGPGNYK	2	sp|O75882|ATRN_HUMAN	0.0054945056	1.0	0.9516249248941591	2776859.292734692
EQLGEFYEALDC[+57.021465]LRIPK	3	sp|P02763|A1AG1_HUMAN	0.0054945056	1.0	0.8734064866196367	53653.47201842274
APEQEQAAPGPAAGGEAPK	2	sp|P80723|BASP1_HUMAN	0.0054945056	1.0	0.9166431351206897	125360.94513563935
DGWHSWPIAHQWPQGPSAVDAAFSWEEK	5	sp|P02790|HEMO_HUMAN	0.0054945056	1.0	0.716978185466184	72934.45905699399
ITDVIPSEAINELTVLVLVNTIYFK	4	sp|P01008|ANT3_HUMAN	0.0054945056	1.0	0.971197326953305	846866.5094410274
SGAQATWTELPWPHEK	4	sp|P02790|HEMO_HUMAN	0.025142858	0.7848914682405913	0.7005482387114508	2575.5466393528322
YFIDFVAR	2	sp|P01042|KNG1_HUMAN	0.010062893	0.9797881705057813	0.9583933065487601	394484.85984979395
LEDM[+15.994915]EQALSPSVFK	2	sp|P05155|IC1_HUMAN	0.0054945056	1.0	0.8835591620511198	62030.484677476896
NMQDMVEDYR	2	sp|P04264|K2C1_HUMAN	0.012775842	0.9290085173289965	0.9131922146025541	26504.469032441484
SYYWIGIR	2	sp|P14151|LYAM1_HUMAN	0.010062893	0.9797881705057813	0.963252728094992	397586.1768025247
AEELSIQVSC[+57.021465]R	2	sp|Q9Y5Y7|LYVE1_HUMAN	0.0054945056	1.0	0.9813201489362147	86338.86300507897
TC[+57.021465]PKPDDLPFSTVVPLK	4	sp|P02749|APOH_HUMAN	0.011002445	0.9658285256870233	0.878474550968846	58078.88855667541
YVSELHLTR	2	sp|P10721|KIT_HUMAN	0.009646302	0.9866190731264982	0.909365602709134	22620.824978204655
YEGSYALTSEEAER	2	sp|O95810|CAVN2_HUMAN	0.0054945056	1.0	0.804339460983668	81474.53029790448
GFSGIFEDR	2	sp|P09619|PGFRB_HUMAN	0.010062893	0.9797881705057813	0.9042190852369747	3723.693871188269
DIAPTLTLYVGK	2	sp|P00738|HPT_HUMAN;sp|P00739|HPTR_HUMAN	0.0054945056	1.0	0.9806715599396072	586957.7173907765
NTLYLQMNSLR	2	sp|A0A0B4J1X5|HV374_HUMAN;sp|A0A0C4DH42|HV366_HUMAN;sp|P01764|HV323_HUMAN;sp|P01767|HV353_HUMAN;sp|P01768|HV330_HUMAN;sp|P01772|HV333_HUMAN;sp|P0DP02|HVC33_HUMAN;sp|P0DP03|HVC05_HUMAN	0.009646302	0.9933552810135716	0.8617423902299008	21759.802099826527
SDVMYTDWKK	3	sp|P19652|A1AG2_HUMAN	0.0054945056	1.0	0.8668223129455319	15585.866665948735
FSGSNSGNTATLTISR	2	sp|A0A075B6K5|LV39_HUMAN;sp|P80748|LV321_HUMAN	0.0054945056	1.0	0.8022637050151532	137518.11896336358
WQEEMELYR	2	sp|P02647|APOA1_HUMAN	0.009646302	0.9933552810135716	0.8691583711791611	8484.984010739172
IASFSQNC[+57.021465]DIYPGK	2	sp|P01042|KNG1_HUMAN	0.0054945056	1.0	0.966302435001549	1475343.8234225847
M[+15.994915]TVTDQVNC[+57.021465]PK	2	sp|P05090|APOD_HUMAN	0.0054945056	1.0	0.7653167991460695	2939.027236132932
LINDYVK	2	sp|P01011|AACT_HUMAN	0.010062893	0.9728591838590949	0.9826543941896151	10492.024060205764
IHWESASLLR	3	sp|P01024|CO3_HUMAN	0.0054945056	1.0	0.8756106483264864	16777.18942413966
AFIQLWAFDAVK	2	sp|P02760|AMBP_HUMAN	0.0054945056	1.0	0.9580611479279114	100942.67930171934
WTFEILDETNENK	2	sp|P10721|KIT_HUMAN	0.010062893	0.9866190731264982	0.8962035978194045	28535.729055824526
FIC[+57.021465]PLTGLWPINTLK	3	sp|P02749|APOH_HUMAN	0.0054945056	1.0	0.963110224048544	20467038.7425048
GPLQLER	2	sp|P02750|A2GL_HUMAN	0.011002445	0.9658285256870233	0.8187395405076232	5669.461136017286
SVDIWLR	2	sp|P15151|PVR_HUMAN	0.0054945056	1.0	0.9506178992811122	160476.99980247152
NIQSLEVIGK	2	sp|P02775|CXCL7_HUMAN	0.020642202	0.8159995903747699	0.9757586212027959	12653.885145181981
AATGEC[+57.021465]TATVGK	2	sp|P01042|KNG1_HUMAN	0.0054945056	1.0	0.9622992951210034	31886.844828737223
DVYVVTDQIPVFVTMFQK	3	sp|Q14956|GPNMB_HUMAN	0.0054945056	1.0	0.9022691730733957	100402.39735056626
SKLPGIVAEGRDDLYVSDAFHK	4	sp|P01008|ANT3_HUMAN	0.0054945056	1.0	0.9584320648255406	248907.1752053257
VMTPAVYAPYDVK	2	sp|O00533|NCHL1_HUMAN	0.009646302	0.9933552810135716	0.9788388391734992	20906.90841439489
NHNALLASLTTQK	3	sp|O75882|ATRN_HUMAN	0.0054945056	1.0	0.8844399319632241	63834.60550204823
TTPPVLDSDGSFFLYSK	3	sp|P01857|IGHG1_HUMAN;sp|P0DOX5|IGG1_HUMAN	0.0054945056	1.0	0.7780336673378477	45090.94666256799
DLMEKVK	2	sp|P02652|APOA2_HUMAN	0.0054945056	1.0	0.9342287468885171	263205.45291844563
TSESGELHGLTTEEEFVEGIYK	3	sp|P02766|TTHY_HUMAN	0.010062893	0.9866190731264982	0.9278105218103279	157391.6955923095
ETSLTVNK	1	sp|Q92954|PRG4_HUMAN	0.0054945056	1.0	0.7491358770246025	2981.239945783933
GFQQLLQELNQPR	2	sp|P05154|IPSP_HUMAN	0.007751938	1.0	0.8595503936775478	156181.62523535182
WYNLAIGSTC[+57.021465]PWLK	2	sp|P02760|AMBP_HUMAN	0.010062893	0.9797881705057813	0.9306767696685884	230871.16785614946
AVLDVFEEGTEASAATAVK	3	sp|P01011|AACT_HUMAN	0.011002445	0.9658285256870233	0.9377429028742541	258410.94745141195
HSWTIPEDGNSQK	3	sp|Q13201|MMRN1_HUMAN	0.010062893	0.9866190731264982	0.8130532952046594	5385.519848222141
NWGLSFYADKPETTK	3	sp|P19652|A1AG2_HUMAN	0.007751938	1.0	0.9328376869105186	104769.24553173507
ILGGHLDAK	2	sp|P00738|HPT_HUMAN;sp|P00739|HPTR_HUMAN	0.007751938	1.0	0.9841969388393301	1208486.6739897067
NPNLPPETVDSLK	3	sp|P05090|APOD_HUMAN	0.007751938	1.0	0.7066160234292376	18693.106058264184
ELELQIGNALFIGK	3	sp|P05543|THBG_HUMAN	0.007751938	1.0	0.7056008367945817	35734.383452313676
TFPGFFSPMLGEFVSETESR	3	sp|P02671|FIBA_HUMAN	0.007751938	1.0	0.7821194123656037	93646.25241441406
ILLDEQAQWK	2	sp|P13598|ICAM2_HUMAN	0.007751938	1.0	0.9563445929193805	412040.7533043605
HIQETEWQSQEGK	2	sp|Q14515|SPRL1_HUMAN	0.007751938	1.0	0.922023660336604	106003.02947191232
GAQTQTEEEMTR	2	sp|Q12841|FSTL1_HUMAN	0.009646302	0.9933552810135716	0.8026580361659191	1598.3694163399512
LLGLSLAGK	2	sp|Q9Y5Y7|LYVE1_HUMAN	0.010062893	0.9728591838590949	0.9778878392283398	557451.4188264394
HLVALSPK	2	sp|P08185|CBG_HUMAN	0.010062893	0.9797881705057813	0.9578208344785394	488.34689945202035
MEEVEAMLLPETLKR	3	sp|P01011|AACT_HUMAN	0.007751938	1.0	0.8728721020384796	96823.24417177374
DLATVYVDVLK	2	sp|P02647|APOA1_HUMAN	0.009646302	0.9933552810135716	0.9258313100300568	80966.80444991756
SVNNVVVR	2	sp|O75882|ATRN_HUMAN	0.007751938	1.0	0.9894174233660165	350395.1472768227
VMPIC[+57.021465]LPSK	2	sp|P00738|HPT_HUMAN;sp|P00739|HPTR_HUMAN	0.007751938	1.0	0.9322858695410724	429103.8456305508
AVLHIGEK	1	sp|P05543|THBG_HUMAN	0.012121212	0.9586923939928679	0.8668296567677236	449.976886574368
VAEGTQVLELPFK	3	sp|P01008|ANT3_HUMAN	0.012775842	0.9366095275687156	0.8649658512007764	5919.318388042751
GIYSFSFHVIK	2	sp|Q9NTU7|CBLN4_HUMAN	0.010062893	0.9728591838590949	0.8094406314078171	2648.8204354640766
GTWTQPFDLASTR	3	sp|P08185|CBG_HUMAN	0.009646302	0.9933552810135716	0.9003759463922391	8289.931559113093
LSFQEFLK	2	sp|Q12841|FSTL1_HUMAN	0.010062893	0.9797881705057813	0.8811621228146861	11764.263743472617
VTGNPGDEEFIEPSTENEFGLTSLR	3	sp|Q9ULI3|HEG1_HUMAN	0.007751938	1.0	0.9431257881128591	932597.6418049154
DEELSC[+57.021465]TVVELK	2	sp|P01011|AACT_HUMAN	0.007751938	1.0	0.9501609165786564	526476.4887795603
YEELQITAGR	2	sp|P04259|K2C6B_HUMAN;sp|P04264|K2C1_HUMAN	0.007751938	1.0	0.7417108686780822	4882.138536009756
ETC[+57.021465]FAEEGKK	2	sp|P02768|ALBU_HUMAN	0.011002445	0.9658285256870233	0.8862811177444477	1885.3776394282484
SETEIHQGFQHLHQLFAK	3	sp|P08185|CBG_HUMAN	0.007751938	1.0	0.9708649450499974	2842507.7688240223
SPELQAEAK	2	sp|P02652|APOA2_HUMAN	0.007751938	1.0	0.9845579438986285	56375.29362030332
EGQMESVEAAMSSK	2	sp|P05543|THBG_HUMAN	0.007751938	1.0	0.8143931631803061	48867.89663580712
EQYAVVGHSAHIVTLK	4	sp|O75882|ATRN_HUMAN	0.010062893	0.9728591838590949	0.9207120989473948	94339.31286310568
ALQATVGNSYK	2	sp|P11279|LAMP1_HUMAN	0.010062893	0.9866190731264982	0.9358053290901828	50141.851861009636
DLDMFINASK	2	sp|O75882|ATRN_HUMAN	0.009646302	0.9933552810135716	0.8557492545495636	7018.574173206822
ESLSSYWESAK	2	sp|P02655|APOC2_HUMAN	0.009646302	0.9933552810135716	0.9611335283068262	581803.8744643956
ATFNPAQDK	2	sp|O00592|PODXL_HUMAN	0.007751938	1.0	0.9364048807833663	64769.17726865447
FLQSFAR	2	sp|Q13201|MMRN1_HUMAN	0.010062893	0.9728591838590949	0.9154580288386082	15081.62013320516
GSSSSPLGISVR	3	sp|Q9NTU7|CBLN4_HUMAN	0.020642202	0.8258516653955662	0.8225465239982778	6197.446660349518
VWPQQPSGELFEIEIDTLETTC[+57.021465]HVLDPTPVAR	5	sp|P02765|FETUA_HUMAN	0.010062893	0.9728591838590949	0.9730240588302262	2605.3941472320594
EAQDTSDGIIQK	2	sp|P18850|ATF6A_HUMAN	0.007751938	1.0	0.9487279323365894	3386.5054090781123
TEDSSSFLIDK	2	sp|P05543|THBG_HUMAN	0.007751938	1.0	0.959350735905883	240507.28701694164
EVDSDAYYVYR	2	sp|P09619|PGFRB_HUMAN	0.009646302	0.9933552810135716	0.8242996994836636	8932.655460149354
RDPPQYPVVPVHLDR	4	sp|P10153|RNAS2_HUMAN	0.007751938	1.0	0.7967097251705062	285124.80850359396
TLLVFEVQQPFLFVLWDQQHK	4	sp|P05155|IC1_HUMAN	0.007751938	1.0	0.9034753789596298	2836.58201493824
TYM[+15.994915]LAFDVNDEK	2	sp|P02763|A1AG1_HUMAN	0.009646302	0.9933552810135716	0.9559345923273368	5579424.6463884525
REPAVGEPAEVTTTVLVR	2	sp|P05362|ICAM1_HUMAN	0.009646302	0.9933552810135716	0.8974750650709312	59457.834325490214
NIFISPVSISMALAMLSLGTC[+57.021465]GHTR	3	sp|P08185|CBG_HUMAN	0.007751938	1.0	0.9238906518756753	121824.03592678861
AQVSPTASDMLHMR	3	sp|Q6UXB8|PI16_HUMAN	0.010062893	0.9797881705057813	0.9774829012773487	168877.18822516728
LSSVTAADTAVYYC[+57.021465]AR	2	sp|A0A075B6R2|HV404_HUMAN;sp|A0A087WSY4|HV432_HUMAN;sp|A0A0C4DH41|HV461_HUMAN;sp|P01824|HV439_HUMAN;sp|P01825|HV459_HUMAN;sp|P06331|HV434_HUMAN;sp|P0DP06|HVD34_HUMAN;sp|P0DP07|HV431_HUMAN;sp|P0DP08|HVD82_HUMAN	0.010062893	0.9728591838590949	0.9061617971139052	24185.134862743384
DAVEDLESVGK	2	sp|P81605|DCD_HUMAN	0.009646302	1.0	0.9313855617676442	41263.46692419894
GSPAINVAVHVFR	2	sp|P02766|TTHY_HUMAN	0.009646302	1.0	0.9344104530091594	196988.6993463009
KGIYSFSFHVIK	2	sp|Q9NTU7|CBLN4_HUMAN	0.009646302	1.0	0.7894883105211146	44877.379334598256
EVPLNTIIFMGR	3	sp|P01008|ANT3_HUMAN	0.017281106	0.8540617215638593	0.7983263877475866	8676.228529706164
SETEIHQGFQHLHQLFAK	4	sp|P08185|CBG_HUMAN	0.009646302	1.0	0.9258425559386664	9925720.651123729
LMVELHNLYR	3	sp|Q6UXB8|PI16_HUMAN	0.012775842	0.9290085173289965	0.7797476923066954	7212.468284600934
FKLDDDLEHQGGHVLDHGHK	4	sp|P01042|KNG1_HUMAN	0.009646302	1.0	0.8536468982268698	27871.807219940903
NQILNLTTDNANILLQIDNAR	3	sp|P13645|K1C10_HUMAN	0.010062893	0.9866190731264982	0.8335476112404075	52828.06182453864
YDVDTQMWTILK	2	sp|O75882|ATRN_HUMAN	0.010062893	0.9866190731264982	0.9432576489078826	964558.9337090839
ENEGFTVTAEGK	2	sp|P01024|CO3_HUMAN	0.009646302	0.9933552810135716	0.8928176691724882	12671.122655688156
TGDTIEFMC[+57.021465]K	2	sp|Q02985|FHR3_HUMAN;sp|Q92496|FHR4_HUMAN	0.009646302	1.0	0.9489068377520211	91036.5485636277
GSFPWQAK	1	sp|P00738|HPT_HUMAN;sp|P00739|HPTR_HUMAN	0.009646302	1.0	0.7058467090800545	34745.6930401871
LGNFPWQAFTSIHGR	3	sp|Q9NZP8|C1RL_HUMAN	0.009646302	0.9933552810135716	0.744471128389561	3126.029405576828
YVMLPVADQDQC[+57.021465]IR	2	sp|P00738|HPT_HUMAN	0.010062893	0.9797881705057813	0.944850590696176	680949.5786833782
ESNEELTESC[+57.021465]ETK	2	sp|P01042|KNG1_HUMAN	0.009646302	1.0	0.8667493421945369	12694.428261421013
RVWELSK	2	sp|P01008|ANT3_HUMAN	0.009646302	1.0	0.943200876297653	378142.9499649109
EITVATGGFIYTGEVVHR	3	sp|Q6UX71|PXDC2_HUMAN	0.009646302	1.0	0.9221200221067873	5303.266604805871
QPAVEEPAEVTATVLASR	3	sp|P32942|ICAM3_HUMAN	0.009646302	1.0	0.8188138861233566	99773.41515219348
AVVFLEPQWYR	2	sp|P08637|FCG3A_HUMAN	0.009646302	1.0	0.9866690863964028	1304147.145224636
HTFM[+15.994915]GVVSLGSPSGEVSHPR	3	sp|P02765|FETUA_HUMAN	0.009646302	1.0	0.9194114521883054	41351.871390633685
YLTWASR	2	sp|P01876|IGHA1_HUMAN;sp|P01877|IGHA2_HUMAN;sp|P0DOX2|IGA2_HUMAN	0.009646302	1.0	0.7882902300522343	147598.56112022858
QEPSQGTTTFAVTSILR	3	sp|P01876|IGHA1_HUMAN	0.010062893	0.9728591838590949	0.9536182023618963	179471.42903334537
DASGATFTWTPSSGK	2	sp|P01877|IGHA2_HUMAN;sp|P0DOX2|IGA2_HUMAN	0.010062893	0.9866190731264982	0.9238507587827715	78262.57257972658
LLQDEFPGIPSPLDAAVEC[+57.021465]HR	3	sp|P02790|HEMO_HUMAN	0.009646302	1.0	0.923713046323367	9694063.97209677
NIFISPVSISMALAMLSLGTC[+57.021465]GHTR	4	sp|P08185|CBG_HUMAN	0.009646302	1.0	0.9103485172858964	5061.2746032055875
GVTSVSQIFHSPDLAIR	4	sp|P05155|IC1_HUMAN	0.009646302	0.9933552810135716	0.9197287190650029	4929.622492053561
KYPVAHFIDQTLK	2	sp|P05155|IC1_HUMAN	0.009646302	1.0	0.9634087177243714	1051547.344858175
VKSPELQAEAK	3	sp|P02652|APOA2_HUMAN	0.009646302	1.0	0.9774881827732564	133037.62752682238
LHMLQISYFR	3	sp|Q9UNN8|EPCR_HUMAN	0.009646302	1.0	0.9388601827087283	21238.7289508372
LALDLEIATYR	2	sp|P04264|K2C1_HUMAN	0.009646302	1.0	0.9469114896433891	74543.69325772284
GDEC[+57.021465]QLC[+57.021465]EVENR	2	sp|O75882|ATRN_HUMAN	0.028538812	1.0	0.9042576354317735	96256.07764881154
SLTVSLGPVSK	2	sp|Q9ULI3|HEG1_HUMAN	0.010062893	0.9866190731264982	0.9155974776453463	1102.463226227532
FNQPFIIM[+15.994915]IFDHFTWSSLFLAR	4	sp|P08185|CBG_HUMAN	0.009646302	1.0	0.9113960798003796	293379.14452379075
KGEVLPLPEANFPSFPLPHHK	3	sp|P04196|HRG_HUMAN	0.009646302	1.0	0.7601829138738077	85386.04853397576
IADAHLDR	2	sp|P04196|HRG_HUMAN	0.009646302	1.0	0.9751150262055565	44287.74488575007
YVGGQEHFAHLLILRDTK	5	sp|P02763|A1AG1_HUMAN	0.009646302	1.0	0.8483716198718372	133913.20369486854
GPSVFPLAPSSK	2	sp|P01857|IGHG1_HUMAN;sp|P0DOX5|IGG1_HUMAN	0.009646302	1.0	0.9813412281965502	1081169.1265818581
AYLEEEC[+57.021465]PATLR	2	sp|P25311|ZA2G_HUMAN	0.02178899	0.9933552810135716	0.9507624603765928	17381.824510978367
QQTHMLDVMQDHFSR	2	sp|P10909|CLUS_HUMAN	0.009646302	1.0	0.7454844185052405	30495.857887878163
YGEGDSLTLQQLK	2	sp|Q15043|S39AE_HUMAN	0.009646302	0.9933552810135716	0.859568639084956	4086.4456739496563
LLQDEFPGIPSPLDAAVEC[+57.021465]HR	4	sp|P02790|HEMO_HUMAN	0.009646302	1.0	0.7907331919075812	151836.29587979917
DYWSTVK	1	sp|P02656|APOC3_HUMAN	0.009646302	1.0	0.9724089175084221	708792.6580789507
DLQFVEVTDVK	2	sp|P02751|FINC_HUMAN	0.009646302	1.0	0.9680095073275012	13209.788929608898
RYTIAALLSPYSYSTTAVVTNPKE	3	sp|P02766|TTHY_HUMAN	0.010062893	0.9728591838590949	0.9337744792783487	311637.51585819107
KPDGYDYYAFSK	2	sp|Q92954|PRG4_HUMAN	0.010062893	0.9728591838590949	0.9485004275185996	12710.75867528984
YVM[+15.994915]LPVADQDQC[+57.021465]IR	2	sp|P00738|HPT_HUMAN	0.010062893	0.9797881705057813	0.8967253803949462	2164.8125619806397
YQDLYTVEPNNAR	2	sp|P54289|CA2D1_HUMAN	0.012775842	0.9440873193926883	0.8518531796736465	285.23490580056324
LQHLENELTHDIITK	3	sp|P01009|A1AT_HUMAN	0.009646302	1.0	0.8826735640191834	603387.9149975769
ITGKWFYIASAFR	2	sp|P02763|A1AG1_HUMAN;sp|P19652|A1AG2_HUMAN	0.009646302	1.0	0.9426611181072632	1068667.8915903082
SFTIEC[+57.021465]R	2	sp|P13598|ICAM2_HUMAN	0.009646302	1.0	0.9891951588890042	253268.5783993964
AEGPEVDVNLPK	2	sp|Q09666|AHNK_HUMAN	0.012775842	0.9212790999005022	0.8404849881267363	8679.885387325929
GLASANVDFAFSLYK	2	sp|P08185|CBG_HUMAN	0.009646302	1.0	0.9621427188910423	5726492.960053691
SAVQGPPER	1	sp|P01876|IGHA1_HUMAN;sp|P01877|IGHA2_HUMAN	0.009646302	1.0	0.7364439443505868	2195.7825789660697
NQVSLTC[+57.021465]LVK	2	sp|P01857|IGHG1_HUMAN;sp|P01859|IGHG2_HUMAN;sp|P01860|IGHG3_HUMAN;sp|P01861|IGHG4_HUMAN;sp|P0DOX5|IGG1_HUMAN	0.009646302	1.0	0.894580758928906	257478.157895896
VAAEDWK	1	sp|P01876|IGHA1_HUMAN;sp|P01877|IGHA2_HUMAN;sp|P0DOX2|IGA2_HUMAN	0.010062893	0.9797881705057813	0.9612917067696091	5488.030095193191
MEPFHFK	1	sp|P05155|IC1_HUMAN	0.012775842	0.9054124614333342	0.8875375339944788	13263.354336284705
C[+57.021465]INQLLC[+57.021465]K	2	sp|P49908|SEPP1_HUMAN	0.009646302	1.0	0.8198370558183323	30118.152639022737
LESEETMVLEAHDAQGDVPVTVTVHDFPGK	4	sp|P01024|CO3_HUMAN	0.009646302	1.0	0.9500382566123515	656543.8298359225
FDTISEK	1	sp|P01008|ANT3_HUMAN	0.011002445	0.9658285256870233	0.9024080745101561	3967.716490405556
SILFLGK	2	sp|P05543|THBG_HUMAN	0.009646302	1.0	0.913047343416051	242778.32754372124
VLNQELR	1	sp|P05090|APOD_HUMAN	0.010062893	0.9728591838590949	0.9843032083135494	5849.265414504219
NTWSILHTQGALVQGGYGHSSVYDHR	4	sp|O75882|ATRN_HUMAN	0.009646302	1.0	0.9323095167302138	8111924.9179268945
IVDLFSGLDSPAILVLVNYIFFK	4	sp|P08185|CBG_HUMAN	0.010062893	0.9797881705057813	0.8313484295146536	831.2770343806786
SASLHLPK	1	sp|P01009|A1AT_HUMAN	0.010062893	0.9728591838590949	0.9799279354121228	7233.607429210098
MEEVEAMLLPETLK	3	sp|P01011|AACT_HUMAN	0.010062893	0.9866190731264982	0.9760456443470769	1927.1016489041665
FLNVLSPR	2	sp|P17936|IBP3_HUMAN	0.009646302	1.0	0.9633486979473649	574886.9299423477
C[+57.021465]SPHLVLSALTSDNHGATYAFSGTHYWR	6	sp|P02790|HEMO_HUMAN	0.009646302	0.9933552810135716	0.868566440904282	14439.87405030245
ATEHLSTLSEK	2	sp|P02647|APOA1_HUMAN	0.009646302	1.0	0.9312037867561714	83891.34780095248
SDVMYTDWKKDK	3	sp|P19652|A1AG2_HUMAN	0.010062893	0.9866190731264982	0.9214595685107867	9998.341717031319
KLVAASQAALGL	2	sp|P02768|ALBU_HUMAN	0.010062893	0.9866190731264982	0.980643984695951	413127.56357497524
LSPLGEEMR	2	sp|P02647|APOA1_HUMAN	0.010062893	0.9797881705057813	0.965974065827257	95412.56828016968
EVGTPHGIILDSVDAAFIC[+57.021465]PGSSR	4	sp|P02790|HEMO_HUMAN	0.010062893	0.9797881705057813	0.9305592238804643	505821.2676327566
DGTFPLPIGESVTVTR	2	sp|P05362|ICAM1_HUMAN	0.009646302	1.0	0.9365117426542647	941853.6947889922
TGLEAISNHK	2	sp|Q14515|SPRL1_HUMAN	0.010062893	0.9797881705057813	0.8817371850572601	8591.38085667546
TVVQPSVGAAAGPVVPPC[+57.021465]PGR	3	sp|P02765|FETUA_HUMAN	0.009646302	1.0	0.975031351231919	112957.96934811931
EAATNGVLLYLDK	2	sp|Q9NTU7|CBLN4_HUMAN	0.009646302	1.0	0.9531205889075303	84243.39535142953
QEINSHVEMQTK	2	sp|P05543|THBG_HUMAN	0.009646302	1.0	0.8856840973639016	178178.53982500525
TC[+57.021465]PKPDDLPFSTVVPLK	3	sp|P02749|APOH_HUMAN	0.011002445	0.9658285256870233	0.9231024038624429	197164.74972574186
YPNC[+57.021465]AYR	2	sp|P07998|RNAS1_HUMAN	0.009646302	1.0	0.9388196469284354	117793.72519144304
DTKTYMLAFDVNDEK	2	sp|P02763|A1AG1_HUMAN	0.010062893	0.9728591838590949	0.9298454788624972	208663.48047899822
IKVTTSQDMLSIMEK	2	sp|P05155|IC1_HUMAN	0.010062893	0.9797881705057813	0.9437603682696093	41852.61357934053
YNIAITAVSGGK	2	sp|P23467|PTPRB_HUMAN	0.009646302	1.0	0.8525785590755547	21559.587864711335
ELTPEVLQEWLDELEEMMLVVHMPR	5	sp|P01008|ANT3_HUMAN	0.012775842	0.9134157281067091	0.7174826648121868	21989.368590070244
WFYIASAFR	2	sp|P02763|A1AG1_HUMAN;sp|P19652|A1AG2_HUMAN	0.009646302	1.0	0.9760499631017373	314539.1001926231
SKEEAEALYHSK	3	sp|P35908|K22E_HUMAN	0.009646302	1.0	0.7424965918213879	28547.94650749132
GGGALLGDR	2	sp|P00736|C1R_HUMAN;sp|Q9NZP8|C1RL_HUMAN	0.011002445	0.9658285256870233	0.9469489446353543	7433.9756817592815
VTTVASHTSDSDVPSGVTEVVVK	3	sp|P10909|CLUS_HUMAN	0.009646302	1.0	0.9652802892035424	589954.1719015118
LSSWVLLMK	2	sp|P01009|A1AT_HUMAN	0.010062893	0.9866190731264982	0.956757584188852	22589.234748348863
EQQC[+57.021465]VIMAENR	2	sp|P00747|PLMN_HUMAN;sp|Q02325|PLGB_HUMAN	0.012775842	0.9290085173289965	0.8091532109341237	4029.608570602076
NKEDC[+57.021465]VEIYIK	2	sp|P14151|LYAM1_HUMAN	0.009646302	1.0	0.9459486591359509	348217.6111007332
AEDTAVYYC[+57.021465]AK	2	sp|P01764|HV323_HUMAN;sp|P01768|HV330_HUMAN;sp|P0DP03|HVC05_HUMAN	0.009646302	1.0	0.951063979529752	3101.2632707933367
HYYESEVLAMNFQDWATASR	4	sp|P08185|CBG_HUMAN	0.026255708	0.7004675850791199	0.8443625885196175	5024.069496300315
NALALFVLPK	2	sp|P05543|THBG_HUMAN	0.010062893	0.9866190731264982	0.967924928719107	74902.52563839006
ELISERWK	2	sp|P02790|HEMO_HUMAN	0.010062893	0.9797881705057813	0.9466959415762863	31967.703932353965
ALEESNYELEGK	2	sp|P13645|K1C10_HUMAN	0.009646302	0.9933552810135716	0.9636456748788869	82029.71773859934
ADLSGITGAR	2	sp|P01011|AACT_HUMAN	0.010062893	0.9728591838590949	0.9377085578558565	73352.07295088244
KATVVYQGER	3	sp|P02749|APOH_HUMAN	0.010062893	0.9866190731264982	0.8708997817564641	2564.041957606253
TEDTIFLREYQTR	2	sp|P02763|A1AG1_HUMAN;sp|P19652|A1AG2_HUMAN	0.010062893	0.9866190731264982	0.9369356971871404	55763.51411191134
DAEAWFNEK	2	sp|P13645|K1C10_HUMAN;sp|Q7Z3Y7|K1C28_HUMAN;sp|Q7Z3Y8|K1C27_HUMAN;sp|Q7Z3Z0|K1C25_HUMAN	0.010062893	0.9866190731264982	0.9469784064691146	19643.122695321927
SDVVYTDWKK	3	sp|P02763|A1AG1_HUMAN	0.009646302	1.0	0.9765511828231184	95261.49330587179
AREDIFMETLK	2	sp|P25311|ZA2G_HUMAN	0.009646302	1.0	0.9524404479948945	409805.1959775253
VWFELTQGSITK	2	sp|Q9H8L6|MMRN2_HUMAN	0.009646302	1.0	0.9642834747686251	1316091.8480769512
EWFSETFQK	2	sp|P02654|APOC1_HUMAN	0.01843318	1.0	0.9806623517262801	636311.7169129789
KMTVTDQVNC[+57.021465]PK	2	sp|P05090|APOD_HUMAN	0.009646302	1.0	0.9835285839425733	148506.86654827092
GPGEDFR	1	sp|P41222|PTGDS_HUMAN	0.009646302	1.0	0.9186773227877711	19860.254087737936
LFDSDPITVTVPVEVSR	2	sp|P10909|CLUS_HUMAN	0.019585254	0.9212790999005022	0.8659476543841427	65162.24452845542
EHSSLAFWK	2	sp|P02749|APOH_HUMAN	0.010062893	0.9866190731264982	0.9801308964093907	20786.559616303606
NLMIDIQK	2	sp|Q9BY67|CADM1_HUMAN	0.010062893	0.9728591838590949	0.9619171802722292	43956.74749563051
DSGSYFC[+57.021465]R	2	sp|O75015|FCG3B_HUMAN;sp|P08637|FCG3A_HUMAN	0.020642202	1.0	0.9792426640421485	298949.8034547256
FQPTLLTLPR	3	sp|P05155|IC1_HUMAN	0.017281106	0.8540617215638593	0.8198705871052303	2547.903417364323
FNQPFIIMIFDHFTWSSLFLAR	3	sp|P08185|CBG_HUMAN	0.009646302	1.0	0.9795699272678995	2517436.0937593332
YEGGREHVAHLLFLR	2	sp|P19652|A1AG2_HUMAN	0.009646302	1.0	0.9231873283669412	862616.8633685432
ENFLFLTPDC[+57.021465]K	2	sp|P01042|KNG1_HUMAN	0.009646302	0.9933552810135716	0.9249920874780618	325805.6775990663
VLAPWITETHFK	3	sp|P23467|PTPRB_HUMAN	0.010062893	0.9728591838590949	0.8780719125395918	15776.200837764109
ALGISPFHEHAEVVFTANDSGPR	3	sp|P02766|TTHY_HUMAN	0.010062893	0.9728591838590949	0.9408463445619523	1077479.5887976643
TLYLADTFPTNFR	2	sp|P05154|IPSP_HUMAN	0.009646302	1.0	0.8817185622472522	144256.60168910105
ITDVIPSEAINELTVLVLVNTIYFK	3	sp|P01008|ANT3_HUMAN	0.009646302	1.0	0.9147892113119959	1005777.5808672212
GKEESLDSDLYAELR	2	sp|P02775|CXCL7_HUMAN	0.010062893	0.9797881705057813	0.9482946550255619	5306.516524250852
GYNVNDEK	1	sp|P80723|BASP1_HUMAN	0.026255708	1.0	0.7367165726822579	11738.284199517515
LSITGTYDLK	2	sp|P01009|A1AT_HUMAN	0.010062893	0.9866190731264982	0.9589631383347773	15175.54550904373
DFTC[+57.021465]VHQALK	2	sp|P05155|IC1_HUMAN	0.009646302	0.9933552810135716	0.952344934319986	7347.752529982285
DFVQPPTK	2	sp|P01042|KNG1_HUMAN	0.009646302	1.0	0.9868316697974133	442372.00844754436
YGFIEGHVVIPR	3	sp|P16070|CD44_HUMAN	0.009646302	1.0	0.9508142288262125	6927379.99126212
HITSLEVIK	2	sp|P02776|PLF4_HUMAN;sp|P10720|PF4V_HUMAN	0.010062893	0.9797881705057813	0.9693590779585584	167083.75010755472
DLGEENFK	2	sp|P02768|ALBU_HUMAN	0.009646302	1.0	0.9403253433003312	45191.20122685743
YLTLNTESTR	2	sp|P06276|CHLE_HUMAN	0.012775842	0.9212790999005022	0.7590541098803801	498.2952258842887
TAAQNLYEK	2	sp|P02655|APOC2_HUMAN	0.010062893	0.9797881705057813	0.9731632976932486	65314.70804029507
ETSLTVNK	2	sp|Q92954|PRG4_HUMAN	0.009646302	1.0	0.9792195627440086	61576.0383257945
LWWLDLK	1	sp|P02790|HEMO_HUMAN	0.012775842	0.9514467542496609	0.8458533448662939	18333.013753853993
ALGISPFHEHAEVVFTANDSGPRR	3	sp|P02766|TTHY_HUMAN	0.009646302	1.0	0.9437125992343146	72434.64123360599
