peptide	charge	proteins	q_value	score	spectral_angle	20250418_OA3_Evo07_ViAl_SA_FAIMS40_IO44_A556_MOMI_GBGD_P126_H12_R01.mzML
MTVSTLVLGEGATEAEISMTSTR	3	sp|P02760|AMBP_HUMAN	0.007418398	0.9866190731264982	0.9147574624693268	34062.66471028774
GINQPIIYSIFR	2	sp|Q9HBB8|CDHR5_HUMAN	0.0063965884	1.0	0.7203408092818723	7517.085983269504
LQQDVLQFQK	2	sp|Q8NBJ4|GOLM1_HUMAN	0.0063965884	1.0	0.9838335385121175	25658.83411490863
VPTVEPLDSLTLFLFR	3	sp|P13598|ICAM2_HUMAN	0.0063965884	1.0	0.9221669612641668	774009.6569610317
ILGGHLDAK	1	sp|P00738|HPT_HUMAN;sp|P00739|HPTR_HUMAN	0.0063965884	1.0	0.7240929063504056	3363.7540252393383
SSNTYTLTDVR	2	sp|Q13740|CD166_HUMAN	0.0063965884	0.9933552810135716	0.9249446960805509	9421.569802717573
LGFTDLFSK	2	sp|P29622|KAIN_HUMAN	0.009615385	0.9514467542496609	0.8947215605636317	114.54925446002927
MQILEGLGLNLQK	2	sp|P05154|IPSP_HUMAN	0.0063965884	0.9933552810135716	0.8346130720695294	1454.1164334292516
DTKTLMFGSYLDDEK	2	sp|P19652|A1AG2_HUMAN	0.00794702	0.9728591838590949	0.9042307118625925	35267.69892351821
TSLTVVLLR	2	sp|P32942|ICAM3_HUMAN	0.009615385	0.9514467542496609	0.9587422737387075	6338.789691984308
ITLLSALVETR	2	sp|P01011|AACT_HUMAN	0.0063965884	1.0	0.9547873054721482	1408859.5026443442
DEGTAFLVYGAPGFSK	2	sp|P06276|CHLE_HUMAN	0.007418398	0.9797881705057813	0.861724168676811	25983.011607083565
FPVFMGR	2	sp|P05155|IC1_HUMAN	0.00794702	0.9728591838590949	0.9742654032974266	4118.29483308384
FDPVRGEVPPR	2	sp|P02790|HEMO_HUMAN	0.0063965884	1.0	0.9719624573039667	259381.57033814344
ATVVYQGERVK	3	sp|P02749|APOH_HUMAN	0.008674102	0.9658285256870233	0.7028486908678306	2604.0596865190955
LVGIQIQTLMQK	2	sp|P20061|TCO1_HUMAN	0.0063965884	1.0	0.912849999384721	35200.74183654731
MADEAGSEADHEGTHSTK	2	sp|P02671|FIBA_HUMAN	0.0063965884	1.0	0.9552171118246695	2067.974631182717
ASDTAMYYC[+57.021465]AR	2	sp|A0A0C4DH38|HV551_HUMAN;sp|A0A0J9YXX1|HV5X1_HUMAN	0.0063965884	1.0	0.8062308083484233	501.8843200866552
IGPDNLPYVQILK	3	sp|P11362|FGFR1_HUMAN	0.0063965884	1.0	0.853247850669796	7406.725683256973
QIQVFEDEPAR	2	sp|Q9NPH3|IL1AP_HUMAN	0.0063965884	1.0	0.8911112629716152	1526.3922445424685
EETNEIQVVNEEPQR	2	sp|Q8NBJ4|GOLM1_HUMAN	0.00794702	0.9728591838590949	0.9404778341307518	3477.838193460733
DLDSQTMM[+15.994915]VLVNYIFFK	3	sp|P01011|AACT_HUMAN	0.0063965884	1.0	0.8324408832919171	4177.25649928418
GVLHNEVK	2	sp|Q92954|PRG4_HUMAN	0.0063965884	1.0	0.9748655895652594	96047.23241555659
TFTC[+57.021465]TAAYPESK	2	sp|P01876|IGHA1_HUMAN	0.0063965884	1.0	0.9047455294971688	32943.97769872849
AADDTWEPFASGK	3	sp|P02766|TTHY_HUMAN	0.019318182	0.5678582329614409	0.8563024945483739	10506.979458319243
GEVLPLPEANFPSFPLPHHK	4	sp|P04196|HRG_HUMAN	0.007418398	0.9866190731264982	0.8871746249262954	55400.16682088881
EFGNTLEDK	2	sp|P02654|APOC1_HUMAN	0.0063965884	1.0	0.9414458919747283	315265.2936713665
LEQEIATYR	2	sp|P02533|K1C14_HUMAN;sp|P08727|K1C19_HUMAN;sp|P08779|K1C16_HUMAN;sp|P13646|K1C13_HUMAN;sp|P19012|K1C15_HUMAN;sp|P35900|K1C20_HUMAN;sp|Q04695|K1C17_HUMAN;sp|Q8N1A0|KT222_HUMAN	0.0063965884	1.0	0.8786052898518864	7012.819708856331
SISTAYLQWSSLK	2	sp|A0A0C4DH38|HV551_HUMAN;sp|A0A0J9YXX1|HV5X1_HUMAN	0.0063965884	1.0	0.9054054294548727	26498.115456569267
LLVVYPWTQR	2	sp|P02042|HBD_HUMAN;sp|P02100|HBE_HUMAN;sp|P68871|HBB_HUMAN;sp|P69891|HBG1_HUMAN;sp|P69892|HBG2_HUMAN	0.0063965884	1.0	0.8740728628404039	21186.095085361412
LYLVQGTQVYVFLTK	3	sp|P02790|HEMO_HUMAN	0.0063965884	1.0	0.8760756197151595	67765.64272264008
C[+57.021465]PNPPVQENFDVNK	2	sp|P05090|APOD_HUMAN	0.007418398	0.9797881705057813	0.9420054403175421	95832.28768197833
FYYLIASETPGK	2	sp|P29622|KAIN_HUMAN	0.0063965884	1.0	0.8590634002945612	5255.378116210639
GEC[+57.021465]QAEGVLFFQGDR	3	sp|P02790|HEMO_HUMAN	0.0063965884	1.0	0.8362993342034508	338802.9061907326
VGLSDAFVVVHR	3	sp|Q6UX71|PXDC2_HUMAN	0.00794702	0.9728591838590949	0.877198564939922	5905.145619909391
EQLQDMGLVDLFSPEK	3	sp|P01008|ANT3_HUMAN	0.0063965884	0.9933552810135716	0.8791890759045329	74301.72627559601
SSSQELGLK	2	sp|Q14515|SPRL1_HUMAN	0.0063965884	1.0	0.9460463206580664	19920.368493390277
SLSGTAFGGFLMFK	3	sp|Q9H8L6|MMRN2_HUMAN	0.0063965884	0.9933552810135716	0.8074662987924432	4114.944361421351
AVM[+15.994915]DDFAAFVEK	2	sp|P02768|ALBU_HUMAN	0.010477299	0.9933552810135716	0.938215483143921	25335.483007318508
GDLYFANVEEK	2	sp|O00533|NCHL1_HUMAN	0.0063965884	0.9933552810135716	0.8200858664713819	14873.767531633235
HSAQPWADFTLLGAR	3	sp|Q8IYS5|OSCAR_HUMAN	0.007418398	0.9866190731264982	0.8078162598188338	6294.683605081784
DALSSVQESQVAQQAR	3	sp|P02656|APOC3_HUMAN	0.0063965884	1.0	0.9198931500947077	68103.75793156734
GTYSTTVTGR	2	sp|P08519|APOA_HUMAN	0.0063965884	1.0	0.934223878395904	84372.80115513268
WSVLPRPDLHHDVNR	4	sp|O75882|ATRN_HUMAN	0.0063965884	1.0	0.913561067299102	1047434.57462849
TDTSHHDQDHPTFNK	3	sp|P01009|A1AT_HUMAN	0.012731481	0.8630568252698203	0.8667481641323388	4667.9983335358875
EIGELYLPK	2	sp|P01011|AACT_HUMAN	0.007418398	0.9797881705057813	0.9277108885365511	28197.86542008591
YPPTVSMVEGQGEK	2	sp|P27918|PROP_HUMAN	0.007418398	0.9866190731264982	0.9191772169701924	61237.42496697632
IMQSSQSMSK	2	sp|O75882|ATRN_HUMAN	0.0063965884	1.0	0.877458331524748	16529.962339906346
KVPQVSTPTLVEVSR	2	sp|P02768|ALBU_HUMAN	0.007418398	0.9866190731264982	0.9424181554140392	8948.28860791248
ASSIIDELFQDR	3	sp|P10909|CLUS_HUMAN	0.010477299	0.9212790999005022	0.8381327163455722	7617.607105547386
SYSC[+57.021465]QVTHEGSTVEK	3	sp|B9A064|IGLL5_HUMAN;sp|P0CF74|IGLC6_HUMAN;sp|P0CG04|IGLC1_HUMAN;sp|P0DOX8|IGL1_HUMAN;sp|P0DOY2|IGLC2_HUMAN;sp|P0DOY3|IGLC3_HUMAN	0.007418398	0.9866190731264982	0.9141818689253383	139224.57509548665
NWGLSFYADKPETTK	4	sp|P19652|A1AG2_HUMAN	0.0063965884	1.0	0.8711327909176733	116243.14657853846
GTHC[+57.021465]NQVEVIATLK	3	sp|P02775|CXCL7_HUMAN	0.0063965884	1.0	0.9095729636578972	435297.309174711
VDGALC[+57.021465]M[+15.994915]EK	2	sp|P02790|HEMO_HUMAN	0.007418398	0.9797881705057813	0.8916666779762076	4825.715073861467
FSISATYDLGATLLK	3	sp|P05543|THBG_HUMAN	0.0063965884	1.0	0.901547442792053	133933.55041758774
GFGGLTGQIVAALSTAK	3	sp|Q92954|PRG4_HUMAN	0.007418398	0.9797881705057813	0.8419874720498419	16689.35784122319
GGYTLVSGYPK	2	sp|P02790|HEMO_HUMAN	0.007418398	0.9866190731264982	0.9680527212149084	515658.6628364331
WELLQQVDTSTR	2	sp|P04264|K2C1_HUMAN	0.0063965884	0.9933552810135716	0.8997145452522101	3111.9064100920637
LRTEGDGVYTLNNEK	4	sp|P00738|HPT_HUMAN	0.017142856	0.7626747761196712	0.7885283987935388	10001.805028066447
QLVEIEK	1	sp|P00738|HPT_HUMAN;sp|P00739|HPTR_HUMAN	0.0063965884	1.0	0.852118169109777	15366.783013425309
DALSSVQESQVAQQAR	4	sp|P02656|APOC3_HUMAN	0.012731481	0.8718655118414741	0.7106365637454712	120.16671271014324
TYLPAVDEK	2	sp|P02655|APOC2_HUMAN	0.007418398	0.9797881705057813	0.9618915063760299	138263.01152024732
FSSC[+57.021465]GGGGGSFGAGGGFGSR	2	sp|P04264|K2C1_HUMAN	0.008674102	0.9728591838590949	0.9534601058669148	6662.245507064377
ADGESC[+57.021465]SASMMYQEGK	2	sp|P01008|ANT3_HUMAN	0.00794702	0.9728591838590949	0.9678752772196583	55760.876128794844
DSGPYSC[+57.021465]SVNVQDK	2	sp|Q96AP7|ESAM_HUMAN	0.010477299	0.9054124614333342	0.817374981610352	3032.621040928945
HYYESEVLAM[+15.994915]NFQDWATASR	3	sp|P08185|CBG_HUMAN	0.007418398	0.9866190731264982	0.9358405736356356	5396.294529001863
VITEPIPVSDLR	2	sp|Q12913|PTPRJ_HUMAN	0.0063965884	1.0	0.883793647169413	6510.92626443574
GVTSVSQIFHSPDLAIR	3	sp|P05155|IC1_HUMAN	0.0063965884	0.9933552810135716	0.9378834482611091	4583.404438251736
EMEDTLNHLK	3	sp|P17936|IBP3_HUMAN	0.0063965884	0.9933552810135716	0.8762007794531103	17500.701655466182
AVLTIDEK	1	sp|P01009|A1AT_HUMAN	0.0063965884	1.0	0.9429976598958744	70645.99999138524
NPDAVAAPYC[+57.021465]YTR	2	sp|P08519|APOA_HUMAN	0.007418398	0.9866190731264982	0.8800943629632908	13043.717324767464
GFMQTYYDDHLR	2	sp|P55056|APOC4_HUMAN	0.020454545	0.9797881705057813	0.9564189145039625	4012.2490939315217
VLDELTLTK	2	sp|P13645|K1C10_HUMAN	0.007418398	0.9797881705057813	0.9544863252288854	3671.409023042692
GQYC[+57.021465]YELDEK	2	sp|P04004|VTNC_HUMAN	0.00794702	1.0	0.9038993965510896	8807.538484253735
ALSIGFETC[+57.021465]R	2	sp|P16070|CD44_HUMAN	0.0063965884	0.9933552810135716	0.9676539491941851	17353.090621813295
EMEVLHLR	2	sp|P11362|FGFR1_HUMAN	0.007418398	0.9797881705057813	0.7455321887463122	3878.6449592471727
DIQGSLQDIFK	2	sp|P55290|CAD13_HUMAN	0.0063965884	0.9933552810135716	0.9722548388896485	16921.5625669469
VDLVLEK	2	sp|P17900|SAP3_HUMAN	0.009615385	0.9586923939928679	0.9310497422562128	10043.299961819603
VPLQQNFQDNQFQGK	2	sp|P80188|NGAL_HUMAN	0.00794702	0.9728591838590949	0.8122633402472234	7570.886545370557
YFHHNSDFHIPK	4	sp|O75015|FCG3B_HUMAN	0.008674102	0.9658285256870233	0.9554199130026815	49808.44730795578
YFHHNSDFYIPK	4	sp|P08637|FCG3A_HUMAN	0.0063965884	1.0	0.8980742425867789	12143.605677018915
SKEQLTPLIK	2	sp|P02652|APOA2_HUMAN	0.0063965884	0.9933552810135716	0.956512899359226	2334.9088667335814
MSSINADFAFNLYR	2	sp|P05543|THBG_HUMAN	0.007418398	0.9797881705057813	0.9699069258820467	381748.662543869
NLAVSQVVHK	2	sp|P01011|AACT_HUMAN	0.007418398	0.9866190731264982	0.9653456822484184	59058.54869066267
IMGITLVSKK	2	sp|Q9Y5Y7|LYVE1_HUMAN	0.007418398	0.9866190731264982	0.9293829538451066	3882.241109030295
GILTVDELLAIR	3	sp|P13473|LAMP2_HUMAN	0.0063965884	1.0	0.9936432832391713	8175.51374517337
QQLQALSEPQPR	2	sp|Q8NBJ4|GOLM1_HUMAN	0.010477299	0.9212790999005022	0.8860568277978984	2439.6870060104325
LRTEGDGVYTLNDK	2	sp|P00738|HPT_HUMAN;sp|P00739|HPTR_HUMAN	0.007418398	0.9866190731264982	0.9600857510075087	24689.4694247295
NDNDNIFLSPLSISTAFAMTK	3	sp|P01008|ANT3_HUMAN	0.0063965884	1.0	0.8783082968742113	50564.55228685461
TEGDGVYTLNDK	2	sp|P00738|HPT_HUMAN;sp|P00739|HPTR_HUMAN	0.0063965884	1.0	0.9454172369723967	42603.76763273954
EQLGEFYEALDC[+57.021465]LR	3	sp|P02763|A1AG1_HUMAN	0.0063965884	1.0	0.898861952733777	218291.0307037276
WLQGSQELPR	2	sp|P01876|IGHA1_HUMAN;sp|P01877|IGHA2_HUMAN;sp|P0DOX2|IGA2_HUMAN	0.0063965884	1.0	0.9487406220451837	514639.63712024357
VYSTSVTGSR	2	sp|Q9H299|SH3L3_HUMAN	0.007418398	0.9797881705057813	0.7411907218219738	1632.5418098170564
SISC[+57.021465]QEIPGQQSR	2	sp|P27918|PROP_HUMAN	0.007418398	0.9866190731264982	0.9199969321398691	142183.95664682417
TSDQIHFFFAK	3	sp|P01008|ANT3_HUMAN	0.0063965884	1.0	0.9115786748975397	57631.81272061294
SAVQGPPER	2	sp|P01876|IGHA1_HUMAN;sp|P01877|IGHA2_HUMAN	0.0063965884	1.0	0.9751465810643077	52355.53178561023
ASVSVTAEDEGTQR	2	sp|P05362|ICAM1_HUMAN	0.0063965884	0.9933552810135716	0.9423384498619791	7736.208357674146
YFHHNSDFHIPK	3	sp|O75015|FCG3B_HUMAN	0.008674102	0.9658285256870233	0.824956401249068	4976.669370274465
KGEVLPLPEANFPSFPLPHHK	5	sp|P04196|HRG_HUMAN	0.0063965884	1.0	0.9318503545459047	35638.9829146153
RYTIAALLSPYSYSTTAVVTNPK	3	sp|P02766|TTHY_HUMAN	0.0063965884	1.0	0.9501961320547617	24048119.559979282
LPGIVAEGRDDLYVSDAFHK	3	sp|P01008|ANT3_HUMAN	0.0063965884	1.0	0.9434960656018717	182202.59464882672
SILFLGK	1	sp|P05543|THBG_HUMAN	0.011627907	0.8804971228634604	0.7413889356473455	441.9795360403278
VLNQELR	2	sp|P05090|APOD_HUMAN	0.00794702	0.9728591838590949	0.9599800007844951	45716.54132285734
LYIEYGIQR	2	sp|Q9NPH3|IL1AP_HUMAN	0.007418398	0.9866190731264982	0.9461857675588164	76216.06932269917
HTFM[+15.994915]GVVSLGSPSGEVSHPR	4	sp|P02765|FETUA_HUMAN	0.0063965884	1.0	0.9282691217032788	21964.76326771634
TLLEGEESR	2	sp|P04264|K2C1_HUMAN	0.007418398	0.9797881705057813	0.9635685718138856	18735.52245620978
VQPYLDDFQK	2	sp|P02647|APOA1_HUMAN	0.0063965884	1.0	0.9804604794113807	144705.16398563722
C[+57.021465]SPHLVLSALTSDNHGATYAFSGTHYWR	5	sp|P02790|HEMO_HUMAN	0.0063965884	1.0	0.9368155652983692	457707.52390172763
LGMFNIQHC[+57.021465]K	3	sp|P01009|A1AT_HUMAN	0.0063965884	1.0	0.9707487447810603	281706.8313810006
SGAQATWTELPWPHEK	2	sp|P02790|HEMO_HUMAN	0.00794702	0.9728591838590949	0.9374558125647351	9409.533037945075
DNPMYYC[+57.021465]NK	2	sp|O75882|ATRN_HUMAN	0.0063965884	1.0	0.9390495843828158	7570.037395127764
ADGNQLTLEER	2	sp|Q6YHK3|CD109_HUMAN	0.0063965884	1.0	0.909141890580998	3620.1117410582674
SGTSASLAISGLR	2	sp|P01700|LV147_HUMAN	0.007418398	0.9933552810135716	0.8062603197742138	1011.2654067180933
TAFQEALDAAGDK	2	sp|P10599|THIO_HUMAN	0.0063965884	1.0	0.8427287804245601	2146.712757327483
WEMPFDPQDTHQSR	2	sp|P01011|AACT_HUMAN	0.0063965884	1.0	0.9271311912487299	188344.90003007045
DSTYSLSSTLTLSK	2	sp|P01834|IGKC_HUMAN;sp|P0DOX7|IGK_HUMAN	0.007418398	0.9866190731264982	0.9352802349253077	312900.07427184936
IC[+57.021465]LDLQAPLYK	2	sp|P02776|PLF4_HUMAN	0.0063965884	1.0	0.8822654676294841	3722.040296545248
HTFMGVVSLGSPSGEVSHPR	4	sp|P02765|FETUA_HUMAN	0.0063965884	1.0	0.9605953732629618	379112.878681074
ESTLHLVLR	2	sp|P0CG47|UBB_HUMAN;sp|P0CG48|UBC_HUMAN;sp|P62979|RS27A_HUMAN;sp|P62987|RL40_HUMAN	0.007418398	0.9797881705057813	0.7443277500614245	46859.52491254494
LTLTPWVGLR	2	sp|O75882|ATRN_HUMAN	0.007418398	0.9933552810135716	0.9713799641287053	25951.95560039153
HTLNQIDEVK	2	sp|P02765|FETUA_HUMAN	0.0063965884	1.0	0.973984489594119	481273.98944019835
AQSQLVAGIK	2	sp|Q15828|CYTM_HUMAN	0.007418398	0.9797881705057813	0.8848066491811528	2028.9944298006467
QGHNSVFLIK	2	sp|P02790|HEMO_HUMAN	0.008674102	0.9658285256870233	0.9549483003105426	14637.491013619103
SC[+57.021465]ALDQNC[+57.021465]QWEPR	2	sp|O75882|ATRN_HUMAN	0.007418398	0.9797881705057813	0.8374229465017876	3098.2514848326005
QVILTLQPTLVAVGK	2	sp|P13598|ICAM2_HUMAN	0.007418398	0.9866190731264982	0.9392022949422825	110675.92590437892
EQVTNVGGAVVTGVTAVAQK	3	sp|P37840|SYUA_HUMAN	0.007418398	0.9933552810135716	0.9826850581642764	52285.41324953251
ALSLAPLAGAGLELQLER	3	sp|Q9ULI3|HEG1_HUMAN	0.010477299	0.9212790999005022	0.7839381655931699	5486.311262656975
TPVC[+57.021465]TTGQGSGSTATVFAMAELQK	4	sp|Q9H8L6|MMRN2_HUMAN	0.018223235	0.7004675850791199	0.701605165197393	54.42325043894188
FRIEDGFSLK	3	sp|P01008|ANT3_HUMAN	0.008674102	0.9658285256870233	0.8424884938810222	5643.5067156782225
GDDITMVLILPKPEK	2	sp|P01008|ANT3_HUMAN	0.007418398	0.9866190731264982	0.808518794732619	4769.368568549269
LDSSEFLK	2	sp|Q12841|FSTL1_HUMAN	0.0063965884	1.0	0.9119053148414368	72924.81532377031
RTIAVLLDDILQR	3	sp|Q96EE4|CC126_HUMAN	0.0063965884	1.0	0.8603792845720215	45227.6392346799
LLIYWASTR	2	sp|P06312|KV401_HUMAN	0.0063965884	1.0	0.9556343142633513	153225.57220387296
AGVETTTPSK	2	sp|P0DOY2|IGLC2_HUMAN;sp|P0DOY3|IGLC3_HUMAN	0.0063965884	1.0	0.8837260663884995	4696.84758293972
FNKPFVFLMIEQNTK	3	sp|P01009|A1AT_HUMAN	0.007418398	0.9933552810135716	0.8625850059334523	18119.809619425032
HYYESEVLAMNFQDWATASR	3	sp|P08185|CBG_HUMAN	0.0063965884	1.0	0.9125560048103877	684351.1551850636
IILEDENDAMADADR	2	sp|Q9BUN1|MENT_HUMAN	0.0063965884	1.0	0.9659428039316128	123294.65513861469
ADLSGITGAR	1	sp|P01011|AACT_HUMAN	0.00794702	0.9728591838590949	0.7479336176480157	3380.3906714866316
SGVQQLIQYYQDQK	2	sp|Q13790|APOF_HUMAN	0.007418398	0.9797881705057813	0.9260377859157919	8090.248575927057
MFLSFPTTK	2	sp|P69905|HBA_HUMAN	0.007418398	0.9797881705057813	0.9644463447722993	60959.13474519969
GLPNVVTSAISLPNIR	2	sp|Q92954|PRG4_HUMAN	0.007418398	0.9797881705057813	0.9415324466028687	122805.01342119665
QVVAGLNFR	2	sp|P01042|KNG1_HUMAN	0.007418398	0.9797881705057813	0.9345086274459872	1196.7997055830833
TLTLLSVTR	2	sp|P06731|CEAM5_HUMAN;sp|P13688|CEAM1_HUMAN;sp|P31997|CEAM8_HUMAN	0.007418398	0.9797881705057813	0.9384009931837554	1568.2236579177656
LQHLENELTHDIITK	4	sp|P01009|A1AT_HUMAN	0.0063965884	1.0	0.8519770758906432	156305.628670291
LREQLGPVTQEFWDNLEK	3	sp|P02647|APOA1_HUMAN	0.0063965884	1.0	0.8762752051281846	67729.44833830824
VGYVSGWGR	2	sp|P00738|HPT_HUMAN	0.007418398	0.9797881705057813	0.9854705636836221	5203.797113845825
DASGVTFTWTPSSGK	2	sp|P01876|IGHA1_HUMAN	0.0063965884	1.0	0.9735763937766357	886427.591918794
QDQC[+57.021465]IYNTTYLNVQR	3	sp|P02763|A1AG1_HUMAN	0.009615385	0.9586923939928679	0.7642923759404634	5190.145557536085
VYIASSSGSTAIK	2	sp|O75368|SH3L1_HUMAN	0.007418398	0.9933552810135716	0.8777088733800569	7700.30216803521
TMLLQPAGSLGSYSYR	2	sp|P41222|PTGDS_HUMAN	0.0063965884	1.0	0.9291175750734209	993214.7715353424
LLDNWDSVTSTFSK	3	sp|P02647|APOA1_HUMAN	0.0063965884	1.0	0.8393079186827885	24012.054379707268
YSPSFQGQVTISADK	2	sp|A0A0C4DH38|HV551_HUMAN	0.0063965884	1.0	0.9852607385865316	95244.87185855384
DVWGIEGPIDAAFTR	2	sp|P04004|VTNC_HUMAN	0.007418398	0.9797881705057813	0.957954282153737	105943.15361825457
GGNIFHK	2	sp|P13598|ICAM2_HUMAN	0.022727273	0.9658285256870233	0.9539231053395409	764.314136975275
DIAPTLTLYVGK	3	sp|P00738|HPT_HUMAN;sp|P00739|HPTR_HUMAN	0.0063965884	1.0	0.8787417659012566	1001.3022330483209
AVSISPTNVILTWK	2	sp|Q12913|PTPRJ_HUMAN	0.0063965884	1.0	0.9631998438679377	542434.7904564277
YVGGQEHFAHLLILR	3	sp|P02763|A1AG1_HUMAN	0.0063965884	1.0	0.9446519249695999	5034071.213366797
SDVM[+15.994915]YTDWK	2	sp|P19652|A1AG2_HUMAN	0.010477299	0.9134157281067091	0.9721252923629196	25403.597710144568
FSGSGSGTDFTLTISR	2	sp|A0A0C4DH25|KVD20_HUMAN;sp|P01619|KV320_HUMAN	0.007418398	0.9866190731264982	0.9388080759142192	275.0767023691612
SDVMYTDWK	2	sp|P19652|A1AG2_HUMAN	0.007418398	0.9866190731264982	0.9925740105458134	102686.19087487941
YIC[+57.021465]ENQDSISSK	2	sp|P02768|ALBU_HUMAN	0.0063965884	1.0	0.8739066309045649	8344.670098114279
AQYEEIAQR	2	sp|P02538|K2C6A_HUMAN;sp|P04259|K2C6B_HUMAN;sp|P19013|K2C4_HUMAN;sp|P35908|K22E_HUMAN;sp|P48668|K2C6C_HUMAN;sp|Q01546|K22O_HUMAN	0.007418398	0.9866190731264982	0.9795271429719052	4694.9976141474945
SEAYNTFSER	2	sp|P12259|FA5_HUMAN	0.0063965884	1.0	0.948687059396474	12639.956370228274
GGSTSYGTGSETESPR	2	sp|P02671|FIBA_HUMAN	0.0063965884	1.0	0.9910777413086027	90160.83181442913
SYPGLTSYLVR	2	sp|P80188|NGAL_HUMAN	0.0063965884	1.0	0.987188779056726	44587.75909078462
EQTVSVSGAFQINTFDLR	3	sp|P13473|LAMP2_HUMAN	0.0063965884	1.0	0.9301246875309651	28801.260596734784
EHVAHLLFLRDTK	2	sp|P19652|A1AG2_HUMAN	0.007418398	0.9866190731264982	0.9145305359887529	24484.88405885554
RLGMFNIQHC[+57.021465]K	3	sp|P01009|A1AT_HUMAN	0.0063965884	1.0	0.9630662088441481	592371.6401507042
DM[+15.994915]PASEDLQDLQK	2	sp|P49908|SEPP1_HUMAN	0.0063965884	1.0	0.9624397848364709	69827.71259798971
EENFYVDETTVVK	2	sp|P08185|CBG_HUMAN	0.0063965884	1.0	0.9502805398435723	9556128.749291718
SAGSVESPSVSSTHR	2	sp|P17936|IBP3_HUMAN	0.0063965884	1.0	0.7005033469266059	9644.235889991754
EFTPPVQAAYQK	2	sp|P68871|HBB_HUMAN	0.007418398	0.9933552810135716	0.8191571513430639	11202.653237963399
EVGTPHGIILDSVDAAFIC[+57.021465]PGSSR	3	sp|P02790|HEMO_HUMAN	0.0063965884	1.0	0.9519204803886895	1179528.2745152945
VC[+57.021465]PFAGILENGAVR	2	sp|P02749|APOH_HUMAN	0.017142856	0.7510559064272662	0.8620242435032831	627281.3576294581
AFIQLWAFDAVK	3	sp|P02760|AMBP_HUMAN	0.010477299	0.9212790999005022	0.9650558138989052	13847.459434475433
TLLSNLEEAK	2	sp|P10909|CLUS_HUMAN	0.007418398	0.9866190731264982	0.9709052705883237	312336.5929395191
WTFEILDETNENK	3	sp|P10721|KIT_HUMAN	0.016129032	0.9440873193926883	0.8056215393098289	1912.108494624847
VSALVDYER	2	sp|Q9BYE9|CDHR2_HUMAN	0.0063965884	1.0	0.7046579029802267	5624.785018426854
VDGALC[+57.021465]MEK	2	sp|P02790|HEMO_HUMAN	0.0063965884	1.0	0.9627812141281811	452366.726999798
FIC[+57.021465]PLTGLWPINTLK	2	sp|P02749|APOH_HUMAN	0.0063965884	1.0	0.9336491204722176	537281.4275338997
VVLHPNYHQVDIGLIK	4	sp|P00739|HPTR_HUMAN	0.0063965884	1.0	0.9016792113950268	51878.945602506996
DLSPDDPQVQK	2	sp|Q15828|CYTM_HUMAN	0.0063965884	1.0	0.9697712024701348	7730.279129239181
SVLGQLGITK	2	sp|P01009|A1AT_HUMAN	0.007418398	0.9797881705057813	0.9607240718551633	1070296.0476124256
WKNFPSPVDAAFR	2	sp|P02790|HEMO_HUMAN	0.0063965884	1.0	0.9775230765432789	264227.71353673295
TM[+15.994915]LLQPAGSLGSYSYR	3	sp|P41222|PTGDS_HUMAN	0.0063965884	1.0	0.9423746322559333	246457.07770952862
HPDEAAFFDTASTGK	3	sp|P02671|FIBA_HUMAN	0.007418398	0.9797881705057813	0.8536258938235409	8083.917815254634
MYATIYELK	2	sp|P80188|NGAL_HUMAN	0.0063965884	1.0	0.9066829246322409	60313.67719783098
FIQSQDYQC[+57.021465]SALMGGR	2	sp|P07333|CSF1R_HUMAN	0.0063965884	1.0	0.9092269940957397	99755.05812528405
SIAQYWLGC[+57.021465]PAPGHL	2	sp|P04004|VTNC_HUMAN	0.007418398	0.9797881705057813	0.8863023814389469	14757.836052042363
EHVAHLLFLR	3	sp|P19652|A1AG2_HUMAN	0.0063965884	1.0	0.8708098425999429	123614.79956531228
YEGGREHVAHLLFLR	4	sp|P19652|A1AG2_HUMAN	0.0063965884	1.0	0.8953371871909236	884689.3399595311
HPYFYAPELLFFAK	3	sp|P02768|ALBU_HUMAN	0.0063965884	1.0	0.7097672854325761	40983.644792938874
TEDTIFLR	2	sp|P02763|A1AG1_HUMAN;sp|P19652|A1AG2_HUMAN	0.0063965884	1.0	0.9091231272935474	26444.816185964242
KVETNMAFSPFSIASLLTQVLLGAGENTK	4	sp|P05155|IC1_HUMAN	0.0063965884	1.0	0.9105880521611288	32460.272063302917
KLINDYVK	2	sp|P01011|AACT_HUMAN	0.0063965884	1.0	0.9593683249519874	154296.6553853551
DFLQSLK	2	sp|P08697|A2AP_HUMAN	0.00794702	0.9728591838590949	0.9114119710985475	1769.2515001403904
LC[+57.021465]TPLLPK	2	sp|P27918|PROP_HUMAN	0.0063965884	1.0	0.97288161507218	133666.94291178236
YTDLVAIQNK	2	sp|P16109|LYAM3_HUMAN	0.0063965884	1.0	0.8743081645163249	16218.978993218498
AFSVNIFK	2	sp|P11279|LAMP1_HUMAN	0.0063965884	1.0	0.9492220399257726	123988.7314774849
TVAAC[+57.021465]NLPIVR	2	sp|P02760|AMBP_HUMAN	0.0063965884	1.0	0.9547362144317336	53347.19382611403
IPLNDLFR	2	sp|P13473|LAMP2_HUMAN	0.0063965884	1.0	0.9906182661351153	145484.95235101387
SKLPGIVAEGRDDLYVSDAFHK	3	sp|P01008|ANT3_HUMAN	0.0063965884	1.0	0.8514105569132216	46058.60584711197
DSPVLIDFFEDTER	2	sp|P04196|HRG_HUMAN	0.0063965884	1.0	0.9398280068449513	2745621.3189251465
AVVFLEPQWYSVLEK	3	sp|O75015|FCG3B_HUMAN	0.0063965884	1.0	0.9419639562883153	761064.5715621153
TSESGELHGLTTEEEFVEGIYK	4	sp|P02766|TTHY_HUMAN	0.007418398	0.9797881705057813	0.9602520432925435	207085.20804075315
ALTDMPQMR	2	sp|P02671|FIBA_HUMAN	0.007418398	0.9797881705057813	0.9642268371963525	20595.808979678368
ELDRDTVFALVNYIFFK	3	sp|P01009|A1AT_HUMAN	0.0063965884	1.0	0.9498756292421032	2794271.4143812056
GFQQLLQELNQPR	3	sp|P05154|IPSP_HUMAN	0.0063965884	1.0	0.8559933316944487	9816.548923855014
EFEGEEEYLEILGITR	2	sp|Q13449|LSAMP_HUMAN	0.0063965884	1.0	0.8989607205387815	524392.6116819023
WYNLAIGSTC[+57.021465]PWLK	3	sp|P02760|AMBP_HUMAN	0.007418398	0.9797881705057813	0.8326987838170197	13108.552183300984
RLWWLDLK	2	sp|P02790|HEMO_HUMAN	0.0063965884	1.0	0.9618456437821369	77253.43749580118
SELVTVTESFSTPK	2	sp|P16284|PECA1_HUMAN	0.007418398	0.9866190731264982	0.8815424590843782	2617.3465767753287
LDDDLEHQGGHVLDHGHK	5	sp|P01042|KNG1_HUMAN	0.008674102	0.9658285256870233	0.939271555880025	199083.15166320867
SSSNEEVMFLTVQVK	3	sp|P01023|A2MG_HUMAN	0.007418398	0.9797881705057813	0.9350074709520073	1656.6174478034588
NPNLPPETVDSLK	2	sp|P05090|APOD_HUMAN	0.0063965884	1.0	0.9751500240483438	384142.6209160985
ALGISPFHEHAEVVFTANDSGPR	4	sp|P02766|TTHY_HUMAN	0.007418398	0.9866190731264982	0.9354027880036248	165298.68491273985
WLQDNAENVYVWK	2	sp|P07359|GP1BA_HUMAN	0.007418398	0.9797881705057813	0.8732541817287699	11741.916507440646
YKEENDDFASFR	2	sp|P04196|HRG_HUMAN	0.007418398	0.9866190731264982	0.9779160612995114	21048.239408181867
DLATVYVDVLK	3	sp|P02647|APOA1_HUMAN	0.007418398	0.9933552810135716	0.8936456465368153	2206.3236046074517
DSVGQLQLYR	2	sp|Q99941|ATF6B_HUMAN	0.0063965884	1.0	0.8318708503414405	12320.497325277913
MNTVIAALSRDTINR	3	sp|P08185|CBG_HUMAN	0.007418398	0.9866190731264982	0.9450709523151687	9046.729960551298
VAEGTQVLELPFK	2	sp|P01008|ANT3_HUMAN	0.007418398	0.9933552810135716	0.9093343872436356	53944.41247971326
GIYSFSFHVIK	3	sp|Q9NTU7|CBLN4_HUMAN	0.00794702	0.9728591838590949	0.8751826783263248	8501.342414383109
GTWTQPFDLASTR	2	sp|P08185|CBG_HUMAN	0.007418398	0.9933552810135716	0.9601005258083648	70949.29507163342
LNDLEDALQQAK	2	sp|P04264|K2C1_HUMAN	0.007418398	0.9933552810135716	0.8886875887164	65318.67121057572
LLIYGASSR	2	sp|P01619|KV320_HUMAN	0.007418398	0.9797881705057813	0.9156943131794095	1883.1272714077597
TLLSNLEEAKK	2	sp|P10909|CLUS_HUMAN	0.0063965884	1.0	0.9116047371224206	5464.83317901858
EEDPIHLR	2	sp|O75015|FCG3B_HUMAN;sp|P08637|FCG3A_HUMAN	0.007418398	0.9797881705057813	0.9696576437567165	24114.974108526316
EALQGVGDMGR	2	sp|P35542|SAA4_HUMAN	0.0063965884	1.0	0.9661313975733261	21608.73352068737
LVLLNAIYLSAK	2	sp|P05155|IC1_HUMAN	0.0063965884	1.0	0.9594875639239165	71566.39139739682
EQYAVVGHSAHIVTLK	3	sp|O75882|ATRN_HUMAN	0.00794702	0.9728591838590949	0.7592490316357586	3551.6178055873984
MNTVIAALSR	2	sp|P08185|CBG_HUMAN	0.007418398	0.9797881705057813	0.9331288101256165	13994.387961816825
SDGDPVQPAVLQVHQTS	2	sp|O95810|CAVN2_HUMAN	0.00794702	0.9728591838590949	0.9611055487288491	14971.868609053807
TFVLPVTPPR	2	sp|P32942|ICAM3_HUMAN	0.0063965884	1.0	0.9740039383168722	85200.09924651342
NWGLSVYADKPETTK	2	sp|P02763|A1AG1_HUMAN	0.007418398	0.9797881705057813	0.9556052414408168	11147.70591873942
IEISELNR	2	sp|P04264|K2C1_HUMAN;sp|P35908|K22E_HUMAN	0.00794702	0.9728591838590949	0.8283582313053655	4310.8474119260545
GSSSSPLGISVR	2	sp|Q9NTU7|CBLN4_HUMAN	0.007418398	0.9866190731264982	0.9567286141693037	16289.223364829193
GSPAINVAVHVFRK	3	sp|P02766|TTHY_HUMAN	0.0063965884	1.0	0.9677231343773526	386380.58258988557
DGNPFYFTDHR	2	sp|O00533|NCHL1_HUMAN	0.0063965884	1.0	0.85976068647922	8308.297514167598
RVDTVDPPYPR	3	sp|P04004|VTNC_HUMAN	0.00794702	0.9728591838590949	0.7699827467917931	1865.7018807635966
HGVQELEIELQSQLSK	2	sp|P35527|K1C9_HUMAN	0.00794702	0.9728591838590949	0.8117427250192185	2153.575770317201
LYHSEAFTVNFGDTEEAKK	4	sp|P01009|A1AT_HUMAN	0.007418398	0.9933552810135716	0.9470472977069216	50390.54179541625
NVQALEIELQSQLALK	3	sp|P13645|K1C10_HUMAN	0.0063965884	1.0	0.9416048662927184	9833.756703728855
GSPAINVAVHVFR	3	sp|P02766|TTHY_HUMAN	0.0063965884	1.0	0.9501641163695108	4126903.2452587527
ANRPFLVFIR	2	sp|P01008|ANT3_HUMAN	0.0063965884	1.0	0.9661359769363993	73766.90913240996
SSGQWQTPGATR	2	sp|P06681|CO2_HUMAN	0.0063965884	1.0	0.8291837542292911	8862.822328718774
EAEPLVDIR	2	sp|Q9H8L6|MMRN2_HUMAN	0.0063965884	1.0	0.92799587343159	28094.519644912136
EVPLNTIIFMGR	2	sp|P01008|ANT3_HUMAN	0.0063965884	1.0	0.9770826885597251	943827.9775457138
WSAGLTSSQVDLYIPK	2	sp|P08185|CBG_HUMAN	0.00794702	0.9728591838590949	0.9623871521618369	619117.7264838833
SC[+57.021465]AVAEYGVYVK	2	sp|P00738|HPT_HUMAN;sp|P00739|HPTR_HUMAN	0.0063965884	1.0	0.9449192618554964	18625.75261337457
GEVLPLPEANFPSFPLPHHK	3	sp|P04196|HRG_HUMAN	0.007418398	0.9866190731264982	0.9695358858595513	49909.43752313762
FKLDDDLEHQGGHVLDHGHK	5	sp|P01042|KNG1_HUMAN	0.0063965884	1.0	0.9480526343864705	1626893.0932975146
VVSTNYNQHAMVFFK	2	sp|P80188|NGAL_HUMAN	0.00794702	0.9728591838590949	0.8642352143882609	15009.812361679446
GSFPWQAK	2	sp|P00738|HPT_HUMAN;sp|P00739|HPTR_HUMAN	0.0063965884	1.0	0.9839943888088027	2179895.266932393
WYVVGLAGNAILR	2	sp|P80188|NGAL_HUMAN	0.007418398	0.9933552810135716	0.9663922912018083	135834.94214396353
ETLLQDFR	2	sp|P02760|AMBP_HUMAN	0.0063965884	1.0	0.9859184411350967	1121687.7021846517
AVMDDFAAFVEK	2	sp|P02768|ALBU_HUMAN	0.0063965884	1.0	0.9786230374490469	7908430.475634143
VFEVHVRPK	2	sp|P13598|ICAM2_HUMAN	0.007418398	0.9866190731264982	0.9202109756463805	11525.23303894769
ALMSPAGMLR	2	sp|O75144|ICOSL_HUMAN	0.0063965884	1.0	0.9607224422933669	242437.8954526549
YVGGQEHFAHLLILRDTK	3	sp|P02763|A1AG1_HUMAN	0.0063965884	1.0	0.9136924248220053	607889.5970109656
QISNLQQSISDAEQR	3	sp|P04264|K2C1_HUMAN	0.0063965884	1.0	0.8794400584230883	40694.47989996173
QQTHMLDVMQDHFSR	4	sp|P10909|CLUS_HUMAN	0.0063965884	1.0	0.9261875318795543	538339.8131831209
NIDVFNVEDQK	2	sp|Q8NBJ4|GOLM1_HUMAN	0.0063965884	1.0	0.8571503825059198	2713.4095699029554
VVAGVANALAHK	2	sp|P02042|HBD_HUMAN;sp|P68871|HBB_HUMAN	0.007418398	0.9866190731264982	0.9103413577028108	15780.239533869535
QEPSQGTTTFAVTSILR	2	sp|P01876|IGHA1_HUMAN	0.007418398	0.9933552810135716	0.9446519857989724	171924.54640166683
NFPSPVDAAFR	3	sp|P02790|HEMO_HUMAN	0.007418398	0.9933552810135716	0.8200413913525572	3652.8619616693895
DQYYNIDVPSR	2	sp|Q92954|PRG4_HUMAN	0.0063965884	1.0	0.95141285511275	335952.2859008554
RDGYLFQLLR	3	sp|P04196|HRG_HUMAN	0.008674102	0.9728591838590949	0.7947258259050255	892.0653279254434
ALTFELTLR	2	sp|P07333|CSF1R_HUMAN	0.007418398	0.9797881705057813	0.9716065093005184	25135.988624384747
VVHFIYIAILSQK	2	sp|P43652|AFAM_HUMAN	0.0063965884	1.0	0.8304217707841965	24633.303414906895
VGSPFELVVSGNK	2	sp|Q6YHK3|CD109_HUMAN	0.0063965884	1.0	0.7995756077067637	287.0494338642528
EYC[+57.021465]GVPGDGDEELLR	2	sp|P02760|AMBP_HUMAN	0.007418398	0.9797881705057813	0.9371181439005384	55056.35550549672
VFSNGADLSGVTEEAPLK	2	sp|P01009|A1AT_HUMAN	0.008674102	0.9728591838590949	0.8810218520895349	2324.4874760119033
EQLTPLIK	2	sp|P02652|APOA2_HUMAN	0.0063965884	1.0	0.9305326899636752	65373.234389609854
ASLENSLEETK	2	sp|P02533|K1C14_HUMAN;sp|P08779|K1C16_HUMAN	0.007418398	0.9933552810135716	0.889774818658414	4382.485744416988
ADLFYDVEALDLESPK	2	sp|P04196|HRG_HUMAN	0.0063965884	1.0	0.9517955508367425	4021989.8786295657
ASFETC[+57.021465]SYGWVGDGFVVISR	3	sp|Q9Y5Y7|LYVE1_HUMAN	0.007418398	0.9866190731264982	0.950510714981984	18670.7604757829
LRTEGDGVYTLNNEK	3	sp|P00738|HPT_HUMAN	0.017142856	0.7626747761196712	0.9299489119287729	13510.784977339441
QQTHMLDVMQDHFSR	3	sp|P10909|CLUS_HUMAN	0.0063965884	1.0	0.9546847521262531	186635.6783433278
TYMLAFDVNDEK	2	sp|P02763|A1AG1_HUMAN	0.0063965884	1.0	0.9472327378489739	142876.5750151202
SVQEIQATFFYFTPNK	3	sp|P02763|A1AG1_HUMAN;sp|P19652|A1AG2_HUMAN	0.007418398	0.9933552810135716	0.9762510208708379	177163.31988522058
SLTEEAENWGDGEPNNK	2	sp|P14151|LYAM1_HUMAN	0.009615385	0.9586923939928679	0.9585800063891664	10715.941072020752
EQLGEFYEALDC[+57.021465]LC[+57.021465]IPR	3	sp|P19652|A1AG2_HUMAN	0.0063965884	1.0	0.9335782247206541	733295.5022069832
DMPASEDLQDLQK	2	sp|P49908|SEPP1_HUMAN	0.007418398	0.9866190731264982	0.9757927764437145	713319.1020627103
LAADDFR	2	sp|O76013|KRT36_HUMAN;sp|O76014|KRT37_HUMAN;sp|O76015|KRT38_HUMAN;sp|P02533|K1C14_HUMAN;sp|P05783|K1C18_HUMAN;sp|P08727|K1C19_HUMAN;sp|P08779|K1C16_HUMAN;sp|P13645|K1C10_HUMAN;sp|P13646|K1C13_HUMAN;sp|P19012|K1C15_HUMAN;sp|Q04695|K1C17_HUMAN;sp|Q14525|KT33B_HUMAN;sp|Q14532|K1H2_HUMAN;sp|Q15323|K1H1_HUMAN;sp|Q2M2I5|K1C24_HUMAN;sp|Q7Z3Y7|K1C28_HUMAN;sp|Q92764|KRT35_HUMAN	0.0063965884	1.0	0.749639361344278	23284.80856611128
STSGGTAALGC[+57.021465]LVK	2	sp|P01857|IGHG1_HUMAN;sp|P01860|IGHG3_HUMAN;sp|P0DOX5|IGG1_HUMAN	0.0063965884	1.0	0.9019944857271418	4271.086314035821
KPDGYDYYAFSK	3	sp|Q92954|PRG4_HUMAN	0.008674102	0.9728591838590949	0.8476027710991242	10999.902699648015
KWQEEMELYR	2	sp|P02647|APOA1_HUMAN	0.0063965884	1.0	0.9632682499356013	230944.6962021935
LEDMEQALSPSVFK	2	sp|P05155|IC1_HUMAN	0.0063965884	1.0	0.976924438275807	1025843.8931394136
ITPNLAEFAFSLYR	3	sp|P01009|A1AT_HUMAN	0.00794702	0.9797881705057813	0.8866391723364295	88552.68077446519
VWVYPPEK	2	sp|P02790|HEMO_HUMAN	0.0063965884	1.0	0.9814632876579574	1649238.858396785
VLHPLEGAVVIIFK	3	sp|Q13740|CD166_HUMAN	0.0063965884	1.0	0.7959571390069948	31400.77628706796
DDLYVSDAFHK	3	sp|P01008|ANT3_HUMAN	0.0063965884	1.0	0.9084681772877979	32412.456230327825
NTWSILHTQGALVQGGYGHSSVYDHR	5	sp|O75882|ATRN_HUMAN	0.0063965884	1.0	0.9241132938614053	3943178.8414304387
LVYHLGLPFSFLTFPYVEEAIK	3	sp|P49908|SEPP1_HUMAN	0.00794702	0.9797881705057813	0.9460787788993091	5033.4025636657225
VEEVKPLEGR	3	sp|O00533|NCHL1_HUMAN	0.008674102	0.9658285256870233	0.8767401324760341	1215.177348111185
SLTEEAENWGDGEPNNKK	3	sp|P14151|LYAM1_HUMAN	0.0063965884	1.0	0.9575766439591886	41272.09295325964
NTLYLQMNSLK	2	sp|A0A0B4J1V0|HV315_HUMAN	0.0063965884	1.0	0.8230063984800131	1637.1905277721894
QNQC[+57.021465]FYNSSYLNVQR	3	sp|P19652|A1AG2_HUMAN	0.0063965884	1.0	0.9308112005890297	53058.42779933014
DGTFPLPIGESVTVTR	3	sp|P05362|ICAM1_HUMAN	0.010477299	0.897262926642552	0.7105967517968858	2591.8445486980427
SLDFTELDVAAEK	2	sp|P01019|ANGT_HUMAN	0.010477299	0.9366095275687156	0.8699030168776603	840.1423895339815
DTINLLDQR	2	sp|Q8NBJ4|GOLM1_HUMAN	0.007418398	0.9866190731264982	0.9671820147521828	930.369495384527
TVVQLEGDNK	2	sp|P07148|FABPL_HUMAN	0.007418398	0.9866190731264982	0.89964847131443	1174.1688188219118
AEIEYLEK	2	sp|P14151|LYAM1_HUMAN	0.0063965884	1.0	0.9778708005370735	1255926.4558902683
YPNC[+57.021465]AYR	1	sp|P07998|RNAS1_HUMAN	0.0063965884	1.0	0.7261086565368947	2264.4620889050975
GEVTYTTSQVSK	2	sp|P17813|EGLN_HUMAN	0.007418398	0.9933552810135716	0.872598706024656	1537.2087891890071
DTKTYMLAFDVNDEK	3	sp|P02763|A1AG1_HUMAN	0.008674102	0.9728591838590949	0.9225566281387158	33765.12835372676
RVAEGTQVLELPFK	2	sp|P01008|ANT3_HUMAN	0.00794702	0.9797881705057813	0.9351946808323919	105357.88862336872
YTIAALLSPYSYSTTAVVTNPKE	3	sp|P02766|TTHY_HUMAN	0.00794702	0.9797881705057813	0.964210125906138	566724.1729473554
EWFWDLATGTM[+15.994915]K	2	sp|P02790|HEMO_HUMAN	0.007418398	0.9866190731264982	0.9273277748918076	29765.26899826653
DIPTNSPELEETLTHTITK	3	sp|P01042|KNG1_HUMAN	0.007418398	0.9933552810135716	0.943979935829844	835964.1835339149
LGQSLDC[+57.021465]NAEVYVVPWEK	3	sp|P01042|KNG1_HUMAN	0.0063965884	1.0	0.885988042425655	112067.48789396232
YVGGQEHFAHLLILR	4	sp|P02763|A1AG1_HUMAN	0.0063965884	1.0	0.9494851456659757	307464077.05413115
WNNYMMDWK	2	sp|P06276|CHLE_HUMAN	0.007418398	0.9933552810135716	0.7775276953213881	4965.421249794567
GEAEYQEIR	2	sp|Q15223|NECT1_HUMAN	0.007418398	0.9866190731264982	0.9072995122188715	997.7917557882652
VSFLSALEEYTK	2	sp|P02647|APOA1_HUMAN	0.0063965884	1.0	0.9278047113166938	73297.26372890417
SGNTFRPEVHLLPPPSEELALNELVTLTC[+57.021465]LAR	4	sp|P01876|IGHA1_HUMAN;sp|P01877|IGHA2_HUMAN;sp|P0DOX2|IGA2_HUMAN	0.009615385	0.9514467542496609	0.7617160242808191	22786.890771137743
DKC[+57.021465]EPLEK	2	sp|P02763|A1AG1_HUMAN;sp|P19652|A1AG2_HUMAN	0.0063965884	1.0	0.9307355786682926	33466.03672121532
IYGPSDSASR	2	sp|Q6UX71|PXDC2_HUMAN	0.0063965884	1.0	0.9291802628019685	3969.139907175567
DGWHSWPIAHQWPQGPSAVDAAFSWEEK	4	sp|P02790|HEMO_HUMAN	0.0063965884	1.0	0.9427069661804154	4742456.082460779
GTEAAGAMFLEAIPMSIPPEVK	3	sp|P01009|A1AT_HUMAN	0.0063965884	1.0	0.925486204785578	537285.416157712
SPSQDEMLPTYLK	2	sp|Q8IZF2|AGRF5_HUMAN	0.0063965884	1.0	0.89080058150437	42582.4130790208
SGAEAQTPEDSPNR	2	sp|O43493|TGON2_HUMAN	0.007418398	0.9933552810135716	0.9198236992023309	730.6445637155796
GTSAVNVVLSLK	2	sp|P20061|TCO1_HUMAN	0.0063965884	1.0	0.9514165439776953	48620.29585580367
GVC[+57.021465]EETSGAYEK	2	sp|P02760|AMBP_HUMAN	0.007418398	0.9933552810135716	0.9409030223647362	28244.41688041489
SDVVYTDWKK	2	sp|P02763|A1AG1_HUMAN	0.0063965884	1.0	0.9579321616246126	231917.67740377103
RHSLEYSLR	3	sp|Q13449|LSAMP_HUMAN	0.008674102	0.9658285256870233	0.9450444258517172	5447.431931957909
VQALEEANNDLENK	2	sp|P35527|K1C9_HUMAN	0.007418398	0.9866190731264982	0.9351798696183206	9040.55603903167
FLEDVKK	1	sp|P01009|A1AT_HUMAN	0.009615385	0.9514467542496609	0.7233642492617549	766.3402887319081
NILTSNNIDVK	2	sp|P05090|APOD_HUMAN	0.007418398	0.9933552810135716	0.8705834912721456	24358.031268483497
GPGEDFR	2	sp|P41222|PTGDS_HUMAN	0.0063965884	1.0	0.9075169498157359	104711.73343050329
LFDSDPITVTVPVEVSR	3	sp|P10909|CLUS_HUMAN	0.0063965884	1.0	0.9576373560594842	108166.53289000902
ELDESLQVAER	2	sp|P10909|CLUS_HUMAN	0.0063965884	1.0	0.9611828244258613	70044.7446720832
YPVAHFIDQTLK	2	sp|P05155|IC1_HUMAN	0.007418398	0.9933552810135716	0.9543798685684952	29455.938745564363
FEDGVLDPDYPR	2	sp|P04004|VTNC_HUMAN	0.0063965884	1.0	0.8512210905502671	51552.09300876621
FQPTLLTLPR	2	sp|P05155|IC1_HUMAN	0.0063965884	1.0	0.9659254256094004	715353.0502964198
SSSPELSEMLEYDR	2	sp|P12259|FA5_HUMAN	0.00794702	0.9797881705057813	0.941162444285749	15803.377478743556
SDVMYTDWKK	2	sp|P19652|A1AG2_HUMAN	0.0063965884	1.0	0.9351273427513622	27579.675338578047
FNQPFIIMIFDHFTWSSLFLAR	4	sp|P08185|CBG_HUMAN	0.0063965884	1.0	0.8303209897806354	127388.52866445619
GSESGIFTNTK	2	sp|P02671|FIBA_HUMAN	0.007418398	0.9866190731264982	0.9745742529614575	20148.172317891538
TPVC[+57.021465]TTGQGSGSTATVFAMAELQK	3	sp|Q9H8L6|MMRN2_HUMAN	0.0063965884	1.0	0.963386364690949	324095.1200287097
DQIVDLTVGNNK	2	sp|P35527|K1C9_HUMAN	0.0063965884	1.0	0.9290154913581702	1548.7148760618597
M[+15.994915]TVTDQVNC[+57.021465]PK	3	sp|P05090|APOD_HUMAN	0.0063965884	1.0	0.8422383121691819	226.6561074161727
LINDYVK	1	sp|P01011|AACT_HUMAN	0.008674102	0.9728591838590949	0.7290874681906652	506.6617380423644
GKEESLDSDLYAELR	3	sp|P02775|CXCL7_HUMAN	0.00794702	0.9797881705057813	0.8272765951402209	1496.7380279379918
SDDSVIQLLNPNR	2	sp|Q9BY67|CADM1_HUMAN	0.0063965884	1.0	0.893094200842456	78107.60556103072
YGFIEGHVVIPR	2	sp|P16070|CD44_HUMAN	0.0063965884	1.0	0.9524778063242151	704723.5331856061
VTVLGQPK	2	sp|B9A064|IGLL5_HUMAN;sp|P0DOX8|IGL1_HUMAN	0.0063965884	1.0	0.9616651156357864	51906.5908101419
GLEEELQFSLGSK	2	sp|P0C0L4|CO4A_HUMAN;sp|P0C0L5|CO4B_HUMAN	0.007418398	0.9933552810135716	0.9750847870976723	41108.79925840227
HRLEDMEQALSPSVFK	3	sp|P05155|IC1_HUMAN	0.0063965884	1.0	0.9805314513762392	71952.41675194188
ELDRDTVFALVNYIFFK	4	sp|P01009|A1AT_HUMAN	0.0063965884	1.0	0.8906075988938732	8211.283577781764
TVAAPSVFIFPPSDEQLK	3	sp|P01834|IGKC_HUMAN	0.0063965884	1.0	0.9172154632897326	7276.555345078912
TFLTVYWTPER	2	sp|P05362|ICAM1_HUMAN	0.0063965884	1.0	0.9188197308967576	80841.93063003517
KGPGPGGPGGAGVAR	3	sp|Q92686|NEUG_HUMAN	0.0063965884	1.0	0.7563204052703241	26527.33689303777
EFLEDTC[+57.021465]VQYVQK	2	sp|Q9UNN8|EPCR_HUMAN	0.00794702	0.9797881705057813	0.9260813270573537	25100.590200874423
THLAPYSDELR	2	sp|P02647|APOA1_HUMAN	0.008674102	0.9728591838590949	0.9817461399513889	29870.835363259223
AAC[+57.021465]LLPK	2	sp|P02768|ALBU_HUMAN	0.008674102	0.9658285256870233	0.9346207565344863	3365.7950745617445
EVASNSELVQSSR	2	sp|P08779|K1C16_HUMAN	0.0063965884	1.0	0.8760373826080733	4174.004137469899
NEVWWTIDGK	2	sp|Q9NPH3|IL1AP_HUMAN	0.0063965884	1.0	0.9368416951523293	12395.349218883688
FPVFMGR	1	sp|P05155|IC1_HUMAN	0.009615385	0.9586923939928679	0.7117893547465846	331.1977030247829
SGAEEQGPIDGPSK	2	sp|O43493|TGON2_HUMAN	0.0063965884	1.0	0.933515721367928	6068.9468378761285
RHPYFYAPELLFFAK	4	sp|P02768|ALBU_HUMAN	0.0063965884	1.0	0.8069456897099343	64048.98483474669
VQLTGEPVPMAR	2	sp|P15151|PVR_HUMAN	0.0063965884	1.0	0.993691606483066	2929.5809262802577
SKLPGIVAEGRDDLYVSDAFHK	5	sp|P01008|ANT3_HUMAN	0.0063965884	1.0	0.8447096806709864	44233.56521679768
VMTPAVYAPYDVK	3	sp|O00533|NCHL1_HUMAN	0.007418398	0.9933552810135716	0.8303008802868174	1557.172412013996
SQYEQLAEQNR	2	sp|P13645|K1C10_HUMAN	0.0063965884	1.0	0.8145670785636578	2005.2864306466033
NHNALLASLTTQK	2	sp|O75882|ATRN_HUMAN	0.0063965884	1.0	0.9409374469275541	181544.99908508954
VLSYVDWIK	2	sp|Q9NZP8|C1RL_HUMAN	0.0063965884	1.0	0.9615679599737779	64904.31568624163
TTPPVLDSDGSFFLYSK	2	sp|P01857|IGHG1_HUMAN;sp|P0DOX5|IGG1_HUMAN	0.0063965884	1.0	0.9238590303464248	55232.983905415895
RNPFVFAPTLLTVAVHFEEVAK	4	sp|P43652|AFAM_HUMAN	0.0063965884	1.0	0.9881861024304182	13814.755456587767
IGPDNLPYVQILK	2	sp|P11362|FGFR1_HUMAN	0.0063965884	1.0	0.9469832418051798	165119.65623101636
ALDLINK	1	sp|P04196|HRG_HUMAN	0.0063965884	1.0	0.762020570692547	7169.702360215111
AVLDVFEEGTEASAATAVK	2	sp|P01011|AACT_HUMAN	0.009615385	0.9586923939928679	0.8593237173971118	138349.18146491452
EVELIIQVTPK	2	sp|P19320|VCAM1_HUMAN	0.0063965884	1.0	0.871675403253806	3141.0414752821907
NWGLSFYADKPETTK	2	sp|P19652|A1AG2_HUMAN	0.0063965884	1.0	0.9185979067345896	826598.5149447097
SPELQAEAKSYFEK	2	sp|P02652|APOA2_HUMAN	0.0063965884	1.0	0.9145019016185842	146360.69298221124
AFLEVNEEGSEAAASTAVVIAGR	4	sp|P01008|ANT3_HUMAN	0.010477299	0.9134157281067091	0.8450372105517509	3617.947664192148
GEC[+57.021465]QAEGVLFFQGDR	2	sp|P02790|HEMO_HUMAN	0.0063965884	1.0	0.9538062145882924	1897771.9293330074
EQLQDMGLVDLFSPEK	2	sp|P01008|ANT3_HUMAN	0.007418398	0.9933552810135716	0.9187066581747966	175757.48401124598
STASFEELC[+57.021465]SEYR	2	sp|Q9NQ38|ISK5_HUMAN	0.007418398	0.9866190731264982	0.8644102417261473	3291.316528212508
SLSGTAFGGFLMFK	2	sp|Q9H8L6|MMRN2_HUMAN	0.007418398	0.9933552810135716	0.9762471552201214	162037.2046843323
ELELQIGNALFIGK	2	sp|P05543|THBG_HUMAN	0.0063965884	1.0	0.9367817688836724	494002.9260079967
GPSVFPLAPC[+57.021465]SR	2	sp|P01859|IGHG2_HUMAN;sp|P01860|IGHG3_HUMAN;sp|P01861|IGHG4_HUMAN	0.007418398	0.9933552810135716	0.9124570491835018	25717.080764070262
YYC[+57.021465]FQGNQFLR	2	sp|P02790|HEMO_HUMAN	0.007418398	0.9866190731264982	0.9803977001063124	217078.69048530667
HSAQPWADFTLLGAR	2	sp|Q8IYS5|OSCAR_HUMAN	0.013856813	0.8258516653955662	0.8316776467970615	1114.7841707444584
RHPYFYAPELLFFAK	3	sp|P02768|ALBU_HUMAN	0.010477299	0.9054124614333342	0.7606825904755975	1300.7532354628995
VTTSQDMLSIMEK	2	sp|P05155|IC1_HUMAN	0.0063965884	1.0	0.9564003992834311	1650322.9323429654
DALSSVQESQVAQQAR	2	sp|P02656|APOC3_HUMAN	0.010477299	0.897262926642552	0.7863721922943125	17438.707974313656
KPLIGTVLAMDPDAAR	3	sp|P33151|CADH5_HUMAN	0.007418398	0.9866190731264982	0.9182909795662968	4348.777844064005
GSEAINAPGDNPAK	2	sp|Q9NZP8|C1RL_HUMAN	0.0063965884	1.0	0.8531441519631554	2424.4117108831465
QFTSSTSYNR	2	sp|P02671|FIBA_HUMAN	0.0063965884	1.0	0.9593233035310704	130722.32814410653
TDTSHHDQDHPTFNK	2	sp|P01009|A1AT_HUMAN	0.0063965884	1.0	0.9578629776274392	34098.96449453631
AGGSWDLAVQER	2	sp|P22792|CPN2_HUMAN	0.0063965884	1.0	0.7007890083745746	1857.5969277700906
LALDIEIATYR	2	sp|P05787|K2C8_HUMAN;sp|P08729|K2C7_HUMAN;sp|P14136|GFAP_HUMAN;sp|P19013|K2C4_HUMAN;sp|Q6KB66|K2C80_HUMAN	0.0063965884	1.0	0.9121489765051245	57058.81113344316
YPPTVSMVEGQGEK	3	sp|P27918|PROP_HUMAN	0.007418398	0.9866190731264982	0.780864355944726	3268.7634103676114
LILDIFEYEC[+57.021465]K	2	sp|Q8IZF2|AGRF5_HUMAN	0.0063965884	1.0	0.7661196629395518	23279.442546460275
ATLLEEQLPLGK	2	sp|Q9BQ51|PD1L2_HUMAN	0.0063965884	1.0	0.8481022437526233	9830.756770812302
KVPQVSTPTLVEVSR	3	sp|P02768|ALBU_HUMAN	0.007418398	0.9866190731264982	0.9391529406823491	4121.560233564286
ASSIIDELFQDR	2	sp|P10909|CLUS_HUMAN	0.0063965884	1.0	0.9398575385094208	58439.44334353973
ETC[+57.021465]FAEEGKK	3	sp|P02768|ALBU_HUMAN	0.008674102	0.9658285256870233	0.8290664807741851	1135.9166287192925
LVVQSSIDSSAFK	2	sp|P10721|KIT_HUMAN	0.007418398	0.9933552810135716	0.8698799959651727	26923.48989272794
SYSC[+57.021465]QVTHEGSTVEK	2	sp|B9A064|IGLL5_HUMAN;sp|P0CF74|IGLC6_HUMAN;sp|P0CG04|IGLC1_HUMAN;sp|P0DOX8|IGL1_HUMAN;sp|P0DOY2|IGLC2_HUMAN;sp|P0DOY3|IGLC3_HUMAN	0.007418398	0.9866190731264982	0.8869218947807138	29519.011089502197
FMPLSDVLYGR	2	sp|Q10588|BST1_HUMAN	0.0063965884	1.0	0.9587341500702499	1446.3081238575794
INHGILYDEEK	2	sp|P36980|FHR2_HUMAN;sp|Q03591|FHR1_HUMAN	0.0063965884	1.0	0.711748205914923	193.48172484038295
AIHLLLR	2	sp|O43149|ZZEF1_HUMAN	0.009615385	0.9586923939928679	0.7354270771406379	543.8513963309821
FSISATYDLGATLLK	2	sp|P05543|THBG_HUMAN	0.0063965884	1.0	0.922737809099327	750376.075132661
GFGGLTGQIVAALSTAK	2	sp|Q92954|PRG4_HUMAN	0.00794702	0.9797881705057813	0.7939176722533684	39807.63178343586
NWGLSVYADKPETTK	4	sp|P02763|A1AG1_HUMAN	0.00794702	0.9797881705057813	0.9315614440409805	3346.068803548226
SASNMAIVDVK	2	sp|P01023|A2MG_HUMAN	0.0063965884	1.0	0.8557689109514036	8376.79395398278
GDTIQLYLGAK	2	sp|Q8TDL5|BPIB1_HUMAN	0.0063965884	1.0	0.8661285354313517	3987.7481352451296
QLVEIEK	2	sp|P00738|HPT_HUMAN;sp|P00739|HPTR_HUMAN	0.018223235	1.0	0.9800996921300884	685104.6845665756
GPALTTPK	1	sp|Q92954|PRG4_HUMAN	0.012731481	0.8718655118414741	0.7614440885260305	1115.2349951146732
EWFWDLATGTMK	2	sp|P02790|HEMO_HUMAN	0.0063965884	1.0	0.9652802436265217	8483454.536268549
REPAVGEPAEVTTTVLVR	3	sp|P05362|ICAM1_HUMAN	0.007418398	0.9933552810135716	0.9296151135249849	34330.64416343575
LTPTLYVGK	2	sp|O75460|ERN1_HUMAN	0.0063965884	1.0	0.9345514102550583	24428.74160771634
AQVSPTASDMLHMR	2	sp|Q6UXB8|PI16_HUMAN	0.00794702	0.9797881705057813	0.9448405991138866	4229.720680440634
EMEDTLNHLK	2	sp|P17936|IBP3_HUMAN	0.007418398	0.9933552810135716	0.8201161850655669	35553.20539313153
DAVEDLESVGK	3	sp|P81605|DCD_HUMAN	0.017142856	0.7138053936648634	0.8303791697276973	67.45109548135531
VFIGINDLEK	2	sp|Q9BWP8|COL11_HUMAN	0.007418398	0.9866190731264982	0.9087989247697124	18666.46118353687
DYQELMNTK	2	sp|P04264|K2C1_HUMAN	0.007418398	0.9866190731264982	0.9810107505851446	39600.513017609686
SETEIHQGFQHLHQLFAK	5	sp|P08185|CBG_HUMAN	0.0063965884	1.0	0.9300163535739903	3418048.601358409
NVPDDILQLLK	2	sp|Q9H4A9|DPEP2_HUMAN	0.0063965884	1.0	0.7544805548951965	7280.214561520313
LMVELHNLYR	2	sp|Q6UXB8|PI16_HUMAN	0.007418398	0.9933552810135716	0.7814128789593913	32976.26985156271
FKLDDDLEHQGGHVLDHGHK	3	sp|P01042|KNG1_HUMAN	0.0063965884	1.0	0.9386249010286801	335458.0043144583
GSC[+57.021465]GIGGGIGGGSSR	2	sp|P02533|K1C14_HUMAN;sp|P08779|K1C16_HUMAN	0.010477299	0.9212790999005022	0.9373802841695013	4089.64657698057
ITC[+57.021465]TEEGWSPTPK	2	sp|Q03591|FHR1_HUMAN;sp|Q9BXR6|FHR5_HUMAN	0.0063965884	1.0	0.8504437326782526	7474.6723735788055
YDVDTQMWTILK	3	sp|O75882|ATRN_HUMAN	0.013856813	0.8258516653955662	0.8645797621816589	5831.52932833217
TGLFQDVGPQR	2	sp|Q86SQ4|AGRG6_HUMAN	0.007418398	0.9933552810135716	0.947736290332996	2858.3054394466017
SFMLLILER	2	sp|P05543|THBG_HUMAN	0.0063965884	1.0	0.98374947576855	325402.8538135131
LLDSLPSDTR	2	sp|P05155|IC1_HUMAN	0.007418398	0.9866190731264982	0.9602332749799664	32499.778520745112
TNLESILSYPK	2	sp|P05155|IC1_HUMAN	0.0063965884	1.0	0.9574064289509425	171139.15326596206
YVMLPVADQDQC[+57.021465]IR	3	sp|P00738|HPT_HUMAN	0.00794702	0.9797881705057813	0.7741283862621616	1498.8808171682872
ALYVHGGYK	2	sp|O75882|ATRN_HUMAN	0.00794702	0.9797881705057813	0.9180214373747996	8197.027122380678
AVVFLEPQWYR	3	sp|P08637|FCG3A_HUMAN	0.0063965884	1.0	0.9061266888627959	38778.43010155353
MSSINADFAFNLYR	3	sp|P05543|THBG_HUMAN	0.00794702	0.9797881705057813	0.9698100305842732	19776.605640937236
SGTASVVC[+57.021465]LLNNFYPR	3	sp|P01834|IGKC_HUMAN;sp|P0DOX7|IGK_HUMAN	0.0063965884	1.0	0.8866899368248141	20109.219596108866
NYSPYYNTIDDLK	2	sp|P35527|K1C9_HUMAN	0.0063965884	1.0	0.9029285283973809	175616.1056509283
TEGDGVYTLNDKK	3	sp|P00738|HPT_HUMAN;sp|P00739|HPTR_HUMAN	0.008674102	0.9728591838590949	0.9817204826400859	17975.435019255667
LLGIETPLPK	2	sp|P05362|ICAM1_HUMAN	0.010477299	0.9440873193926883	0.8383406921901713	3327.0099826442106
GILTVDELLAIR	2	sp|P13473|LAMP2_HUMAN	0.0063965884	1.0	0.9491880478091398	271725.36324669374
SYQDFFEAIR	2	sp|P18850|ATF6A_HUMAN	0.0063965884	1.0	0.9751126507946446	5649.677360151577
AIGPSQTHTIR	2	sp|Q92954|PRG4_HUMAN	0.0063965884	1.0	0.8986712169603903	41835.51032396703
RHPDYSVVLLLR	3	sp|P02768|ALBU_HUMAN	0.00794702	0.9797881705057813	0.8691411152711452	144.00740215644885
EPFLSC[+57.021465]C[+57.021465]QFAESLR	2	sp|P0C0L4|CO4A_HUMAN;sp|P0C0L5|CO4B_HUMAN	0.0063965884	1.0	0.8553329365980309	101591.24198216903
TSDQIHFFFAK	2	sp|P01008|ANT3_HUMAN	0.0063965884	1.0	0.9573212219449566	52981.49419945859
GWVTDGFSSLK	2	sp|P02656|APOC3_HUMAN	0.0063965884	1.0	0.9732895706653997	237923.2757179877
LHMLQISYFR	2	sp|Q9UNN8|EPCR_HUMAN	0.0063965884	1.0	0.842525901835461	4917.398960590684
EPC[+57.021465]VESLVSQYFQTVTDYGK	3	sp|P02652|APOA2_HUMAN	0.0063965884	1.0	0.8898239857848261	1005002.794853283
YTIAALLSPYSYSTTAVVTNPK	3	sp|P02766|TTHY_HUMAN	0.0063965884	1.0	0.9461059482401327	1631063.377301598
SLDLDSIIAEVK	2	sp|P04264|K2C1_HUMAN	0.0063965884	1.0	0.9178138809295422	451.9870973606207
EHAVEGDC[+57.021465]DFQLLK	2	sp|P02765|FETUA_HUMAN	0.00794702	0.9797881705057813	0.8823579268990556	48412.327238039434
VVGLIQDLKPNTIMVLVNYIHFK	4	sp|P05543|THBG_HUMAN	0.0063965884	1.0	0.8669563273241523	20525.945615704703
FNQPFIIM[+15.994915]IFDHFTWSSLFLAR	3	sp|P08185|CBG_HUMAN	0.0063965884	1.0	0.9670373478302366	666957.8046145041
RYTIAALLSPYSYSTTAVVTNPK	4	sp|P02766|TTHY_HUMAN	0.0063965884	1.0	0.9435292853788494	1315061.9567250572
SPLFMGK	2	sp|P01009|A1AT_HUMAN	0.0063965884	1.0	0.9694392736895191	1666837.6468999602
TLMFGSYLDDEK	2	sp|P19652|A1AG2_HUMAN	0.0063965884	1.0	0.9661789958006701	3282747.3923172276
KGEVLPLPEANFPSFPLPHHK	4	sp|P04196|HRG_HUMAN	0.0063965884	1.0	0.9216121813177254	438883.2232431805
YVGGQEHFAHLLILRDTK	4	sp|P02763|A1AG1_HUMAN	0.0063965884	1.0	0.8661375566638417	118705.4396456217
GDSVVYGLR	2	sp|P10451|OSTP_HUMAN	0.021590909	0.9728591838590949	0.950081971682974	9719.695954476516
VDLLNQEIEFLK	2	sp|P35908|K22E_HUMAN	0.007418398	0.9933552810135716	0.8259543736013574	778.9934820491997
TLILDVPPGVEK	2	sp|P08575|PTPRC_HUMAN	0.007418398	0.9933552810135716	0.8865221255525557	5804.614894494607
DYWSTVK	2	sp|P02656|APOC3_HUMAN	0.0063965884	1.0	0.9930689148979441	298786.1969886006
VTSIQDWVQK	2	sp|P00738|HPT_HUMAN	0.0063965884	1.0	0.9719896101261951	758921.0450172941
LQHLENELTHDIITK	2	sp|P01009|A1AT_HUMAN	0.0063965884	1.0	0.8980323486361736	361999.23839020956
LILVDYILFK	2	sp|Q9UK55|ZPI_HUMAN	0.007418398	0.9933552810135716	0.8599976888446165	3417.2479287924702
GLASANVDFAFSLYK	3	sp|P08185|CBG_HUMAN	0.0063965884	1.0	0.9420162040102943	21513.30776397231
QNC[+57.021465]ELFEQLGEYK	2	sp|P02768|ALBU_HUMAN	0.00794702	0.9797881705057813	0.8657862747106772	48625.415021343644
YTIAALLSPYSYSTTAVVTNPK	4	sp|P02766|TTHY_HUMAN	0.0063965884	1.0	0.7342681628753135	27009.044969958224
VTTSQDMLSIM[+15.994915]EK	2	sp|P05155|IC1_HUMAN	0.007418398	0.9866190731264982	0.9686995444726278	18814.49176197729
IC[+57.021465]LDLQAPLYK	3	sp|P02776|PLF4_HUMAN	0.0063965884	1.0	0.8698569499758397	157.43459472381977
TPSSTGPSPVFDIK	2	sp|Q12913|PTPRJ_HUMAN	0.007418398	0.9933552810135716	0.9575252770873784	79034.16799078553
YSLTYIYTGLSK	2	sp|P25311|ZA2G_HUMAN	0.0063965884	1.0	0.9594258878978262	100865.58367154635
FEMEQNLR	2	sp|P35527|K1C9_HUMAN	0.00794702	0.9797881705057813	0.879478297946712	5428.804164149123
QGHNSVFLIK	3	sp|P02790|HEMO_HUMAN	0.008674102	0.9658285256870233	0.8896758874955806	32.64506723072891
EIPVLVTQISSTNHPVK	3	sp|Q6UX71|PXDC2_HUMAN	0.0063965884	1.0	0.9772875211023727	26300.15875130263
NTWSILHTQGALVQGGYGHSSVYDHR	3	sp|O75882|ATRN_HUMAN	0.0063965884	1.0	0.9661442229638919	1285356.7018426803
IVDLFSGLDSPAILVLVNYIFFK	3	sp|P08185|CBG_HUMAN	0.00794702	0.9797881705057813	0.9570390952551692	53516.10456453249
SASLHLPK	2	sp|P01009|A1AT_HUMAN	0.008674102	0.9728591838590949	0.9407919779533686	3069.368813652573
SDVM[+15.994915]YTDWKK	2	sp|P19652|A1AG2_HUMAN	0.0063965884	1.0	0.9549739501954781	12756.316956335766
IAPQLSTEELVSLGEK	2	sp|P43652|AFAM_HUMAN	0.0063965884	1.0	0.8632934024907399	559280.8052755411
MEEVEAMLLPETLK	2	sp|P01011|AACT_HUMAN	0.007418398	0.9866190731264982	0.9614470081408921	9321.058443453681
FTVNNLAEPQK	2	sp|P12259|FA5_HUMAN	0.010477299	0.9290085173289965	0.8967548206655315	4624.393337494278
FRIEDGFSLK	2	sp|P01008|ANT3_HUMAN	0.009615385	0.9586923939928679	0.8691511762669836	2448.6648910401027
GDDITMVLILPKPEK	3	sp|P01008|ANT3_HUMAN	0.007418398	0.9866190731264982	0.9343214024513382	132412.7785819923
GDTFSC[+57.021465]MVGHEALPLAFTQK	3	sp|P01876|IGHA1_HUMAN	0.007418398	0.9933552810135716	0.9491549407274574	16379.244786719017
EHVAHLLFLRDTK	4	sp|P19652|A1AG2_HUMAN	0.007418398	0.9866190731264982	0.9714573792447929	89685.64942303079
AQWANPFDPSK	2	sp|P05543|THBG_HUMAN	0.007418398	0.9933552810135716	0.9630277999501546	68820.51961485825
FNKPFVFLMIEQNTK	2	sp|P01009|A1AT_HUMAN	0.010477299	0.9290085173289965	0.9435521665690787	26761.26882074081
SDVVYTDWK	2	sp|P02763|A1AG1_HUMAN	0.007418398	0.9866190731264982	0.9573152387667831	55075.48954818886
GLPNVVTSAISLPNIR	3	sp|Q92954|PRG4_HUMAN	0.00794702	0.9797881705057813	0.9781553393895165	213718.4782427296
SGVQQLIQYYQDQK	3	sp|Q13790|APOF_HUMAN	0.00794702	0.9797881705057813	0.808726048805022	2339.52353916153
WVQDYIK	2	sp|Q16627|CCL14_HUMAN	0.0063965884	1.0	0.9941509275877194	297307.1833552215
EVPLNTIIFM[+15.994915]GR	2	sp|P01008|ANT3_HUMAN	0.0063965884	1.0	0.968485162034393	224798.02613872636
HIIVAC[+57.021465]EGSPYVPVHFDASVEDST	3	sp|P07998|RNAS1_HUMAN	0.0063965884	1.0	0.9435638100287403	1159262.8689798396
M[+15.994915]SSINADFAFNLYR	2	sp|P05543|THBG_HUMAN	0.00794702	0.9797881705057813	0.8492908624873847	7891.990486511831
GWVDLFVPK	2	sp|P05543|THBG_HUMAN	0.00794702	0.9797881705057813	0.975883554577146	62123.47350513564
FLEDVKK	2	sp|P01009|A1AT_HUMAN	0.008674102	0.9728591838590949	0.9580861342738652	8233.016358074763
WVMVPMMSLHHLTIPYFR	4	sp|P01011|AACT_HUMAN	0.0063965884	1.0	0.790517137635809	29785.434242484862
YAASSYLSLTPEQWK	2	sp|A0M8Q6|IGLC7_HUMAN;sp|B9A064|IGLL5_HUMAN;sp|P0CF74|IGLC6_HUMAN;sp|P0CG04|IGLC1_HUMAN;sp|P0DOX8|IGL1_HUMAN;sp|P0DOY2|IGLC2_HUMAN;sp|P0DOY3|IGLC3_HUMAN	0.0063965884	1.0	0.939744849062856	1029795.7327734776
QDQC[+57.021465]IYNTTYLNVQR	2	sp|P02763|A1AG1_HUMAN	0.008674102	0.9658285256870233	0.8320580761779358	6613.582189558374
TC[+57.021465]PKPDDLPFSTVVPLK	2	sp|P02749|APOH_HUMAN	0.008674102	0.9658285256870233	0.9519366836914281	270049.5108948615
LSSWVLLM[+15.994915]K	2	sp|P01009|A1AT_HUMAN	0.007418398	0.9866190731264982	0.9397218986228931	50552.51104414046
LTSLPLGALR	2	sp|P07359|GP1BA_HUMAN	0.0063965884	1.0	0.9308602387703985	57375.52890330112
ELTPEVLQEWLDELEEMMLVVHMPR	4	sp|P01008|ANT3_HUMAN	0.0063965884	1.0	0.8702523950361116	261859.34209394758
TMLLQPAGSLGSYSYR	3	sp|P41222|PTGDS_HUMAN	0.0063965884	1.0	0.9526136618082114	146071.0469573177
DLLLPQPDLR	2	sp|P02750|A2GL_HUMAN	0.0063965884	1.0	0.87641363834085	40700.37015524862
LLDNWDSVTSTFSK	2	sp|P02647|APOA1_HUMAN	0.0063965884	1.0	0.9847105450365388	1719237.737168931
ANQQLNFTEAK	2	sp|Q9Y5Y7|LYVE1_HUMAN	0.007418398	0.9933552810135716	0.9260535568622282	9347.397543154084
YVGGQEHFAHLLILR	2	sp|P02763|A1AG1_HUMAN	0.0063965884	1.0	0.9175305865527905	7413910.170260025
TFYEPGEEITYSC[+57.021465]KPGYVSR	3	sp|P02749|APOH_HUMAN	0.007418398	0.9866190731264982	0.9305737458121492	19691.106121621015
SVQYDDVPEYK	2	sp|Q13740|CD166_HUMAN	0.0063965884	1.0	0.9612417668275771	2207.7758069836027
NKEDC[+57.021465]VEIYIK	3	sp|P14151|LYAM1_HUMAN	0.0063965884	1.0	0.9046325467368522	22818.973524221128
EHVAHLLFLRDTK	3	sp|P19652|A1AG2_HUMAN	0.007418398	0.9866190731264982	0.7422690977167627	6146.852922634544
RLGMFNIQHC[+57.021465]K	2	sp|P01009|A1AT_HUMAN	0.0063965884	1.0	0.8916413344853983	99356.05700077201
EFTPPVQAAYQK	3	sp|P68871|HBB_HUMAN	0.010477299	0.9290085173289965	0.837300117708403	4824.584169294505
SAGSVESPSVSSTHR	3	sp|P17936|IBP3_HUMAN	0.0063965884	1.0	0.7827680609630754	63687.83341026991
NSLYLQMNSLR	2	sp|A0A0B4J1V1|HV321_HUMAN;sp|A0A0B4J1X8|HV343_HUMAN;sp|A0A0C4DH32|HV320_HUMAN;sp|P01762|HV311_HUMAN;sp|P01763|HV348_HUMAN;sp|P01766|HV313_HUMAN;sp|P01780|HV307_HUMAN;sp|P01782|HV309_HUMAN;sp|P0DP04|HV43D_HUMAN	0.0063965884	1.0	0.9641128998556853	4399.4140185501365
IPKSDVVYTDWK	2	sp|P02763|A1AG1_HUMAN	0.007418398	0.9933552810135716	0.9729794672518143	37453.91638670105
KATVVYQGER	2	sp|P02749|APOH_HUMAN	0.007418398	0.9866190731264982	0.8391702018499902	2559.3281622740346
QGLLPVLESFK	2	sp|P02647|APOA1_HUMAN	0.007418398	0.9933552810135716	0.9505847046085311	285516.2523320296
MREWFSETFQK	2	sp|P02654|APOC1_HUMAN	0.007418398	0.9866190731264982	0.9714453713599414	179971.8106858604
AREDIFMETLK	3	sp|P25311|ZA2G_HUMAN	0.0063965884	1.0	0.9409707176657698	139935.0716180491
EGVLYVGSK	2	sp|P37840|SYUA_HUMAN;sp|Q16143|SYUB_HUMAN	0.0063965884	1.0	0.8802362489975556	28934.164926610214
TYFPHFDLSHGSAQVK	4	sp|P69905|HBA_HUMAN	0.0063965884	1.0	0.9714238676594676	761678.1903981445
GGEGTGYFVDFSVR	2	sp|P04196|HRG_HUMAN	0.007418398	0.9933552810135716	0.9165363044434574	15822.00844458755
AGALQLLLVGDK	2	sp|P55058|PLTP_HUMAN	0.0063965884	1.0	0.9679811024799845	20640.02410776371
DTEEEDFHVDQVTTVK	2	sp|P01009|A1AT_HUMAN	0.009615385	0.9658285256870233	0.9342970880862634	1678818.2851416087
WKNFPSPVDAAFR	3	sp|P02790|HEMO_HUMAN	0.0063965884	1.0	0.8329192302881431	8991.085572001111
ATVVYQGER	2	sp|P02749|APOH_HUMAN	0.0063965884	1.0	0.9728267415330576	2023989.1267091911
YNSQNQSNNQFVLYR	2	sp|P01042|KNG1_HUMAN	0.0063965884	1.0	0.9480150711277541	1108264.2376037496
IDSLLENDR	2	sp|P10909|CLUS_HUMAN	0.00794702	0.9797881705057813	0.9597335764119541	26214.06909312712
DYVSQFEGSALGK	2	sp|P02647|APOA1_HUMAN	0.0063965884	1.0	0.899490472001309	157258.82100047753
TM[+15.994915]LLQPAGSLGSYSYR	2	sp|P41222|PTGDS_HUMAN	0.0063965884	1.0	0.9803859433964489	1011539.0540029331
HPDEAAFFDTASTGK	2	sp|P02671|FIBA_HUMAN	0.00794702	0.9797881705057813	0.8332811153651974	8883.887793066497
EHVAHLLFLR	2	sp|P19652|A1AG2_HUMAN	0.0063965884	1.0	0.8910405039223588	61323.00771769132
TVAAC[+57.021465]NLPIVR	3	sp|P02760|AMBP_HUMAN	0.0063965884	1.0	0.8436368933136871	9268.463609909073
AVVFLEPQWYSVLEK	2	sp|O75015|FCG3B_HUMAN	0.0063965884	1.0	0.9565792631607447	4281468.4248093655
LLIYDNNK	2	sp|P01701|LV151_HUMAN	0.0063965884	1.0	0.8933972211953394	46065.21079852808
LLIYGASTR	2	sp|A0A075B6H7|KV37_HUMAN;sp|A0A0C4DH55|KVD07_HUMAN;sp|P01624|KV315_HUMAN	0.0063965884	1.0	0.8302524673573584	77484.79405436174
TYFPHFDLSHGSAQVK	3	sp|P69905|HBA_HUMAN	0.0063965884	1.0	0.788420260453144	15112.839481402061
SGTASEMGTER	2	sp|Q9ULI3|HEG1_HUMAN	0.0063965884	1.0	0.9226537688825793	9269.987554445393
FIVLSNNYLQIR	2	sp|P13591|NCAM1_HUMAN	0.007418398	0.9933552810135716	0.9307661121580085	1396.497835850548
AADDTWEPFASGKTSESGELHGLTTEEEFVEGIYK	4	sp|P02766|TTHY_HUMAN	0.009615385	0.9658285256870233	0.8745937407477988	79347.27189849215
AEAESLYQSK	2	sp|P04264|K2C1_HUMAN	0.0063965884	1.0	0.9460001139913722	35794.43384935289
LWWLDLK	2	sp|P02790|HEMO_HUMAN	0.008674102	0.9728591838590949	0.9118536901273582	12190.268835575527
ALDLINK	2	sp|P04196|HRG_HUMAN	0.0063965884	1.0	0.9788762555817458	627150.0518026917
TLLDIDNTR	2	sp|P35527|K1C9_HUMAN	0.00794702	0.9797881705057813	0.9754278279913411	10218.0630461731
EFEGEEEYLEILGITR	3	sp|Q13449|LSAMP_HUMAN	0.0063965884	1.0	0.875954510644002	211468.4034246396
DIPMNPMC[+57.021465]IYR	2	sp|P01008|ANT3_HUMAN	0.0063965884	1.0	0.9843914989567052	65833.56105813224
TEGDGVYTLNNEK	2	sp|P00738|HPT_HUMAN	0.007418398	0.9933552810135716	0.9358955471572462	44217.734425704555
VPTVEPLDSLTLFLFR	2	sp|P13598|ICAM2_HUMAN	0.0063965884	1.0	0.9361191860291073	3200086.4997277856
AFLEVNEEGSEAAASTAVVIAGR	3	sp|P01008|ANT3_HUMAN	0.0063965884	1.0	0.9217981029045879	128803.3465277302
LVAASQAALGL	2	sp|P02768|ALBU_HUMAN	0.00794702	0.9797881705057813	0.875578900562779	12806.697296132854
ITLLSALVETR	3	sp|P01011|AACT_HUMAN	0.0063965884	1.0	0.7584376663512509	14857.112688543146
DLDSQTMMVLVNYIFFK	3	sp|P01011|AACT_HUMAN	0.007418398	0.9933552810135716	0.8955998223560455	91454.31947625573
ALGISPFHEHAEVVFTANDSGPR	5	sp|P02766|TTHY_HUMAN	0.007418398	0.9866190731264982	0.8164636274048516	1182.5834938515256
FDPVRGEVPPR	3	sp|P02790|HEMO_HUMAN	0.0063965884	1.0	0.9474613174094699	262268.47551195975
EISDGDVIISGNK	2	sp|P00533|EGFR_HUMAN	0.0063965884	1.0	0.8690399464354377	3258.465910412927
QINSYVK	2	sp|P08185|CBG_HUMAN	0.00794702	0.9797881705057813	0.7405159554913956	290.3519175788184
MADEAGSEADHEGTHSTK	3	sp|P02671|FIBA_HUMAN	0.0063965884	1.0	0.9296315600603711	64714.604104314276
TLLVFEVQQPFLFVLWDQQHK	3	sp|P05155|IC1_HUMAN	0.008674102	0.9728591838590949	0.756938551818121	3814.310045249752
FLSTLTIDGVTR	2	sp|P35968|VGFR2_HUMAN	0.0063965884	1.0	0.8038954619579963	2305.868708288312
SLNNQFASFIDK	2	sp|P04264|K2C1_HUMAN	0.007418398	0.9933552810135716	0.9579369386576891	68377.01966973463
AADDTWEPFASGK	2	sp|P02766|TTHY_HUMAN	0.0063965884	1.0	0.9795028213296646	223082.16676854467
LVLLNAIYLSAK	3	sp|P05155|IC1_HUMAN	0.010477299	0.9290085173289965	0.8498323807602916	5017.440201622409
LYLVQGTQVYVFLTK	2	sp|P02790|HEMO_HUMAN	0.0063965884	1.0	0.8794424649025353	364015.65689562116
VNVDEVGGEALGR	2	sp|P68871|HBB_HUMAN	0.0063965884	1.0	0.9360123628800161	3555.3261373622
NWGLSVYADKPETTK	3	sp|P02763|A1AG1_HUMAN	0.00794702	0.9797881705057813	0.9490694626260319	8434.748818141454
GDPLGTEGGLDASNTER	2	sp|Q12913|PTPRJ_HUMAN	0.0063965884	1.0	0.926999925539251	785497.4937405656
LLLGSNQNEIVSLK	2	sp|Q86SQ4|AGRG6_HUMAN	0.007418398	0.9866190731264982	0.8954394640685108	22205.041515408135
GLYDVVSVLR	2	sp|O75144|ICOSL_HUMAN	0.0063965884	1.0	0.9618285788462048	762218.201093534
LLGLSLAGK	1	sp|Q9Y5Y7|LYVE1_HUMAN	0.009615385	0.9586923939928679	0.727608347102884	249.34117581300708
ETPAATEAPSSTPK	2	sp|P80723|BASP1_HUMAN	0.0063965884	1.0	0.9523638295629212	7030.291745110352
AVLHIGEK	2	sp|P05543|THBG_HUMAN	0.008674102	0.9728591838590949	0.9410744884488749	9613.79125767121
DGNPFYFTDHR	3	sp|O00533|NCHL1_HUMAN	0.0063965884	1.0	0.837714995283457	4029.5964892585826
RVDTVDPPYPR	2	sp|P04004|VTNC_HUMAN	0.008674102	0.9728591838590949	0.8113384235066232	1598.731691449065
DNENVVNEYSSELEK	2	sp|P02675|FIBB_HUMAN	0.0063965884	1.0	0.9492144609764602	86268.29126770151
TDTSHHDQDHPTFNK	4	sp|P01009|A1AT_HUMAN	0.0063965884	1.0	0.9518162955353151	1150323.5861434082
LYHSEAFTVNFGDTEEAKK	3	sp|P01009|A1AT_HUMAN	0.007418398	0.9933552810135716	0.9641500248319108	32359.036613391057
FAGVFHVEK	2	sp|P16070|CD44_HUMAN	0.00794702	0.9797881705057813	0.7994537259767934	1711.767362610288
GPALTTPK	2	sp|Q92954|PRG4_HUMAN	0.0063965884	1.0	0.9748683222586378	215731.73212077242
MSGEC[+57.021465]APNVSVSVSTSHTTISGGGSR	3	sp|P04264|K2C1_HUMAN	0.00794702	0.9797881705057813	0.879266637842939	2521.089740861868
VTMQNLNDR	2	sp|P02533|K1C14_HUMAN;sp|P08779|K1C16_HUMAN;sp|P13645|K1C10_HUMAN;sp|Q7Z3Y7|K1C28_HUMAN;sp|Q7Z3Y8|K1C27_HUMAN;sp|Q7Z3Y9|K1C26_HUMAN;sp|Q7Z3Z0|K1C25_HUMAN	0.007418398	0.9866190731264982	0.8685952568013635	2443.3272978259565
EDMSEPQEK	2	sp|Q14515|SPRL1_HUMAN	0.00794702	0.9797881705057813	0.9428568697437693	2255.4536196345284
DYFMPC[+57.021465]PGR	2	sp|P02790|HEMO_HUMAN	0.007418398	0.9866190731264982	0.9444185979133055	2257092.3339595716
GEIMFQYDK	2	sp|Q8IZP9|AGRG2_HUMAN	0.0063965884	1.0	0.8598472372250041	21413.696649321817
GPMFELLPGESNK	2	sp|P10124|SRGN_HUMAN	0.0063965884	1.0	0.98789403800563	50959.213151986034
ANRPFLVFIR	3	sp|P01008|ANT3_HUMAN	0.0063965884	1.0	0.9829155037280009	1446341.9739807076
VEIDTKSYWK	2	sp|P02766|TTHY_HUMAN	0.0063965884	1.0	0.9626260490645983	130079.90814601735
FLASVSTVLTSK	2	sp|P69905|HBA_HUMAN	0.0063965884	1.0	0.9765595660469486	20284.924693766043
GLGELQELYLK	2	sp|P07359|GP1BA_HUMAN	0.007418398	0.9933552810135716	0.948742677553301	44795.80975047214
FKLDDDLEHQGGHVLDHGHK	6	sp|P01042|KNG1_HUMAN	0.0063965884	1.0	0.8856847208602281	259698.34589401932
LPTDSELAPR	2	sp|P49908|SEPP1_HUMAN	0.007418398	0.9866190731264982	0.9198661354798486	1442.3534890540645
GTHC[+57.021465]NQVEVIATLK	2	sp|P02775|CXCL7_HUMAN	0.0063965884	1.0	0.9890826838134871	1947750.0054349299
VVSTNYNQHAMVFFK	3	sp|P80188|NGAL_HUMAN	0.008674102	0.9728591838590949	0.8768287637442617	15773.467194371908
AVMDDFAAFVEK	3	sp|P02768|ALBU_HUMAN	0.0063965884	1.0	0.9940594372565619	201317.70406482162
ESYYFDLTDGLS	2	sp|P01042|KNG1_HUMAN	0.0063965884	1.0	0.9189041767951632	58693.7471495261
EESLDSDLYAELR	2	sp|P02775|CXCL7_HUMAN	0.0063965884	1.0	0.9567216621424244	1944328.3883114783
QISNLQQSISDAEQR	2	sp|P04264|K2C1_HUMAN	0.0063965884	1.0	0.9471890387598285	336575.7501614074
VIVVSMNYR	2	sp|P06276|CHLE_HUMAN	0.007418398	0.9866190731264982	0.95713035080325	1321.5821726274362
MTVTDQVNC[+57.021465]PK	2	sp|P05090|APOD_HUMAN	0.0063965884	1.0	0.9867466003269332	28058.284267602256
VVAGVANALAHK	3	sp|P02042|HBD_HUMAN;sp|P68871|HBB_HUMAN	0.007418398	0.9866190731264982	0.9956112403839512	10087.114399139924
IYPTVNC[+57.021465]QPLGMISLMK	3	sp|P01042|KNG1_HUMAN	0.0063965884	1.0	0.9386345763812992	28411.283114566144
DGYLFQLLR	2	sp|P04196|HRG_HUMAN	0.0063965884	1.0	0.9794131745123661	2446163.235977663
NFPSPVDAAFR	2	sp|P02790|HEMO_HUMAN	0.007418398	0.9933552810135716	0.9685597329126888	92721.36628199236
GVTSVSQIFHSPDLAIR	2	sp|P05155|IC1_HUMAN	0.007418398	0.9933552810135716	0.9519977633837132	4241.961456712602
AVLTIDEK	2	sp|P01009|A1AT_HUMAN	0.0063965884	1.0	0.9804172244407191	8744072.32941717
RYTIAALLSPYSYSTTAVVTNPKE	4	sp|P02766|TTHY_HUMAN	0.008674102	0.9728591838590949	0.9031890732930203	6243.007595604576
TWQDC[+57.021465]EYK	2	sp|P01042|KNG1_HUMAN	0.0063965884	1.0	0.8902880782974164	23976.4305514256
DQYYNIDVPSR	3	sp|Q92954|PRG4_HUMAN	0.0063965884	1.0	0.8279054487983796	9819.50391233539
GFMQTYYDDHLR	3	sp|P55056|APOC4_HUMAN	0.00794702	0.9797881705057813	0.8330131843635191	5255.631710985037
C[+57.021465]TWLIEGQPNR	2	sp|O75882|ATRN_HUMAN	0.0063965884	1.0	0.9033982107922837	9689.269735086546
VVHFIYIAILSQK	3	sp|P43652|AFAM_HUMAN	0.0063965884	1.0	0.9232674041667712	82778.58229310784
TNHFTIPK	2	sp|P40189|IL6RB_HUMAN	0.008674102	0.9728591838590949	0.8988244634263887	2432.2257344050026
STSESTAALGC[+57.021465]LVK	2	sp|P01859|IGHG2_HUMAN;sp|P01861|IGHG4_HUMAN	0.0063965884	1.0	0.960138891545979	22545.5290701475
VFSNGADLSGVTEEAPLK	3	sp|P01009|A1AT_HUMAN	0.009615385	0.9586923939928679	0.8616367951348536	4206.02249836218
ADLFYDVEALDLESPK	3	sp|P04196|HRG_HUMAN	0.0063965884	1.0	0.9495841545642845	3962024.725793356
SGYFLSISDSK	2	sp|Q86SQ4|AGRG6_HUMAN	0.0063965884	1.0	0.9160111887478612	28541.99066258752
SKEQLTPLIK	3	sp|P02652|APOA2_HUMAN	0.007418398	0.9933552810135716	0.9261999849563287	1318.1315996737756
LRTEGDGVYTLNNEK	2	sp|P00738|HPT_HUMAN	0.00794702	0.9797881705057813	0.9282392992838138	10516.503862967895
AQSIAYHLK	2	sp|Q14515|SPRL1_HUMAN	0.00794702	0.9797881705057813	0.841443355372793	1197.346078216805
SEAAC[+57.021465]LAAGPGIR	2	sp|O75882|ATRN_HUMAN	0.0063965884	1.0	0.9794772078614254	23779.850965575544
TVESITDIR	2	sp|P11279|LAMP1_HUMAN	0.00794702	0.9797881705057813	0.9414230111068967	54361.46911978973
FATTFYQHLADSK	2	sp|P01008|ANT3_HUMAN	0.0063965884	1.0	0.9691711508467705	629788.5112154254
ATLVC[+57.021465]LISDFYPGAVTVAWK	3	sp|B9A064|IGLL5_HUMAN;sp|P0CG04|IGLC1_HUMAN;sp|P0DOX8|IGL1_HUMAN;sp|P0DOY2|IGLC2_HUMAN;sp|P0DOY3|IGLC3_HUMAN	0.010477299	0.9366095275687156	0.8247802018312872	3842.0439069324316
QQDVLGFLEANK	2	sp|O75368|SH3L1_HUMAN	0.0063965884	1.0	0.7879458382274583	3720.3219468083585
LYGSEAFATDFQDSAAAK	2	sp|P01011|AACT_HUMAN	0.009615385	0.9658285256870233	0.9138703712623638	107988.41411223487
DTATLSWGLPK	2	sp|O00533|NCHL1_HUMAN	0.0063965884	1.0	0.8992549157560792	31334.717329992767
GTQEQDFYVTSETVVR	2	sp|P05154|IPSP_HUMAN	0.0063965884	1.0	0.8972804947442438	152633.96466320418
EQLGEFYEALDC[+57.021465]LR	2	sp|P02763|A1AG1_HUMAN	0.0063965884	1.0	0.9438436293473729	4784929.125734983
KWQEEMELYR	3	sp|P02647|APOA1_HUMAN	0.0063965884	1.0	0.8482742245226316	5216.968087552678
LEDMEQALSPSVFK	3	sp|P05155|IC1_HUMAN	0.0063965884	1.0	0.9188954617927023	51975.753226847126
YLDFVFAVK	2	sp|P13473|LAMP2_HUMAN	0.007418398	0.9866190731264982	0.9800901807227482	10119.139376211155
EDC[+57.021465]VEIYIK	2	sp|P14151|LYAM1_HUMAN	0.007418398	0.9933552810135716	0.9524346273598127	49945.71525857395
ITPNLAEFAFSLYR	2	sp|P01009|A1AT_HUMAN	0.00794702	0.9797881705057813	0.9909157490008407	404641.80798536784
ALDLINKR	2	sp|P04196|HRG_HUMAN	0.0063965884	1.0	0.9730780619781965	144218.48832142903
EILSVDC[+57.021465]STNNPSQAK	2	sp|P10909|CLUS_HUMAN	0.008674102	0.9728591838590949	0.9273576984220195	42886.7689290856
YFHHNSDFHIPK	2	sp|O75015|FCG3B_HUMAN	0.009615385	0.9586923939928679	0.7530911467892658	4772.469576298277
YFHHNSDFYIPK	2	sp|P08637|FCG3A_HUMAN	0.0063965884	1.0	0.8669100617547357	48082.687835253295
DDLYVSDAFHK	2	sp|P01008|ANT3_HUMAN	0.0063965884	1.0	0.938651419196162	149373.35736665595
LTQLNLDR	2	sp|P07359|GP1BA_HUMAN	0.008674102	0.9728591838590949	0.9553707689771673	17929.90887561498
DYFM[+15.994915]PC[+57.021465]PGR	2	sp|P02790|HEMO_HUMAN	0.007418398	0.9866190731264982	0.9667025834262281	239531.90737824884
DVSSSVYSTWK	2	sp|P10721|KIT_HUMAN	0.007418398	0.9933552810135716	0.8985607279207163	5169.277862934365
IISLDEER	2	sp|P23467|PTPRB_HUMAN	0.008674102	0.9728591838590949	0.8568449104484933	3069.498853812131
C[+57.021465]SPHLVLSALTSDNHGATYAFSGTHYWR	4	sp|P02790|HEMO_HUMAN	0.0063965884	1.0	0.9289831067331764	415196.39301074663
LGMFNIQHC[+57.021465]K	2	sp|P01009|A1AT_HUMAN	0.0063965884	1.0	0.9658824329992027	57933.21190844945
LVVEWQLQDDK	2	sp|P61916|NPC2_HUMAN	0.0063965884	1.0	0.9483154423168111	11387.471335082815
SGAQATWTELPWPHEK	3	sp|P02790|HEMO_HUMAN	0.008674102	0.9728591838590949	0.7701625714751442	2500.585279410561
YWNDC[+57.021465]EPPDSR	2	sp|P04196|HRG_HUMAN	0.007418398	0.9933552810135716	0.9477284231646315	4462.624048331186
QNQC[+57.021465]FYNSSYLNVQR	2	sp|P19652|A1AG2_HUMAN	0.0063965884	1.0	0.9490088254056751	110939.08106740814
ASVDSGSSEEQGGSSR	2	sp|P01833|PIGR_HUMAN	0.0063965884	1.0	0.877572354936829	9985.220753292066
TLM[+15.994915]FGSYLDDEK	2	sp|P19652|A1AG2_HUMAN	0.007418398	0.9933552810135716	0.9717641422440378	53705.14921586183
MEPFHFK	2	sp|P05155|IC1_HUMAN	0.0063965884	1.0	0.9674446975505375	1112629.5036239298
FLEQQNQVLQTK	2	sp|P04264|K2C1_HUMAN;sp|P35908|K22E_HUMAN;sp|Q7Z794|K2C1B_HUMAN	0.007418398	0.9933552810135716	0.936445924856054	3348.9081664322753
RVAEGTQVLELPFK	3	sp|P01008|ANT3_HUMAN	0.00794702	0.9797881705057813	0.8347107039260856	13267.153318400036
YTIAALLSPYSYSTTAVVTNPKE	4	sp|P02766|TTHY_HUMAN	0.00794702	0.9797881705057813	0.8834957955098681	5838.120883478397
GGSIQQYIYK	2	sp|Q92954|PRG4_HUMAN	0.007418398	0.9933552810135716	0.9719097200037904	4172.398502606848
NSLFEYQK	2	sp|P02671|FIBA_HUMAN	0.00794702	0.9797881705057813	0.9173898838463161	1895.2031910096716
SGFPQVSMFFTHTFPK	3	sp|P04196|HRG_HUMAN	0.007418398	0.9933552810135716	0.9060458691111202	64936.590640668685
HTLNQIDEVK	3	sp|P02765|FETUA_HUMAN	0.0063965884	1.0	0.9823325326516542	44340.7708075649
ALFLETEQLK	2	sp|Q13740|CD166_HUMAN	0.0063965884	1.0	0.8996347877639332	22717.154812310095
HTFMGVVSLGSPSGEVSHPR	3	sp|P02765|FETUA_HUMAN	0.0063965884	1.0	0.9730808464719319	424717.2480296093
GSLGGGFSSGGFSGGSFSR	2	sp|P13645|K1C10_HUMAN	0.009615385	0.9514467542496609	0.8592748691070278	7700.319749534054
GLEWVGFIR	2	sp|A0A0A0MS15|HV349_HUMAN	0.00794702	0.9797881705057813	0.8367243346939832	5893.19500672746
M[+15.994915]MMQSGEAK	2	sp|Q9H0C2|ADT4_HUMAN	0.00794702	0.9797881705057813	0.7677229394090094	941.0332376972895
QVILTLQPTLVAVGK	3	sp|P13598|ICAM2_HUMAN	0.007418398	0.9866190731264982	0.9706111072551896	19698.52518025534
TVPLAVLQLR	2	sp|P23467|PTPRB_HUMAN	0.007418398	0.9866190731264982	0.946080249777184	4357.199409456835
TVGSDTFYSFK	2	sp|P01042|KNG1_HUMAN	0.0063965884	1.0	0.9532514920223729	27450.15989050429
STESYFIPEVR	2	sp|P16284|PECA1_HUMAN	0.014976959	0.8258516653955662	0.7793745684190608	28.431418006184064
LTGSSGFVTDGPGNYK	2	sp|O75882|ATRN_HUMAN	0.0063965884	1.0	0.937468272964319	1770867.6109453975
EQLGEFYEALDC[+57.021465]LRIPK	3	sp|P02763|A1AG1_HUMAN	0.017142856	0.7266555365444503	0.7498830269120944	4450.069394849342
DGWHSWPIAHQWPQGPSAVDAAFSWEEK	5	sp|P02790|HEMO_HUMAN	0.0063965884	1.0	0.7143936286744936	9752.245911302427
ITDVIPSEAINELTVLVLVNTIYFK	4	sp|P01008|ANT3_HUMAN	0.0063965884	1.0	0.8894068868792183	8269.288772062724
SGAQATWTELPWPHEK	4	sp|P02790|HEMO_HUMAN	0.009615385	0.9586923939928679	0.7691631897637394	2169.440807876589
YFIDFVAR	2	sp|P01042|KNG1_HUMAN	0.00794702	0.9797881705057813	0.9636512876745434	118694.29116073853
LEDM[+15.994915]EQALSPSVFK	2	sp|P05155|IC1_HUMAN	0.0063965884	1.0	0.9009620264777225	21681.444922173996
NMQDMVEDYR	2	sp|P04264|K2C1_HUMAN	0.0063965884	1.0	0.9840483382439099	1096.9544384939645
SYYWIGIR	2	sp|P14151|LYAM1_HUMAN	0.00794702	0.9797881705057813	0.9742209317584107	139959.44260767673
AEELSIQVSC[+57.021465]R	2	sp|Q9Y5Y7|LYVE1_HUMAN	0.0063965884	1.0	0.9673257707186327	76850.82624689153
TC[+57.021465]PKPDDLPFSTVVPLK	4	sp|P02749|APOH_HUMAN	0.009615385	0.9658285256870233	0.8595476146669346	17327.490286212826
YVSELHLTR	2	sp|P10721|KIT_HUMAN	0.007418398	0.9866190731264982	0.9947571306552545	27191.375992606016
AQLVPLPPSTYVEFTVSGTDC[+57.021465]VAK	3	sp|P02765|FETUA_HUMAN	0.0063965884	1.0	0.9617589227603349	650487.9920344522
GFSGIFEDR	2	sp|P09619|PGFRB_HUMAN	0.00794702	0.9797881705057813	0.922460518080251	1472.828711584853
YEGSYALTSEEAER	2	sp|O95810|CAVN2_HUMAN	0.0063965884	1.0	0.9003435310124963	34239.83083069926
DIAPTLTLYVGK	2	sp|P00738|HPT_HUMAN;sp|P00739|HPTR_HUMAN	0.0063965884	1.0	0.9731367022856366	123773.3290599966
TVALGSNVEFMC[+57.021465]K	2	sp|P11362|FGFR1_HUMAN	0.007418398	0.9933552810135716	0.8729377268534046	5473.8081212297275
SDVMYTDWKK	3	sp|P19652|A1AG2_HUMAN	0.010477299	0.9212790999005022	0.8193971696025277	1935.1739928716665
AQLLQGLGFNLTER	2	sp|P08185|CBG_HUMAN	0.011627907	1.0	0.8389349991000888	35862.37295343524
FSGSNSGNTATLTISR	2	sp|A0A075B6K5|LV39_HUMAN;sp|P80748|LV321_HUMAN	0.0063965884	1.0	0.9304608529643538	107459.81985473222
WQEEMELYR	2	sp|P02647|APOA1_HUMAN	0.007418398	0.9933552810135716	0.979068834671589	31017.3395667293
IASFSQNC[+57.021465]DIYPGK	2	sp|P01042|KNG1_HUMAN	0.0063965884	1.0	0.9461629195532156	850186.7512422488
EENFYVDETTVVK	3	sp|P08185|CBG_HUMAN	0.0063965884	1.0	0.9620961192605907	283723.9841556681
M[+15.994915]TVTDQVNC[+57.021465]PK	2	sp|P05090|APOD_HUMAN	0.0063965884	1.0	0.9685933814480455	1660.4522378476263
LINDYVK	2	sp|P01011|AACT_HUMAN	0.008674102	0.9728591838590949	0.9434596064725903	34543.447850707154
AFIQLWAFDAVK	2	sp|P02760|AMBP_HUMAN	0.0063965884	1.0	0.9145840668756311	122377.71087216627
ADLEMQIESLK	2	sp|P02533|K1C14_HUMAN	0.0063965884	1.0	0.8840132535993982	4090.651037206271
WTFEILDETNENK	2	sp|P10721|KIT_HUMAN	0.007418398	0.9866190731264982	0.8638193365985024	96.46976277025125
HRLEDMEQALSPSVFK	4	sp|P05155|IC1_HUMAN	0.0063965884	1.0	0.898162277158241	302313.54922481696
FIC[+57.021465]PLTGLWPINTLK	3	sp|P02749|APOH_HUMAN	0.0063965884	1.0	0.9263147770749031	2471231.0934265302
THLAPYSDELR	3	sp|P02647|APOA1_HUMAN	0.008674102	0.9728591838590949	0.8733433116858017	15350.079035633227
SVDIWLR	2	sp|P15151|PVR_HUMAN	0.0063965884	1.0	0.8975911767504293	127752.11939651292
SLEYLDLSFNQIAR	2	sp|P51884|LUM_HUMAN	0.00794702	0.9797881705057813	0.778079157037294	2685.5425238473117
NIQSLEVIGK	2	sp|P02775|CXCL7_HUMAN	0.007418398	0.9866190731264982	0.8487959798499768	3474.5054648943164
GDDITM[+15.994915]VLILPKPEK	3	sp|P01008|ANT3_HUMAN	0.0063965884	1.0	0.8479038290940613	103914.86494359052
GFFADYEIPNLQK	2	sp|Q10588|BST1_HUMAN	0.0063965884	1.0	0.9145176828033647	67385.2448541049
AATGEC[+57.021465]TATVGK	2	sp|P01042|KNG1_HUMAN	0.0063965884	1.0	0.9617752167975199	13778.652834644832
DVYVVTDQIPVFVTMFQK	3	sp|Q14956|GPNMB_HUMAN	0.0063965884	1.0	0.9119629475708201	11443.154066994957
SKLPGIVAEGRDDLYVSDAFHK	4	sp|P01008|ANT3_HUMAN	0.0063965884	1.0	0.8876622282460861	105007.60662663555
VMTPAVYAPYDVK	2	sp|O00533|NCHL1_HUMAN	0.007418398	0.9933552810135716	0.8474287207906384	9097.377649629489
QINSYVK	1	sp|P08185|CBG_HUMAN	0.00794702	0.9797881705057813	0.7384389609175465	159.57956824095078
NHNALLASLTTQK	3	sp|O75882|ATRN_HUMAN	0.0063965884	1.0	0.9334721941805307	123518.74502258083
DSPVLIDFFEDTER	3	sp|P04196|HRG_HUMAN	0.0063965884	1.0	0.8311159607442777	10985.826532023682
DLMEKVK	2	sp|P02652|APOA2_HUMAN	0.0063965884	1.0	0.947885273437108	107309.44445325996
ISIGGGSC[+57.021465]AISGGYGSR	2	sp|P02538|K2C6A_HUMAN;sp|P04259|K2C6B_HUMAN;sp|P48668|K2C6C_HUMAN	0.0063965884	1.0	0.718331951449852	62314.1336520816
TTPPVLDSDGSFFLYSK	3	sp|P01857|IGHG1_HUMAN;sp|P0DOX5|IGG1_HUMAN	0.0063965884	1.0	0.8493601332430796	24136.973134546774
TSESGELHGLTTEEEFVEGIYK	3	sp|P02766|TTHY_HUMAN	0.00794702	0.9797881705057813	0.9475496399940637	5790111.051265582
TQSSLVPALTDFVR	2	sp|O60888|CUTA_HUMAN	0.0063965884	1.0	0.8532613659729319	87516.09959382583
GFQQLLQELNQPR	2	sp|P05154|IPSP_HUMAN	0.0063965884	1.0	0.9241913238305292	32420.784762495623
LDDDLEHQGGHVLDHGHK	4	sp|P01042|KNG1_HUMAN	0.009615385	0.9658285256870233	0.9161545276715568	15968.962075348725
WYNLAIGSTC[+57.021465]PWLK	2	sp|P02760|AMBP_HUMAN	0.00794702	0.9797881705057813	0.9246136804370534	56935.0108298885
SELVTVTESFSTPK	3	sp|P16284|PECA1_HUMAN	0.014976959	0.8159995903747699	0.862387687684848	2311.267509543437
AVLDVFEEGTEASAATAVK	3	sp|P01011|AACT_HUMAN	0.009615385	0.9586923939928679	0.9532894167009661	178236.38955674294
SSSNEEVMFLTVQVK	2	sp|P01023|A2MG_HUMAN	0.00794702	0.9797881705057813	0.8778436936613033	7041.008331168364
NWGLSFYADKPETTK	3	sp|P19652|A1AG2_HUMAN	0.0063965884	1.0	0.9198197521453296	281557.53103435296
ILGGHLDAK	2	sp|P00738|HPT_HUMAN;sp|P00739|HPTR_HUMAN	0.0063965884	1.0	0.943057135155876	380110.93350759655
NPNLPPETVDSLK	3	sp|P05090|APOD_HUMAN	0.010477299	0.9212790999005022	0.8358275608446698	969.4527141238459
TLNQPDSQLQLTTGNGLFLSEGLK	3	sp|P01009|A1AT_HUMAN	0.0063965884	1.0	0.9082026341720423	1198194.207441027
ELELQIGNALFIGK	3	sp|P05543|THBG_HUMAN	0.0063965884	1.0	0.7961024973035747	21327.32690270307
ILLDEQAQWK	2	sp|P13598|ICAM2_HUMAN	0.0063965884	1.0	0.9457667659294204	442032.5230771775
HIQETEWQSQEGK	2	sp|Q14515|SPRL1_HUMAN	0.0063965884	1.0	0.9475544567955171	29156.85306729702
GAQTQTEEEMTR	2	sp|Q12841|FSTL1_HUMAN	0.007418398	0.9933552810135716	0.9091406701962506	3386.988107529407
LLGLSLAGK	2	sp|Q9Y5Y7|LYVE1_HUMAN	0.014976959	0.9728591838590949	0.9885378167849971	190794.3509735931
MEEVEAMLLPETLKR	3	sp|P01011|AACT_HUMAN	0.0063965884	1.0	0.8836992008621019	22253.416261269234
DLATVYVDVLK	2	sp|P02647|APOA1_HUMAN	0.007418398	0.9933552810135716	0.9731308070104181	594614.9923027133
TLMFGSYLDDEKNWGLSFYADKPETTK	4	sp|P19652|A1AG2_HUMAN	0.007418398	0.9866190731264982	0.964620542428617	136400.24980340787
VTTSQDMLSIMEK	3	sp|P05155|IC1_HUMAN	0.0063965884	1.0	0.9433534718503727	8893.800645049234
SVNNVVVR	2	sp|O75882|ATRN_HUMAN	0.0063965884	1.0	0.884965583001106	77940.1150787751
VMPIC[+57.021465]LPSK	2	sp|P00738|HPT_HUMAN;sp|P00739|HPTR_HUMAN	0.0063965884	1.0	0.9553626111293039	330359.76193156105
GQC[+57.021465]IINSNK	2	sp|P43652|AFAM_HUMAN	0.00794702	0.9797881705057813	0.7374205684465331	587.178285168527
TFYETPLQLLEK	2	sp|P09603|CSF1_HUMAN	0.0063965884	1.0	0.8461462719148897	34452.33582679383
VAEGTQVLELPFK	3	sp|P01008|ANT3_HUMAN	0.010477299	0.9366095275687156	0.8579283213874213	1611.5827349226627
AVLHIGEK	1	sp|P05543|THBG_HUMAN	0.010477299	0.9514467542496609	0.8783862383056317	1614.4412052758585
GTWTQPFDLASTR	3	sp|P08185|CBG_HUMAN	0.007418398	0.9933552810135716	0.9060789567078562	780.6139260572668
LSFQEFLK	2	sp|Q12841|FSTL1_HUMAN	0.010477299	0.9514467542496609	0.913338533701148	3154.612220251039
VTGNPGDEEFIEPSTENEFGLTSLR	3	sp|Q9ULI3|HEG1_HUMAN	0.0063965884	1.0	0.9581184594032914	1269744.304221607
DEELSC[+57.021465]TVVELK	2	sp|P01011|AACT_HUMAN	0.0063965884	1.0	0.9878081393637926	234635.28931022348
YEELQITAGR	2	sp|P04259|K2C6B_HUMAN;sp|P04264|K2C1_HUMAN	0.0063965884	1.0	0.8486633334491477	9813.19329384221
ETC[+57.021465]FAEEGKK	2	sp|P02768|ALBU_HUMAN	0.009615385	0.9658285256870233	0.9208985504979849	1223.9798577364693
SETEIHQGFQHLHQLFAK	3	sp|P08185|CBG_HUMAN	0.0063965884	1.0	0.7650746586597269	164068.43956505513
SPELQAEAK	2	sp|P02652|APOA2_HUMAN	0.008674102	0.9728591838590949	0.9437502035637451	2982.5278397656725
EGQMESVEAAMSSK	2	sp|P05543|THBG_HUMAN	0.0063965884	1.0	0.9474372645365307	488551.5080043883
EQYAVVGHSAHIVTLK	4	sp|O75882|ATRN_HUMAN	0.008674102	0.9728591838590949	0.918542963848993	80619.2662095407
ALQATVGNSYK	2	sp|P11279|LAMP1_HUMAN	0.007418398	0.9866190731264982	0.9802475576712505	48660.91689275932
ALEEANADLEVK	2	sp|P02533|K1C14_HUMAN;sp|P08779|K1C16_HUMAN;sp|P13646|K1C13_HUMAN;sp|P19012|K1C15_HUMAN	0.007418398	0.9933552810135716	0.8568310119187575	26475.867190000838
DLDMFINASK	2	sp|O75882|ATRN_HUMAN	0.007418398	0.9933552810135716	0.8522249571540064	3874.1593339294245
ESLSSYWESAK	2	sp|P02655|APOC2_HUMAN	0.007418398	0.9933552810135716	0.9169806265641898	93438.49969415064
ATFNPAQDK	2	sp|O00592|PODXL_HUMAN	0.0063965884	1.0	0.9681764271591574	29830.12219845617
LLETEC[+57.021465]PQYIR	2	sp|P05109|S10A8_HUMAN	0.0063965884	1.0	0.8416212930241137	19614.472159628713
EAQDTSDGIIQK	2	sp|P18850|ATF6A_HUMAN	0.0063965884	1.0	0.9712584616204912	947.8682127119781
TEDSSSFLIDK	2	sp|P05543|THBG_HUMAN	0.0063965884	1.0	0.9336442731689124	94306.30686794144
TYM[+15.994915]LAFDVNDEK	2	sp|P02763|A1AG1_HUMAN	0.017142856	0.9933552810135716	0.964745712933638	79170.227868208
HGVQELEIELQSQLSK	3	sp|P35527|K1C9_HUMAN	0.008674102	0.9728591838590949	0.9729267466088132	3302.4007668685613
REPAVGEPAEVTTTVLVR	2	sp|P05362|ICAM1_HUMAN	0.007418398	0.9933552810135716	0.9049028127127319	8841.425107075273
NIFISPVSISMALAMLSLGTC[+57.021465]GHTR	3	sp|P08185|CBG_HUMAN	0.008674102	0.9728591838590949	0.8721912113714904	17091.38236025507
AQVSPTASDMLHMR	3	sp|Q6UXB8|PI16_HUMAN	0.00794702	0.9797881705057813	0.9195964563335538	28548.25027682614
LSSVTAADTAVYYC[+57.021465]AR	2	sp|A0A075B6R2|HV404_HUMAN;sp|A0A087WSY4|HV432_HUMAN;sp|A0A0C4DH41|HV461_HUMAN;sp|P01824|HV439_HUMAN;sp|P01825|HV459_HUMAN;sp|P06331|HV434_HUMAN;sp|P0DP06|HVD34_HUMAN;sp|P0DP07|HV431_HUMAN;sp|P0DP08|HVD82_HUMAN	0.008674102	0.9728591838590949	0.9196985941563461	10337.979864349314
DAVEDLESVGK	2	sp|P81605|DCD_HUMAN	0.0063965884	1.0	0.9376941363704915	36251.095468090614
GSPAINVAVHVFR	2	sp|P02766|TTHY_HUMAN	0.0063965884	1.0	0.9666594174476616	261812.95105825074
SC[+57.021465]AVAEYGVYVK	3	sp|P00738|HPT_HUMAN;sp|P00739|HPTR_HUMAN	0.017142856	0.7266555365444503	0.865625556434792	2303.0775076433556
EVPLNTIIFMGR	3	sp|P01008|ANT3_HUMAN	0.0063965884	1.0	0.9175743837895456	16879.66762879264
SETEIHQGFQHLHQLFAK	4	sp|P08185|CBG_HUMAN	0.0063965884	1.0	0.993330992003817	597964.3413081095
LMVELHNLYR	3	sp|Q6UXB8|PI16_HUMAN	0.007418398	0.9933552810135716	0.8438236654156387	3097.309820818061
YDVDTQMWTILK	2	sp|O75882|ATRN_HUMAN	0.007418398	0.9866190731264982	0.9600652637044129	385177.9386546488
ENEGFTVTAEGK	2	sp|P01024|CO3_HUMAN	0.007418398	0.9933552810135716	0.9062521506093738	10496.587936604568
TGDTIEFMC[+57.021465]K	2	sp|Q02985|FHR3_HUMAN;sp|Q92496|FHR4_HUMAN	0.0063965884	1.0	0.9494570186669545	29654.059482202396
GSFPWQAK	1	sp|P00738|HPT_HUMAN;sp|P00739|HPTR_HUMAN	0.0063965884	1.0	0.7058116203286497	12739.499018356822
LGNFPWQAFTSIHGR	3	sp|Q9NZP8|C1RL_HUMAN	0.007418398	0.9933552810135716	0.9245216430797056	359.3200852691702
YVMLPVADQDQC[+57.021465]IR	2	sp|P00738|HPT_HUMAN	0.00794702	0.9797881705057813	0.969788896156647	38613.51361717547
ESNEELTESC[+57.021465]ETK	2	sp|P01042|KNG1_HUMAN	0.0063965884	1.0	0.8024938495381388	9325.745900801245
RVWELSK	2	sp|P01008|ANT3_HUMAN	0.0063965884	1.0	0.9612947737816693	576815.2611425394
EITVATGGFIYTGEVVHR	3	sp|Q6UX71|PXDC2_HUMAN	0.007418398	0.9933552810135716	0.914409357984393	18592.05292516188
AVVFLEPQWYR	2	sp|P08637|FCG3A_HUMAN	0.0063965884	1.0	0.9753811226703148	1044601.5828939537
HTFM[+15.994915]GVVSLGSPSGEVSHPR	3	sp|P02765|FETUA_HUMAN	0.0063965884	1.0	0.8513462125905873	28308.765735522
TEGDGVYTLNDKK	2	sp|P00738|HPT_HUMAN;sp|P00739|HPTR_HUMAN	0.008674102	0.9728591838590949	0.9590617875151756	6523.788669933876
QEPSQGTTTFAVTSILR	3	sp|P01876|IGHA1_HUMAN	0.007418398	0.9933552810135716	0.9407549193560925	121718.22123121092
VLDLGPITR	2	sp|P55259|GP2_HUMAN	0.00794702	0.9797881705057813	0.9088521151051584	188.9379287174229
DASGATFTWTPSSGK	2	sp|P01877|IGHA2_HUMAN;sp|P0DOX2|IGA2_HUMAN	0.007418398	0.9866190731264982	0.9369934122967359	54544.17858361176
ADTLTDEINFLR	2	sp|P02538|K2C6A_HUMAN;sp|P04259|K2C6B_HUMAN;sp|P48668|K2C6C_HUMAN	0.0063965884	1.0	0.8157523423755894	34838.583246079186
LLQDEFPGIPSPLDAAVEC[+57.021465]HR	3	sp|P02790|HEMO_HUMAN	0.007418398	0.9866190731264982	0.9257171041576451	509190.3836020695
ISVFIQTDK	2	sp|Q6YHK3|CD109_HUMAN	0.0063965884	1.0	0.8572155399133452	9045.842092174054
KYPVAHFIDQTLK	2	sp|P05155|IC1_HUMAN	0.0063965884	1.0	0.9812351250310997	212910.83936710653
DDFLIYDR	2	sp|P49908|SEPP1_HUMAN	0.00794702	0.9797881705057813	0.9697123900206349	335763.0456663352
LHMLQISYFR	3	sp|Q9UNN8|EPCR_HUMAN	0.0063965884	1.0	0.8217437406051268	3360.2900049758878
LALDLEIATYR	2	sp|P04264|K2C1_HUMAN	0.0063965884	1.0	0.9725976635751961	28983.644839969067
GDEC[+57.021465]QLC[+57.021465]EVENR	2	sp|O75882|ATRN_HUMAN	0.019318182	1.0	0.9227608188475769	18917.00535234948
SLTVSLGPVSK	2	sp|Q9ULI3|HEG1_HUMAN	0.007418398	0.9866190731264982	0.8365994057016279	806.1704316334179
FNQPFIIM[+15.994915]IFDHFTWSSLFLAR	4	sp|P08185|CBG_HUMAN	0.0063965884	1.0	0.8757514221932416	83961.18568782276
RYTIAALLSPYSYSTTAVVTNPK	5	sp|P02766|TTHY_HUMAN	0.018223235	0.686593192055836	0.9331969470130032	4956.251672667843
SPLFMGK	1	sp|P01009|A1AT_HUMAN	0.012731481	0.8804971228634604	0.7440242583847817	528.7332926288317
KGEVLPLPEANFPSFPLPHHK	3	sp|P04196|HRG_HUMAN	0.0063965884	1.0	0.8800377527703898	51419.70924448372
YVGGQEHFAHLLILRDTK	5	sp|P02763|A1AG1_HUMAN	0.0063965884	1.0	0.9514217288019741	256534.87884295688
GPSVFPLAPSSK	2	sp|P01857|IGHG1_HUMAN;sp|P0DOX5|IGG1_HUMAN	0.0063965884	1.0	0.96035969273603	466611.5754734521
AYLEEEC[+57.021465]PATLR	2	sp|P25311|ZA2G_HUMAN	0.007418398	0.9933552810135716	0.9624842710103461	14590.607207138002
HLLGPDYTETLYSPR	3	sp|O15204|ADEC1_HUMAN	0.007418398	0.9933552810135716	0.8306468330008429	693.76543726438
SVQEIQATFFYFTPNK	2	sp|P02763|A1AG1_HUMAN;sp|P19652|A1AG2_HUMAN	0.007418398	0.9933552810135716	0.8313543977446782	20476.667438697
LLQDEFPGIPSPLDAAVEC[+57.021465]HR	4	sp|P02790|HEMO_HUMAN	0.007418398	0.9866190731264982	0.9017481212174981	5200.057746868873
DYWSTVK	1	sp|P02656|APOC3_HUMAN	0.0063965884	1.0	0.9822500032662485	65001.25801411412
VQEALQIER	2	sp|Q02224|CENPE_HUMAN	0.007418398	0.9866190731264982	0.9448298419229407	980.5583059869477
RYTIAALLSPYSYSTTAVVTNPKE	3	sp|P02766|TTHY_HUMAN	0.008674102	0.9728591838590949	0.9221003245574577	196632.76247235356
KPDGYDYYAFSK	2	sp|Q92954|PRG4_HUMAN	0.008674102	0.9728591838590949	0.8441579257950698	8444.75117969247
DYNLNDILLQLGIEEAFTSK	3	sp|P01011|AACT_HUMAN	0.0063965884	1.0	0.7551015354527935	14693.551794052368
YVM[+15.994915]LPVADQDQC[+57.021465]IR	2	sp|P00738|HPT_HUMAN	0.00794702	0.9797881705057813	0.9130951128367499	1067.1626324372924
ITGKWFYIASAFR	2	sp|P02763|A1AG1_HUMAN;sp|P19652|A1AG2_HUMAN	0.0063965884	1.0	0.8818253191461187	124763.91305739984
GLASANVDFAFSLYK	2	sp|P08185|CBG_HUMAN	0.0063965884	1.0	0.9599534894937971	637243.6998646557
NQVSLTC[+57.021465]LVK	2	sp|P01857|IGHG1_HUMAN;sp|P01859|IGHG2_HUMAN;sp|P01860|IGHG3_HUMAN;sp|P01861|IGHG4_HUMAN;sp|P0DOX5|IGG1_HUMAN	0.0063965884	1.0	0.9573892934800254	157677.66886544085
AGLQVYNK	2	sp|P13987|CD59_HUMAN	0.010477299	0.897262926642552	0.8818003678796424	3450.457100727147
IMGITLVSK	2	sp|Q9Y5Y7|LYVE1_HUMAN	0.008674102	0.9728591838590949	0.9032649649372144	26090.865248590475
SILFLGK	2	sp|P05543|THBG_HUMAN	0.0063965884	1.0	0.9885169218660009	410233.9268536547
VLNQELR	1	sp|P05090|APOD_HUMAN	0.017142856	0.7739449743159442	0.9252542783904706	1954.0130299897467
NTWSILHTQGALVQGGYGHSSVYDHR	4	sp|O75882|ATRN_HUMAN	0.0063965884	1.0	0.8992181612256609	4916121.913843101
IVDLFSGLDSPAILVLVNYIFFK	4	sp|P08185|CBG_HUMAN	0.00794702	0.9797881705057813	0.7575461377801985	461.857040082655
YINLSSNR	2	sp|Q16288|NTRK3_HUMAN	0.008674102	0.9728591838590949	0.8265849269753093	842.8633743211066
SASLHLPK	1	sp|P01009|A1AT_HUMAN	0.008674102	0.9728591838590949	0.7400495825531631	245.310982619557
SDVM[+15.994915]YTDWKK	3	sp|P19652|A1AG2_HUMAN	0.0063965884	1.0	0.8683887007989086	578.4601037375087
MEEVEAMLLPETLK	3	sp|P01011|AACT_HUMAN	0.007418398	0.9866190731264982	0.9267524404075654	1409.9583851080606
FLNVLSPR	2	sp|P17936|IBP3_HUMAN	0.0063965884	1.0	0.9648027889016976	221592.4921531439
DNMLWVEWTTPR	2	sp|P40189|IL6RB_HUMAN	0.0063965884	1.0	0.7434117163323275	34824.97213085495
ATEHLSTLSEK	2	sp|P02647|APOA1_HUMAN	0.0063965884	1.0	0.942483364784779	65486.64944124025
LSPLGEEMR	2	sp|P02647|APOA1_HUMAN	0.00794702	0.9797881705057813	0.9807628971123605	86324.07908074699
KLVAASQAALGL	2	sp|P02768|ALBU_HUMAN	0.007418398	0.9866190731264982	0.9578211281889265	194230.46493326532
EVGTPHGIILDSVDAAFIC[+57.021465]PGSSR	4	sp|P02790|HEMO_HUMAN	0.0063965884	1.0	0.960939325525705	248097.02383744024
TVVQPSVGAAAGPVVPPC[+57.021465]PGR	3	sp|P02765|FETUA_HUMAN	0.0063965884	1.0	0.8811570960082238	69548.81007153957
DGTFPLPIGESVTVTR	2	sp|P05362|ICAM1_HUMAN	0.0063965884	1.0	0.9760443692786428	417730.2949404786
TGLEAISNHK	2	sp|Q14515|SPRL1_HUMAN	0.010477299	0.9440873193926883	0.9107979974188958	5416.382221007907
QEINSHVEMQTK	2	sp|P05543|THBG_HUMAN	0.0063965884	1.0	0.8799119272486421	55892.95261758635
TC[+57.021465]PKPDDLPFSTVVPLK	3	sp|P02749|APOH_HUMAN	0.009615385	0.9658285256870233	0.9765386055786577	54650.31167219985
YPNC[+57.021465]AYR	2	sp|P07998|RNAS1_HUMAN	0.0063965884	1.0	0.9096158962865775	38384.09771379043
DTKTYMLAFDVNDEK	2	sp|P02763|A1AG1_HUMAN	0.008674102	0.9728591838590949	0.9285570468504394	82746.89762477083
KGDTFSC[+57.021465]MVGHEALPLAFTQK	4	sp|P01876|IGHA1_HUMAN	0.007418398	0.9933552810135716	0.9499601742568461	8356.08319040865
WFYIASAFR	2	sp|P02763|A1AG1_HUMAN;sp|P19652|A1AG2_HUMAN	0.0063965884	1.0	0.97178371530076	10232467.42058096
DLDQLFLSSDC[+57.021465]R	2	sp|Q99941|ATF6B_HUMAN	0.010477299	0.9134157281067091	0.8638134918279213	9347.546037766353
GGGALLGDR	2	sp|P00736|C1R_HUMAN;sp|Q9NZP8|C1RL_HUMAN	0.009615385	0.9658285256870233	0.9338029277458337	2466.445173178909
VTTVASHTSDSDVPSGVTEVVVK	3	sp|P10909|CLUS_HUMAN	0.0063965884	1.0	0.9120867910600907	397943.6008591313
AKPALEDLR	2	sp|P02647|APOA1_HUMAN	0.00794702	0.9797881705057813	0.9875466346608758	6855.360842835084
LSSWVLLMK	2	sp|P01009|A1AT_HUMAN	0.007418398	0.9866190731264982	0.959041629180632	112.71302234402674
NKEDC[+57.021465]VEIYIK	2	sp|P14151|LYAM1_HUMAN	0.0063965884	1.0	0.9612676316652629	285024.260861025
AEDTAVYYC[+57.021465]AK	2	sp|P01764|HV323_HUMAN;sp|P01768|HV330_HUMAN;sp|P0DP03|HVC05_HUMAN	0.0063965884	1.0	0.857923463757835	2490.520146343166
HYYESEVLAMNFQDWATASR	4	sp|P08185|CBG_HUMAN	0.018223235	0.7004675850791199	0.7828670820119379	2994.319505797303
NALALFVLPK	2	sp|P05543|THBG_HUMAN	0.007418398	0.9866190731264982	0.9512059091888688	4300.287000578373
ELISERWK	2	sp|P02790|HEMO_HUMAN	0.00794702	0.9797881705057813	0.9617863042850654	6962.434127815101
ALEESNYELEGK	2	sp|P13645|K1C10_HUMAN	0.007418398	0.9933552810135716	0.7931857154270004	7505.393299507143
ADLSGITGAR	2	sp|P01011|AACT_HUMAN	0.008674102	0.9728591838590949	0.9342570488457416	6093.751866554548
SDVVYTDWKK	3	sp|P02763|A1AG1_HUMAN	0.0063965884	1.0	0.7637965985645112	1148.0686719494943
AREDIFMETLK	2	sp|P25311|ZA2G_HUMAN	0.0063965884	1.0	0.8812695170899907	150051.7613061001
VWFELTQGSITK	2	sp|Q9H8L6|MMRN2_HUMAN	0.0063965884	1.0	0.9841653423046658	272719.3930192741
KMTVTDQVNC[+57.021465]PK	2	sp|P05090|APOD_HUMAN	0.0063965884	1.0	0.9681407756150622	9743.17360399262
GPGEDFR	1	sp|P41222|PTGDS_HUMAN	0.019318182	0.6411227749434683	0.7714331004128087	216.6503087670504
LFDSDPITVTVPVEVSR	2	sp|P10909|CLUS_HUMAN	0.0063965884	1.0	0.7806955487304899	9651.36384665925
EHSSLAFWK	2	sp|P02749|APOH_HUMAN	0.007418398	0.9866190731264982	0.950548909834271	35140.530997056485
NLMIDIQK	2	sp|Q9BY67|CADM1_HUMAN	0.008674102	0.9728591838590949	0.9031280514792192	7296.012455539097
DSGSYFC[+57.021465]R	2	sp|O75015|FCG3B_HUMAN;sp|P08637|FCG3A_HUMAN	0.0063965884	1.0	0.9828316903394659	130007.5766713623
FQPTLLTLPR	3	sp|P05155|IC1_HUMAN	0.0063965884	1.0	0.8547400821934025	4591.001838214138
AVLQLNEEGVDTAGSTGVTLNLTSKPIILR	4	sp|P08185|CBG_HUMAN	0.0063965884	1.0	0.9771226343044656	120800.8106780981
FNQPFIIMIFDHFTWSSLFLAR	3	sp|P08185|CBG_HUMAN	0.0063965884	1.0	0.9337364791771467	1116695.9160580966
YEGGREHVAHLLFLR	2	sp|P19652|A1AG2_HUMAN	0.0063965884	1.0	0.928525134244246	80316.09898905315
ENFLFLTPDC[+57.021465]K	2	sp|P01042|KNG1_HUMAN	0.007418398	0.9933552810135716	0.986066404578457	182782.88578958248
GDTFYVVSFR	2	sp|P18850|ATF6A_HUMAN	0.0063965884	1.0	0.8207126693964825	6766.815417625777
ALGISPFHEHAEVVFTANDSGPR	3	sp|P02766|TTHY_HUMAN	0.007418398	0.9866190731264982	0.9232135106030429	29871.83787047611
TLYLADTFPTNFR	2	sp|P05154|IPSP_HUMAN	0.0063965884	1.0	0.9514785955122806	61372.394577772924
ITDVIPSEAINELTVLVLVNTIYFK	3	sp|P01008|ANT3_HUMAN	0.0063965884	1.0	0.7537264222998906	5126.655724198125
GKEESLDSDLYAELR	2	sp|P02775|CXCL7_HUMAN	0.00794702	0.9797881705057813	0.9510433394474476	168632.45452367511
LSITGTYDLK	2	sp|P01009|A1AT_HUMAN	0.007418398	0.9866190731264982	0.9614071355220797	155792.4672573737
SDDSVIQLLNPNR	3	sp|Q9BY67|CADM1_HUMAN	0.0063965884	1.0	0.8500560481646345	3594.386208498053
DFTC[+57.021465]VHQALK	2	sp|P05155|IC1_HUMAN	0.007418398	0.9933552810135716	0.9611606253397471	13156.764629748048
SFM[+15.994915]LLILER	2	sp|P05543|THBG_HUMAN	0.007418398	0.9866190731264982	0.8715126899635635	11633.802557740608
DFVQPPTK	2	sp|P01042|KNG1_HUMAN	0.0063965884	1.0	0.9598637820104117	414762.4474353627
YGFIEGHVVIPR	3	sp|P16070|CD44_HUMAN	0.0063965884	1.0	0.957542061701922	3000930.242901209
HITSLEVIK	2	sp|P02776|PLF4_HUMAN;sp|P10720|PF4V_HUMAN	0.00794702	0.9797881705057813	0.9872057904312802	41677.41267620675
DLGEENFK	2	sp|P02768|ALBU_HUMAN	0.0063965884	1.0	0.9708044993984276	102401.55377573673
TAAQNLYEK	2	sp|P02655|APOC2_HUMAN	0.00794702	0.9797881705057813	0.9687541598881904	115901.84559426531
