peptide	charge	proteins	q_value	score	spectral_angle	20250325_OA3_Evo02_ViAl_SA_FAIMS40_IO43_A556_MOMI_GBGD_P108_E12_R01.mzML
ALGISPFHEHAEVVFTANDSGPRR	3	sp|P02766|TTHY_HUMAN	0.006702413	0.9866190731264982	0.8773036648722292	12647.232533772643
MTVSTLVLGEGATEAEISMTSTR	3	sp|P02760|AMBP_HUMAN	0.006702413	1.0	0.9266948869716528	559257.423410834
GWVTDGFSSLK	2	sp|P02656|APOC3_HUMAN	0.006702413	0.9933552810135716	0.9866637853590045	229469.90057592498
LQQDVLQFQK	2	sp|Q8NBJ4|GOLM1_HUMAN	0.006702413	1.0	0.9469943760365034	9338.189056895648
LHMLQISYFR	2	sp|Q9UNN8|EPCR_HUMAN	0.006702413	1.0	0.9713091164506858	68028.82114080571
EPC[+57.021465]VESLVSQYFQTVTDYGK	3	sp|P02652|APOA2_HUMAN	0.006702413	0.9797881705057813	0.8167555914982523	52671.445764525364
YTIAALLSPYSYSTTAVVTNPK	3	sp|P02766|TTHY_HUMAN	0.006702413	0.9797881705057813	0.9659002981860603	119781.59693294164
EHAVEGDC[+57.021465]DFQLLK	2	sp|P02765|FETUA_HUMAN	0.006702413	1.0	0.9007257509664999	472134.4216089382
TLMFGSYLDDEK	2	sp|P19652|A1AG2_HUMAN	0.006702413	0.9866190731264982	0.9552919701313554	1605042.8551550219
VPTVEPLDSLTLFLFR	3	sp|P13598|ICAM2_HUMAN	0.006702413	1.0	0.9435175122694182	15545.821797053497
RYTIAALLSPYSYSTTAVVTNPK	4	sp|P02766|TTHY_HUMAN	0.006702413	0.9728591838590949	0.9357385070314804	1073491.1655895761
FNQPFIIM[+15.994915]IFDHFTWSSLFLAR	3	sp|P08185|CBG_HUMAN	0.006702413	0.9658285256870233	0.8690688577816069	22851.167564796313
SPLFMGK	2	sp|P01009|A1AT_HUMAN	0.006702413	0.9728591838590949	0.9428611690727188	107408.16107438604
ILGGHLDAK	1	sp|P00738|HPT_HUMAN;sp|P00739|HPTR_HUMAN	0.006702413	0.9797881705057813	0.7236884702806775	1167.8056584935348
YVGGQEHFAHLLILRDTK	4	sp|P02763|A1AG1_HUMAN	0.006702413	0.9933552810135716	0.8446200609768577	16638.010765350937
DTKTLMFGSYLDDEK	2	sp|P19652|A1AG2_HUMAN	0.006702413	1.0	0.9663198741809766	4973268.381564008
LFDSDPITVTVPVEVSRK	3	sp|P10909|CLUS_HUMAN	0.006702413	1.0	0.9100448345302447	168694.24813058964
LGFTDLFSK	2	sp|P29622|KAIN_HUMAN	0.006702413	1.0	0.9153929172155058	37185.176770070124
GDSVVYGLR	2	sp|P10451|OSTP_HUMAN	0.006702413	1.0	0.9406257763017049	91760.85307871841
DEGTAFLVYGAPGFSK	2	sp|P06276|CHLE_HUMAN	0.006702413	1.0	0.9509494976946369	594713.195689445
SSNTYTLTDVR	2	sp|Q13740|CD166_HUMAN	0.006702413	1.0	0.8903649854374425	8041.046858121758
FNWYVDGVEVHNAK	3	sp|P01857|IGHG1_HUMAN;sp|P0DOX5|IGG1_HUMAN	0.006702413	1.0	0.8907591703440164	335760.3741171536
TSLTVVLLR	2	sp|P32942|ICAM3_HUMAN	0.006702413	1.0	0.9279886578314216	103596.35897792279
ITLLSALVETR	2	sp|P01011|AACT_HUMAN	0.006702413	0.9933552810135716	0.9822792713857169	355630.5877251031
KGEVLPLPEANFPSFPLPHHK	4	sp|P04196|HRG_HUMAN	0.006702413	0.9933552810135716	0.9007579921513416	247238.27786948034
YPIVSPR	2	sp|P16112|PGCA_HUMAN	0.006702413	1.0	0.8693634558502967	45642.97763518537
FPVFMGR	2	sp|P05155|IC1_HUMAN	0.006702413	1.0	0.7652171780389135	335227.5617221468
KNIFISPVSISMALAMLSLGTC[+57.021465]GHTR	4	sp|P08185|CBG_HUMAN	0.006702413	0.9933552810135716	0.874999787895619	4033.6450206465256
FDPVRGEVPPR	2	sp|P02790|HEMO_HUMAN	0.006702413	0.9728591838590949	0.9590621272083582	199272.06002323385
DYWSTVK	2	sp|P02656|APOC3_HUMAN	0.021791767	0.9658285256870233	0.9487643825339633	27559.931597988532
KAADDTWEPFASGK	2	sp|P02766|TTHY_HUMAN	0.006702413	1.0	0.8839737330099485	427211.95055938116
QIQVFEDEPAR	2	sp|Q9NPH3|IL1AP_HUMAN	0.006702413	1.0	0.9391210032796847	86920.77936438078
EETNEIQVVNEEPQR	2	sp|Q8NBJ4|GOLM1_HUMAN	0.006702413	1.0	0.856980289245306	282067.1042712947
VTSIQDWVQK	2	sp|P00738|HPT_HUMAN	0.006702413	0.9933552810135716	0.9717201493336332	134982.64602531886
LQHLENELTHDIITK	2	sp|P01009|A1AT_HUMAN	0.006702413	0.9658285256870233	0.9550654378506774	592970.7458524788
ALNSIIDVYHK	2	sp|P05109|S10A8_HUMAN	0.006702413	1.0	0.8862580616773788	5576.55094534175
TFTC[+57.021465]TAAYPESK	2	sp|P01876|IGHA1_HUMAN	0.006702413	0.9933552810135716	0.9883943981344461	47945.2404080347
GLASANVDFAFSLYK	3	sp|P08185|CBG_HUMAN	0.011378002	0.9514467542496609	0.8150546416432728	10908.32511799981
GEVLPLPEANFPSFPLPHHK	4	sp|P04196|HRG_HUMAN	0.006702413	1.0	0.9710247570693555	390381.06640299736
EFGNTLEDK	2	sp|P02654|APOC1_HUMAN	0.006702413	0.9866190731264982	0.9670445769955177	31248.36600091737
QNC[+57.021465]ELFEQLGEYK	2	sp|P02768|ALBU_HUMAN	0.006702413	1.0	0.825390807196277	988433.6830892267
YTIAALLSPYSYSTTAVVTNPK	4	sp|P02766|TTHY_HUMAN	0.021791767	0.7739449743159442	0.8114372847322342	38705.51403841558
IC[+57.021465]LDLQAPLYK	3	sp|P02776|PLF4_HUMAN	0.006702413	1.0	0.9240747153560077	24978.227522363388
LLVVYPWTQR	2	sp|P02042|HBD_HUMAN;sp|P02100|HBE_HUMAN;sp|P68871|HBB_HUMAN;sp|P69891|HBG1_HUMAN;sp|P69892|HBG2_HUMAN	0.006702413	1.0	0.9676622266413376	73434.00421074886
TPSSTGPSPVFDIK	2	sp|Q12913|PTPRJ_HUMAN	0.006702413	1.0	0.9020266535255307	372788.00025309745
C[+57.021465]PNPPVQENFDVNK	2	sp|P05090|APOD_HUMAN	0.006702413	1.0	0.9595712683286436	985407.1308128659
FDTISEK	2	sp|P01008|ANT3_HUMAN	0.006702413	1.0	0.9844615913582676	85250.77116147304
GPLDQLEK	2	sp|P05546|HEP2_HUMAN	0.006702413	0.9797881705057813	0.810847156386032	11796.858013788835
YSLTYIYTGLSK	2	sp|P25311|ZA2G_HUMAN	0.006702413	0.9933552810135716	0.9703083886950971	4045.264530380153
GEC[+57.021465]QAEGVLFFQGDR	3	sp|P02790|HEMO_HUMAN	0.006702413	0.9728591838590949	0.7936002476652911	16619.594157169668
FYYLIASETPGK	2	sp|P29622|KAIN_HUMAN	0.006702413	0.9933552810135716	0.858876719875792	4218.048409290618
QGHNSVFLIK	3	sp|P02790|HEMO_HUMAN	0.006702413	1.0	0.9537342630605746	878436.0669838509
VGSALFLSHNLK	3	sp|P29622|KAIN_HUMAN	0.006702413	0.9728591838590949	0.9663772018220106	44696.59462392848
EIPVLVTQISSTNHPVK	3	sp|Q6UX71|PXDC2_HUMAN	0.006702413	1.0	0.8590900178139292	1814.2263788447299
SASLHLPK	2	sp|P01009|A1AT_HUMAN	0.006702413	1.0	0.9393928575562346	158403.54853722648
SDVM[+15.994915]YTDWKK	2	sp|P19652|A1AG2_HUMAN	0.006702413	1.0	0.9707666470514303	12567.891824839118
NTWSILHTQGALVQGGYGHSSVYDHR	3	sp|O75882|ATRN_HUMAN	0.006702413	0.9658285256870233	0.9184319307859313	418127.4835819261
MEEVEAMLLPETLK	2	sp|P01011|AACT_HUMAN	0.006702413	1.0	0.9521044460576757	977354.7990270434
SISTAYLQWSSLK	2	sp|A0A0C4DH38|HV551_HUMAN;sp|A0A0J9YXX1|HV5X1_HUMAN	0.006702413	0.9866190731264982	0.8136469117672823	23627.40132953714
DTVFALVNYIFFK	3	sp|P01009|A1AT_HUMAN	0.006702413	1.0	0.9207386571729254	39043.86445459234
FRIEDGFSLK	2	sp|P01008|ANT3_HUMAN	0.006702413	1.0	0.9832682308499003	874219.5414200332
HSAQPWADFTLLGAR	3	sp|Q8IYS5|OSCAR_HUMAN	0.006702413	1.0	0.87036627916468	72179.88121622901
GDDITMVLILPKPEK	3	sp|P01008|ANT3_HUMAN	0.006702413	1.0	0.9354033669763243	711709.5516997883
GDTFSC[+57.021465]MVGHEALPLAFTQK	3	sp|P01876|IGHA1_HUMAN	0.006702413	1.0	0.9432511557196294	804942.8160006299
EQLGEFYEALDC[+57.021465]LC[+57.021465]IPR	4	sp|P19652|A1AG2_HUMAN	0.006702413	0.9866190731264982	0.7172934188384099	17581.45435036108
LYLVQGTQVYVFLTK	3	sp|P02790|HEMO_HUMAN	0.006702413	0.9728591838590949	0.9664077262282013	99179.96165493867
FTVNNLAEPQK	2	sp|P12259|FA5_HUMAN	0.006702413	1.0	0.896531394124379	6135.4257454925155
EHVAHLLFLRDTK	4	sp|P19652|A1AG2_HUMAN	0.006702413	1.0	0.9584717677837741	2918312.1490838127
AQWANPFDPSK	2	sp|P05543|THBG_HUMAN	0.006702413	1.0	0.9344870515695598	86691.83645523706
DALSSVQESQVAQQAR	3	sp|P02656|APOC3_HUMAN	0.006702413	0.9728591838590949	0.8421966754018874	5546.0726992476375
FNKPFVFLMIEQNTK	2	sp|P01009|A1AT_HUMAN	0.006702413	0.9658285256870233	0.962348404237181	36299.55624144603
GTYSTTVTGR	2	sp|P08519|APOA_HUMAN	0.006702413	0.9866190731264982	0.9532248594087639	15424.28825467189
GLPNVVTSAISLPNIR	3	sp|Q92954|PRG4_HUMAN	0.006702413	1.0	0.8809171843365879	996933.812567041
TDTSHHDQDHPTFNK	3	sp|P01009|A1AT_HUMAN	0.006702413	1.0	0.8487855190099212	116312.3911982165
SDVVYTDWK	2	sp|P02763|A1AG1_HUMAN	0.006702413	1.0	0.9694133480895768	425872.5471674965
VELAPLPSWQPVGK	3	sp|P05362|ICAM1_HUMAN	0.006702413	1.0	0.724841601979515	37146.95659394936
WVQDYIK	2	sp|Q16627|CCL14_HUMAN	0.006702413	0.9866190731264982	0.967887919267484	16065.241551605963
EIGELYLPK	2	sp|P01011|AACT_HUMAN	0.006702413	1.0	0.9510736093672347	365481.3996576012
GDLYFANVEEK	2	sp|O00533|NCHL1_HUMAN	0.006702413	1.0	0.8624655600461183	6894.041931106579
GWVDLFVPK	2	sp|P05543|THBG_HUMAN	0.006702413	1.0	0.9753385667566685	330470.374777112
VEIDTKSYWK	3	sp|P02766|TTHY_HUMAN	0.013664597	0.9290085173289965	0.7047671014641999	2080.384692385706
IMQSSQSMSK	2	sp|O75882|ATRN_HUMAN	0.006702413	0.9866190731264982	0.9805627071199551	29511.943609447262
YPPTVSMVEGQGEK	2	sp|P27918|PROP_HUMAN	0.006702413	1.0	0.9344780030821478	284024.10661120276
FLEDVKK	2	sp|P01009|A1AT_HUMAN	0.006702413	1.0	0.9819684553022374	711352.391828462
WVMVPMMSLHHLTIPYFR	4	sp|P01011|AACT_HUMAN	0.006702413	0.9933552810135716	0.9155487599179377	9927.445371575343
YAASSYLSLTPEQWK	2	sp|A0M8Q6|IGLC7_HUMAN;sp|B9A064|IGLL5_HUMAN;sp|P0CF74|IGLC6_HUMAN;sp|P0CG04|IGLC1_HUMAN;sp|P0DOX8|IGL1_HUMAN;sp|P0DOY2|IGLC2_HUMAN;sp|P0DOY3|IGLC3_HUMAN	0.006702413	1.0	0.9431800761199891	7845712.020620619
TC[+57.021465]PKPDDLPFSTVVPLK	2	sp|P02749|APOH_HUMAN	0.006702413	1.0	0.9439061069227259	3897408.3985102903
LSSWVLLM[+15.994915]K	2	sp|P01009|A1AT_HUMAN	0.006702413	1.0	0.8487515024442707	70177.32834021957
FLASVSTVLTSK	3	sp|P69905|HBA_HUMAN	0.021791767	0.7390601692542802	0.7710152324532861	1438.3869632092515
SYSC[+57.021465]QVTHEGSTVEK	3	sp|B9A064|IGLL5_HUMAN;sp|P0CF74|IGLC6_HUMAN;sp|P0CG04|IGLC1_HUMAN;sp|P0DOX8|IGL1_HUMAN;sp|P0DOY2|IGLC2_HUMAN;sp|P0DOY3|IGLC3_HUMAN	0.006702413	1.0	0.9605278759209188	1115803.0222208127
NWGLSFYADKPETTK	4	sp|P19652|A1AG2_HUMAN	0.006702413	0.9728591838590949	0.8134911428816959	2278.2830851648773
TMLLQPAGSLGSYSYR	3	sp|P41222|PTGDS_HUMAN	0.006702413	0.9728591838590949	0.8081184257263717	7249.18002888713
ELTPEVLQEWLDELEEMMLVVHMPR	4	sp|P01008|ANT3_HUMAN	0.006702413	0.9866190731264982	0.9275974930101255	295185.2740532678
SEDAGGAEGETPHMLLRPHVFMPEVTPDMDYLPR	4	sp|Q92954|PRG4_HUMAN	0.011378002	0.9586923939928679	0.9168567573475724	166939.05821547302
LRTEGDGVYTLNDKK	4	sp|P00738|HPT_HUMAN;sp|P00739|HPTR_HUMAN	0.006702413	1.0	0.9186474285506807	271089.34993731603
GTHC[+57.021465]NQVEVIATLK	3	sp|P02775|CXCL7_HUMAN	0.006702413	0.9797881705057813	0.8360115376942744	16479.16586705957
LLDNWDSVTSTFSK	2	sp|P02647|APOA1_HUMAN	0.006702413	0.9797881705057813	0.9247919597809695	49456.05185927794
IVDLFSGLDSPAILVLVNYIFFK	3	sp|P08185|CBG_HUMAN	0.006702413	1.0	0.956990890176471	3566667.4750712416
ANQQLNFTEAK	2	sp|Q9Y5Y7|LYVE1_HUMAN	0.006702413	1.0	0.8690267665464075	15694.281398490904
YVGGQEHFAHLLILR	2	sp|P02763|A1AG1_HUMAN	0.006702413	0.9728591838590949	0.9406631031031104	159610.59285534653
FSISATYDLGATLLK	3	sp|P05543|THBG_HUMAN	0.006702413	0.9797881705057813	0.8860700344257277	12810.581841274563
TFYEPGEEITYSC[+57.021465]KPGYVSR	3	sp|P02749|APOH_HUMAN	0.006702413	1.0	0.9236362687659635	1606927.0954689279
GFGGLTGQIVAALSTAK	3	sp|Q92954|PRG4_HUMAN	0.006702413	1.0	0.9787782061799233	139915.45071088674
GGYTLVSGYPK	2	sp|P02790|HEMO_HUMAN	0.006702413	1.0	0.98043119243431	300942.04200408683
ASFHIPQVQVR	3	sp|Q9BQ51|PD1L2_HUMAN	0.006702413	1.0	0.7940203693308797	101635.61310147434
NKEDC[+57.021465]VEIYIK	3	sp|P14151|LYAM1_HUMAN	0.020681266	0.8258516653955662	0.8597856529566729	12227.992646471273
LRTEGDGVYTLNNEK	4	sp|P00738|HPT_HUMAN	0.018495684	0.8718655118414741	0.8374599921434888	4165.067181943468
EHVAHLLFLRDTK	3	sp|P19652|A1AG2_HUMAN	0.006702413	1.0	0.9723280550222926	515913.9475935218
QLVEIEK	1	sp|P00738|HPT_HUMAN;sp|P00739|HPTR_HUMAN	0.006702413	0.9728591838590949	0.7428983858737829	4422.594161759573
RLGMFNIQHC[+57.021465]K	2	sp|P01009|A1AT_HUMAN	0.006702413	0.9797881705057813	0.8936632927281478	92520.21292987505
SDTSLEMTMGNALFLDGSLELLESFSADIK	4	sp|P08185|CBG_HUMAN	0.006702413	1.0	0.7689273859242394	98507.08587644415
TYLPAVDEK	2	sp|P02655|APOC2_HUMAN	0.006702413	1.0	0.9710917820078057	570358.5156595908
SAGSVESPSVSSTHR	3	sp|P17936|IBP3_HUMAN	0.006702413	0.9866190731264982	0.912910915241613	13129.8647209142
ADGESC[+57.021465]SASMMYQEGK	2	sp|P01008|ANT3_HUMAN	0.006702413	1.0	0.8960207286013426	318236.5198699237
IPKSDVVYTDWK	2	sp|P02763|A1AG1_HUMAN	0.006702413	1.0	0.989577956692763	1014165.3720394027
VITEPIPVSDLR	2	sp|Q12913|PTPRJ_HUMAN	0.006702413	0.9933552810135716	0.9529227377086024	602510.4550139069
REPAVGEPAEVTTTVLVR	4	sp|P05362|ICAM1_HUMAN	0.006702413	1.0	0.7531173079197084	1618.4551428586346
ESLLNHFLYEVAR	3	sp|P43652|AFAM_HUMAN	0.006702413	1.0	0.7182039813587406	65841.26412140336
QGLLPVLESFK	2	sp|P02647|APOA1_HUMAN	0.006702413	1.0	0.9953492672712824	51588.37337498489
MREWFSETFQK	2	sp|P02654|APOC1_HUMAN	0.006702413	1.0	0.9673540593976533	1708359.2936517727
EMEDTLNHLK	3	sp|P17936|IBP3_HUMAN	0.006702413	1.0	0.9605522952477806	59654.4505587082
GEC[+57.021465]VPGEQEPEPILIPR	2	sp|P02760|AMBP_HUMAN	0.006702413	1.0	0.8805724260908244	597405.7985615572
AVLTIDEK	1	sp|P01009|A1AT_HUMAN	0.006702413	0.9658285256870233	0.9957443377812192	36969.15857643695
GGEGTGYFVDFSVR	2	sp|P04196|HRG_HUMAN	0.006702413	1.0	0.8137708927052176	124299.16442296596
NPDAVAAPYC[+57.021465]YTR	2	sp|P08519|APOA_HUMAN	0.006702413	1.0	0.8492286603948689	78494.19362543596
GVTSVSQIFHSPDLAIR	3	sp|P05155|IC1_HUMAN	0.006702413	0.9797881705057813	0.9007386729908129	44138.36191008768
GFMQTYYDDHLR	2	sp|P55056|APOC4_HUMAN	0.011378002	0.9440873193926883	0.9448075600118663	19883.156234367212
TYFPHFDLSHGSAQVK	4	sp|P69905|HBA_HUMAN	0.006702413	0.9797881705057813	0.8885372203812658	81241.41671562081
ESSSHHPGIAEFPSR	2	sp|P02671|FIBA_HUMAN	0.006702413	1.0	0.947309956047581	117516.94184601904
AGALQLLLVGDK	2	sp|P55058|PLTP_HUMAN	0.0126103405	0.9366095275687156	0.8942288738966931	3804.7226441734456
DTEEEDFHVDQVTTVK	2	sp|P01009|A1AT_HUMAN	0.006702413	1.0	0.8858513736193482	1795474.9724890585
ALSIGFETC[+57.021465]R	2	sp|P16070|CD44_HUMAN	0.006702413	1.0	0.9759747939623598	297198.12024951447
WKNFPSPVDAAFR	3	sp|P02790|HEMO_HUMAN	0.011378002	0.9440873193926883	0.8313582136187352	6554.243424172879
EMEVLHLR	2	sp|P11362|FGFR1_HUMAN	0.006702413	1.0	0.8490949694111766	90340.60457410732
ATVVYQGER	2	sp|P02749|APOH_HUMAN	0.006702413	0.9866190731264982	0.9849885092178913	146273.485184107
KAGTELVNFLSYFVELGTQPATQ	3	sp|P02652|APOA2_HUMAN	0.006702413	0.9728591838590949	0.9402020098678838	4567126.411880947
IDSLLENDR	2	sp|P10909|CLUS_HUMAN	0.006702413	1.0	0.8327459429275389	223209.73439603334
DYVSQFEGSALGK	2	sp|P02647|APOA1_HUMAN	0.006702413	0.9933552810135716	0.9288730979059616	18666.1253626227
TM[+15.994915]LLQPAGSLGSYSYR	2	sp|P41222|PTGDS_HUMAN	0.011378002	0.9586923939928679	0.9378373516808703	86336.19460209271
VPLQQNFQDNQFQGK	2	sp|P80188|NGAL_HUMAN	0.006702413	1.0	0.977947804403721	1023844.0342134677
HPDEAAFFDTASTGK	2	sp|P02671|FIBA_HUMAN	0.006702413	0.9797881705057813	0.9546931466322768	21921.651316399035
YFHHNSDFHIPK	4	sp|O75015|FCG3B_HUMAN	0.006702413	1.0	0.9749039088376101	1111255.414263839
EHVAHLLFLR	2	sp|P19652|A1AG2_HUMAN	0.006702413	1.0	0.9588805848598096	12074922.681592638
YFHHNSDFYIPK	4	sp|P08637|FCG3A_HUMAN	0.010526316	0.9797881705057813	0.9208559807919633	3940.8274476700535
STSESTAALGC[+57.021465]LVK	3	sp|P01859|IGHG2_HUMAN;sp|P01861|IGHG4_HUMAN	0.030012004	0.5462099337781654	0.868742581487304	281.67771878881973
SKEQLTPLIK	2	sp|P02652|APOA2_HUMAN	0.006702413	1.0	0.9585185843235126	71324.8889746996
MSSINADFAFNLYR	2	sp|P05543|THBG_HUMAN	0.006702413	1.0	0.9636654477370128	2793733.1983592715
NLAVSQVVHK	2	sp|P01011|AACT_HUMAN	0.006702413	1.0	0.9601242980743996	1300179.5887643222
IMGITLVSKK	2	sp|Q9Y5Y7|LYVE1_HUMAN	0.006702413	1.0	0.9797434339878748	135257.59319097234
TVAAC[+57.021465]NLPIVR	3	sp|P02760|AMBP_HUMAN	0.006702413	0.9933552810135716	0.8846012684180251	4855.590786895882
GILTVDELLAIR	3	sp|P13473|LAMP2_HUMAN	0.006702413	1.0	0.8114979046233581	221431.5677347335
QQLQALSEPQPR	2	sp|Q8NBJ4|GOLM1_HUMAN	0.006702413	0.9933552810135716	0.8035267205153425	4537.15259283859
ATLVC[+57.021465]LISDFYPGAVTVAWK	4	sp|B9A064|IGLL5_HUMAN;sp|P0CG04|IGLC1_HUMAN;sp|P0DOX8|IGL1_HUMAN;sp|P0DOY2|IGLC2_HUMAN;sp|P0DOY3|IGLC3_HUMAN	0.006702413	1.0	0.8700148231500704	19039.213040102615
LRTEGDGVYTLNDK	2	sp|P00738|HPT_HUMAN;sp|P00739|HPTR_HUMAN	0.006702413	1.0	0.9534440359423262	402173.4275933556
AEAESLYQSK	2	sp|P04264|K2C1_HUMAN	0.006702413	0.9933552810135716	0.8713702117787647	163.8187902055175
LLIYDNNK	2	sp|P01701|LV151_HUMAN	0.006702413	0.9866190731264982	0.8061348978488799	2299.355230453002
TEGDGVYTLNDK	2	sp|P00738|HPT_HUMAN;sp|P00739|HPTR_HUMAN	0.006702413	1.0	0.9566827789632556	87575.32197027771
LLIYGASTR	2	sp|A0A075B6H7|KV37_HUMAN;sp|A0A0C4DH55|KVD07_HUMAN;sp|P01624|KV315_HUMAN	0.006702413	0.9866190731264982	0.9295786452239657	10592.519261564426
ALAQC[+57.021465]APPPAVC[+57.021465]AELVR	3	sp|P17936|IBP3_HUMAN	0.006702413	0.9933552810135716	0.83136639847708	15095.465396614167
FIVLSNNYLQIR	2	sp|P13591|NCAM1_HUMAN	0.006702413	1.0	0.9221978406096655	50107.03909845997
AADDTWEPFASGKTSESGELHGLTTEEEFVEGIYK	4	sp|P02766|TTHY_HUMAN	0.006702413	1.0	0.917561013921983	7555185.599767072
DFVQPPTK	1	sp|P01042|KNG1_HUMAN	0.006702413	0.9797881705057813	0.9318510296737614	3802.4000125065945
EQLGEFYEALDC[+57.021465]LR	3	sp|P02763|A1AG1_HUMAN	0.006702413	0.9728591838590949	0.9367923152179006	26871.565995214114
WLQGSQELPR	2	sp|P01876|IGHA1_HUMAN;sp|P01877|IGHA2_HUMAN;sp|P0DOX2|IGA2_HUMAN	0.006702413	0.9933552810135716	0.9392984359365206	82722.04294148057
LWWLDLK	2	sp|P02790|HEMO_HUMAN	0.006702413	1.0	0.9786409956543417	333641.402399522
DKC[+57.021465]EPLEKQHEK	2	sp|P02763|A1AG1_HUMAN;sp|P19652|A1AG2_HUMAN	0.006702413	1.0	0.9102032077700302	23521.96421198841
STAAMSTYTGIFTDQVLSVLK	3	sp|P02655|APOC2_HUMAN	0.006702413	1.0	0.9413190172611154	2649113.2701541116
SISC[+57.021465]QEIPGQQSR	2	sp|P27918|PROP_HUMAN	0.006702413	1.0	0.9426730277165157	428123.7402656368
ALDLINK	2	sp|P04196|HRG_HUMAN	0.023002421	0.9728591838590949	0.9062484603404306	40320.90716439562
TSDQIHFFFAK	3	sp|P01008|ANT3_HUMAN	0.006702413	0.9933552810135716	0.9654904934623023	410642.3945001253
SGTASEMGTER	2	sp|Q9ULI3|HEG1_HUMAN	0.006702413	0.9866190731264982	0.910917424760999	1618.4012908525433
EPQVYTLPPSR	2	sp|P01857|IGHG1_HUMAN;sp|P01859|IGHG2_HUMAN;sp|P01860|IGHG3_HUMAN;sp|P0DOX5|IGG1_HUMAN	0.006702413	1.0	0.87538391795903	2554.273095319477
DIPMNPMC[+57.021465]IYR	2	sp|P01008|ANT3_HUMAN	0.006702413	0.9866190731264982	0.9875903156473593	163286.11637549492
SAVQGPPER	2	sp|P01876|IGHA1_HUMAN;sp|P01877|IGHA2_HUMAN	0.006702413	0.9797881705057813	0.9356695131070867	6069.930557655627
TEGDGVYTLNNEK	2	sp|P00738|HPT_HUMAN	0.006702413	1.0	0.9539522523032019	182171.44149587178
NSVIKVPMMNSK	2	sp|P05155|IC1_HUMAN	0.006702413	0.9933552810135716	0.974067821126176	259337.28126513108
AIMEKLEMSK	2	sp|P05155|IC1_HUMAN	0.006702413	0.9933552810135716	0.9464620353586161	8327.571704487274
ASVSVTAEDEGTQR	2	sp|P05362|ICAM1_HUMAN	0.006702413	1.0	0.9806781642004008	93287.8983133143
VPTVEPLDSLTLFLFR	2	sp|P13598|ICAM2_HUMAN	0.006702413	1.0	0.9151969087725972	97347.30166649751
RYTIAALLSPYSYSTTAVVTNPK	3	sp|P02766|TTHY_HUMAN	0.006702413	0.9728591838590949	0.9352422348036644	8496498.023503397
ESGTDDFNVWIGLHDPK	3	sp|P05451|REG1A_HUMAN	0.006702413	1.0	0.9755338426562894	27790.823374298507
AFLEVNEEGSEAAASTAVVIAGR	3	sp|P01008|ANT3_HUMAN	0.006702413	1.0	0.9464894511464309	1427682.583143661
FNWYVDGVEVHNAK	2	sp|P01857|IGHG1_HUMAN;sp|P0DOX5|IGG1_HUMAN	0.006702413	1.0	0.8208890525130492	30326.221600941804
VLNQELR	2	sp|P05090|APOD_HUMAN	0.006702413	1.0	0.9881292560318127	816876.7147957953
KGEVLPLPEANFPSFPLPHHK	5	sp|P04196|HRG_HUMAN	0.006702413	0.9933552810135716	0.7713401740986425	27430.22786371636
LPGIVAEGRDDLYVSDAFHK	3	sp|P01008|ANT3_HUMAN	0.006702413	0.9866190731264982	0.878934637299121	55269.471058576004
ITLLSALVETR	3	sp|P01011|AACT_HUMAN	0.006702413	0.9933552810135716	0.7149978701238542	8566.586575832484
DLDSQTMMVLVNYIFFK	3	sp|P01011|AACT_HUMAN	0.006702413	1.0	0.9759692550677381	521073.4673057967
LYIEYGIQR	2	sp|Q9NPH3|IL1AP_HUMAN	0.006702413	1.0	0.9625930686823281	136041.46298883707
HTFM[+15.994915]GVVSLGSPSGEVSHPR	4	sp|P02765|FETUA_HUMAN	0.006702413	0.9933552810135716	0.8317354244746644	3268.690296090183
ALGISPFHEHAEVVFTANDSGPR	5	sp|P02766|TTHY_HUMAN	0.006702413	1.0	0.9254330995511002	1168644.817244
FDPVRGEVPPR	3	sp|P02790|HEMO_HUMAN	0.006702413	0.9728591838590949	0.9429203605792449	161223.03387297844
VQPYLDDFQK	2	sp|P02647|APOA1_HUMAN	0.006702413	1.0	0.8374965906072097	24148.164543028943
QINSYVK	2	sp|P08185|CBG_HUMAN	0.006702413	1.0	0.7430355925448623	24147.034347135388
C[+57.021465]SPHLVLSALTSDNHGATYAFSGTHYWR	5	sp|P02790|HEMO_HUMAN	0.006702413	1.0	0.940477376347793	663138.9407803025
LGMFNIQHC[+57.021465]K	3	sp|P01009|A1AT_HUMAN	0.006702413	0.9933552810135716	0.9154853486320276	269957.6633610374
MADEAGSEADHEGTHSTK	3	sp|P02671|FIBA_HUMAN	0.006702413	1.0	0.9371872991529995	3052.537462210862
TLLVFEVQQPFLFVLWDQQHK	3	sp|P05155|IC1_HUMAN	0.006702413	1.0	0.9544368536976474	244322.58525108962
SGAQATWTELPWPHEK	2	sp|P02790|HEMO_HUMAN	0.006702413	1.0	0.8515764132484023	1053843.825195639
DVFLGMFLYEYAR	3	sp|P02768|ALBU_HUMAN	0.006702413	1.0	0.8034371785099033	6548.514415553736
DSGRDYVSQFEGSALGK	2	sp|P02647|APOA1_HUMAN	0.006702413	1.0	0.9479726749789408	897242.3934545161
ADGNQLTLEER	2	sp|Q6YHK3|CD109_HUMAN	0.006702413	1.0	0.7728146214626238	512.8274331578031
FLSTLTIDGVTR	2	sp|P35968|VGFR2_HUMAN	0.006702413	1.0	0.8715124731085138	22368.279493969734
VDVIPVNLPGEHGQR	3	sp|P02751|FINC_HUMAN	0.006702413	1.0	0.9910941645043759	67759.44675273972
TITTTEIMNKPEETAKPK	5	sp|Q92954|PRG4_HUMAN	0.025392987	0.7138053936648634	0.7061402433859884	1289.9510898910664
ALGISPFHEHAEVVFTANDSGPRR	5	sp|P02766|TTHY_HUMAN	0.006702413	0.9866190731264982	0.7647694015326822	15217.719021517421
SLNNQFASFIDK	2	sp|P04264|K2C1_HUMAN	0.013664597	0.9212790999005022	0.9652950185379213	9764.52750403641
AADDTWEPFASGK	2	sp|P02766|TTHY_HUMAN	0.006702413	0.9933552810135716	0.9474828218328997	240011.86864650974
SGTSASLAISGLR	2	sp|P01700|LV147_HUMAN	0.006702413	1.0	0.9547689582287672	13333.29722717741
WEMPFDPQDTHQSR	2	sp|P01011|AACT_HUMAN	0.006702413	0.9728591838590949	0.9585204665208696	6242.861789851753
DSTYSLSSTLTLSK	2	sp|P01834|IGKC_HUMAN;sp|P0DOX7|IGK_HUMAN	0.006702413	1.0	0.9665087060652371	214319.79813582002
IC[+57.021465]LDLQAPLYK	2	sp|P02776|PLF4_HUMAN	0.006702413	1.0	0.9571270221447952	749941.3318502523
HTFMGVVSLGSPSGEVSHPR	4	sp|P02765|FETUA_HUMAN	0.006702413	0.9933552810135716	0.9457337126274586	700353.6400468156
LAIPQQSDFHNNR	2	sp|P07333|CSF1R_HUMAN	0.006702413	0.9797881705057813	0.915868336034201	18272.206020550337
LTLTPWVGLR	2	sp|O75882|ATRN_HUMAN	0.006702413	1.0	0.9766720721150112	502827.15508399304
HTLNQIDEVK	2	sp|P02765|FETUA_HUMAN	0.006702413	0.9933552810135716	0.9730309615871954	387278.4659717328
HQMDLVATLSQLGLQELFQAPDLR	4	sp|P08697|A2AP_HUMAN	0.006702413	1.0	0.8831680040195871	58828.7658624265
LVLLNAIYLSAK	3	sp|P05155|IC1_HUMAN	0.020681266	0.8448700454299841	0.8603436827438187	3391.7481083739503
EQLTPLIKK	2	sp|P02652|APOA2_HUMAN	0.006702413	1.0	0.9821015326199658	337169.3271769852
QGHNSVFLIK	2	sp|P02790|HEMO_HUMAN	0.006702413	1.0	0.8776802663568645	124245.22153460307
VNVDEVGGEALGR	2	sp|P68871|HBB_HUMAN	0.006702413	0.9933552810135716	0.9640260317219449	130396.96052062039
VTTPDTSTTQHNK	2	sp|Q92954|PRG4_HUMAN	0.006702413	1.0	0.8569764753830896	8246.579557156485
ESTLHLVLR	2	sp|P0CG47|UBB_HUMAN;sp|P0CG48|UBC_HUMAN;sp|P62979|RS27A_HUMAN;sp|P62987|RL40_HUMAN	0.006702413	1.0	0.9163845573394759	301879.2822592997
QVILTLQPTLVAVGK	2	sp|P13598|ICAM2_HUMAN	0.020681266	1.0	0.9862621292049467	3685548.875845294
LVYHLGLPFSFLTFPYVEEAIK	4	sp|P49908|SEPP1_HUMAN	0.006702413	1.0	0.7729807758061183	103586.613226032
SC[+57.021465]ALDQNC[+57.021465]QWEPR	2	sp|O75882|ATRN_HUMAN	0.006702413	1.0	0.880188337310948	161943.19248766304
LYLVQGTQVYVFLTK	2	sp|P02790|HEMO_HUMAN	0.006702413	0.9728591838590949	0.953578889007652	183628.50873290296
NWGLSVYADKPETTK	3	sp|P02763|A1AG1_HUMAN	0.006702413	1.0	0.893670784608584	553136.814416722
ALSLAPLAGAGLELQLER	3	sp|Q9ULI3|HEG1_HUMAN	0.006702413	1.0	0.8101887459031194	2475.9931706322595
FRIEDGFSLK	3	sp|P01008|ANT3_HUMAN	0.006702413	1.0	0.9695087220246501	9990179.015728222
GDDITMVLILPKPEK	2	sp|P01008|ANT3_HUMAN	0.006702413	1.0	0.8783478321222689	45816.57210700603
GDPLGTEGGLDASNTER	2	sp|Q12913|PTPRJ_HUMAN	0.006702413	0.9728591838590949	0.9070233016498498	151382.15908226892
VTTVASHTSDSDVPSGVTEVVVK	4	sp|P10909|CLUS_HUMAN	0.006702413	0.9866190731264982	0.7350281116940027	3641.6042471273877
GSPAINVAVHVFRK	2	sp|P02766|TTHY_HUMAN	0.011378002	0.9440873193926883	0.8440817933106844	1431.5479185629226
ETPAATEAPSSTPK	2	sp|P80723|BASP1_HUMAN	0.006702413	0.9933552810135716	0.9428746940758475	6087.415190910818
DNYTDLVAIQNK	2	sp|P14151|LYAM1_HUMAN	0.006702413	0.9933552810135716	0.7417212634015525	1750.1663789541308
LLIYWASTR	2	sp|P06312|KV401_HUMAN	0.006702413	0.9933552810135716	0.9622191681644225	2621.697156830451
RTIAVLLDDILQR	3	sp|Q96EE4|CC126_HUMAN	0.006702413	0.9866190731264982	0.8145475953549202	11351.228507473148
FNKPFVFLMIEQNTK	3	sp|P01009|A1AT_HUMAN	0.007926024	0.9658285256870233	0.9776955033145226	53631.78316529665
AGVETTTPSK	2	sp|P0DOY2|IGLC2_HUMAN;sp|P0DOY3|IGLC3_HUMAN	0.006702413	0.9866190731264982	0.9417002749145236	1030.5089925561206
IILEDENDAMADADR	2	sp|Q9BUN1|MENT_HUMAN	0.006702413	0.9728591838590949	0.9256897798985448	37931.46283509947
TDTSHHDQDHPTFNK	4	sp|P01009|A1AT_HUMAN	0.006702413	1.0	0.9308164835152994	23922413.704300553
LYHSEAFTVNFGDTEEAKK	3	sp|P01009|A1AT_HUMAN	0.006702413	1.0	0.9581655331335415	624012.5728954297
SGVQQLIQYYQDQK	2	sp|Q13790|APOF_HUMAN	0.006702413	1.0	0.9027605896054566	278272.5534875818
ADLSGITGAR	1	sp|P01011|AACT_HUMAN	0.006702413	1.0	0.937776853585469	54839.26495185279
MFLSFPTTK	2	sp|P69905|HBA_HUMAN	0.006702413	1.0	0.9281069316682955	99337.79578465823
TLTLLSVTR	2	sp|P06731|CEAM5_HUMAN;sp|P13688|CEAM1_HUMAN;sp|P31997|CEAM8_HUMAN	0.006702413	1.0	0.9324228350410202	100199.7589945987
LQHLENELTHDIITK	4	sp|P01009|A1AT_HUMAN	0.007926024	0.9658285256870233	0.9499595632773549	717551.86471245
GLPNVVTSAISLPNIR	2	sp|Q92954|PRG4_HUMAN	0.006702413	1.0	0.8882301923340991	388327.7476552115
HYYESEVLAMNFQDWATASR	3	sp|P08185|CBG_HUMAN	0.006702413	0.9797881705057813	0.9486289328683233	157709.021608938
DYFMPC[+57.021465]PGR	2	sp|P02790|HEMO_HUMAN	0.006702413	1.0	0.9407185654453306	34604586.54985046
FAGVFHVEK	2	sp|P16070|CD44_HUMAN	0.006702413	1.0	0.9656834238045102	79079.94021685854
QVVAGLNFR	2	sp|P01042|KNG1_HUMAN	0.006702413	1.0	0.9533663511232146	311112.75105807144
ANRPFLVFIR	3	sp|P01008|ANT3_HUMAN	0.006702413	0.9728591838590949	0.9258420502433086	265935.0862448077
GIYSFNFHVVK	3	sp|P23435|CBLN1_HUMAN	0.013664597	0.9212790999005022	0.7258434252249694	3779.5459432438465
WSAGLTSSQVDLYIPK	3	sp|P08185|CBG_HUMAN	0.014869888	0.897262926642552	0.7477970337196709	8356.178966170926
VEIDTKSYWK	2	sp|P02766|TTHY_HUMAN	0.006702413	1.0	0.9730103801885237	59827.941700563744
GPALTTPK	2	sp|Q92954|PRG4_HUMAN	0.006702413	0.9728591838590949	0.9613632165215893	44843.02281037053
FLASVSTVLTSK	2	sp|P69905|HBA_HUMAN	0.006702413	1.0	0.9701083020831918	5192.057560784407
GLYDVVSVLR	2	sp|O75144|ICOSL_HUMAN	0.006702413	0.9933552810135716	0.9816064622938883	73285.80122283031
FKLDDDLEHQGGHVLDHGHK	6	sp|P01042|KNG1_HUMAN	0.006702413	0.9797881705057813	0.9374090125283625	14716.271289704513
EQYAVVGHSAHIVTLK	2	sp|O75882|ATRN_HUMAN	0.006702413	1.0	0.9150346159534684	96860.81725565488
TMLLQPAGSLGSYSYR	2	sp|P41222|PTGDS_HUMAN	0.006702413	0.9728591838590949	0.959505678804808	296612.367254102
LPTDSELAPR	2	sp|P49908|SEPP1_HUMAN	0.006702413	1.0	0.9174610297162947	24591.77300966966
GTHC[+57.021465]NQVEVIATLK	2	sp|P02775|CXCL7_HUMAN	0.006702413	0.9797881705057813	0.8999504414005656	273816.21404392616
SDVVYTDWKKDK	2	sp|P02763|A1AG1_HUMAN	0.006702413	0.9866190731264982	0.9159601689677784	6108.469583657185
GLGEISAASEFK	2	sp|P13591|NCAM1_HUMAN	0.006702413	0.9933552810135716	0.7958741657927126	11611.84763275426
LLDNWDSVTSTFSK	3	sp|P02647|APOA1_HUMAN	0.020681266	0.8159995903747699	0.8036151368132479	631.6278379660228
VTGNPGDEEFIEPSTENEFGLTSLR	4	sp|Q9ULI3|HEG1_HUMAN	0.007926024	0.9658285256870233	0.9821892728592446	2543.499493440359
DIAPTLTLYVGK	3	sp|P00738|HPT_HUMAN;sp|P00739|HPTR_HUMAN	0.006702413	0.9728591838590949	0.7698429267737991	5278.4282886416095
AVSISPTNVILTWK	2	sp|Q12913|PTPRJ_HUMAN	0.006702413	0.9866190731264982	0.9560452198617255	58135.3082734996
DASGVTFTWTPSSGK	2	sp|P01876|IGHA1_HUMAN	0.006702413	0.9728591838590949	0.9553127674900328	102386.5071504338
YVGGQEHFAHLLILR	3	sp|P02763|A1AG1_HUMAN	0.006702413	0.9728591838590949	0.982374062507948	171631.31795646268
FTVNNLAEPQK	3	sp|P12259|FA5_HUMAN	0.013664597	0.9290085173289965	0.812402155810204	234.29027429288996
FSGSGSGTDFTLTISR	2	sp|A0A0C4DH25|KVD20_HUMAN;sp|P01619|KV320_HUMAN	0.006702413	1.0	0.9425548159607486	520361.30442134547
AVMDDFAAFVEK	3	sp|P02768|ALBU_HUMAN	0.006702413	0.9797881705057813	0.8880290590020085	15212.473923147976
SDVMYTDWK	2	sp|P19652|A1AG2_HUMAN	0.006702413	1.0	0.994062883139955	446287.86464700254
EESLDSDLYAELR	2	sp|P02775|CXCL7_HUMAN	0.006702413	0.9866190731264982	0.9663031711924559	158983.46591810574
GLGELQELYLK	2	sp|P07359|GP1BA_HUMAN	0.006702413	1.0	0.9555111396273642	29408.054526834458
YIC[+57.021465]ENQDSISSK	2	sp|P02768|ALBU_HUMAN	0.006702413	0.9866190731264982	0.9495273230348381	19098.33870128612
LLGLSLAGK	1	sp|Q9Y5Y7|LYVE1_HUMAN	0.006702413	1.0	0.7305122549474498	51387.83465686257
SEAYNTFSER	2	sp|P12259|FA5_HUMAN	0.006702413	0.9933552810135716	0.8395799360280495	3540.8658640421786
GGSTSYGTGSETESPR	2	sp|P02671|FIBA_HUMAN	0.006702413	0.9797881705057813	0.9677033304063392	37461.56946326041
EQTVSVSGAFQINTFDLR	3	sp|P13473|LAMP2_HUMAN	0.006702413	0.9933552810135716	0.9202790758647281	128288.94410029522
SYPGLTSYLVR	2	sp|P80188|NGAL_HUMAN	0.006702413	1.0	0.9746866083487963	17526.31359955082
MTVTDQVNC[+57.021465]PK	2	sp|P05090|APOD_HUMAN	0.006702413	1.0	0.9773690470595294	24776.82704383363
EHVAHLLFLRDTK	2	sp|P19652|A1AG2_HUMAN	0.006702413	1.0	0.9283652940842815	1293140.0223770924
VIVVSMNYR	2	sp|P06276|CHLE_HUMAN	0.006702413	1.0	0.9326720979226021	211060.21960487508
RLGMFNIQHC[+57.021465]K	3	sp|P01009|A1AT_HUMAN	0.006702413	0.9797881705057813	0.9421850754815656	292234.5310386221
VVAGVANALAHK	3	sp|P02042|HBD_HUMAN;sp|P68871|HBB_HUMAN	0.006702413	1.0	0.9548803576415149	244431.51374213453
EFTPPVQAAYQK	2	sp|P68871|HBB_HUMAN	0.006702413	1.0	0.8662409154017401	47058.51104653381
EENFYVDETTVVK	2	sp|P08185|CBG_HUMAN	0.006702413	0.9797881705057813	0.9595543926095718	863097.221449902
IYPTVNC[+57.021465]QPLGMISLMK	3	sp|P01042|KNG1_HUMAN	0.006702413	1.0	0.9375661333458677	83255.13404624631
SAGSVESPSVSSTHR	2	sp|P17936|IBP3_HUMAN	0.006702413	0.9866190731264982	0.8919259933392099	5003.716197407731
EVGTPHGIILDSVDAAFIC[+57.021465]PGSSR	3	sp|P02790|HEMO_HUMAN	0.006702413	1.0	0.9409788035290152	7620589.288665606
AVLHIGEK	2	sp|P05543|THBG_HUMAN	0.006702413	1.0	0.9433551966559972	138195.5724226266
ESLLNHFLYEVAR	2	sp|P43652|AFAM_HUMAN	0.006702413	1.0	0.8399277544432372	44506.105252772264
NFPSPVDAAFR	2	sp|P02790|HEMO_HUMAN	0.006702413	1.0	0.947729347047446	82717.07907346258
AFIQLWAFDAVK	3	sp|P02760|AMBP_HUMAN	0.006702413	0.9866190731264982	0.9489919629348804	130192.77790061908
AVLTIDEK	2	sp|P01009|A1AT_HUMAN	0.007926024	0.9658285256870233	0.9723668891609565	2122021.895308127
GVTSVSQIFHSPDLAIR	2	sp|P05155|IC1_HUMAN	0.006702413	0.9797881705057813	0.8961149730092143	25353.19944307842
RYTIAALLSPYSYSTTAVVTNPKE	4	sp|P02766|TTHY_HUMAN	0.006702413	1.0	0.7322354825142712	283334.0860481296
TWQDC[+57.021465]EYK	2	sp|P01042|KNG1_HUMAN	0.006702413	0.9933552810135716	0.9873847194898854	1717.1344062544185
NLDSNAVVIMVNYIFFK	3	sp|P05154|IPSP_HUMAN	0.006702413	1.0	0.8032047919240594	3701.1298022504197
TLLSNLEEAK	2	sp|P10909|CLUS_HUMAN	0.006702413	1.0	0.9660949440739893	1435562.9787462044
DQYYNIDVPSR	3	sp|Q92954|PRG4_HUMAN	0.006702413	0.9933552810135716	0.8698182609497455	16635.934356113095
GFMQTYYDDHLR	3	sp|P55056|APOC4_HUMAN	0.011378002	0.9440873193926883	0.732590706937943	5773.9362441513595
C[+57.021465]TWLIEGQPNR	2	sp|O75882|ATRN_HUMAN	0.006702413	0.9933552810135716	0.8987395931850323	26887.25734706657
ESSSHHPGIAEFPSR	3	sp|P02671|FIBA_HUMAN	0.006702413	1.0	0.9025904908994131	40810.14799695106
FIC[+57.021465]PLTGLWPINTLK	2	sp|P02749|APOH_HUMAN	0.006702413	0.9933552810135716	0.9467002025140667	353486.5019532403
VDGALC[+57.021465]MEK	2	sp|P02790|HEMO_HUMAN	0.006702413	0.9866190731264982	0.9788718132294741	56005.54028046964
VYSDPQPHIQWLK	2	sp|P11362|FGFR1_HUMAN	0.006702413	0.9797881705057813	0.9069925258000813	3912.9851123089566
VGYVSGWGR	2	sp|P00738|HPT_HUMAN	0.006702413	1.0	0.9630747969776056	599540.1181349704
VC[+57.021465]PFAGILENGAVR	2	sp|P02749|APOH_HUMAN	0.020681266	0.8630568252698203	0.7872703070098188	15603.438509709842
DGYLFQLLR	2	sp|P04196|HRG_HUMAN	0.006702413	0.9933552810135716	0.9684041231417904	41010.63698646463
DVWGIEGPIDAAFTR	2	sp|P04004|VTNC_HUMAN	0.006702413	1.0	0.9153768460350171	543572.5105290463
SVLGQLGITK	2	sp|P01009|A1AT_HUMAN	0.006702413	1.0	0.9467952328893494	618655.0946612533
WKNFPSPVDAAFR	2	sp|P02790|HEMO_HUMAN	0.006702413	0.9866190731264982	0.8953279072525953	18592.279177114193
TM[+15.994915]LLQPAGSLGSYSYR	3	sp|P41222|PTGDS_HUMAN	0.011378002	0.9586923939928679	0.9191381319443274	13295.758919796146
VADALTNAVAHVDDMPNALSALSDLHAHK	5	sp|P69905|HBA_HUMAN	0.006702413	0.9933552810135716	0.9478463721924003	239867.68651299755
HPDEAAFFDTASTGK	3	sp|P02671|FIBA_HUMAN	0.006702413	0.9797881705057813	0.9446460313427109	7857.17429928734
FLENEDRR	2	sp|P01009|A1AT_HUMAN	0.006702413	1.0	0.960439124214249	401811.4840149195
EGIVEYPR	2	sp|Q02985|FHR3_HUMAN;sp|Q92496|FHR4_HUMAN	0.006702413	1.0	0.7119519465096424	27226.871139096256
FIQSQDYQC[+57.021465]SALMGGR	2	sp|P07333|CSF1R_HUMAN	0.007926024	0.9658285256870233	0.9106861494082961	3642.604070867142
STSESTAALGC[+57.021465]LVK	2	sp|P01859|IGHG2_HUMAN;sp|P01861|IGHG4_HUMAN	0.006702413	0.9866190731264982	0.9306787899450415	40294.56687492199
SGIIFAGHDK	2	sp|Q13449|LSAMP_HUMAN	0.006702413	0.9866190731264982	0.8497562288605736	12456.951507481348
ADLFYDVEALDLESPK	3	sp|P04196|HRG_HUMAN	0.006702413	1.0	0.8540929239943605	102754.02547047427
SIAQYWLGC[+57.021465]PAPGHL	2	sp|P04004|VTNC_HUMAN	0.006702413	1.0	0.9428712208028651	655676.3749426194
EHVAHLLFLR	3	sp|P19652|A1AG2_HUMAN	0.006702413	1.0	0.9612513827941742	45017295.33377421
TEDTIFLR	2	sp|P02763|A1AG1_HUMAN;sp|P19652|A1AG2_HUMAN	0.006702413	0.9866190731264982	0.9559587163261103	162515.48742484685
QPAVEEPAEVTATVLASR	4	sp|P32942|ICAM3_HUMAN	0.007926024	0.9658285256870233	0.7208065612936035	2527.226588777951
KVETNMAFSPFSIASLLTQVLLGAGENTK	4	sp|P05155|IC1_HUMAN	0.006702413	0.9866190731264982	0.9575039132048517	18044.717290107314
GDSVVYGLR	1	sp|P10451|OSTP_HUMAN	0.006702413	1.0	0.9384733884866437	28190.85728097037
YEGGREHVAHLLFLR	4	sp|P19652|A1AG2_HUMAN	0.006702413	0.9797881705057813	0.9454826246756958	69406.48667057331
LRTEGDGVYTLNNEK	2	sp|P00738|HPT_HUMAN	0.006702413	1.0	0.9666181809680371	670233.5607212002
SKEQLTPLIK	3	sp|P02652|APOA2_HUMAN	0.006702413	1.0	0.9711318883060476	56656.2250611636
SEAAC[+57.021465]LAAGPGIR	2	sp|O75882|ATRN_HUMAN	0.006702413	1.0	0.9603458421814886	20346.291841876373
LC[+57.021465]TPLLPK	2	sp|P27918|PROP_HUMAN	0.006702413	0.9866190731264982	0.9145687661526994	1625.667596752681
GPPFSSSQSIPVVPR	2	sp|Q8IZP9|AGRG2_HUMAN	0.006702413	0.9797881705057813	0.8466283749689959	17584.520296446146
KLINDYVK	2	sp|P01011|AACT_HUMAN	0.006702413	0.9866190731264982	0.9296238071598724	27942.39034854412
TVESITDIR	2	sp|P11279|LAMP1_HUMAN	0.006702413	1.0	0.9537678465698541	614352.9169587551
YTDLVAIQNK	2	sp|P16109|LYAM3_HUMAN	0.006702413	0.9933552810135716	0.9308833994741658	6363.749403847986
AFSVNIFK	2	sp|P11279|LAMP1_HUMAN	0.006702413	0.9797881705057813	0.8999241879092856	33639.94833292055
EVLLLVHNLPQQLFGYSWYK	3	sp|P13688|CEAM1_HUMAN	0.006702413	0.9728591838590949	0.8327765499030946	20764.937475869803
TVAAC[+57.021465]NLPIVR	2	sp|P02760|AMBP_HUMAN	0.006702413	0.9933552810135716	0.9745688353312167	121626.46892108089
SKLPGIVAEGRDDLYVSDAFHK	3	sp|P01008|ANT3_HUMAN	0.006702413	0.9797881705057813	0.9354996431772907	61228.3085760141
QQDVLGFLEANK	2	sp|O75368|SH3L1_HUMAN	0.006702413	0.9933552810135716	0.8499585724844421	20774.54819014338
ATLVC[+57.021465]LISDFYPGAVTVAWK	3	sp|B9A064|IGLL5_HUMAN;sp|P0CG04|IGLC1_HUMAN;sp|P0DOX8|IGL1_HUMAN;sp|P0DOY2|IGLC2_HUMAN;sp|P0DOY3|IGLC3_HUMAN	0.006702413	1.0	0.922552049638736	615424.5928911514
IPLNDLFR	2	sp|P13473|LAMP2_HUMAN	0.006702413	0.9866190731264982	0.927229899561006	8325.886500566698
DTATLSWGLPK	2	sp|O00533|NCHL1_HUMAN	0.006702413	0.9933552810135716	0.9041335193892839	39501.5334158744
STSGGTAALGC[+57.021465]LVK	3	sp|P01857|IGHG1_HUMAN;sp|P01860|IGHG3_HUMAN;sp|P0DOX5|IGG1_HUMAN	0.006702413	1.0	0.7687886866714918	3913.526636018435
EQLGEFYEALDC[+57.021465]LR	2	sp|P02763|A1AG1_HUMAN	0.006702413	0.9728591838590949	0.9421600617106378	754073.4919755748
C[+57.021465]EDLETQTQSEK	2	sp|O00592|PODXL_HUMAN	0.006702413	0.9866190731264982	0.9897018089403932	1478.2121357985063
TSESGELHGLTTEEEFVEGIYK	4	sp|P02766|TTHY_HUMAN	0.006702413	1.0	0.9611186209805191	689885.0894319447
QINDYVEK	2	sp|P01009|A1AT_HUMAN	0.006702413	1.0	0.8937544224149928	40651.52415223176
GTQEQDFYVTSETVVR	2	sp|P05154|IPSP_HUMAN	0.007926024	0.9658285256870233	0.7770509880060928	4031.0306951602056
LEDMEQALSPSVFK	3	sp|P05155|IC1_HUMAN	0.011378002	0.9514467542496609	0.9821630314078689	6081.175108472544
LYGSEAFATDFQDSAAAK	2	sp|P01011|AACT_HUMAN	0.006702413	1.0	0.9309547577554327	754826.3403357712
ESSSHHPGIAEFPSR	4	sp|P02671|FIBA_HUMAN	0.006702413	1.0	0.9371851404862868	340035.40984387713
ELDRDTVFALVNYIFFK	3	sp|P01009|A1AT_HUMAN	0.006702413	0.9933552810135716	0.9233689742339238	64123.98494802862
EDC[+57.021465]VEIYIK	2	sp|P14151|LYAM1_HUMAN	0.006702413	1.0	0.9834052314707031	307143.2985816169
TYFPHFDLSHGSAQVK	2	sp|P69905|HBA_HUMAN	0.021791767	0.7626747761196712	0.8000384884145787	8998.294251575535
GFQQLLQELNQPR	3	sp|P05154|IPSP_HUMAN	0.006702413	0.9797881705057813	0.7237079668421256	3985.499635498924
VLDAVRGSPAINVAVHVFR	3	sp|P02766|TTHY_HUMAN	0.006702413	0.9933552810135716	0.9169950949355375	74779.9575578712
WYNLAIGSTC[+57.021465]PWLK	3	sp|P02760|AMBP_HUMAN	0.030012004	1.0	0.9218802436397943	254360.19574953066
RLWWLDLK	2	sp|P02790|HEMO_HUMAN	0.006702413	0.9933552810135716	0.9418071539798663	18290.18085469842
SELVTVTESFSTPK	2	sp|P16284|PECA1_HUMAN	0.006702413	1.0	0.772448333164237	45705.026610533496
ITPNLAEFAFSLYR	2	sp|P01009|A1AT_HUMAN	0.006702413	1.0	0.9412236969497153	4420057.380385117
ALDLINKR	2	sp|P04196|HRG_HUMAN	0.006702413	0.9866190731264982	0.970603631432839	1590.4808474319395
NSVIKVPMMNSK	3	sp|P05155|IC1_HUMAN	0.006702413	0.9933552810135716	0.9672579386497562	184971.9291254105
SSSNEEVMFLTVQVK	3	sp|P01023|A2MG_HUMAN	0.006702413	1.0	0.7386306850212088	32051.780527802766
AIMEKLEMSK	3	sp|P05155|IC1_HUMAN	0.006702413	0.9933552810135716	0.9118658799603456	4932.984978201103
EILSVDC[+57.021465]STNNPSQAK	2	sp|P10909|CLUS_HUMAN	0.006702413	1.0	0.9579609468037628	683877.4118311692
YFHHNSDFHIPK	2	sp|O75015|FCG3B_HUMAN	0.006702413	1.0	0.8105879190714556	96236.44572082289
YFHHNSDFYIPK	2	sp|P08637|FCG3A_HUMAN	0.006702413	0.9797881705057813	0.9100724051705645	20552.025402906693
HSWTIPEDGNSQK	2	sp|Q13201|MMRN1_HUMAN	0.006702413	1.0	0.871304163925584	30202.205239649767
VETNMAFSPFSIASLLTQVLLGAGENTK	4	sp|P05155|IC1_HUMAN	0.006702413	1.0	0.8488286682325422	48946.13991845024
DIPMNPMC[+57.021465]IYR	3	sp|P01008|ANT3_HUMAN	0.0126103405	0.9366095275687156	0.8160157299717014	3110.8263825867607
DDLYVSDAFHK	2	sp|P01008|ANT3_HUMAN	0.006702413	1.0	0.9913209030060043	514785.8257645493
EQLTPLIK	1	sp|P02652|APOA2_HUMAN	0.006702413	1.0	0.9745104072923811	3519327.4652376203
NPNLPPETVDSLK	2	sp|P05090|APOD_HUMAN	0.006702413	0.9933552810135716	0.9300637049238898	42699.54246223266
LTQLNLDR	2	sp|P07359|GP1BA_HUMAN	0.006702413	1.0	0.9576712298637936	88484.62015712149
DYFM[+15.994915]PC[+57.021465]PGR	2	sp|P02790|HEMO_HUMAN	0.006702413	1.0	0.96726910969045	218071.9097225021
ENGTISRYVGGQEHFAHLLILR	4	sp|P02763|A1AG1_HUMAN	0.006702413	1.0	0.7783340978788924	737941.8473709606
IPKSDVVYTDWKK	2	sp|P02763|A1AG1_HUMAN	0.006702413	0.9728591838590949	0.8390039585876219	1206.8755317936414
EQVTNVGGAVVTGVTAVAQK	3	sp|P37840|SYUA_HUMAN	0.006702413	1.0	0.8270510088143306	12250.821779472533
ALGISPFHEHAEVVFTANDSGPR	4	sp|P02766|TTHY_HUMAN	0.006702413	1.0	0.9452444345544669	53643876.71188461
FATTFYQHLADSK	2	sp|P01008|ANT3_HUMAN	0.006702413	0.9866190731264982	0.9395696650710804	113294.34616417157
YKEENDDFASFR	2	sp|P04196|HRG_HUMAN	0.006702413	1.0	0.9273433891052851	223270.71040877848
DSPVLIDFFEDTER	2	sp|P04196|HRG_HUMAN	0.011378002	0.9514467542496609	0.896683336056985	28627.74901611903
SVNNVVVR	1	sp|O75882|ATRN_HUMAN	0.006702413	0.9797881705057813	0.7011526656664228	219.65332455794422
ALVLIAFAQYLQQC[+57.021465]PFEDHVK	4	sp|P02768|ALBU_HUMAN	0.006702413	1.0	0.9046233181949438	7980.118478694462
C[+57.021465]SPHLVLSALTSDNHGATYAFSGTHYWR	4	sp|P02790|HEMO_HUMAN	0.006702413	1.0	0.9242578299646639	549513.3001229255
LVVEWQLQDDK	2	sp|P61916|NPC2_HUMAN	0.006702413	0.9933552810135716	0.8653750553041534	12664.317891409819
VAEGTQVLELPFK	2	sp|P01008|ANT3_HUMAN	0.006702413	1.0	0.9500630645133813	4870610.573572813
SGAQATWTELPWPHEK	3	sp|P02790|HEMO_HUMAN	0.006702413	1.0	0.9361543128661429	1773720.872276815
YWNDC[+57.021465]EPPDSR	2	sp|P04196|HRG_HUMAN	0.006702413	1.0	0.8766311419055539	33567.433989051046
GTWTQPFDLASTR	2	sp|P08185|CBG_HUMAN	0.006702413	1.0	0.9470473328909587	30788422.30226251
DKC[+57.021465]EPLEKQHEK	4	sp|P02763|A1AG1_HUMAN;sp|P19652|A1AG2_HUMAN	0.006702413	1.0	0.9592617302223866	82574.2136963775
GIYSFSFHVIK	3	sp|Q9NTU7|CBLN4_HUMAN	0.006702413	1.0	0.9614368139456336	207469.86879428028
GNLMGGWK	2	sp|P23435|CBLN1_HUMAN;sp|Q8IUK8|CBLN2_HUMAN	0.006702413	0.9728591838590949	0.9560079173035552	43771.640183186755
QNQC[+57.021465]FYNSSYLNVQR	2	sp|P19652|A1AG2_HUMAN	0.006702413	0.9728591838590949	0.9134796574873997	4015.215643540021
LGMFNIQHC[+57.021465]K	2	sp|P01009|A1AT_HUMAN	0.006702413	0.9933552810135716	0.9047034526464448	173838.14957586277
LNDLEDALQQAK	2	sp|P04264|K2C1_HUMAN	0.006702413	1.0	0.7858840843976608	12539.39389597233
ASVDSGSSEEQGGSSR	2	sp|P01833|PIGR_HUMAN	0.006702413	0.9797881705057813	0.9798220508800578	9730.652840715595
ALGISPFHEHAEVVFTANDSGPRR	4	sp|P02766|TTHY_HUMAN	0.006702413	0.9866190731264982	0.9697902457401516	17689.15495290779
VLDAVRGSPAINVAVHVFR	4	sp|P02766|TTHY_HUMAN	0.006702413	0.9933552810135716	0.9388986795110964	69626.01061659733
RDGYLFQLLR	2	sp|P04196|HRG_HUMAN	0.013664597	0.9054124614333342	0.8817589954804563	127.61325190527725
TLM[+15.994915]FGSYLDDEK	2	sp|P19652|A1AG2_HUMAN	0.006702413	1.0	0.9617273809606278	1615666.2360021595
EEDPIHLR	2	sp|O75015|FCG3B_HUMAN;sp|P08637|FCG3A_HUMAN	0.006702413	1.0	0.9697455178086443	295440.45944399183
MEPFHFK	2	sp|P05155|IC1_HUMAN	0.006702413	0.9797881705057813	0.9699138663588501	117302.93705390466
FLEQQNQVLQTK	2	sp|P04264|K2C1_HUMAN;sp|P35908|K22E_HUMAN;sp|Q7Z794|K2C1B_HUMAN	0.006702413	1.0	0.9177388325216584	31188.99200488503
LGMFNIQHC[+57.021465]KK	2	sp|P01009|A1AT_HUMAN	0.006702413	0.9933552810135716	0.8775765441977257	5749.631352457413
RVAEGTQVLELPFK	3	sp|P01008|ANT3_HUMAN	0.006702413	1.0	0.82819426223902	102352.2822391956
YTIAALLSPYSYSTTAVVTNPKE	4	sp|P02766|TTHY_HUMAN	0.006702413	1.0	0.8743368295953929	1072939.274715412
GGSIQQYIYK	2	sp|Q92954|PRG4_HUMAN	0.006702413	1.0	0.992256786400359	88635.71309626238
ALFLETEQLK	2	sp|Q13740|CD166_HUMAN	0.006702413	0.9933552810135716	0.9065868117533422	10036.905787521353
SGFPQVSMFFTHTFPK	3	sp|P04196|HRG_HUMAN	0.006702413	1.0	0.9155322008249623	420553.9100125942
MNTVIAALSR	2	sp|P08185|CBG_HUMAN	0.006702413	1.0	0.902201927055521	68172.94078699067
HTLNQIDEVK	3	sp|P02765|FETUA_HUMAN	0.006702413	0.9933552810135716	0.9552696433586559	44096.0306519311
HTFMGVVSLGSPSGEVSHPR	3	sp|P02765|FETUA_HUMAN	0.006702413	0.9933552810135716	0.9407170918540062	620088.2940256093
EALQGVGDMGR	2	sp|P35542|SAA4_HUMAN	0.006702413	0.9933552810135716	0.9485182273059516	7169.782839536149
LVLLNAIYLSAK	2	sp|P05155|IC1_HUMAN	0.006702413	1.0	0.9677361953175359	27497.15806767821
TFYEPGEEITYSC[+57.021465]KPGYVSR	4	sp|P02749|APOH_HUMAN	0.006702413	1.0	0.8584376548546913	44779.453297953674
TFVLPVTPPR	2	sp|P32942|ICAM3_HUMAN	0.006702413	0.9866190731264982	0.9780553753623926	82530.4093332834
VTTPDTSTTQHNK	3	sp|Q92954|PRG4_HUMAN	0.006702413	1.0	0.8505039228845999	24649.317214842755
QVILTLQPTLVAVGK	3	sp|P13598|ICAM2_HUMAN	0.006702413	1.0	0.9590815677270513	779740.6224878991
TVPLAVLQLR	2	sp|P23467|PTPRB_HUMAN	0.006702413	1.0	0.7882783658493557	26873.60972512325
NWGLSVYADKPETTK	2	sp|P02763|A1AG1_HUMAN	0.006702413	1.0	0.9509637967373858	1202575.1203930562
TVGSDTFYSFK	2	sp|P01042|KNG1_HUMAN	0.006702413	1.0	0.9611988753085369	8440.387142347543
GSSSSPLGISVR	2	sp|Q9NTU7|CBLN4_HUMAN	0.006702413	1.0	0.9666541995935161	162150.88737687678
LTGSSGFVTDGPGNYK	2	sp|O75882|ATRN_HUMAN	0.006702413	0.9797881705057813	0.949137438406699	104978.83099787628
VWPQQPSGELFEIEIDTLETTC[+57.021465]HVLDPTPVAR	4	sp|P02765|FETUA_HUMAN	0.006702413	1.0	0.9296453813359212	2919913.98418001
GSPAINVAVHVFRK	3	sp|P02766|TTHY_HUMAN	0.006702413	0.9866190731264982	0.935088781241237	48073.40005245087
EQLGEFYEALDC[+57.021465]LRIPK	3	sp|P02763|A1AG1_HUMAN	0.006702413	0.9933552810135716	0.9321548354554919	33599.183044659934
APEQEQAAPGPAAGGEAPK	2	sp|P80723|BASP1_HUMAN	0.007926024	0.9658285256870233	0.9215137175762751	21993.61071700817
ITDVIPSEAINELTVLVLVNTIYFK	4	sp|P01008|ANT3_HUMAN	0.007926024	0.9658285256870233	0.8518011694209064	4555.734049727311
SGAQATWTELPWPHEK	4	sp|P02790|HEMO_HUMAN	0.018495684	0.8804971228634604	0.7713393396994963	12213.184136549391
LYHSEAFTVNFGDTEEAKK	4	sp|P01009|A1AT_HUMAN	0.006702413	1.0	0.9520820653169593	863456.9332210019
YFIDFVAR	2	sp|P01042|KNG1_HUMAN	0.006702413	1.0	0.9736686937297162	1738211.332519573
TITTTEIMNKPEETAKPK	3	sp|Q92954|PRG4_HUMAN	0.006702413	1.0	0.9608080781570663	36682.59480345018
DYFMPC[+57.021465]PGR	3	sp|P02790|HEMO_HUMAN	0.006702413	1.0	0.8779397427973111	44295.94184935216
SYYWIGIR	2	sp|P14151|LYAM1_HUMAN	0.006702413	1.0	0.9830739793094688	2169986.2216567425
GSPAINVAVHVFR	3	sp|P02766|TTHY_HUMAN	0.006702413	0.9866190731264982	0.9571619945660553	1199947.7401653249
ANRPFLVFIR	2	sp|P01008|ANT3_HUMAN	0.006702413	0.9728591838590949	0.8051503965304042	6729.956576842622
SSGQWQTPGATR	2	sp|P06681|CO2_HUMAN	0.006702413	1.0	0.901848381963669	8065.151415617151
GIYSFNFHVVK	2	sp|P23435|CBLN1_HUMAN	0.006702413	1.0	0.7944497590540702	6994.1727844897
EVPLNTIIFMGR	2	sp|P01008|ANT3_HUMAN	0.006702413	0.9797881705057813	0.9630475709707843	2851423.622572105
TC[+57.021465]PKPDDLPFSTVVPLK	4	sp|P02749|APOH_HUMAN	0.006702413	1.0	0.9250341541987822	1112114.3180775738
EAEPLVDIR	2	sp|Q9H8L6|MMRN2_HUMAN	0.006702413	0.9866190731264982	0.8909702075939175	18002.316720700866
VVEQMC[+57.021465]ITQYER	2	sp|P04156|PRIO_HUMAN	0.011378002	0.9440873193926883	0.8084787384786163	6128.678770843549
FKLDDDLEHQGGHVLDHGHK	5	sp|P01042|KNG1_HUMAN	0.006702413	0.9797881705057813	0.739903261427562	25021.0059582369
DLYHYITSYVVDGEIIIYGPAYSGR	4	sp|P11464|PSG1_HUMAN	0.006702413	1.0	0.9297666618518275	820835.3658723999
AEELSIQVSC[+57.021465]R	2	sp|Q9Y5Y7|LYVE1_HUMAN	0.006702413	1.0	0.9537630482777939	103670.63580681433
YVSELHLTR	2	sp|P10721|KIT_HUMAN	0.006702413	1.0	0.9618735893508455	119006.4143142543
SEDAGGAEGETPHMLLRPHVFMPEVTPDMDYLPR	6	sp|Q92954|PRG4_HUMAN	0.006702413	0.9728591838590949	0.7834200881991891	130.2720023033755
SDVVYTDWKKDK	3	sp|P02763|A1AG1_HUMAN	0.006702413	0.9866190731264982	0.8982457057867811	3312.7873418207055
GFSGIFEDR	2	sp|P09619|PGFRB_HUMAN	0.006702413	1.0	0.9253677112181993	41162.301953561575
WSAGLTSSQVDLYIPK	2	sp|P08185|CBG_HUMAN	0.006702413	1.0	0.9435695863460829	10487890.595345486
VVSTNYNQHAMVFFK	2	sp|P80188|NGAL_HUMAN	0.006702413	1.0	0.9127963441308198	665417.4305696165
DIAPTLTLYVGK	2	sp|P00738|HPT_HUMAN;sp|P00739|HPTR_HUMAN	0.006702413	0.9728591838590949	0.9707595309640952	972085.80111488
TVALGSNVEFMC[+57.021465]K	2	sp|P11362|FGFR1_HUMAN	0.006702413	1.0	0.965107611745377	128919.79812421423
NDEAEYIC[+57.021465]IAENK	2	sp|P13591|NCAM1_HUMAN	0.006702413	0.9797881705057813	0.851306542314813	6837.678703313328
WYVVGLAGNAILR	2	sp|P80188|NGAL_HUMAN	0.006702413	1.0	0.9254831615125221	189197.23683436355
ETLLQDFR	2	sp|P02760|AMBP_HUMAN	0.006702413	0.9866190731264982	0.8824721404382948	65038.54527700545
GSFPWQAK	2	sp|P00738|HPT_HUMAN;sp|P00739|HPTR_HUMAN	0.006702413	0.9797881705057813	0.977955442104969	759735.5197352071
AVMDDFAAFVEK	2	sp|P02768|ALBU_HUMAN	0.006702413	0.9797881705057813	0.9860118967125029	538928.4118918986
VFEVHVRPK	2	sp|P13598|ICAM2_HUMAN	0.006702413	1.0	0.939033056283216	196903.16432334355
ALMSPAGMLR	2	sp|O75144|ICOSL_HUMAN	0.006702413	0.9866190731264982	0.9597100009759089	174342.16945359975
YVGGQEHFAHLLILRDTK	3	sp|P02763|A1AG1_HUMAN	0.006702413	0.9933552810135716	0.947160372755861	132984.78718913416
EESLDSDLYAELR	3	sp|P02775|CXCL7_HUMAN	0.006702413	0.9866190731264982	0.8671953285402387	1804.9993216933285
FSGSNSGNTATLTISR	2	sp|A0A075B6K5|LV39_HUMAN;sp|P80748|LV321_HUMAN	0.006702413	0.9797881705057813	0.9091504820614379	2545.762212718961
RGENLFAITDEGMDVPLAMEEWHHER	5	sp|Q6UXB8|PI16_HUMAN	0.006702413	0.9797881705057813	0.8404776192375075	112376.04449110429
SC[+57.021465]AVAEYGVYVK	2	sp|P00738|HPT_HUMAN;sp|P00739|HPTR_HUMAN	0.0126103405	0.9933552810135716	0.9218492141113835	194860.9251982558
GEVLPLPEANFPSFPLPHHK	3	sp|P04196|HRG_HUMAN	0.006702413	1.0	0.7190170560266499	158624.86400399313
SDVMYTDWKK	3	sp|P19652|A1AG2_HUMAN	0.006702413	1.0	0.8980255860217942	5647.861381474656
QQTHMLDVMQDHFSR	4	sp|P10909|CLUS_HUMAN	0.006702413	0.9797881705057813	0.8363512537859877	46686.687291668815
NIDVFNVEDQK	2	sp|Q8NBJ4|GOLM1_HUMAN	0.006702413	1.0	0.8530491112665377	17705.67766147983
WQEEMELYR	2	sp|P02647|APOA1_HUMAN	0.006702413	1.0	0.836865745839123	5478.718928881211
IASFSQNC[+57.021465]DIYPGK	2	sp|P01042|KNG1_HUMAN	0.006702413	0.9797881705057813	0.9456636364462584	234785.98063617697
VVAGVANALAHK	2	sp|P02042|HBD_HUMAN;sp|P68871|HBB_HUMAN	0.006702413	1.0	0.9370344838612491	515498.2828056283
QEPSQGTTTFAVTSILR	2	sp|P01876|IGHA1_HUMAN	0.018495684	1.0	0.9581437251610729	9612324.489653751
EENFYVDETTVVK	3	sp|P08185|CBG_HUMAN	0.006702413	0.9797881705057813	0.9712406358070963	26719.48016119569
M[+15.994915]TVTDQVNC[+57.021465]PK	2	sp|P05090|APOD_HUMAN	0.006702413	1.0	0.9147062884886674	10305.003129076526
YEGSYALTSEEAER	2	sp|O95810|CAVN2_HUMAN	0.006702413	0.9797881705057813	0.9772689763452451	5541.58274725123
NWGLSVYADKPETTKEQLGEFYEALDC[+57.021465]LR	4	sp|P02763|A1AG1_HUMAN	0.006702413	0.9728591838590949	0.9623441152664196	223296.62379850805
AFIQLWAFDAVK	2	sp|P02760|AMBP_HUMAN	0.006702413	0.9866190731264982	0.9560995844785489	2919160.073902819
AFQVQQAVDLR	2	sp|P13497|BMP1_HUMAN	0.006702413	1.0	0.8754423594104777	3914.327785958707
DQYYNIDVPSR	2	sp|Q92954|PRG4_HUMAN	0.006702413	0.9933552810135716	0.973245846085376	589433.7471230931
WTFEILDETNENK	2	sp|P10721|KIT_HUMAN	0.006702413	1.0	0.916595048065862	422690.1669188138
HRLEDMEQALSPSVFK	4	sp|P05155|IC1_HUMAN	0.011378002	0.9440873193926883	0.9364686646426482	21095.451770196803
RDGYLFQLLR	3	sp|P04196|HRG_HUMAN	0.013664597	0.9054124614333342	0.8281878618191001	66.6598928385156
ALTFELTLR	2	sp|P07333|CSF1R_HUMAN	0.006702413	1.0	0.9921440722255025	116448.8641179241
FIC[+57.021465]PLTGLWPINTLK	3	sp|P02749|APOH_HUMAN	0.006702413	0.9933552810135716	0.938743341550281	1376568.3307752009
AVGEEVWHSK	2	sp|P13591|NCAM1_HUMAN	0.006702413	1.0	0.8937701560638206	11734.160018757026
VKSPELQAEAK	2	sp|P02652|APOA2_HUMAN	0.006702413	0.9728591838590949	0.9908385749407098	15217.12279334813
EYC[+57.021465]GVPGDGDEELLR	2	sp|P02760|AMBP_HUMAN	0.006702413	1.0	0.9237147407452045	905604.2655618653
VADALTNAVAHVDDMPNALSALSDLHAHK	4	sp|P69905|HBA_HUMAN	0.006702413	0.9933552810135716	0.965697197300413	119396.08830604394
EQLTPLIK	2	sp|P02652|APOA2_HUMAN	0.006702413	1.0	0.9425714240980008	441916.33594461647
THLAPYSDELR	3	sp|P02647|APOA1_HUMAN	0.006702413	1.0	0.7927906216688957	76279.84927239605
ADLFYDVEALDLESPK	2	sp|P04196|HRG_HUMAN	0.006702413	1.0	0.7216599614023549	66103.36763711726
SVDIWLR	2	sp|P15151|PVR_HUMAN	0.006702413	0.9797881705057813	0.8718171459323972	7600.772893353329
ASFETC[+57.021465]SYGWVGDGFVVISR	3	sp|Q9Y5Y7|LYVE1_HUMAN	0.006702413	1.0	0.9411799103132202	254922.82833932232
NIQSLEVIGK	2	sp|P02775|CXCL7_HUMAN	0.006702413	1.0	0.8823015572516871	18459.24940745346
LRTEGDGVYTLNNEK	3	sp|P00738|HPT_HUMAN	0.019704433	0.8718655118414741	0.7839588246033251	5128.2966893978455
QQTHMLDVMQDHFSR	3	sp|P10909|CLUS_HUMAN	0.011378002	0.9440873193926883	0.8670126781360894	24602.625475967874
TYMLAFDVNDEK	2	sp|P02763|A1AG1_HUMAN	0.006702413	0.9866190731264982	0.8258941785802656	211858.33296737057
SVQEIQATFFYFTPNK	3	sp|P02763|A1AG1_HUMAN;sp|P19652|A1AG2_HUMAN	0.006702413	1.0	0.8970699944110906	39928.090812995164
SLTEEAENWGDGEPNNK	2	sp|P14151|LYAM1_HUMAN	0.006702413	1.0	0.8224976196992039	919105.519690589
EQLGEFYEALDC[+57.021465]LC[+57.021465]IPR	3	sp|P19652|A1AG2_HUMAN	0.006702413	0.9866190731264982	0.941231747376716	2055371.847579764
AATGEC[+57.021465]TATVGK	2	sp|P01042|KNG1_HUMAN	0.006702413	0.9933552810135716	0.9099615449711548	1409.2467227787674
NHNALLASLTTQK	3	sp|O75882|ATRN_HUMAN	0.006702413	0.9933552810135716	0.927698888300251	4403.407941502385
SKLPGIVAEGRDDLYVSDAFHK	4	sp|P01008|ANT3_HUMAN	0.006702413	0.9797881705057813	0.9547844177373145	88125.62963590366
VMTPAVYAPYDVK	2	sp|O00533|NCHL1_HUMAN	0.006702413	1.0	0.8323867325523076	77222.9698822913
QINSYVK	1	sp|P08185|CBG_HUMAN	0.006702413	1.0	0.9256092661892155	51205.812520014544
GFFADYEIPNLQK	2	sp|Q10588|BST1_HUMAN	0.011378002	0.9440873193926883	0.7025557974822071	29959.704610920067
DMPASEDLQDLQK	2	sp|P49908|SEPP1_HUMAN	0.006702413	1.0	0.9545736413022651	3938742.45808261
DLMEKVK	2	sp|P02652|APOA2_HUMAN	0.006702413	0.9728591838590949	0.9090602821214603	16942.337038721736
STSGGTAALGC[+57.021465]LVK	2	sp|P01857|IGHG1_HUMAN;sp|P01860|IGHG3_HUMAN;sp|P0DOX5|IGG1_HUMAN	0.006702413	1.0	0.8696789710543376	194168.35308109815
TSESGELHGLTTEEEFVEGIYK	3	sp|P02766|TTHY_HUMAN	0.006702413	1.0	0.943661014965391	11197291.355677027
GWSEEELQGVLR	2	sp|Q9H4A9|DPEP2_HUMAN	0.013664597	0.9366095275687156	0.8761253149406695	14661.519262227008
KPDGYDYYAFSK	3	sp|Q92954|PRG4_HUMAN	0.006702413	1.0	0.9809645986238188	14408.934354973597
LEDMEQALSPSVFK	2	sp|P05155|IC1_HUMAN	0.006702413	0.9797881705057813	0.8137964179657742	37675.92267252455
KWQEEMELYR	2	sp|P02647|APOA1_HUMAN	0.006702413	0.9933552810135716	0.917970365182615	34706.402209054555
TTPPVLDSDGSFFLYSK	3	sp|P01857|IGHG1_HUMAN;sp|P0DOX5|IGG1_HUMAN	0.024213076	1.0	0.8575608240577173	16228.997160427818
SFTIEC[+57.021465]R	1	sp|P13598|ICAM2_HUMAN	0.006702413	0.9797881705057813	0.8221254526818353	5579.315698616678
GFQQLLQELNQPR	2	sp|P05154|IPSP_HUMAN	0.006702413	0.9797881705057813	0.9416404584021184	19814.278465324947
WYNLAIGSTC[+57.021465]PWLK	2	sp|P02760|AMBP_HUMAN	0.006702413	1.0	0.987755411664061	1445893.64037064
ITPNLAEFAFSLYR	3	sp|P01009|A1AT_HUMAN	0.006702413	1.0	0.8840308832650509	783112.537813283
AVLDVFEEGTEASAATAVK	3	sp|P01011|AACT_HUMAN	0.006702413	1.0	0.9501704674994549	4632295.334593008
SSSNEEVMFLTVQVK	2	sp|P01023|A2MG_HUMAN	0.006702413	1.0	0.9644922940772687	166916.36897282393
HSWTIPEDGNSQK	3	sp|Q13201|MMRN1_HUMAN	0.013664597	0.9134157281067091	0.7288823005098009	753.930339103001
NWGLSFYADKPETTK	3	sp|P19652|A1AG2_HUMAN	0.006702413	0.9728591838590949	0.8810557611393557	4381.386693648869
VLHPLEGAVVIIFK	3	sp|Q13740|CD166_HUMAN	0.006702413	0.9866190731264982	0.9581424322238465	22754.27531649208
ILGGHLDAK	2	sp|P00738|HPT_HUMAN;sp|P00739|HPTR_HUMAN	0.006702413	0.9797881705057813	0.978891840761933	18217.54029582234
LESEETMVLEAHDAQGDVPVTVTVHDFPGK	5	sp|P01024|CO3_HUMAN	0.006702413	0.9728591838590949	0.7852610522304749	16774.737405678174
YFHHNSDFYIPK	3	sp|P08637|FCG3A_HUMAN	0.011378002	0.9440873193926883	0.9488947196915714	3612.8831843594207
DDLYVSDAFHK	3	sp|P01008|ANT3_HUMAN	0.006702413	1.0	0.9132617104401926	82229.68355715103
NTWSILHTQGALVQGGYGHSSVYDHR	5	sp|O75882|ATRN_HUMAN	0.007926024	0.9658285256870233	0.8965972306493774	888395.4029323563
NPNLPPETVDSLK	3	sp|P05090|APOD_HUMAN	0.006702413	0.9933552810135716	0.7185302235268343	569.3548798662539
VWVYPPEK	2	sp|P02790|HEMO_HUMAN	0.006702413	0.9866190731264982	0.9914144662517518	1251500.6018424996
ELELQIGNALFIGK	3	sp|P05543|THBG_HUMAN	0.011378002	0.9440873193926883	0.8492027414832054	7865.075076228323
TFPGFFSPMLGEFVSETESR	3	sp|P02671|FIBA_HUMAN	0.011378002	0.9440873193926883	0.8613056324707091	7548.525836945137
ILLDEQAQWK	2	sp|P13598|ICAM2_HUMAN	0.006702413	1.0	0.9892593757289261	31180.91392620632
LVYHLGLPFSFLTFPYVEEAIK	3	sp|P49908|SEPP1_HUMAN	0.006702413	1.0	0.9429450347339086	2138812.7437223056
VEEVKPLEGR	3	sp|O00533|NCHL1_HUMAN	0.006702413	1.0	0.9487131975436323	92369.01271667927
GAQTQTEEEMTR	2	sp|Q12841|FSTL1_HUMAN	0.006702413	1.0	0.7870806705339538	5027.9966114742765
HIQETEWQSQEGK	2	sp|Q14515|SPRL1_HUMAN	0.006702413	0.9797881705057813	0.9461271653880524	11989.506653621725
GEC[+57.021465]QAEGVLFFQGDREWFWDLATGTMK	4	sp|P02790|HEMO_HUMAN	0.006702413	1.0	0.890762283160688	428824.8046629438
KNIFISPVSISMALAMLSLGTC[+57.021465]GHTR	3	sp|P08185|CBG_HUMAN	0.006702413	0.9933552810135716	0.9386469852160827	5253.987846589345
LLGLSLAGK	2	sp|Q9Y5Y7|LYVE1_HUMAN	0.006702413	1.0	0.9926574236429959	5220304.772643248
MEEVEAMLLPETLKR	3	sp|P01011|AACT_HUMAN	0.006702413	0.9933552810135716	0.9440258501087447	46880.84552776656
DLATVYVDVLK	2	sp|P02647|APOA1_HUMAN	0.006702413	1.0	0.9577932357329366	175393.2313765892
TLMFGSYLDDEKNWGLSFYADKPETTK	4	sp|P19652|A1AG2_HUMAN	0.006702413	1.0	0.8622802148688917	1112265.4546769448
SVNNVVVR	2	sp|O75882|ATRN_HUMAN	0.006702413	0.9797881705057813	0.9715865774427358	3313.2077911137235
VMPIC[+57.021465]LPSK	2	sp|P00738|HPT_HUMAN;sp|P00739|HPTR_HUMAN	0.006702413	0.9866190731264982	0.9532032573517859	272746.76296673506
AVLHIGEK	1	sp|P05543|THBG_HUMAN	0.01606922	0.897262926642552	0.9431305596597017	2563.159474674061
SLTEEAENWGDGEPNNKK	3	sp|P14151|LYAM1_HUMAN	0.006702413	0.9933552810135716	0.7825456472953282	11750.289713408225
DFTFDLYR	2	sp|P05154|IPSP_HUMAN	0.006702413	1.0	0.9210911393330485	98671.45779488953
NTLYLQMNSLK	2	sp|A0A0B4J1V0|HV315_HUMAN	0.006702413	1.0	0.8670310324162471	16371.909050293993
GTWTQPFDLASTR	3	sp|P08185|CBG_HUMAN	0.006702413	1.0	0.9115273789657605	249828.58574105383
VAEGTQVLELPFK	3	sp|P01008|ANT3_HUMAN	0.006702413	1.0	0.9056903009931007	24906.30191578885
LSFQEFLK	2	sp|Q12841|FSTL1_HUMAN	0.006702413	1.0	0.9431798831381877	160254.89566345848
QNQC[+57.021465]FYNSSYLNVQR	3	sp|P19652|A1AG2_HUMAN	0.006702413	0.9728591838590949	0.9006142384865948	1410.3140486188088
VGAHAGEYGAEALER	2	sp|P69905|HBA_HUMAN	0.006702413	0.9866190731264982	0.8636460794160984	4909.135904279563
TVVQPSVGAAAGPVVPPC[+57.021465]PGR	4	sp|P02765|FETUA_HUMAN	0.020681266	0.8354707271418766	0.8756134683840174	1305.5815701294325
VTGNPGDEEFIEPSTENEFGLTSLR	3	sp|Q9ULI3|HEG1_HUMAN	0.007926024	0.9658285256870233	0.960338691814224	32049.990481758447
DEELSC[+57.021465]TVVELK	2	sp|P01011|AACT_HUMAN	0.006702413	0.9933552810135716	0.9489857207848591	761.5890658030911
DTINLLDQR	2	sp|Q8NBJ4|GOLM1_HUMAN	0.006702413	1.0	0.9002027035780993	103670.67971712345
AEIEYLEK	2	sp|P14151|LYAM1_HUMAN	0.006702413	0.9866190731264982	0.9762250117050321	110652.56380350205
QEINSHVEMQTK	3	sp|P05543|THBG_HUMAN	0.013664597	0.9366095275687156	0.7534786593049048	1705.7328703700887
SETEIHQGFQHLHQLFAK	3	sp|P08185|CBG_HUMAN	0.006702413	0.9728591838590949	0.9230831679100684	119611.62591830056
RPC[+57.021465]FSALEVDETYVPK	3	sp|P02768|ALBU_HUMAN	0.020681266	0.8448700454299841	0.7728481275045654	610.4056043791992
TLGDSSAGEIALSTR	2	sp|P09619|PGFRB_HUMAN	0.006702413	1.0	0.8436054510082345	21655.86618521955
DTKTYMLAFDVNDEK	3	sp|P02763|A1AG1_HUMAN	0.006702413	1.0	0.7960076567721686	65055.881402442
RVAEGTQVLELPFK	2	sp|P01008|ANT3_HUMAN	0.006702413	1.0	0.9691255178508238	858172.3735062961
YTIAALLSPYSYSTTAVVTNPKE	3	sp|P02766|TTHY_HUMAN	0.006702413	1.0	0.9332715412267029	34187031.83322473
SPELQAEAK	2	sp|P02652|APOA2_HUMAN	0.006702413	1.0	0.9743006751081771	94587.58598917277
EGQMESVEAAMSSK	2	sp|P05543|THBG_HUMAN	0.006702413	0.9866190731264982	0.9312398267799538	130120.85017229455
SGFPQVSMFFTHTFPK	2	sp|P04196|HRG_HUMAN	0.006702413	1.0	0.8463109937031491	29091.6972688459
ALQATVGNSYK	2	sp|P11279|LAMP1_HUMAN	0.006702413	1.0	0.926170315571288	29969.80213786715
ESLSSYWESAK	2	sp|P02655|APOC2_HUMAN	0.006702413	1.0	0.9613162520940555	301420.36041985994
DIPTNSPELEETLTHTITK	3	sp|P01042|KNG1_HUMAN	0.006702413	1.0	0.9364345320868295	7702006.163158643
EQYAVVGHSAHIVTLK	4	sp|O75882|ATRN_HUMAN	0.006702413	1.0	0.8811786458844375	1102649.7500420888
ATFNPAQDK	2	sp|O00592|PODXL_HUMAN	0.006702413	0.9866190731264982	0.9519024397899423	7907.348802537928
LGMFNIQHC[+57.021465]KK	3	sp|P01009|A1AT_HUMAN	0.006702413	0.9933552810135716	0.920402961449172	6945.063120399922
YVGGQEHFAHLLILR	4	sp|P02763|A1AG1_HUMAN	0.006702413	0.9728591838590949	0.9519545201425009	4932475.383016326
GGGALLGDR	1	sp|P00736|C1R_HUMAN;sp|Q9NZP8|C1RL_HUMAN	0.006702413	1.0	0.7748555961153256	5605.407502642418
GSSSSPLGISVR	3	sp|Q9NTU7|CBLN4_HUMAN	0.013664597	0.9212790999005022	0.9224979306304076	4264.428917599153
VSFLSALEEYTK	2	sp|P02647|APOA1_HUMAN	0.006702413	0.9933552810135716	0.8542306686045223	41341.923333896375
VWPQQPSGELFEIEIDTLETTC[+57.021465]HVLDPTPVAR	5	sp|P02765|FETUA_HUMAN	0.006702413	1.0	0.8321955262274529	195484.55441412493
SGNTFRPEVHLLPPPSEELALNELVTLTC[+57.021465]LAR	4	sp|P01876|IGHA1_HUMAN;sp|P01877|IGHA2_HUMAN;sp|P0DOX2|IGA2_HUMAN	0.006702413	1.0	0.9507212168178356	1138951.7691177404
DKC[+57.021465]EPLEK	2	sp|P02763|A1AG1_HUMAN;sp|P19652|A1AG2_HUMAN	0.006702413	0.9866190731264982	0.9404707519327831	14316.491616821044
TEDSSSFLIDK	2	sp|P05543|THBG_HUMAN	0.006702413	0.9933552810135716	0.9660490487780659	129028.21426987684
DGWHSWPIAHQWPQGPSAVDAAFSWEEK	4	sp|P02790|HEMO_HUMAN	0.006702413	0.9797881705057813	0.9382058968586389	3765.055838712511
TYM[+15.994915]LAFDVNDEK	2	sp|P02763|A1AG1_HUMAN	0.006702413	1.0	0.9521155006383052	18273369.341468114
RDPPQYPVVPVHLDR	4	sp|P10153|RNAS2_HUMAN	0.006702413	0.9797881705057813	0.704762172513981	8475.613000398313
TLLVFEVQQPFLFVLWDQQHK	4	sp|P05155|IC1_HUMAN	0.006702413	1.0	0.8893877749098201	30243.584140420193
GTEAAGAMFLEAIPMSIPPEVK	3	sp|P01009|A1AT_HUMAN	0.006702413	0.9866190731264982	0.8664959247179007	19583.68368717034
SPSQDEMLPTYLK	2	sp|Q8IZF2|AGRF5_HUMAN	0.006702413	0.9866190731264982	0.9166975724741975	12519.185185214861
SGAEAQTPEDSPNR	2	sp|O43493|TGON2_HUMAN	0.006702413	1.0	0.9706652713685756	38693.33986516501
GTSAVNVVLSLK	2	sp|P20061|TCO1_HUMAN	0.006702413	0.9933552810135716	0.8399654688846817	8183.868822250442
GVC[+57.021465]EETSGAYEK	2	sp|P02760|AMBP_HUMAN	0.006702413	1.0	0.9260181450018775	39075.513424089266
REPAVGEPAEVTTTVLVR	2	sp|P05362|ICAM1_HUMAN	0.006702413	1.0	0.8992373591746264	10968.130708548086
SDVVYTDWKK	2	sp|P02763|A1AG1_HUMAN	0.006702413	1.0	0.9642179358979408	13395.683338940407
NIFISPVSISMALAMLSLGTC[+57.021465]GHTR	3	sp|P08185|CBG_HUMAN	0.006702413	1.0	0.9687382682083618	5025962.122844774
TIAVLLDDILQR	3	sp|Q96EE4|CC126_HUMAN	0.006702413	0.9933552810135716	0.804356015533959	5047.144081993247
DAVEDLESVGK	2	sp|P81605|DCD_HUMAN	0.006702413	0.9933552810135716	0.9623485338721829	50910.27844734485
GSPAINVAVHVFR	2	sp|P02766|TTHY_HUMAN	0.006702413	0.9866190731264982	0.9772479865445859	95120.5083753742
VQALEEANNDLENK	2	sp|P35527|K1C9_HUMAN	0.006702413	1.0	0.8496312359234454	54135.567668888594
AQVSPTASDMLHMR	3	sp|Q6UXB8|PI16_HUMAN	0.006702413	1.0	0.9729730273154068	887202.7140519798
FLEDVKK	1	sp|P01009|A1AT_HUMAN	0.006702413	1.0	0.9408742836932562	14519.472602886795
EVPLNTIIFMGR	3	sp|P01008|ANT3_HUMAN	0.006702413	0.9797881705057813	0.9133346649866662	55719.87743619337
SETEIHQGFQHLHQLFAK	4	sp|P08185|CBG_HUMAN	0.006702413	0.9728591838590949	0.9371934813781948	308710.19000165956
LSSVTAADTAVYYC[+57.021465]AR	2	sp|A0A075B6R2|HV404_HUMAN;sp|A0A087WSY4|HV432_HUMAN;sp|A0A0C4DH41|HV461_HUMAN;sp|P01824|HV439_HUMAN;sp|P01825|HV459_HUMAN;sp|P06331|HV434_HUMAN;sp|P0DP06|HVD34_HUMAN;sp|P0DP07|HV431_HUMAN;sp|P0DP08|HVD82_HUMAN	0.006702413	1.0	0.9259840579043248	352803.87152841286
LFDSDPITVTVPVEVSR	3	sp|P10909|CLUS_HUMAN	0.009234829	0.9658285256870233	0.9117397856586625	426118.0322047282
NILTSNNIDVK	2	sp|P05090|APOD_HUMAN	0.006702413	1.0	0.9793432944099685	308232.8593168404
RHSLEYSLR	3	sp|Q13449|LSAMP_HUMAN	0.006702413	1.0	0.9580773794641796	145920.16871430058
YDVDTQMWTILK	2	sp|O75882|ATRN_HUMAN	0.006702413	1.0	0.9721261857428611	1495305.1019327324
HQMDLVATLSQLGLQELFQAPDLR	3	sp|P08697|A2AP_HUMAN	0.006702413	1.0	0.9739682098004673	975298.6597034341
RGENLFAITDEGMDVPLAMEEWHHER	4	sp|Q6UXB8|PI16_HUMAN	0.006702413	0.9797881705057813	0.9192697458641907	70802.8526853772
ENEGFTVTAEGK	2	sp|P01024|CO3_HUMAN	0.006702413	1.0	0.9115757612718937	5461.415269307702
YPVAHFIDQTLK	2	sp|P05155|IC1_HUMAN	0.006702413	1.0	0.966569844885596	119436.21520342346
FEDGVLDPDYPR	2	sp|P04004|VTNC_HUMAN	0.006702413	0.9933552810135716	0.9071595714732427	8521.965555032224
GSFPWQAK	1	sp|P00738|HPT_HUMAN;sp|P00739|HPTR_HUMAN	0.006702413	0.9797881705057813	0.8795550971622287	12034.891211425014
FQPTLLTLPR	2	sp|P05155|IC1_HUMAN	0.006702413	0.9933552810135716	0.9764542517290117	637155.6068784456
YVMLPVADQDQC[+57.021465]IR	2	sp|P00738|HPT_HUMAN	0.006702413	1.0	0.9410117474656071	22691666.537001453
ESNEELTESC[+57.021465]ETK	2	sp|P01042|KNG1_HUMAN	0.006702413	0.9797881705057813	0.9428849076402489	4494.186279055548
SSSPELSEMLEYDR	2	sp|P12259|FA5_HUMAN	0.006702413	1.0	0.8657851965463556	130889.29118253893
SDVMYTDWKK	2	sp|P19652|A1AG2_HUMAN	0.006702413	1.0	0.9818050800422653	80675.77443973935
FNQPFIIMIFDHFTWSSLFLAR	4	sp|P08185|CBG_HUMAN	0.010526316	0.9658285256870233	0.9324462673477238	11236.770171392714
QPAVEEPAEVTATVLASR	3	sp|P32942|ICAM3_HUMAN	0.010526316	0.9658285256870233	0.7867255160026683	5070.094083877401
NLQEILHGAVR	2	sp|P00533|EGFR_HUMAN	0.006702413	1.0	0.9227255097195202	2043.7765723328969
LGNFPWQAFTSIHGR	3	sp|Q9NZP8|C1RL_HUMAN	0.006702413	1.0	0.81287337447672	59747.13704526403
GSESGIFTNTK	2	sp|P02671|FIBA_HUMAN	0.006702413	1.0	0.9634366713790996	380424.2479107324
RVWELSK	2	sp|P01008|ANT3_HUMAN	0.006702413	0.9797881705057813	0.9735500774687801	53563.70518343139
EITVATGGFIYTGEVVHR	3	sp|Q6UX71|PXDC2_HUMAN	0.006702413	1.0	0.7931113653058472	4824.675860128715
AVVFLEPQWYR	2	sp|P08637|FCG3A_HUMAN	0.006702413	0.9933552810135716	0.9662615247792433	29635.042454349474
TPVC[+57.021465]TTGQGSGSTATVFAMAELQK	3	sp|Q9H8L6|MMRN2_HUMAN	0.006702413	0.9797881705057813	0.8679840592860166	18001.374952588245
ELDESLQVAER	2	sp|P10909|CLUS_HUMAN	0.006702413	1.0	0.9405490299935116	79408.89724091558
HTFM[+15.994915]GVVSLGSPSGEVSHPR	3	sp|P02765|FETUA_HUMAN	0.006702413	0.9933552810135716	0.8570588197692451	8818.057472785942
TEGDGVYTLNDKK	2	sp|P00738|HPT_HUMAN;sp|P00739|HPTR_HUMAN	0.006702413	1.0	0.896306452118424	68876.33578205007
QEPSQGTTTFAVTSILR	3	sp|P01876|IGHA1_HUMAN	0.006702413	1.0	0.9406145357355237	5868341.292825594
DASGATFTWTPSSGK	2	sp|P01877|IGHA2_HUMAN;sp|P0DOX2|IGA2_HUMAN	0.006702413	1.0	0.9165308824287356	317057.61583861546
LLQDEFPGIPSPLDAAVEC[+57.021465]HR	3	sp|P02790|HEMO_HUMAN	0.006702413	0.9933552810135716	0.9280012439798323	1514981.6928707766
SDDSVIQLLNPNR	2	sp|Q9BY67|CADM1_HUMAN	0.006702413	0.9866190731264982	0.8404773736306629	46283.69274235359
NIFISPVSISMALAMLSLGTC[+57.021465]GHTR	4	sp|P08185|CBG_HUMAN	0.006702413	1.0	0.8501806402674718	227616.94893750284
GVTSVSQIFHSPDLAIR	4	sp|P05155|IC1_HUMAN	0.006702413	0.9797881705057813	0.7862759636836262	13414.926749198597
YGFIEGHVVIPR	2	sp|P16070|CD44_HUMAN	0.006702413	0.9933552810135716	0.9562305802459828	1459384.013365751
KYPVAHFIDQTLK	2	sp|P05155|IC1_HUMAN	0.006702413	0.9797881705057813	0.9844511665720824	191532.88363047995
GLEEELQFSLGSK	2	sp|P0C0L4|CO4A_HUMAN;sp|P0C0L5|CO4B_HUMAN	0.006702413	1.0	0.8968599673165784	111433.06741177451
HRLEDMEQALSPSVFK	3	sp|P05155|IC1_HUMAN	0.011378002	0.9440873193926883	0.8835703905265578	8117.731442770971
ELDRDTVFALVNYIFFK	4	sp|P01009|A1AT_HUMAN	0.020681266	0.8258516653955662	0.8965658914715502	80660.76033998371
AGTELVNFLSYFVELGTQPATQ	3	sp|P02652|APOA2_HUMAN	0.006702413	1.0	0.9252024626382435	20477370.202128626
IC[+57.021465]LDPDAPR	2	sp|P02775|CXCL7_HUMAN	0.006702413	1.0	0.9199993361991835	48818.455114550314
TVAAPSVFIFPPSDEQLK	3	sp|P01834|IGKC_HUMAN	0.006702413	1.0	0.927759371502696	38105.40902315145
TFLTVYWTPER	2	sp|P05362|ICAM1_HUMAN	0.006702413	0.9866190731264982	0.8957105387929178	116141.9055832213
LHMLQISYFR	3	sp|Q9UNN8|EPCR_HUMAN	0.006702413	1.0	0.900661889526159	51903.27915378195
KGPGPGGPGGAGVAR	3	sp|Q92686|NEUG_HUMAN	0.006702413	0.9728591838590949	0.9789808511790571	5637.747578184638
AVGEEVWHSK	3	sp|P13591|NCAM1_HUMAN	0.006702413	1.0	0.8317147319275462	3761.2644124743942
SSAEVC[+57.021465]QLLGSQR	3	sp|Q9ULI3|HEG1_HUMAN	0.006702413	1.0	0.7782244572216059	4359.002914035137
EFLEDTC[+57.021465]VQYVQK	2	sp|Q9UNN8|EPCR_HUMAN	0.006702413	1.0	0.8597334739315582	350857.43442900456
LALDLEIATYR	2	sp|P04264|K2C1_HUMAN	0.006702413	1.0	0.8912709530748765	4356.034608313836
GDEC[+57.021465]QLC[+57.021465]EVENR	2	sp|O75882|ATRN_HUMAN	0.006702413	0.9866190731264982	0.9028517602808623	6822.222359986726
THLAPYSDELR	2	sp|P02647|APOA1_HUMAN	0.006702413	1.0	0.868628578325	509944.4280437459
SLTVSLGPVSK	2	sp|Q9ULI3|HEG1_HUMAN	0.006702413	1.0	0.9047456732256504	27008.33511643048
FNQPFIIM[+15.994915]IFDHFTWSSLFLAR	4	sp|P08185|CBG_HUMAN	0.011378002	0.9658285256870233	0.8569644838625093	4279.842045645324
RYTIAALLSPYSYSTTAVVTNPK	5	sp|P02766|TTHY_HUMAN	0.006702413	0.9728591838590949	0.8732135812955484	14985.234038352415
SPLFMGK	1	sp|P01009|A1AT_HUMAN	0.011378002	0.9586923939928679	0.7453332657759617	7591.872942999636
IADAHLDR	2	sp|P04196|HRG_HUMAN	0.006702413	0.9797881705057813	0.9438728081283587	5395.5094715629575
VKSPELQAEAK	3	sp|P02652|APOA2_HUMAN	0.006702413	0.9728591838590949	0.8618185417724695	7569.360137972532
YVGGQEHFAHLLILRDTK	5	sp|P02763|A1AG1_HUMAN	0.006702413	0.9933552810135716	0.8320347797072999	64265.99077872737
GPSVFPLAPSSK	2	sp|P01857|IGHG1_HUMAN;sp|P0DOX5|IGG1_HUMAN	0.006702413	0.9933552810135716	0.8894477058494773	44846.17446031683
AYLEEEC[+57.021465]PATLR	2	sp|P25311|ZA2G_HUMAN	0.01606922	1.0	0.9698833824279988	370484.943645045
WMQLWQEQGEAK	2	sp|Q16288|NTRK3_HUMAN	0.006702413	0.9866190731264982	0.7478199993899095	2817.3659377138283
KGEVLPLPEANFPSFPLPHHK	3	sp|P04196|HRG_HUMAN	0.006702413	0.9933552810135716	0.8142871048397429	18052.06749083404
QQTHMLDVMQDHFSR	2	sp|P10909|CLUS_HUMAN	0.006702413	0.9797881705057813	0.778032460137327	10900.846792777811
IPKSDVVYTDWKK	4	sp|P02763|A1AG1_HUMAN	0.006702413	0.9728591838590949	0.8758720051613715	11798.075032104909
NEVWWTIDGK	2	sp|Q9NPH3|IL1AP_HUMAN	0.006702413	1.0	0.74258540679008	5392.7112590785055
RHPYFYAPELLFFAK	4	sp|P02768|ALBU_HUMAN	0.006702413	0.9866190731264982	0.9357056042039757	16747.042402626375
SGAEEQGPIDGPSK	2	sp|O43493|TGON2_HUMAN	0.006702413	0.9933552810135716	0.8394717459874523	5295.645279326236
IENVSYQDK	2	sp|O00533|NCHL1_HUMAN	0.006702413	1.0	0.8694301991944823	14205.827727054375
VQLTGEPVPMAR	2	sp|P15151|PVR_HUMAN	0.006702413	1.0	0.9808893931519155	46800.56617113143
DYWSTVK	1	sp|P02656|APOC3_HUMAN	0.011378002	0.9658285256870233	0.931811177701394	13370.27898649359
SKLPGIVAEGRDDLYVSDAFHK	5	sp|P01008|ANT3_HUMAN	0.006702413	0.9797881705057813	0.9097995132653635	53751.74917842311
YGEGDSLTLQQLK	2	sp|Q15043|S39AE_HUMAN	0.006702413	1.0	0.79410282330445	20691.758497423507
FHDVLGNERPSAYMR	4	sp|Q14956|GPNMB_HUMAN	0.006702413	0.9797881705057813	0.8751592613857975	5546.93800120468
DLQFVEVTDVK	2	sp|P02751|FINC_HUMAN	0.006702413	1.0	0.777813853472145	6770.834915172665
NHNALLASLTTQK	2	sp|O75882|ATRN_HUMAN	0.006702413	0.9933552810135716	0.9511841110539748	8271.669286479262
RYTIAALLSPYSYSTTAVVTNPKE	3	sp|P02766|TTHY_HUMAN	0.006702413	1.0	0.9824802084199291	760822.0786315934
KPDGYDYYAFSK	2	sp|Q92954|PRG4_HUMAN	0.006702413	1.0	0.8288473109964263	20996.408608536203
DYNLNDILLQLGIEEAFTSK	3	sp|P01011|AACT_HUMAN	0.006702413	0.9866190731264982	0.922923818768561	2851.775404070112
IGPDNLPYVQILK	2	sp|P11362|FGFR1_HUMAN	0.006702413	0.9866190731264982	0.9706270387296589	113210.97682689322
RNPFVFAPTLLTVAVHFEEVAK	4	sp|P43652|AFAM_HUMAN	0.006702413	1.0	0.9129451886253227	3111.7782089071115
VLSYVDWIK	2	sp|Q9NZP8|C1RL_HUMAN	0.006702413	0.9933552810135716	0.9045749110713552	16143.908418694962
TTPPVLDSDGSFFLYSK	2	sp|P01857|IGHG1_HUMAN;sp|P0DOX5|IGG1_HUMAN	0.006702413	1.0	0.9500131719116812	39625.34924027749
LQHLENELTHDIITK	3	sp|P01009|A1AT_HUMAN	0.011378002	0.9658285256870233	0.9342878509494258	16773.436224870733
ALDLINK	1	sp|P04196|HRG_HUMAN	0.011378002	0.9586923939928679	0.7585980571292349	214.97356130546814
ITGKWFYIASAFR	2	sp|P02763|A1AG1_HUMAN;sp|P19652|A1AG2_HUMAN	0.006702413	0.9797881705057813	0.9308282649316528	194607.42211408063
SFTIEC[+57.021465]R	2	sp|P13598|ICAM2_HUMAN	0.006702413	0.9797881705057813	0.9450736419937457	91143.79363132495
IEDGFSLK	2	sp|P01008|ANT3_HUMAN	0.006702413	0.9797881705057813	0.8588448106190425	9712.877198635695
WILTAAHTLYPK	2	sp|P00736|C1R_HUMAN	0.006702413	0.9797881705057813	0.9455850364422707	7175.813085792653
LLQDEFPGIPSPLDAAVEC[+57.021465]HR	4	sp|P02790|HEMO_HUMAN	0.006702413	0.9933552810135716	0.9014324338168506	34921.114520980715
GLASANVDFAFSLYK	2	sp|P08185|CBG_HUMAN	0.006702413	0.9797881705057813	0.9781477304908965	96299.99216859404
AVLDVFEEGTEASAATAVK	2	sp|P01011|AACT_HUMAN	0.006702413	1.0	0.9515686774419224	3718471.1917634043
NQVSLTC[+57.021465]LVK	2	sp|P01857|IGHG1_HUMAN;sp|P01859|IGHG2_HUMAN;sp|P01860|IGHG3_HUMAN;sp|P01861|IGHG4_HUMAN;sp|P0DOX5|IGG1_HUMAN	0.006702413	0.9933552810135716	0.9396812759037007	54820.00229814177
MEPFHFK	1	sp|P05155|IC1_HUMAN	0.011378002	0.9440873193926883	0.7656006947312767	21090.471825573542
NWGLSFYADKPETTK	2	sp|P19652|A1AG2_HUMAN	0.006702413	0.9728591838590949	0.9545451418451942	61103.05130632856
LESEETMVLEAHDAQGDVPVTVTVHDFPGK	4	sp|P01024|CO3_HUMAN	0.006702413	0.9728591838590949	0.9456381439474946	157105.13269485557
FDTISEK	1	sp|P01008|ANT3_HUMAN	0.030012004	0.6244097987733555	0.748626522192725	984.2084813291556
SPELQAEAKSYFEK	2	sp|P02652|APOA2_HUMAN	0.006702413	0.9728591838590949	0.95379226799326	503257.06747503806
SILFLGK	2	sp|P05543|THBG_HUMAN	0.006702413	0.9728591838590949	0.935443522943969	23032.84810744045
GEC[+57.021465]QAEGVLFFQGDR	2	sp|P02790|HEMO_HUMAN	0.006702413	0.9728591838590949	0.8916542543705865	106397.97168992838
AFLEVNEEGSEAAASTAVVIAGR	4	sp|P01008|ANT3_HUMAN	0.006702413	1.0	0.8373084463954892	56206.96432468786
IMGITLVSK	2	sp|Q9Y5Y7|LYVE1_HUMAN	0.014869888	0.9054124614333342	0.9066043285024463	7437.878104898649
ELELQIGNALFIGK	2	sp|P05543|THBG_HUMAN	0.006702413	0.9797881705057813	0.9667031170307602	287109.03130440955
TRMEPFHFK	3	sp|P05155|IC1_HUMAN	0.006702413	1.0	0.9068079275386778	317564.56973092165
SASLHLPK	1	sp|P01009|A1AT_HUMAN	0.006702413	1.0	0.883956996917781	42072.644660701684
FYTIEILKVE	2	sp|P12273|PIP_HUMAN	0.006702413	1.0	0.8815605470738536	4323.887139392
MEEVEAMLLPETLK	3	sp|P01011|AACT_HUMAN	0.006702413	1.0	0.8886677704601276	115868.8912786051
GPSVFPLAPC[+57.021465]SR	2	sp|P01859|IGHG2_HUMAN;sp|P01860|IGHG3_HUMAN;sp|P01861|IGHG4_HUMAN	0.006702413	1.0	0.9055051457515767	19584.429835017927
YYC[+57.021465]FQGNQFLR	2	sp|P02790|HEMO_HUMAN	0.006702413	1.0	0.9750591950579575	1013653.9581420483
SDVM[+15.994915]YTDWKK	3	sp|P19652|A1AG2_HUMAN	0.006702413	1.0	0.8378592070582556	973.356823111913
DTVFALVNYIFFK	2	sp|P01009|A1AT_HUMAN	0.006702413	1.0	0.9770753710617658	1486006.845468173
VLNQELR	1	sp|P05090|APOD_HUMAN	0.020681266	0.8718655118414741	0.7480412756136676	555.7989160226934
TDASDVKPC[+57.021465]	2	sp|P02749|APOH_HUMAN	0.006702413	0.9866190731264982	0.8917002918256256	362.0697407692402
HSAQPWADFTLLGAR	2	sp|Q8IYS5|OSCAR_HUMAN	0.006702413	1.0	0.8882250109920983	74314.26207139497
NTWSILHTQGALVQGGYGHSSVYDHR	4	sp|O75882|ATRN_HUMAN	0.011378002	0.9658285256870233	0.9386594692350514	1168330.3234441634
VTTSQDMLSIMEK	2	sp|P05155|IC1_HUMAN	0.006702413	0.9866190731264982	0.9721637400739199	797305.8515250664
DALSSVQESQVAQQAR	2	sp|P02656|APOC3_HUMAN	0.006702413	0.9728591838590949	0.8866919662166588	50073.717777590224
C[+57.021465]SPHLVLSALTSDNHGATYAFSGTHYWR	6	sp|P02790|HEMO_HUMAN	0.006702413	1.0	0.8356930913123447	28656.171818082392
FLNVLSPR	2	sp|P17936|IBP3_HUMAN	0.006702413	0.9866190731264982	0.9736024672600432	3817.026216565163
QFTSSTSYNR	2	sp|P02671|FIBA_HUMAN	0.006702413	0.9933552810135716	0.923401174339916	27823.953972210773
IVDLFSGLDSPAILVLVNYIFFK	4	sp|P08185|CBG_HUMAN	0.006702413	1.0	0.9396086012188788	47949.12051211611
TDTSHHDQDHPTFNK	2	sp|P01009|A1AT_HUMAN	0.006702413	1.0	0.9441828145138478	485661.0111145744
VELAPLPSWQPVGK	2	sp|P05362|ICAM1_HUMAN	0.006702413	1.0	0.9932750734946	698223.7144742464
LSPLGEEMR	2	sp|P02647|APOA1_HUMAN	0.006702413	1.0	0.9757176724568102	785583.4916694108
KLVAASQAALGL	2	sp|P02768|ALBU_HUMAN	0.006702413	1.0	0.975024914284689	1291588.704367131
ATEHLSTLSEK	2	sp|P02647|APOA1_HUMAN	0.006702413	0.9933552810135716	0.943481580985325	40836.56961389447
EVGTPHGIILDSVDAAFIC[+57.021465]PGSSR	4	sp|P02790|HEMO_HUMAN	0.006702413	1.0	0.9171678056321875	3526786.71732252
DGTFPLPIGESVTVTR	2	sp|P05362|ICAM1_HUMAN	0.006702413	0.9728591838590949	0.8304751400130234	22793.47318775157
TVVQPSVGAAAGPVVPPC[+57.021465]PGR	3	sp|P02765|FETUA_HUMAN	0.006702413	0.9933552810135716	0.9937926735272123	396216.8971634474
QEINSHVEMQTK	2	sp|P05543|THBG_HUMAN	0.006702413	0.9866190731264982	0.8312810493355441	18865.937452802325
TC[+57.021465]PKPDDLPFSTVVPLK	3	sp|P02749|APOH_HUMAN	0.006702413	1.0	0.8687902475882813	2082405.307535519
SYSC[+57.021465]QVTHEGSTVEK	2	sp|B9A064|IGLL5_HUMAN;sp|P0CF74|IGLC6_HUMAN;sp|P0CG04|IGLC1_HUMAN;sp|P0DOX8|IGL1_HUMAN;sp|P0DOY2|IGLC2_HUMAN;sp|P0DOY3|IGLC3_HUMAN	0.006702413	1.0	0.9545810757290913	391091.4108417486
DLYHYITSYVVDGEIIIYGPAYSGR	3	sp|P11464|PSG1_HUMAN	0.006702413	1.0	0.9480762437224778	6294294.4723631395
DTKTYMLAFDVNDEK	2	sp|P02763|A1AG1_HUMAN	0.006702413	1.0	0.9523635269216458	3735037.182751122
IKVTTSQDMLSIMEK	2	sp|P05155|IC1_HUMAN	0.006702413	1.0	0.9224136496075016	257892.45096581063
ELTPEVLQEWLDELEEMMLVVHMPR	5	sp|P01008|ANT3_HUMAN	0.006702413	0.9866190731264982	0.8681563548173364	21378.984381733466
SEDAGGAEGETPHMLLRPHVFMPEVTPDMDYLPR	5	sp|Q92954|PRG4_HUMAN	0.006702413	0.9728591838590949	0.9268310347523591	3212.4848688490965
KGDTFSC[+57.021465]MVGHEALPLAFTQK	4	sp|P01876|IGHA1_HUMAN	0.006702413	1.0	0.9553509985213129	280613.5730986983
RPC[+57.021465]FSALEVDETYVPK	2	sp|P02768|ALBU_HUMAN	0.006702413	1.0	0.9525942468365115	36299.605567078324
LVVQSSIDSSAFK	2	sp|P10721|KIT_HUMAN	0.006702413	1.0	0.8753134236494267	32743.484666056083
INHGILYDEEK	2	sp|P36980|FHR2_HUMAN;sp|Q03591|FHR1_HUMAN	0.006702413	1.0	0.9684117004544235	6713.181628788305
FMPLSDVLYGR	2	sp|Q10588|BST1_HUMAN	0.006702413	1.0	0.8591796520196208	1801.5184721311025
WFYIASAFR	2	sp|P02763|A1AG1_HUMAN;sp|P19652|A1AG2_HUMAN	0.006702413	0.9933552810135716	0.9514484708360996	2476293.615984755
DLDQLFLSSDC[+57.021465]R	2	sp|Q99941|ATF6B_HUMAN	0.006702413	0.9866190731264982	0.8495755957556315	10579.955725815202
FSISATYDLGATLLK	2	sp|P05543|THBG_HUMAN	0.006702413	0.9797881705057813	0.9609270402267722	101838.46006394732
GFGGLTGQIVAALSTAK	2	sp|Q92954|PRG4_HUMAN	0.006702413	1.0	0.9242831503686136	1080031.2463359311
GGGALLGDR	2	sp|P00736|C1R_HUMAN;sp|Q9NZP8|C1RL_HUMAN	0.006702413	1.0	0.9700043697673691	64845.608995815135
NWGLSVYADKPETTK	4	sp|P02763|A1AG1_HUMAN	0.006702413	1.0	0.9067270362946862	371191.3987756056
VTTVASHTSDSDVPSGVTEVVVK	3	sp|P10909|CLUS_HUMAN	0.006702413	0.9866190731264982	0.8921648634806918	44330.66144090898
LSSWVLLMK	2	sp|P01009|A1AT_HUMAN	0.006702413	1.0	0.9912298432346037	176960.88134978732
EQQC[+57.021465]VIMAENR	2	sp|P00747|PLMN_HUMAN;sp|Q02325|PLGB_HUMAN	0.030012004	0.5879493283318651	0.8274370386307045	4482.759014230228
NKEDC[+57.021465]VEIYIK	2	sp|P14151|LYAM1_HUMAN	0.006702413	0.9933552810135716	0.9509667678681073	5958.807102928498
AEDTAVYYC[+57.021465]AK	2	sp|P01764|HV323_HUMAN;sp|P01768|HV330_HUMAN;sp|P0DP03|HVC05_HUMAN	0.006702413	1.0	0.9530374793312125	5132.2277380072455
QLVEIEK	2	sp|P00738|HPT_HUMAN;sp|P00739|HPTR_HUMAN	0.006702413	0.9728591838590949	0.987900834621238	147237.30466688212
NALALFVLPK	2	sp|P05543|THBG_HUMAN	0.006702413	1.0	0.9702313408547348	277548.1996144563
ELISERWK	2	sp|P02790|HEMO_HUMAN	0.006702413	1.0	0.9189346218611477	158679.14274687684
ADLSGITGAR	2	sp|P01011|AACT_HUMAN	0.006702413	1.0	0.9371040188821258	253059.69907619592
SGAEAQTPEDSPNR	3	sp|O43493|TGON2_HUMAN	0.027777778	0.686593192055836	0.8429341518319405	84.35430160426486
GPALTTPK	1	sp|Q92954|PRG4_HUMAN	0.011378002	0.9586923939928679	0.7589090136608005	235.84420119503463
REPAVGEPAEVTTTVLVR	3	sp|P05362|ICAM1_HUMAN	0.006702413	1.0	0.9177861728853287	19076.282024172153
LTPTLYVGK	2	sp|O75460|ERN1_HUMAN	0.006702413	0.9866190731264982	0.883373123415061	955.0908119958858
SDVVYTDWKK	3	sp|P02763|A1AG1_HUMAN	0.006702413	1.0	0.7574248434326714	1037.6847358920747
EMEDTLNHLK	2	sp|P17936|IBP3_HUMAN	0.013664597	1.0	0.7886809848206626	122818.55887501189
TIAVLLDDILQR	2	sp|Q96EE4|CC126_HUMAN	0.006702413	0.9933552810135716	0.9293723724051242	17757.807742052726
AQVSPTASDMLHMR	2	sp|Q6UXB8|PI16_HUMAN	0.006702413	1.0	0.8063615691040988	170861.5787465563
DAVEDLESVGK	3	sp|P81605|DCD_HUMAN	0.020681266	0.8258516653955662	0.715566795277029	7352.9123679802005
EWFWDLATGTMK	2	sp|P02790|HEMO_HUMAN	0.006702413	0.9866190731264982	0.9591838682920593	2361170.9478055076
VFIGINDLEK	2	sp|Q9BWP8|COL11_HUMAN	0.006702413	1.0	0.9196331458326685	65134.90411193519
VWFELTQGSITK	2	sp|Q9H8L6|MMRN2_HUMAN	0.006702413	0.9866190731264982	0.9596374730747117	1391752.4075391667
DYQELMNTK	2	sp|P04264|K2C1_HUMAN	0.013664597	0.9212790999005022	0.8757327336488446	123.51234556596229
EWFSETFQK	2	sp|P02654|APOC1_HUMAN	0.027777778	0.9933552810135716	0.9685646447062725	538443.5627622965
KMTVTDQVNC[+57.021465]PK	2	sp|P05090|APOD_HUMAN	0.006702413	0.9866190731264982	0.9484620011221168	52189.60609281642
SETEIHQGFQHLHQLFAK	5	sp|P08185|CBG_HUMAN	0.006702413	0.9728591838590949	0.9370044202582861	3846816.7683307067
LMVELHNLYR	2	sp|Q6UXB8|PI16_HUMAN	0.006702413	1.0	0.964218180949229	39061.51859780805
FKLDDDLEHQGGHVLDHGHK	3	sp|P01042|KNG1_HUMAN	0.006702413	0.9797881705057813	0.8564005833810037	6100.066386048034
LFDSDPITVTVPVEVSR	2	sp|P10909|CLUS_HUMAN	0.011378002	0.9658285256870233	0.9564172678475581	83460.64296724954
ITC[+57.021465]TEEGWSPTPK	2	sp|Q03591|FHR1_HUMAN;sp|Q9BXR6|FHR5_HUMAN	0.006702413	0.9866190731264982	0.8470923482033432	2692.4934879873963
YDVDTQMWTILK	3	sp|O75882|ATRN_HUMAN	0.013664597	0.9134157281067091	0.9621021104974524	1870.8275039646417
DLWVNIDQMEK	2	sp|Q6UX71|PXDC2_HUMAN	0.006702413	0.9933552810135716	0.94353482661748	39842.048183129984
EHSSLAFWK	2	sp|P02749|APOH_HUMAN	0.006702413	1.0	0.9257396731692721	134327.18959235694
SFMLLILER	2	sp|P05543|THBG_HUMAN	0.006702413	0.9933552810135716	0.914921536915558	3192.1253097207
LLDSLPSDTR	2	sp|P05155|IC1_HUMAN	0.006702413	1.0	0.9738990372349845	624811.4447540079
TNLESILSYPK	2	sp|P05155|IC1_HUMAN	0.006702413	1.0	0.961980834674438	238011.68058146728
QSTQTLYVNVAPR	2	sp|P19320|VCAM1_HUMAN	0.006702413	1.0	0.8156190785021485	30384.962727524333
FQPTLLTLPR	3	sp|P05155|IC1_HUMAN	0.006702413	0.9933552810135716	0.7151620900359646	6175.837949664772
ALYVHGGYK	2	sp|O75882|ATRN_HUMAN	0.006702413	1.0	0.9832011703579091	710933.3928260367
AVLQLNEEGVDTAGSTGVTLNLTSKPIILR	4	sp|P08185|CBG_HUMAN	0.006702413	0.9797881705057813	0.7677494858633458	27015.520697090815
YVMLPVADQDQC[+57.021465]IR	3	sp|P00738|HPT_HUMAN	0.006702413	1.0	0.9854991111587236	527743.7691922096
NLMIDIQK	2	sp|Q9BY67|CADM1_HUMAN	0.006702413	1.0	0.9492430134330107	302777.31844713516
FNQPFIIMIFDHFTWSSLFLAR	3	sp|P08185|CBG_HUMAN	0.011378002	0.9658285256870233	0.9474587116481185	88163.88967800663
QPAVEEPAEVTATVLASR	2	sp|P32942|ICAM3_HUMAN	0.011378002	0.9658285256870233	0.9208514510379822	9626.646838832507
DSGSYFC[+57.021465]R	2	sp|O75015|FCG3B_HUMAN;sp|P08637|FCG3A_HUMAN	0.006702413	0.9866190731264982	0.9337816469258429	9831.429331712972
ENFLFLTPDC[+57.021465]K	2	sp|P01042|KNG1_HUMAN	0.006702413	1.0	0.9743023321456968	130060.48136836544
AVVFLEPQWYR	3	sp|P08637|FCG3A_HUMAN	0.020681266	0.8258516653955662	0.9101626344434363	65463.736811030365
MSSINADFAFNLYR	3	sp|P05543|THBG_HUMAN	0.006702413	1.0	0.9708241672715231	103012.5710902099
VLAPWITETHFK	3	sp|P23467|PTPRB_HUMAN	0.006702413	1.0	0.8994422695656487	80205.43744793056
TMIIYFDQVLVNIGNNFDSER	3	sp|P23435|CBLN1_HUMAN	0.006702413	1.0	0.9002392489086932	169998.9448799662
WNDDAC[+57.021465]HK	2	sp|P14151|LYAM1_HUMAN	0.006702413	0.9866190731264982	0.8127865305186688	2083.215175896465
ALGISPFHEHAEVVFTANDSGPR	3	sp|P02766|TTHY_HUMAN	0.006702413	1.0	0.9574480723150969	12232855.155239776
TEGDGVYTLNDKK	3	sp|P00738|HPT_HUMAN;sp|P00739|HPTR_HUMAN	0.006702413	1.0	0.9266129565577755	121254.0691326585
ITDVIPSEAINELTVLVLVNTIYFK	3	sp|P01008|ANT3_HUMAN	0.011378002	0.9658285256870233	0.9060587424908536	10599.247586744628
LLGIETPLPK	2	sp|P05362|ICAM1_HUMAN	0.006702413	1.0	0.8397978893495343	50307.992825476926
GKEESLDSDLYAELR	2	sp|P02775|CXCL7_HUMAN	0.006702413	1.0	0.9311869244028128	5028479.065802947
GILTVDELLAIR	2	sp|P13473|LAMP2_HUMAN	0.006702413	1.0	0.9297752905411051	3603842.0896723983
LSITGTYDLK	2	sp|P01009|A1AT_HUMAN	0.006702413	1.0	0.9063967768462512	64592.08610469206
AIGPSQTHTIR	2	sp|Q92954|PRG4_HUMAN	0.006702413	0.9933552810135716	0.9330723803977979	55692.230578060444
ALVLIAFAQYLQQC[+57.021465]PFEDHVK	3	sp|P02768|ALBU_HUMAN	0.030012004	0.5678582329614409	0.7370199210472582	1482.9289022870298
DFTC[+57.021465]VHQALK	2	sp|P05155|IC1_HUMAN	0.006702413	1.0	0.969073256941333	71609.87797266559
DFVQPPTK	2	sp|P01042|KNG1_HUMAN	0.006702413	0.9797881705057813	0.9629003886866029	16122.197954447272
DLMEKVK	1	sp|P02652|APOA2_HUMAN	0.011378002	0.9514467542496609	0.7374670423859568	462.1000248673238
YGFIEGHVVIPR	3	sp|P16070|CD44_HUMAN	0.006702413	0.9933552810135716	0.9512160775229133	5481941.398900831
AADDTWEPFASGKTSESGELHGLTTEEEFVEGIYK	5	sp|P02766|TTHY_HUMAN	0.01606922	0.888960273227615	0.890022272805301	5361.557068695517
SYQDFFEAIR	2	sp|P18850|ATF6A_HUMAN	0.006702413	1.0	0.7712329809720001	5983.915190830364
DKC[+57.021465]EPLEKQHEK	3	sp|P02763|A1AG1_HUMAN;sp|P19652|A1AG2_HUMAN	0.006702413	1.0	0.7523864610434372	5668.286545993724
HITSLEVIK	2	sp|P02776|PLF4_HUMAN;sp|P10720|PF4V_HUMAN	0.006702413	1.0	0.9902468003750424	788714.1085075364
DLGEENFK	2	sp|P02768|ALBU_HUMAN	0.006702413	0.9866190731264982	0.9567166072150389	2176.8236911253393
TAAQNLYEK	2	sp|P02655|APOC2_HUMAN	0.006702413	1.0	0.9743661518801364	206403.8877567252
LWWLDLK	1	sp|P02790|HEMO_HUMAN	0.030012004	0.6244097987733555	0.8694205730989952	12689.563763469372
HRLEDMEQALSPSVFK	2	sp|P05155|IC1_HUMAN	0.021791767	0.7626747761196712	0.7842326307933358	862.5011654666007
TSDQIHFFFAK	2	sp|P01008|ANT3_HUMAN	0.006702413	0.9933552810135716	0.944830751949263	199996.58252959576
