peptide	charge	proteins	q_value	score	spectral_angle	20250418_OA3_Evo07_ViAl_SA_FAIMS40_IO44_A556_MOMI_GBGD_P125_G12_R01.mzML
MTVSTLVLGEGATEAEISMTSTR	3	sp|P02760|AMBP_HUMAN	0.009478673	0.9866190731264982	0.9467100459920591	138326.04985721444
LQQDVLQFQK	2	sp|Q8NBJ4|GOLM1_HUMAN	0.006535948	1.0	0.9556750477990514	84118.9123729369
VPTVEPLDSLTLFLFR	3	sp|P13598|ICAM2_HUMAN	0.006535948	1.0	0.9406639024992786	1844688.889253598
ILGGHLDAK	1	sp|P00738|HPT_HUMAN;sp|P00739|HPTR_HUMAN	0.006535948	1.0	0.9340051072149916	64374.40286724532
SSNTYTLTDVR	2	sp|Q13740|CD166_HUMAN	0.006535948	0.9933552810135716	0.9055454521665474	15956.60984651267
LGFTDLFSK	2	sp|P29622|KAIN_HUMAN	0.01010101	0.9797881705057813	0.8005266621910274	7044.2485177468325
MQILEGLGLNLQK	2	sp|P05154|IPSP_HUMAN	0.006535948	0.9933552810135716	0.8250555659513228	5257.744990024052
DTKTLMFGSYLDDEK	2	sp|P19652|A1AG2_HUMAN	0.010765551	0.9586923939928679	0.8506214931299214	4812.226938847443
TSLTVVLLR	2	sp|P32942|ICAM3_HUMAN	0.01010101	0.9797881705057813	0.930323466418284	50022.74772141624
ITLLSALVETR	2	sp|P01011|AACT_HUMAN	0.006535948	1.0	0.9391401526357108	738842.108507776
DEGTAFLVYGAPGFSK	2	sp|P06276|CHLE_HUMAN	0.01010101	0.9797881705057813	0.8426778124855911	18904.81814824629
FPVFMGR	2	sp|P05155|IC1_HUMAN	0.01010101	0.9728591838590949	0.7806956845531076	29747.16725671559
C[+57.021465]AGQQQDIR	2	sp|P27918|PROP_HUMAN	0.01010101	0.9797881705057813	0.9744220449361433	7046.32640691992
VQLTGEPVPMAR	3	sp|P15151|PVR_HUMAN	0.006535948	1.0	0.7463129266592987	1957.0747113319276
HGGLFHENMR	2	sp|Q02985|FHR3_HUMAN	0.010765551	0.9586923939928679	0.8870593214205048	4079.9167729454066
LVGIQIQTLMQK	2	sp|P20061|TCO1_HUMAN	0.006535948	1.0	0.8564809082535088	20078.334234886832
MADEAGSEADHEGTHSTK	2	sp|P02671|FIBA_HUMAN	0.006535948	1.0	0.7850887420672403	1077.2264849689057
QIQVFEDEPAR	2	sp|Q9NPH3|IL1AP_HUMAN	0.006535948	1.0	0.9858146275179887	16879.15882365203
EETNEIQVVNEEPQR	2	sp|Q8NBJ4|GOLM1_HUMAN	0.01010101	0.9728591838590949	0.8228675576140663	8456.121520482235
GVLHNEVK	2	sp|Q92954|PRG4_HUMAN	0.006535948	1.0	0.9749436967803933	898878.1022286934
TFTC[+57.021465]TAAYPESK	2	sp|P01876|IGHA1_HUMAN	0.006535948	1.0	0.9171124957283132	149597.36653816362
GEVLPLPEANFPSFPLPHHK	4	sp|P04196|HRG_HUMAN	0.009478673	0.9866190731264982	0.9166188981979343	121869.52754417951
EFGNTLEDK	2	sp|P02654|APOC1_HUMAN	0.006535948	1.0	0.9502719027051667	376257.71105687454
LEQEIATYR	2	sp|P02533|K1C14_HUMAN;sp|P08727|K1C19_HUMAN;sp|P08779|K1C16_HUMAN;sp|P13646|K1C13_HUMAN;sp|P19012|K1C15_HUMAN;sp|P35900|K1C20_HUMAN;sp|Q04695|K1C17_HUMAN;sp|Q8N1A0|KT222_HUMAN	0.006535948	1.0	0.9076612457451405	32612.254132316237
SISTAYLQWSSLK	2	sp|A0A0C4DH38|HV551_HUMAN;sp|A0A0J9YXX1|HV5X1_HUMAN	0.006535948	1.0	0.9505896642831437	202370.87106815807
LLVVYPWTQR	2	sp|P02042|HBD_HUMAN;sp|P02100|HBE_HUMAN;sp|P68871|HBB_HUMAN;sp|P69891|HBG1_HUMAN;sp|P69892|HBG2_HUMAN	0.006535948	1.0	0.8727823918903855	71897.01561309378
LYLVQGTQVYVFLTK	3	sp|P02790|HEMO_HUMAN	0.006535948	1.0	0.7915856352823201	49218.962511442725
C[+57.021465]PNPPVQENFDVNK	2	sp|P05090|APOD_HUMAN	0.01010101	0.9797881705057813	0.9436831511350018	157960.46089778154
GPLDQLEK	2	sp|P05546|HEP2_HUMAN	0.006535948	1.0	0.9404842374452596	204761.89829467912
GEC[+57.021465]QAEGVLFFQGDR	3	sp|P02790|HEMO_HUMAN	0.006535948	1.0	0.8257119225609714	203621.6621046641
VGLSDAFVVVHR	3	sp|Q6UX71|PXDC2_HUMAN	0.01010101	0.9728591838590949	0.7402574199835248	6724.961012243832
VGSALFLSHNLK	3	sp|P29622|KAIN_HUMAN	0.006535948	1.0	0.9583392719157132	683418.9802414145
GDLYFANVEEK	2	sp|O00533|NCHL1_HUMAN	0.006535948	0.9933552810135716	0.8897648247576888	19402.21849917144
DTVFALVNYIFFK	3	sp|P01009|A1AT_HUMAN	0.009478673	0.9866190731264982	0.7957513478231688	1954.4447256057715
HSAQPWADFTLLGAR	3	sp|Q8IYS5|OSCAR_HUMAN	0.010765551	0.9440873193926883	0.8151397736685514	6620.37522185604
DALSSVQESQVAQQAR	3	sp|P02656|APOC3_HUMAN	0.006535948	1.0	0.7925709056725361	124665.13871236985
GTYSTTVTGR	2	sp|P08519|APOA_HUMAN	0.006535948	1.0	0.9723395564217044	345220.61660000565
TDTSHHDQDHPTFNK	3	sp|P01009|A1AT_HUMAN	0.006535948	1.0	0.8556688742699945	23646.651950891708
IDVHWTR	2	sp|P25311|ZA2G_HUMAN	0.006535948	1.0	0.8684853011299224	71373.75545023341
EIGELYLPK	2	sp|P01011|AACT_HUMAN	0.01010101	0.9797881705057813	0.9551834298553407	63484.73258538428
YPPTVSMVEGQGEK	2	sp|P27918|PROP_HUMAN	0.009478673	0.9866190731264982	0.9581796522242603	271325.3142526747
VEIDTKSYWK	3	sp|P02766|TTHY_HUMAN	0.022727273	0.7266555365444503	0.7721083479824588	5546.759381267818
IMQSSQSMSK	2	sp|O75882|ATRN_HUMAN	0.006535948	1.0	0.9702987814547471	336184.0603758485
KVPQVSTPTLVEVSR	2	sp|P02768|ALBU_HUMAN	0.009478673	0.9866190731264982	0.985397239679888	37990.03967649482
GGVGPFSDPVK	2	sp|Q12866|MERTK_HUMAN	0.01010101	0.9797881705057813	0.9115529473979314	5364.4691574765775
SYSC[+57.021465]QVTHEGSTVEK	3	sp|B9A064|IGLL5_HUMAN;sp|P0CF74|IGLC6_HUMAN;sp|P0CG04|IGLC1_HUMAN;sp|P0DOX8|IGL1_HUMAN;sp|P0DOY2|IGLC2_HUMAN;sp|P0DOY3|IGLC3_HUMAN	0.01010101	0.9797881705057813	0.9456542893070621	24301.198481531334
GTHC[+57.021465]NQVEVIATLK	3	sp|P02775|CXCL7_HUMAN	0.011709602	0.9054124614333342	0.9680587298843867	105826.13519901905
VDGALC[+57.021465]M[+15.994915]EK	2	sp|P02790|HEMO_HUMAN	0.01010101	0.9797881705057813	0.8626686445737882	5397.322492676111
GFGGLTGQIVAALSTAK	3	sp|Q92954|PRG4_HUMAN	0.009478673	0.9866190731264982	0.9599556872009604	75172.7697424177
GGYTLVSGYPK	2	sp|P02790|HEMO_HUMAN	0.009478673	0.9866190731264982	0.9665745722732253	799886.7371084231
WELLQQVDTSTR	2	sp|P04264|K2C1_HUMAN	0.006535948	0.9933552810135716	0.9773433653829473	91173.03673022294
QLVEIEK	1	sp|P00738|HPT_HUMAN;sp|P00739|HPTR_HUMAN	0.006535948	1.0	0.9487147563914122	60187.7576658675
TYLPAVDEK	2	sp|P02655|APOC2_HUMAN	0.01010101	0.9797881705057813	0.9700509078352015	93152.22408498719
ADGESC[+57.021465]SASMMYQEGK	2	sp|P01008|ANT3_HUMAN	0.01010101	0.9728591838590949	0.9755081909221325	84850.97793879783
VITEPIPVSDLR	2	sp|Q12913|PTPRJ_HUMAN	0.006535948	1.0	0.91932032269071	23231.457966413473
ESLLNHFLYEVAR	3	sp|P43652|AFAM_HUMAN	0.01010101	0.9797881705057813	0.8487386971682346	37323.84131816495
GVTSVSQIFHSPDLAIR	3	sp|P05155|IC1_HUMAN	0.006535948	0.9933552810135716	0.8272349682037511	44299.9190716615
EMEDTLNHLK	3	sp|P17936|IBP3_HUMAN	0.006535948	0.9933552810135716	0.970679015396152	58830.82706047301
AVLTIDEK	1	sp|P01009|A1AT_HUMAN	0.006535948	1.0	0.9339716313487618	93283.49928963259
AFSSYQK	2	sp|P43652|AFAM_HUMAN	0.01010101	0.9658285256870233	0.7424024663156048	1118.248578588723
NPDAVAAPYC[+57.021465]YTR	2	sp|P08519|APOA_HUMAN	0.009478673	0.9866190731264982	0.9179370372645149	57677.686642085784
GFMQTYYDDHLR	2	sp|P55056|APOC4_HUMAN	0.010765551	0.9514467542496609	0.8321664725484802	847.5334673907926
VLDELTLTK	2	sp|P13645|K1C10_HUMAN	0.01010101	0.9797881705057813	0.9744195947250502	11588.47801577909
ALSIGFETC[+57.021465]R	2	sp|P16070|CD44_HUMAN	0.006535948	0.9933552810135716	0.9729661182193978	64381.11021498899
STSESTAALGC[+57.021465]LVK	3	sp|P01859|IGHG2_HUMAN;sp|P01861|IGHG4_HUMAN	0.023782559	0.7138053936648634	0.8298730690104823	44549.688642136294
EMEVLHLR	2	sp|P11362|FGFR1_HUMAN	0.01010101	0.9797881705057813	0.9180649691415304	44347.81802727227
VDLVLEK	2	sp|P17900|SAP3_HUMAN	0.01010101	0.9658285256870233	0.7493138941009596	10227.272986597383
VPLQQNFQDNQFQGK	2	sp|P80188|NGAL_HUMAN	0.01010101	0.9728591838590949	0.9489409709578309	108639.49616651773
YFHHNSDFHIPK	4	sp|O75015|FCG3B_HUMAN	0.01010101	0.9658285256870233	0.8856003066001475	91105.4045839364
GKMNTVIAALSR	2	sp|P08185|CBG_HUMAN	0.006535948	0.9933552810135716	0.8815270300815444	14449.688307844972
SKEQLTPLIK	2	sp|P02652|APOA2_HUMAN	0.006535948	0.9933552810135716	0.9412605592081105	1719.4261416429401
MSSINADFAFNLYR	2	sp|P05543|THBG_HUMAN	0.01010101	0.9797881705057813	0.9509129142760503	704743.2419257936
NLAVSQVVHK	2	sp|P01011|AACT_HUMAN	0.009478673	0.9866190731264982	0.9712537150646385	21021.954505544454
IMGITLVSKK	2	sp|Q9Y5Y7|LYVE1_HUMAN	0.009478673	0.9866190731264982	0.8854167525588029	11513.579491296989
RDPPQYPVVPVHLDR	3	sp|P10153|RNAS2_HUMAN	0.006535948	1.0	0.7642115853253758	102778.48733502018
GILTVDELLAIR	3	sp|P13473|LAMP2_HUMAN	0.011709602	0.9290085173289965	0.9287034255585054	15008.800238901182
QQLQALSEPQPR	2	sp|Q8NBJ4|GOLM1_HUMAN	0.006535948	1.0	0.9093745637534304	16653.758100678693
ATLVC[+57.021465]LISDFYPGAVTVAWK	4	sp|B9A064|IGLL5_HUMAN;sp|P0CG04|IGLC1_HUMAN;sp|P0DOX8|IGL1_HUMAN;sp|P0DOY2|IGLC2_HUMAN;sp|P0DOY3|IGLC3_HUMAN	0.006535948	0.9933552810135716	0.7220191202196843	984.2585470117916
AIGPSQTHTIR	3	sp|Q92954|PRG4_HUMAN	0.006535948	1.0	0.7250440602489759	4698.114400049742
NDNDNIFLSPLSISTAFAMTK	3	sp|P01008|ANT3_HUMAN	0.006535948	1.0	0.9346353353803166	351266.2482077752
TEGDGVYTLNDK	2	sp|P00738|HPT_HUMAN;sp|P00739|HPTR_HUMAN	0.006535948	1.0	0.9587199638636582	46262.85815297859
GTQEQDFYVTSETVVR	3	sp|P05154|IPSP_HUMAN	0.012790698	0.888960273227615	0.8158463304442973	5656.5446799530655
EQLGEFYEALDC[+57.021465]LR	3	sp|P02763|A1AG1_HUMAN	0.006535948	1.0	0.9564440609654098	16910838.854142837
WLQGSQELPR	2	sp|P01876|IGHA1_HUMAN;sp|P01877|IGHA2_HUMAN;sp|P0DOX2|IGA2_HUMAN	0.006535948	1.0	0.87960169799298	49293.89585934065
VYSTSVTGSR	2	sp|Q9H299|SH3L3_HUMAN	0.01010101	0.9797881705057813	0.9323185564175277	8966.88299799711
SISC[+57.021465]QEIPGQQSR	2	sp|P27918|PROP_HUMAN	0.009478673	0.9866190731264982	0.9124866802966041	184796.09625936995
TSDQIHFFFAK	3	sp|P01008|ANT3_HUMAN	0.006535948	1.0	0.9435771768084389	183345.9679506603
ALAAAGYDVEK	2	sp|P10412|H14_HUMAN;sp|P16402|H13_HUMAN;sp|P16403|H12_HUMAN;sp|P22492|H1T_HUMAN;sp|Q02539|H11_HUMAN	0.009478673	0.9866190731264982	0.7670560133038096	2141.9082576642936
SAVQGPPER	2	sp|P01876|IGHA1_HUMAN;sp|P01877|IGHA2_HUMAN	0.006535948	1.0	0.9533308551602365	113255.35081903392
NSVIKVPMMNSK	2	sp|P05155|IC1_HUMAN	0.006535948	1.0	0.9776557302600788	195223.70566571472
AIMEKLEMSK	2	sp|P05155|IC1_HUMAN	0.006535948	1.0	0.9153236664786049	64513.334362276146
ASVSVTAEDEGTQR	2	sp|P05362|ICAM1_HUMAN	0.006535948	0.9933552810135716	0.9153819007352909	10130.873032891952
YFHHNSDFHIPK	3	sp|O75015|FCG3B_HUMAN	0.018285714	0.7955364837549187	0.7973175363213268	4043.4933823588253
ESGTDDFNVWIGLHDPK	3	sp|P05451|REG1A_HUMAN	0.006535948	0.9933552810135716	0.9603106383498985	81923.86236666697
RYTIAALLSPYSYSTTAVVTNPK	3	sp|P02766|TTHY_HUMAN	0.006535948	1.0	0.9347124281120274	10874603.16107682
KGEVLPLPEANFPSFPLPHHK	5	sp|P04196|HRG_HUMAN	0.006535948	1.0	0.868607972829616	153604.8254387919
LPGIVAEGRDDLYVSDAFHK	3	sp|P01008|ANT3_HUMAN	0.006535948	1.0	0.9811138750597947	457639.32722093666
VLNQELR	2	sp|P05090|APOD_HUMAN	0.01010101	0.9728591838590949	0.9715105117547892	967407.8099007423
LYIEYGIQR	2	sp|Q9NPH3|IL1AP_HUMAN	0.006535948	0.9933552810135716	0.9432295427086035	588.8751622663041
HTFM[+15.994915]GVVSLGSPSGEVSHPR	4	sp|P02765|FETUA_HUMAN	0.006535948	1.0	0.8163689261466627	23749.44640852025
TLLEGEESR	2	sp|P04264|K2C1_HUMAN	0.01010101	0.9797881705057813	0.9646191017147999	50481.93266457151
VQPYLDDFQK	2	sp|P02647|APOA1_HUMAN	0.006535948	1.0	0.9640437161105622	44449.873277811384
SSAEAQTPEDTPNK	2	sp|O43493|TGON2_HUMAN	0.009478673	0.9866190731264982	0.9190751418913402	7582.271924531432
C[+57.021465]SPHLVLSALTSDNHGATYAFSGTHYWR	5	sp|P02790|HEMO_HUMAN	0.006535948	1.0	0.9354984692001665	12531323.302194612
LGMFNIQHC[+57.021465]K	3	sp|P01009|A1AT_HUMAN	0.01010101	0.9728591838590949	0.9712418612022813	19098.054915626053
SGAQATWTELPWPHEK	2	sp|P02790|HEMO_HUMAN	0.01010101	0.9728591838590949	0.8564180081153865	30883.88597201126
VDVIPVNLPGEHGQR	3	sp|P02751|FINC_HUMAN	0.010765551	0.9440873193926883	0.7371400121353732	2414.323125492675
SGTSASLAISGLR	2	sp|P01700|LV147_HUMAN	0.007889546	0.9933552810135716	0.9244767523074767	10126.894388287621
WEMPFDPQDTHQSR	2	sp|P01011|AACT_HUMAN	0.006535948	1.0	0.937190659774279	155171.30091565428
DSTYSLSSTLTLSK	2	sp|P01834|IGKC_HUMAN;sp|P0DOX7|IGK_HUMAN	0.009478673	0.9866190731264982	0.907790508229892	77465.72830790369
IC[+57.021465]LDLQAPLYK	2	sp|P02776|PLF4_HUMAN	0.006535948	1.0	0.978175168153943	43793.367170693346
HTFMGVVSLGSPSGEVSHPR	4	sp|P02765|FETUA_HUMAN	0.006535948	1.0	0.9854335585066228	133864.84334066685
ESTLHLVLR	2	sp|P0CG47|UBB_HUMAN;sp|P0CG48|UBC_HUMAN;sp|P62979|RS27A_HUMAN;sp|P62987|RL40_HUMAN	0.009478673	0.9866190731264982	0.8441428143138561	2081.2659011327823
LTLTPWVGLR	2	sp|O75882|ATRN_HUMAN	0.007889546	0.9933552810135716	0.9751158367477575	142731.33963285392
HTLNQIDEVK	2	sp|P02765|FETUA_HUMAN	0.006535948	1.0	0.9486631589179814	781829.1192822224
QGHNSVFLIK	2	sp|P02790|HEMO_HUMAN	0.01010101	0.9658285256870233	0.9305698152950929	198.80746957436796
SC[+57.021465]ALDQNC[+57.021465]QWEPR	2	sp|O75882|ATRN_HUMAN	0.010765551	0.9797881705057813	0.8679561745389572	11174.437173633072
QVILTLQPTLVAVGK	2	sp|P13598|ICAM2_HUMAN	0.01010101	0.9866190731264982	0.9654029091103389	898377.7309293681
LVYHLGLPFSFLTFPYVEEAIK	4	sp|P49908|SEPP1_HUMAN	0.01010101	0.9728591838590949	0.9368076379844402	28819.767408524334
EQVTNVGGAVVTGVTAVAQK	3	sp|P37840|SYUA_HUMAN	0.007889546	0.9933552810135716	0.9144571399267337	172506.96879146295
FRIEDGFSLK	3	sp|P01008|ANT3_HUMAN	0.010765551	0.9586923939928679	0.952051097389669	761266.2166290914
GDDITMVLILPKPEK	2	sp|P01008|ANT3_HUMAN	0.009478673	0.9866190731264982	0.79435146270376	31029.464679501445
LDSSEFLK	2	sp|Q12841|FSTL1_HUMAN	0.006535948	1.0	0.9604099866361278	168060.93696299192
AGVETTTPSK	2	sp|P0DOY2|IGLC2_HUMAN;sp|P0DOY3|IGLC3_HUMAN	0.006535948	1.0	0.9450621298690941	51767.38255075375
LLIYWASTR	2	sp|P06312|KV401_HUMAN	0.006535948	1.0	0.9707838409762647	326362.26809716306
HYYESEVLAMNFQDWATASR	3	sp|P08185|CBG_HUMAN	0.006535948	1.0	0.9205551081135283	6019880.692015319
FNKPFVFLMIEQNTK	3	sp|P01009|A1AT_HUMAN	0.007889546	0.9933552810135716	0.9310971377924573	942821.3570163213
IILEDENDAMADADR	2	sp|Q9BUN1|MENT_HUMAN	0.006535948	1.0	0.7979170563863973	238783.9736577302
ADLSGITGAR	1	sp|P01011|AACT_HUMAN	0.01010101	0.9728591838590949	0.7389787127778569	16105.142557416331
SGVQQLIQYYQDQK	2	sp|Q13790|APOF_HUMAN	0.01010101	0.9797881705057813	0.828641481506356	17898.65909666354
GLPNVVTSAISLPNIR	2	sp|Q92954|PRG4_HUMAN	0.009478673	0.9866190731264982	0.8759800830430722	41881.06279237782
QVVAGLNFR	2	sp|P01042|KNG1_HUMAN	0.01010101	0.9797881705057813	0.9481130678554787	11315.906624655772
ASVHLLK	2	sp|Q9ULI3|HEG1_HUMAN	0.01010101	0.9658285256870233	0.7602692382769985	409.27150757627834
TLTLLSVTR	2	sp|P06731|CEAM5_HUMAN;sp|P13688|CEAM1_HUMAN;sp|P31997|CEAM8_HUMAN	0.01010101	0.9797881705057813	0.9224509357456591	11016.017051815228
LQHLENELTHDIITK	4	sp|P01009|A1AT_HUMAN	0.006535948	1.0	0.9500834039046765	4678086.569622135
VGYVSGWGR	2	sp|P00738|HPT_HUMAN	0.01010101	0.9797881705057813	0.95735203121066	8736.791502006548
LALDVEIATYR	3	sp|O95678|K2C75_HUMAN;sp|P02538|K2C6A_HUMAN;sp|P04259|K2C6B_HUMAN;sp|P12035|K2C3_HUMAN;sp|P13647|K2C5_HUMAN;sp|P35908|K22E_HUMAN;sp|P48668|K2C6C_HUMAN;sp|Q01546|K22O_HUMAN;sp|Q5XKE5|K2C79_HUMAN	0.011709602	0.9290085173289965	0.8880391571234646	12227.385981019293
DASGVTFTWTPSSGK	2	sp|P01876|IGHA1_HUMAN	0.006535948	1.0	0.87163514512708	88252.37672460302
QDQC[+57.021465]IYNTTYLNVQR	3	sp|P02763|A1AG1_HUMAN	0.01010101	0.9658285256870233	0.9863629989065513	13089.240671906322
VYIASSSGSTAIK	2	sp|O75368|SH3L1_HUMAN	0.007889546	0.9933552810135716	0.9582637383490992	35218.26067591397
TMLLQPAGSLGSYSYR	2	sp|P41222|PTGDS_HUMAN	0.006535948	1.0	0.9261248330778804	8152988.382849531
GGGGGGYGSGGSSYGSGGGSYGSGGGGGGGR	3	sp|P04264|K2C1_HUMAN	0.009478673	0.9866190731264982	0.7729644699308222	2095.5109628488185
WVFKEEDPIHLR	2	sp|O75015|FCG3B_HUMAN;sp|P08637|FCG3A_HUMAN	0.006535948	1.0	0.7910283427389407	121365.65264160399
GGNIFHK	2	sp|P13598|ICAM2_HUMAN	0.01010101	0.9658285256870233	0.9309764068355504	13692.3815690192
AVSISPTNVILTWK	2	sp|Q12913|PTPRJ_HUMAN	0.006535948	1.0	0.9542830071352746	1435995.2181280835
YVGGQEHFAHLLILR	3	sp|P02763|A1AG1_HUMAN	0.006535948	1.0	0.9498954500167287	10436764.690253677
FSGSGSGTDFTLTISR	2	sp|A0A0C4DH25|KVD20_HUMAN;sp|P01619|KV320_HUMAN	0.009478673	0.9866190731264982	0.9460568172530407	17052.44620799895
SDVMYTDWK	2	sp|P19652|A1AG2_HUMAN	0.009478673	0.9866190731264982	0.9738765463832588	174424.70956714143
YIC[+57.021465]ENQDSISSK	2	sp|P02768|ALBU_HUMAN	0.006535948	1.0	0.881034481624182	58396.26480546185
AQYEEIAQR	2	sp|P02538|K2C6A_HUMAN;sp|P04259|K2C6B_HUMAN;sp|P19013|K2C4_HUMAN;sp|P35908|K22E_HUMAN;sp|P48668|K2C6C_HUMAN;sp|Q01546|K22O_HUMAN	0.009478673	0.9866190731264982	0.9045429477740312	2460.159827490964
SEAYNTFSER	2	sp|P12259|FA5_HUMAN	0.006535948	1.0	0.9000521205172204	15480.558794121098
GGSTSYGTGSETESPR	2	sp|P02671|FIBA_HUMAN	0.006535948	1.0	0.9543588498912623	248127.28159369968
SYPGLTSYLVR	2	sp|P80188|NGAL_HUMAN	0.006535948	1.0	0.8256696769576233	82158.39451514582
EHVAHLLFLRDTK	2	sp|P19652|A1AG2_HUMAN	0.006535948	1.0	0.921744315370245	673998.5984523374
RLGMFNIQHC[+57.021465]K	3	sp|P01009|A1AT_HUMAN	0.006535948	1.0	0.9728580131073767	1423015.9346421824
EENFYVDETTVVK	2	sp|P08185|CBG_HUMAN	0.006535948	1.0	0.9491884282698458	38787140.72307774
SAGSVESPSVSSTHR	2	sp|P17936|IBP3_HUMAN	0.006535948	1.0	0.919094482885832	37987.03403787934
IHWESASLLR	2	sp|P01024|CO3_HUMAN	0.006535948	1.0	0.8935110543022956	27131.963730570526
EVGTPHGIILDSVDAAFIC[+57.021465]PGSSR	3	sp|P02790|HEMO_HUMAN	0.01010101	0.9797881705057813	0.9322957605003543	1882581.9107506236
VC[+57.021465]PFAGILENGAVR	2	sp|P02749|APOH_HUMAN	0.022727273	0.7626747761196712	0.8047375554883394	575147.9251624201
AFIQLWAFDAVK	3	sp|P02760|AMBP_HUMAN	0.006535948	1.0	0.935260646695626	66060.5812720069
TLLSNLEEAK	2	sp|P10909|CLUS_HUMAN	0.009478673	0.9866190731264982	0.9585630523422534	37947.26902469599
VDGALC[+57.021465]MEK	2	sp|P02790|HEMO_HUMAN	0.006535948	1.0	0.9717607949872906	562043.3239646796
FIC[+57.021465]PLTGLWPINTLK	2	sp|P02749|APOH_HUMAN	0.011709602	0.9212790999005022	0.9600225056797794	198797.6439543374
VIEHIMEDLDTNADK	2	sp|P06702|S10A9_HUMAN	0.006535948	1.0	0.9454396397457189	259854.67347898177
DLSPDDPQVQK	2	sp|Q15828|CYTM_HUMAN	0.006535948	1.0	0.9323419957122561	48965.570278955034
SVLGQLGITK	2	sp|P01009|A1AT_HUMAN	0.01010101	0.9797881705057813	0.9357554247879704	39850.19268265921
WKNFPSPVDAAFR	2	sp|P02790|HEMO_HUMAN	0.006535948	1.0	0.9584870235363151	523944.93582725246
TM[+15.994915]LLQPAGSLGSYSYR	3	sp|P41222|PTGDS_HUMAN	0.006535948	1.0	0.8950152770118213	230484.25879835384
EGIVEYPR	2	sp|Q02985|FHR3_HUMAN;sp|Q92496|FHR4_HUMAN	0.01010101	0.9728591838590949	0.9276957040714215	13297.826411491793
FLENEDRR	2	sp|P01009|A1AT_HUMAN	0.01010101	0.9797881705057813	0.9954892447767153	124125.70945414877
NWPESVYFFK	2	sp|Q92954|PRG4_HUMAN	0.026936026	0.5678582329614409	0.856480659174334	27309.04739744279
FIQSQDYQC[+57.021465]SALMGGR	2	sp|P07333|CSF1R_HUMAN	0.006535948	1.0	0.8739262983875213	145833.81281603183
MYATIYELK	2	sp|P80188|NGAL_HUMAN	0.006535948	1.0	0.9567075504666813	94514.16896015768
EHVAHLLFLR	3	sp|P19652|A1AG2_HUMAN	0.01010101	0.9728591838590949	0.9570263767536294	49080.6515005071
KLINDYVK	2	sp|P01011|AACT_HUMAN	0.006535948	1.0	0.9609245461782453	299882.0142931193
YEGGREHVAHLLFLR	4	sp|P19652|A1AG2_HUMAN	0.006535948	1.0	0.9289444570925904	930379.538623466
KVETNMAFSPFSIASLLTQVLLGAGENTK	4	sp|P05155|IC1_HUMAN	0.006535948	1.0	0.9050522123785464	211764.39095113738
TEDTIFLR	2	sp|P02763|A1AG1_HUMAN;sp|P19652|A1AG2_HUMAN	0.006535948	1.0	0.984978390184641	2039275.8192572808
DFLQSLK	2	sp|P08697|A2AP_HUMAN	0.01010101	0.9728591838590949	0.8746023328570578	9367.886727612058
LC[+57.021465]TPLLPK	2	sp|P27918|PROP_HUMAN	0.006535948	1.0	0.989731333802931	508773.4179875353
YTDLVAIQNK	2	sp|P16109|LYAM3_HUMAN	0.006535948	1.0	0.9098552849574499	62061.07751649446
AFSVNIFK	2	sp|P11279|LAMP1_HUMAN	0.006535948	1.0	0.9694864126846084	437589.33901614195
TGDIVEFVC[+57.021465]K	2	sp|P36980|FHR2_HUMAN	0.006535948	1.0	0.8266006356727942	29708.490175565843
TVAAC[+57.021465]NLPIVR	2	sp|P02760|AMBP_HUMAN	0.006535948	1.0	0.933690796712473	261827.69083545578
SKLPGIVAEGRDDLYVSDAFHK	3	sp|P01008|ANT3_HUMAN	0.006535948	1.0	0.8785057490287109	287647.80912141694
IPLNDLFR	2	sp|P13473|LAMP2_HUMAN	0.006535948	1.0	0.819544965518612	61160.65483965133
GKEESLDSDLYAELR	4	sp|P02775|CXCL7_HUMAN	0.010765551	0.9514467542496609	0.8352103153288815	4570.603584386057
DSPVLIDFFEDTER	2	sp|P04196|HRG_HUMAN	0.006535948	1.0	0.9678672355520614	500923.83943930035
TSESGELHGLTTEEEFVEGIYK	4	sp|P02766|TTHY_HUMAN	0.009478673	0.9866190731264982	0.860606385884649	7491.850852439627
ALTDMPQMR	2	sp|P02671|FIBA_HUMAN	0.01010101	0.9797881705057813	0.8214858009633416	14476.57649274405
QINDYVEK	2	sp|P01009|A1AT_HUMAN	0.01010101	0.9797881705057813	0.8996376910378127	2678.6241751095963
ELDRDTVFALVNYIFFK	3	sp|P01009|A1AT_HUMAN	0.006535948	1.0	0.9600469761665696	374272.04969369806
GFQQLLQELNQPR	3	sp|P05154|IPSP_HUMAN	0.006535948	1.0	0.923167523353626	56342.07340194726
LDDDLEHQGGHVLDHGHK	5	sp|P01042|KNG1_HUMAN	0.01010101	0.9658285256870233	0.9306020751963255	604610.9341421261
WYNLAIGSTC[+57.021465]PWLK	3	sp|P02760|AMBP_HUMAN	0.009478673	0.9866190731264982	0.7863921523454719	27344.212005026173
RLWWLDLK	2	sp|P02790|HEMO_HUMAN	0.006535948	1.0	0.8472283836565906	90505.71643543191
NPNLPPETVDSLK	2	sp|P05090|APOD_HUMAN	0.006535948	1.0	0.9493860753754483	582841.0317101588
ALGISPFHEHAEVVFTANDSGPR	4	sp|P02766|TTHY_HUMAN	0.009478673	0.9866190731264982	0.9297831666687231	142371.12969417206
YKEENDDFASFR	2	sp|P04196|HRG_HUMAN	0.009478673	0.9866190731264982	0.9475253891307949	79303.65737322521
QEYEQLIAK	2	sp|P35527|K1C9_HUMAN	0.006535948	1.0	0.8199946337214589	99865.83995893538
ALPAPIEK	1	sp|P01857|IGHG1_HUMAN;sp|P01860|IGHG3_HUMAN;sp|P0DOX5|IGG1_HUMAN	0.010765551	0.9586923939928679	0.7348707067133793	385.0256686171358
SVNNVVVR	1	sp|O75882|ATRN_HUMAN	0.006535948	1.0	0.7493018027159243	8778.38100051335
DSVGQLQLYR	2	sp|Q99941|ATF6B_HUMAN	0.006535948	1.0	0.9131123747058025	54395.203947264185
VAEGTQVLELPFK	2	sp|P01008|ANT3_HUMAN	0.007889546	0.9933552810135716	0.9333029316435961	755035.6654396915
GIYSFSFHVIK	3	sp|Q9NTU7|CBLN4_HUMAN	0.01010101	0.9728591838590949	0.9210823745325641	26978.26636766685
GTWTQPFDLASTR	2	sp|P08185|CBG_HUMAN	0.007889546	0.9933552810135716	0.9483413462015385	1284300.8650988608
DKC[+57.021465]EPLEKQHEK	4	sp|P02763|A1AG1_HUMAN;sp|P19652|A1AG2_HUMAN	0.01010101	0.9658285256870233	0.9355020500137683	9086.601959961617
LNDLEDALQQAK	2	sp|P04264|K2C1_HUMAN	0.007889546	0.9933552810135716	0.9655101578369525	202211.06198598843
TITTTEIMNKPEETAKPK	4	sp|Q92954|PRG4_HUMAN	0.007889546	0.9933552810135716	0.89081374799425	16076.175274109835
ALGISPFHEHAEVVFTANDSGPRR	4	sp|P02766|TTHY_HUMAN	0.006535948	1.0	0.9655126715503644	214709.62083448493
LLIYGASSR	2	sp|P01619|KV320_HUMAN	0.01010101	0.9797881705057813	0.9329646454148761	9058.738898512192
AFLLVQDIMEDTMR	3	sp|P09603|CSF1_HUMAN	0.006535948	1.0	0.7051201249550265	9798.706736346501
EEDPIHLR	2	sp|O75015|FCG3B_HUMAN;sp|P08637|FCG3A_HUMAN	0.01010101	0.9797881705057813	0.976337153726514	43174.67565572078
EALQGVGDMGR	2	sp|P35542|SAA4_HUMAN	0.006535948	1.0	0.9724214107212797	120633.20530625196
LVLLNAIYLSAK	2	sp|P05155|IC1_HUMAN	0.006535948	1.0	0.9738591461096023	1278802.858969635
ALEEANADLEVK	3	sp|P02533|K1C14_HUMAN;sp|P08779|K1C16_HUMAN;sp|P13646|K1C13_HUMAN;sp|P19012|K1C15_HUMAN	0.006535948	1.0	0.8720378955299188	318.7587281396571
QSLEASLAETEGR	2	sp|P13645|K1C10_HUMAN	0.006535948	1.0	0.8924182646505756	13500.053920197945
MNTVIAALSR	2	sp|P08185|CBG_HUMAN	0.009478673	0.9866190731264982	0.8343739537113949	2412.931715086907
SDGDPVQPAVLQVHQTS	2	sp|O95810|CAVN2_HUMAN	0.01010101	0.9728591838590949	0.959963814519696	49845.264688122246
TFVLPVTPPR	2	sp|P32942|ICAM3_HUMAN	0.006535948	1.0	0.9891087929568695	466569.7902245261
NWGLSVYADKPETTK	2	sp|P02763|A1AG1_HUMAN	0.01010101	0.9797881705057813	0.9426931424859328	408752.75878754316
GSSSSPLGISVR	2	sp|Q9NTU7|CBLN4_HUMAN	0.007889546	0.9933552810135716	0.9675818638241657	21460.8120836076
VWPQQPSGELFEIEIDTLETTC[+57.021465]HVLDPTPVAR	4	sp|P02765|FETUA_HUMAN	0.01010101	0.9728591838590949	0.9111571250446059	3039.9524255589886
GSPAINVAVHVFRK	3	sp|P02766|TTHY_HUMAN	0.006535948	1.0	0.9462607539600589	1848519.2898728398
HGVQELEIELQSQLSK	2	sp|P35527|K1C9_HUMAN	0.007889546	0.9933552810135716	0.927060733096363	118530.5619887716
LYHSEAFTVNFGDTEEAKK	4	sp|P01009|A1AT_HUMAN	0.007889546	0.9933552810135716	0.9391869016004243	103863.1348842707
TITTTEIMNKPEETAKPK	3	sp|Q92954|PRG4_HUMAN	0.007889546	0.9933552810135716	0.8939162745222284	47330.1035487857
DYFMPC[+57.021465]PGR	3	sp|P02790|HEMO_HUMAN	0.010765551	0.9366095275687156	0.8829210274470036	18970.07187869649
GSPAINVAVHVFR	3	sp|P02766|TTHY_HUMAN	0.006535948	1.0	0.9461643596595468	6621609.745781556
ANRPFLVFIR	2	sp|P01008|ANT3_HUMAN	0.006535948	1.0	0.8651004384061409	188051.6367676062
SSGQWQTPGATR	2	sp|P06681|CO2_HUMAN	0.006535948	1.0	0.9717160287913017	40392.4813340977
EAEPLVDIR	2	sp|Q9H8L6|MMRN2_HUMAN	0.026936026	0.606735609642813	0.9302406559993576	8682.461946807463
EVPLNTIIFMGR	2	sp|P01008|ANT3_HUMAN	0.006535948	1.0	0.9598543346262872	41286177.696696475
VVEQMC[+57.021465]ITQYER	2	sp|P04156|PRIO_HUMAN	0.006535948	1.0	0.8281492805130969	27261.2274218563
EAASNGVLIQMEK	3	sp|P23435|CBLN1_HUMAN	0.011709602	0.9212790999005022	0.8185968823312355	2297.916680674805
FKLDDDLEHQGGHVLDHGHK	5	sp|P01042|KNG1_HUMAN	0.006535948	1.0	0.8864663147303261	672307.9972696665
IDPSHTQGYR	3	sp|P40189|IL6RB_HUMAN	0.006535948	1.0	0.8020696788108214	71399.4602414787
WSAGLTSSQVDLYIPK	2	sp|P08185|CBG_HUMAN	0.01010101	0.9728591838590949	0.9192748282729718	526507.5062226994
VVSTNYNQHAMVFFK	2	sp|P80188|NGAL_HUMAN	0.01010101	0.9728591838590949	0.9139358272246962	25901.701651125117
SC[+57.021465]AVAEYGVYVK	2	sp|P00738|HPT_HUMAN;sp|P00739|HPTR_HUMAN	0.006535948	1.0	0.9482146705360943	56658.19434552728
SDVVYTDWKKDK	3	sp|P02763|A1AG1_HUMAN	0.006535948	1.0	0.8996062657710339	119943.98121288435
GEVLPLPEANFPSFPLPHHK	3	sp|P04196|HRG_HUMAN	0.009478673	0.9866190731264982	0.9284283536948533	111366.91837839948
GSFPWQAK	2	sp|P00738|HPT_HUMAN;sp|P00739|HPTR_HUMAN	0.006535948	1.0	0.9730502540066098	2342122.5814417563
WYVVGLAGNAILR	2	sp|P80188|NGAL_HUMAN	0.007889546	0.9933552810135716	0.9597599273888395	274280.1320799433
ETLLQDFR	2	sp|P02760|AMBP_HUMAN	0.006535948	1.0	0.8560453439992084	32038.892090647176
AVMDDFAAFVEK	2	sp|P02768|ALBU_HUMAN	0.006535948	1.0	0.9783909964121735	13576621.994626151
VFEVHVRPK	2	sp|P13598|ICAM2_HUMAN	0.009478673	0.9866190731264982	0.9848005415219104	40774.6950653291
ALMSPAGMLR	2	sp|O75144|ICOSL_HUMAN	0.006535948	1.0	0.9547829417795297	650350.4265671805
YVGGQEHFAHLLILRDTK	3	sp|P02763|A1AG1_HUMAN	0.006535948	1.0	0.929245937628563	1822085.4778127742
QISNLQQSISDAEQR	3	sp|P04264|K2C1_HUMAN	0.006535948	1.0	0.897933692833828	279018.2986663409
EESLDSDLYAELR	3	sp|P02775|CXCL7_HUMAN	0.006535948	1.0	0.843843893092608	35077.54080330492
QQTHMLDVMQDHFSR	4	sp|P10909|CLUS_HUMAN	0.006535948	1.0	0.9446697151954625	1128282.0437996427
NIDVFNVEDQK	2	sp|Q8NBJ4|GOLM1_HUMAN	0.014959724	0.8354707271418766	0.8989978391133936	37089.116805196376
VVAGVANALAHK	2	sp|P02042|HBD_HUMAN;sp|P68871|HBB_HUMAN	0.009478673	0.9866190731264982	0.9795741885229671	29733.749115482722
QEPSQGTTTFAVTSILR	2	sp|P01876|IGHA1_HUMAN	0.007889546	0.9933552810135716	0.9009127749173027	276889.6568343578
NFPSPVDAAFR	3	sp|P02790|HEMO_HUMAN	0.010765551	0.9366095275687156	0.894724387282386	1180.2196223202523
DSYETSQLDDQSAETHSHK	3	sp|P10451|OSTP_HUMAN	0.007889546	0.9933552810135716	0.9282006198263753	9908.782475793372
DQYYNIDVPSR	2	sp|Q92954|PRG4_HUMAN	0.006535948	1.0	0.9348179771000052	964276.9736464417
KYPVAHFIDQTLK	3	sp|P05155|IC1_HUMAN	0.025959369	0.7004675850791199	0.8428859427944829	10848.662244063938
RDGYLFQLLR	3	sp|P04196|HRG_HUMAN	0.01010101	0.9728591838590949	0.8151197801324924	1903.925136034114
ALTFELTLR	2	sp|P07333|CSF1R_HUMAN	0.009478673	0.9866190731264982	0.951078729456399	2798.7034257569894
SKLPGIVAEGR	2	sp|P01008|ANT3_HUMAN	0.006535948	1.0	0.9342834003678248	206098.2409846948
VKSPELQAEAK	2	sp|P02652|APOA2_HUMAN	0.006535948	1.0	0.914533638557518	23977.448747124934
EYC[+57.021465]GVPGDGDEELLR	2	sp|P02760|AMBP_HUMAN	0.01010101	0.9797881705057813	0.926611109940261	196166.941596259
FGQTPVQER	2	sp|O95497|VNN1_HUMAN	0.01010101	0.9797881705057813	0.8810104434020092	3691.092131170998
VFSNGADLSGVTEEAPLK	2	sp|P01009|A1AT_HUMAN	0.01010101	0.9728591838590949	0.9418770555360416	473628.5752146024
EQLTPLIK	2	sp|P02652|APOA2_HUMAN	0.006535948	1.0	0.9503579630478287	553519.1929149065
ASLENSLEETK	2	sp|P02533|K1C14_HUMAN;sp|P08779|K1C16_HUMAN	0.007889546	0.9933552810135716	0.9111986566114635	9857.52472943754
ASFETC[+57.021465]SYGWVGDGFVVISR	3	sp|Q9Y5Y7|LYVE1_HUMAN	0.009478673	0.9866190731264982	0.8750302975427058	104385.1074369997
QQTHMLDVMQDHFSR	3	sp|P10909|CLUS_HUMAN	0.006535948	1.0	0.9764942951347826	247204.0519837091
TYMLAFDVNDEK	2	sp|P02763|A1AG1_HUMAN	0.006535948	1.0	0.9837893412909086	604617.8482811322
SVQEIQATFFYFTPNK	3	sp|P02763|A1AG1_HUMAN;sp|P19652|A1AG2_HUMAN	0.006535948	1.0	0.8094020441350225	8973.809938537317
SLTEEAENWGDGEPNNK	2	sp|P14151|LYAM1_HUMAN	0.01010101	0.9658285256870233	0.8227834254926423	153231.158516125
EQLGEFYEALDC[+57.021465]LC[+57.021465]IPR	3	sp|P19652|A1AG2_HUMAN	0.006535948	1.0	0.8997788941799078	839252.6971807266
DMPASEDLQDLQK	2	sp|P49908|SEPP1_HUMAN	0.01010101	0.9866190731264982	0.9525429677519953	902985.4599039876
STSGGTAALGC[+57.021465]LVK	2	sp|P01857|IGHG1_HUMAN;sp|P01860|IGHG3_HUMAN;sp|P0DOX5|IGG1_HUMAN	0.006535948	1.0	0.8991926134802545	18933.17078131564
KPDGYDYYAFSK	3	sp|Q92954|PRG4_HUMAN	0.01010101	0.9728591838590949	0.905611500806535	23276.1751049772
GWSEEELQGVLR	2	sp|Q9H4A9|DPEP2_HUMAN	0.006535948	1.0	0.9638165841227535	65339.79630494981
KWQEEMELYR	2	sp|P02647|APOA1_HUMAN	0.006535948	1.0	0.9417876432374288	231777.82467086465
LEDMEQALSPSVFK	2	sp|P05155|IC1_HUMAN	0.006535948	1.0	0.9701733628773055	14452272.92664684
SFTIEC[+57.021465]R	1	sp|P13598|ICAM2_HUMAN	0.006535948	1.0	0.7453894529694266	17752.458384976522
ITPNLAEFAFSLYR	3	sp|P01009|A1AT_HUMAN	0.01010101	0.9797881705057813	0.9571721894819409	631643.9526095089
VWVYPPEK	2	sp|P02790|HEMO_HUMAN	0.006535948	1.0	0.9713378583376346	4932109.228800988
DALSSVQESQVAQQARGWVTDGFSSLK	4	sp|P02656|APOC3_HUMAN	0.01010101	0.9658285256870233	0.7177254140388205	33516.77034610635
VLHPLEGAVVIIFK	3	sp|Q13740|CD166_HUMAN	0.01010101	0.9797881705057813	0.8019883272315166	15515.185755639208
DDLYVSDAFHK	3	sp|P01008|ANT3_HUMAN	0.006535948	1.0	0.899184765762474	3702.9455666863305
NTWSILHTQGALVQGGYGHSSVYDHR	5	sp|O75882|ATRN_HUMAN	0.006535948	1.0	0.9228893670363594	11967414.814512089
LVYHLGLPFSFLTFPYVEEAIK	3	sp|P49908|SEPP1_HUMAN	0.01010101	0.9728591838590949	0.9450685871208903	1207209.3504326637
VEEVKPLEGR	3	sp|O00533|NCHL1_HUMAN	0.01010101	0.9658285256870233	0.9446521709380775	6074.582966357241
SLTEEAENWGDGEPNNKK	3	sp|P14151|LYAM1_HUMAN	0.006535948	1.0	0.9473165628205684	57965.80119510347
NTLYLQMNSLK	2	sp|A0A0B4J1V0|HV315_HUMAN	0.006535948	1.0	0.7732284339625578	8158.352302675357
QNQC[+57.021465]FYNSSYLNVQR	3	sp|P19652|A1AG2_HUMAN	0.006535948	1.0	0.9210953684999118	147977.77713125007
ADEFLNWHALFESIK	3	sp|P60985|KTDAP_HUMAN	0.006535948	1.0	0.7998093942945705	10011.512768762253
SLDFTELDVAAEK	2	sp|P01019|ANGT_HUMAN	0.010765551	0.9366095275687156	0.8888310038247195	7866.433809606058
DTINLLDQR	2	sp|Q8NBJ4|GOLM1_HUMAN	0.009478673	0.9866190731264982	0.9805311567027851	3834.8934455881176
TVVQLEGDNK	2	sp|P07148|FABPL_HUMAN	0.009478673	0.9866190731264982	0.9273349490420638	4220.296505370284
QC[+57.021465]ANLQAAIADAEQR	2	sp|P02538|K2C6A_HUMAN;sp|P04259|K2C6B_HUMAN	0.01010101	0.9797881705057813	0.8476408278972555	5271.894298938283
AEIEYLEK	2	sp|P14151|LYAM1_HUMAN	0.006535948	1.0	0.9785207902079057	1476838.5537883693
YPNC[+57.021465]AYR	1	sp|P07998|RNAS1_HUMAN	0.006535948	1.0	0.7262612885949093	4322.421254858836
DTKTYMLAFDVNDEK	3	sp|P02763|A1AG1_HUMAN	0.01010101	0.9728591838590949	0.9145379911831102	81935.40231900165
RVAEGTQVLELPFK	2	sp|P01008|ANT3_HUMAN	0.01010101	0.9797881705057813	0.9648504948901537	218197.29823864574
YTIAALLSPYSYSTTAVVTNPKE	3	sp|P02766|TTHY_HUMAN	0.01010101	0.9797881705057813	0.9175889516609258	1675535.8180390138
GGSIQQYIYK	3	sp|Q92954|PRG4_HUMAN	0.026936026	0.5678582329614409	0.9598376592629216	259.8070884626389
DIPTNSPELEETLTHTITK	3	sp|P01042|KNG1_HUMAN	0.007889546	0.9933552810135716	0.9310224257809726	3187586.46203068
LGQSLDC[+57.021465]NAEVYVVPWEK	3	sp|P01042|KNG1_HUMAN	0.006535948	1.0	0.8312570660115559	224344.47853456938
YVGGQEHFAHLLILR	4	sp|P02763|A1AG1_HUMAN	0.006535948	1.0	0.9600771904367994	547074363.6525234
VSFLSALEEYTK	2	sp|P02647|APOA1_HUMAN	0.006535948	1.0	0.977764727092791	1024500.7073521519
DKC[+57.021465]EPLEK	2	sp|P02763|A1AG1_HUMAN;sp|P19652|A1AG2_HUMAN	0.006535948	1.0	0.9583494978395394	175516.7882359614
DGWHSWPIAHQWPQGPSAVDAAFSWEEK	4	sp|P02790|HEMO_HUMAN	0.006535948	1.0	0.9569395583390092	12980497.900104709
GTEAAGAMFLEAIPMSIPPEVK	3	sp|P01009|A1AT_HUMAN	0.006535948	1.0	0.9071151179220633	288268.6856253167
ALEESNYELEGK	3	sp|P13645|K1C10_HUMAN	0.022727273	0.7390601692542802	0.755816935023223	999.940281462551
SPSQDEMLPTYLK	2	sp|Q8IZF2|AGRF5_HUMAN	0.006535948	1.0	0.8764034731852479	130829.9445681959
GTSAVNVVLSLK	2	sp|P20061|TCO1_HUMAN	0.006535948	1.0	0.9004568630339247	113930.57814282815
GVC[+57.021465]EETSGAYEK	2	sp|P02760|AMBP_HUMAN	0.006535948	1.0	0.9379863396287413	13807.989163952405
SDVVYTDWKK	2	sp|P02763|A1AG1_HUMAN	0.006535948	1.0	0.9728227948956223	266613.69948960387
TSLENTFIHNTGK	2	sp|P23471|PTPRZ_HUMAN	0.007889546	0.9933552810135716	0.8756927164181421	3440.622771959718
RHSLEYSLR	3	sp|Q13449|LSAMP_HUMAN	0.010765551	0.9658285256870233	0.9717461466510166	16665.41152376172
VQALEEANNDLENK	2	sp|P35527|K1C9_HUMAN	0.009478673	0.9866190731264982	0.9326932233240359	27350.05489791809
FLEDVKK	1	sp|P01009|A1AT_HUMAN	0.01010101	0.9728591838590949	0.9184914953144634	4721.963178580447
NILTSNNIDVK	2	sp|P05090|APOD_HUMAN	0.007889546	0.9933552810135716	0.983513396831424	2841362.0341983703
GPGEDFR	2	sp|P41222|PTGDS_HUMAN	0.006535948	1.0	0.9961343984687563	60255.90531146329
LFDSDPITVTVPVEVSR	3	sp|P10909|CLUS_HUMAN	0.006535948	1.0	0.9639229941017147	107989.78337324169
RGENLFAITDEGMDVPLAMEEWHHER	4	sp|Q6UXB8|PI16_HUMAN	0.007889546	0.9933552810135716	0.8600216349472622	91760.93401895522
ELDESLQVAER	2	sp|P10909|CLUS_HUMAN	0.006535948	1.0	0.961371467108851	35172.84110629119
YPVAHFIDQTLK	2	sp|P05155|IC1_HUMAN	0.007889546	0.9933552810135716	0.9419381750139606	177384.99072805681
FEDGVLDPDYPR	2	sp|P04004|VTNC_HUMAN	0.006535948	1.0	0.9737729650939534	85250.89894643547
FQPTLLTLPR	2	sp|P05155|IC1_HUMAN	0.006535948	1.0	0.9505049346237799	304880.4668280068
SSSPELSEMLEYDR	2	sp|P12259|FA5_HUMAN	0.01010101	0.9797881705057813	0.913551553470892	33135.92287812489
SDVMYTDWKK	2	sp|P19652|A1AG2_HUMAN	0.006535948	1.0	0.9826290384095161	148124.62027942226
FNQPFIIMIFDHFTWSSLFLAR	4	sp|P08185|CBG_HUMAN	0.006535948	1.0	0.9062647625426735	244979.38819152652
NLQEILHGAVR	2	sp|P00533|EGFR_HUMAN	0.006535948	1.0	0.8758146685974728	18070.857136905368
GSESGIFTNTK	2	sp|P02671|FIBA_HUMAN	0.014959724	0.8258516653955662	0.9267110259147106	4383.648854176597
TPVC[+57.021465]TTGQGSGSTATVFAMAELQK	3	sp|Q9H8L6|MMRN2_HUMAN	0.006535948	1.0	0.8874527387670968	1182517.0760977035
DQIVDLTVGNNK	2	sp|P35527|K1C9_HUMAN	0.006535948	1.0	0.9782711787307701	11786.107716133814
LINDYVK	1	sp|P01011|AACT_HUMAN	0.021689497	0.7739449743159442	0.7299866107381286	1352.1779356728377
GKEESLDSDLYAELR	3	sp|P02775|CXCL7_HUMAN	0.010765551	0.9514467542496609	0.7963223557250382	8999.781281945223
SDDSVIQLLNPNR	2	sp|Q9BY67|CADM1_HUMAN	0.006535948	1.0	0.9250447585610603	157005.00972708702
YGFIEGHVVIPR	2	sp|P16070|CD44_HUMAN	0.006535948	1.0	0.9357936022102268	1531922.331005089
VTVLGQPK	2	sp|B9A064|IGLL5_HUMAN;sp|P0DOX8|IGL1_HUMAN	0.006535948	1.0	0.9322064357039361	156930.08266697393
GLEEELQFSLGSK	2	sp|P0C0L4|CO4A_HUMAN;sp|P0C0L5|CO4B_HUMAN	0.007889546	0.9933552810135716	0.8380428292332517	18518.104926187134
HRLEDMEQALSPSVFK	3	sp|P05155|IC1_HUMAN	0.006535948	1.0	0.8639940697961248	250565.13430162868
ELDRDTVFALVNYIFFK	4	sp|P01009|A1AT_HUMAN	0.006535948	1.0	0.7411549347595894	4124.799633524122
AGTELVNFLSYFVELGTQPATQ	3	sp|P02652|APOA2_HUMAN	0.009478673	0.9866190731264982	0.9642007534321123	43083.62457259911
LENEIQTYR	2	sp|P13645|K1C10_HUMAN	0.006535948	1.0	0.9072263363927761	32483.919187845764
TVAAPSVFIFPPSDEQLK	3	sp|P01834|IGKC_HUMAN	0.006535948	1.0	0.8799225162092851	1410.0380838029391
TFLTVYWTPER	2	sp|P05362|ICAM1_HUMAN	0.006535948	1.0	0.957100436867737	199670.7495054371
KGPGPGGPGGAGVAR	3	sp|Q92686|NEUG_HUMAN	0.006535948	1.0	0.951272463570243	85826.32039660023
AVGEEVWHSK	3	sp|P13591|NCAM1_HUMAN	0.009478673	0.9866190731264982	0.9744090570970998	7193.007624309306
EFLEDTC[+57.021465]VQYVQK	2	sp|Q9UNN8|EPCR_HUMAN	0.021689497	0.9797881705057813	0.9460806307395951	54488.52003314605
THLAPYSDELR	2	sp|P02647|APOA1_HUMAN	0.01010101	0.9728591838590949	0.8676257066080278	57571.18801399839
EVASNSELVQSSR	2	sp|P08779|K1C16_HUMAN	0.006535948	1.0	0.9414807141334862	12100.933170406483
SGAEEQGPIDGPSK	2	sp|O43493|TGON2_HUMAN	0.006535948	1.0	0.9385103534399599	15765.864197703315
NHNALLASLTTQK	2	sp|O75882|ATRN_HUMAN	0.006535948	1.0	0.9563435920167374	226071.2614817982
VQLTGEPVPMAR	2	sp|P15151|PVR_HUMAN	0.006535948	1.0	0.9623620769905022	106322.6364476158
SKLPGIVAEGRDDLYVSDAFHK	5	sp|P01008|ANT3_HUMAN	0.006535948	1.0	0.8631637383393179	156139.8137962148
VMTPAVYAPYDVK	3	sp|O00533|NCHL1_HUMAN	0.007889546	0.9933552810135716	0.7856616273861721	5512.150711375454
SQYEQLAEQNR	2	sp|P13645|K1C10_HUMAN	0.006535948	1.0	0.9074228699481914	12332.999201228798
HGGLFHENMR	3	sp|Q02985|FHR3_HUMAN	0.010765551	0.9658285256870233	0.8472600550495657	15203.741732564902
RNPFVFAPTLLTVAVHFEEVAK	4	sp|P43652|AFAM_HUMAN	0.006535948	1.0	0.9120430998204887	36176.61046800687
IGPDNLPYVQILK	2	sp|P11362|FGFR1_HUMAN	0.006535948	1.0	0.9428808779866963	402872.6215903126
LDDDLEHQGGHVLDHGHK	3	sp|P01042|KNG1_HUMAN	0.010765551	0.9658285256870233	0.8503746926223814	13169.140594889688
AVLDVFEEGTEASAATAVK	2	sp|P01011|AACT_HUMAN	0.010765551	0.9658285256870233	0.8417718809437977	290236.49135035323
NWGLSFYADKPETTK	2	sp|P19652|A1AG2_HUMAN	0.006535948	1.0	0.9651727163643117	1549089.47189045
SPELQAEAKSYFEK	2	sp|P02652|APOA2_HUMAN	0.006535948	1.0	0.9072910223030374	806938.3741103963
AFLEVNEEGSEAAASTAVVIAGR	4	sp|P01008|ANT3_HUMAN	0.009478673	0.9866190731264982	0.7561339494268816	6713.237579294858
GEC[+57.021465]QAEGVLFFQGDR	2	sp|P02790|HEMO_HUMAN	0.006535948	1.0	0.9567624980463519	1096818.0855392844
STASFEELC[+57.021465]SEYR	2	sp|Q9NQ38|ISK5_HUMAN	0.010765551	0.9440873193926883	0.7625671000838768	531.5615192463796
SLSGTAFGGFLMFK	2	sp|Q9H8L6|MMRN2_HUMAN	0.007889546	0.9933552810135716	0.865348561346554	20649.97565589712
ELELQIGNALFIGK	2	sp|P05543|THBG_HUMAN	0.006535948	1.0	0.9565032098772648	1363704.214894137
GPSVFPLAPC[+57.021465]SR	2	sp|P01859|IGHG2_HUMAN;sp|P01860|IGHG3_HUMAN;sp|P01861|IGHG4_HUMAN	0.007889546	0.9933552810135716	0.8469713192678412	21134.82193642333
YYC[+57.021465]FQGNQFLR	2	sp|P02790|HEMO_HUMAN	0.007889546	0.9933552810135716	0.9819771244763573	7508.816620449019
DTVFALVNYIFFK	2	sp|P01009|A1AT_HUMAN	0.009478673	0.9866190731264982	0.8241048946464808	7334.948627585533
HSAQPWADFTLLGAR	2	sp|Q8IYS5|OSCAR_HUMAN	0.009478673	0.9866190731264982	0.8959426857243826	26751.892314844066
TDASDVKPC[+57.021465]	2	sp|P02749|APOH_HUMAN	0.011709602	0.9054124614333342	0.7381667348236303	823.6527913362797
VTTSQDMLSIMEK	2	sp|P05155|IC1_HUMAN	0.006535948	1.0	0.9672306368512398	6455172.279266681
DALSSVQESQVAQQAR	2	sp|P02656|APOC3_HUMAN	0.006535948	1.0	0.9416608626367907	745050.0463850575
QFTSSTSYNR	2	sp|P02671|FIBA_HUMAN	0.006535948	1.0	0.9138635914967963	38482.70541713278
TDTSHHDQDHPTFNK	2	sp|P01009|A1AT_HUMAN	0.006535948	1.0	0.9730056750274323	100953.8911590494
AGGSWDLAVQER	2	sp|P22792|CPN2_HUMAN	0.006535948	1.0	0.855403927310874	4497.987072515709
LALDIEIATYR	2	sp|P05787|K2C8_HUMAN;sp|P08729|K2C7_HUMAN;sp|P14136|GFAP_HUMAN;sp|P19013|K2C4_HUMAN;sp|Q6KB66|K2C80_HUMAN	0.006535948	1.0	0.9431899211312584	56478.53574590356
YPPTVSMVEGQGEK	3	sp|P27918|PROP_HUMAN	0.009478673	0.9866190731264982	0.9273189125543493	11270.03335053926
ATLLEEQLPLGK	2	sp|Q9BQ51|PD1L2_HUMAN	0.011709602	0.9290085173289965	0.9046529215256743	26767.805543891514
KVPQVSTPTLVEVSR	3	sp|P02768|ALBU_HUMAN	0.009478673	0.9866190731264982	0.7916301698466884	5101.565879320165
ASSIIDELFQDR	2	sp|P10909|CLUS_HUMAN	0.006535948	1.0	0.9740053207159076	232782.54994161899
LVVQSSIDSSAFK	2	sp|P10721|KIT_HUMAN	0.007889546	0.9933552810135716	0.9023919467449439	80614.57682985204
SYSC[+57.021465]QVTHEGSTVEK	2	sp|B9A064|IGLL5_HUMAN;sp|P0CF74|IGLC6_HUMAN;sp|P0CG04|IGLC1_HUMAN;sp|P0DOX8|IGL1_HUMAN;sp|P0DOY2|IGLC2_HUMAN;sp|P0DOY3|IGLC3_HUMAN	0.01010101	0.9797881705057813	0.9299244333100989	10556.878843740715
DLYHYITSYVVDGEIIIYGPAYSGR	3	sp|P11464|PSG1_HUMAN	0.010765551	0.9658285256870233	0.9452060866294157	53137.28994040863
AGVETTKPSK	2	sp|B9A064|IGLL5_HUMAN;sp|P0CG04|IGLC1_HUMAN;sp|P0DOX8|IGL1_HUMAN	0.006535948	1.0	0.8670915394192467	5696.736791227912
FMPLSDVLYGR	2	sp|Q10588|BST1_HUMAN	0.006535948	1.0	0.8985214370197302	11622.180793675952
LNSQRLVFNRPFLMFIVDNNILFLGKVNRP	5	sp|P05154|IPSP_HUMAN	0.014959724	0.8354707271418766	0.7380350321045934	7160.853024446087
INHGILYDEEK	2	sp|P36980|FHR2_HUMAN;sp|Q03591|FHR1_HUMAN	0.006535948	1.0	0.8859617871934103	463.4924829776958
GFGGLTGQIVAALSTAK	2	sp|Q92954|PRG4_HUMAN	0.009478673	0.9866190731264982	0.9302620404860414	277632.23755266843
NWGLSVYADKPETTK	4	sp|P02763|A1AG1_HUMAN	0.010765551	0.9514467542496609	0.8860722236472411	29950.19742984999
SASNMAIVDVK	2	sp|P01023|A2MG_HUMAN	0.017221585	1.0	0.921026963487958	32410.294894096514
QLVEIEK	2	sp|P00738|HPT_HUMAN;sp|P00739|HPTR_HUMAN	0.024858758	1.0	0.9879223219147895	4460165.93834748
GPALTTPK	1	sp|Q92954|PRG4_HUMAN	0.006535948	1.0	0.762112034269277	51425.067169416194
EWFWDLATGTMK	2	sp|P02790|HEMO_HUMAN	0.006535948	1.0	0.9903581568478749	6954298.292940918
LTPTLYVGK	2	sp|O75460|ERN1_HUMAN	0.006535948	1.0	0.7679177959262768	69963.84974165646
AQVSPTASDMLHMR	2	sp|Q6UXB8|PI16_HUMAN	0.022727273	0.7626747761196712	0.7762854569021598	6502.597173680997
EMEDTLNHLK	2	sp|P17936|IBP3_HUMAN	0.007889546	0.9933552810135716	0.8876777342763038	138877.36429951328
DAVEDLESVGK	3	sp|P81605|DCD_HUMAN	0.006535948	1.0	0.8272858497518093	15056.517173614791
DYQELMNTK	2	sp|P04264|K2C1_HUMAN	0.009478673	0.9866190731264982	0.9881489006422863	59702.41918114098
KGIYSFSFHVIK	3	sp|Q9NTU7|CBLN4_HUMAN	0.006535948	1.0	0.794440167146215	148544.63327201275
SETEIHQGFQHLHQLFAK	5	sp|P08185|CBG_HUMAN	0.006535948	1.0	0.9249978327127253	11183135.907482019
LMVELHNLYR	2	sp|Q6UXB8|PI16_HUMAN	0.006535948	1.0	0.9424479732955282	61372.26340418782
FKLDDDLEHQGGHVLDHGHK	3	sp|P01042|KNG1_HUMAN	0.006535948	1.0	0.973180293798513	194510.35676991008
GSC[+57.021465]GIGGGIGGGSSR	2	sp|P02533|K1C14_HUMAN;sp|P08779|K1C16_HUMAN	0.006535948	1.0	0.9481661789482292	5880.632572756818
ITC[+57.021465]TEEGWSPTPK	2	sp|Q03591|FHR1_HUMAN;sp|Q9BXR6|FHR5_HUMAN	0.013953488	1.0	0.770959296053831	29390.940590797516
YDVDTQMWTILK	3	sp|O75882|ATRN_HUMAN	0.014959724	0.8258516653955662	0.7511602554518508	24628.256461149787
DLWVNIDQMEK	2	sp|Q6UX71|PXDC2_HUMAN	0.006535948	1.0	0.9449286507867957	36247.779269616294
TGLFQDVGPQR	2	sp|Q86SQ4|AGRG6_HUMAN	0.007889546	0.9933552810135716	0.8885015767158924	7802.527762092352
SFMLLILER	2	sp|P05543|THBG_HUMAN	0.006535948	1.0	0.9865111393408407	2189764.139452751
LLDSLPSDTR	2	sp|P05155|IC1_HUMAN	0.009478673	0.9866190731264982	0.9677559931298378	918718.4458109792
TNLESILSYPK	2	sp|P05155|IC1_HUMAN	0.006535948	1.0	0.9634678769922941	817133.7914268243
QSTQTLYVNVAPR	2	sp|P19320|VCAM1_HUMAN	0.007889546	0.9933552810135716	0.848333585921791	2192.037759463536
YVMLPVADQDQC[+57.021465]IR	3	sp|P00738|HPT_HUMAN	0.01010101	0.9797881705057813	0.9567936638592427	26641.680913881533
ALYVHGGYK	2	sp|O75882|ATRN_HUMAN	0.01010101	0.9797881705057813	0.9833962664430022	31518.26165509709
RVWELSK	1	sp|P01008|ANT3_HUMAN	0.006535948	1.0	0.7180301398918564	7548.63162195145
QPAVEEPAEVTATVLASR	2	sp|P32942|ICAM3_HUMAN	0.006535948	1.0	0.8902735895282121	1466744.5581217625
DWHGVPGQVDAAMAGR	2	sp|P04004|VTNC_HUMAN	0.01010101	0.9797881705057813	0.9472222766736692	69390.28925796784
SYFEKSK	2	sp|P02652|APOA2_HUMAN	0.006535948	1.0	0.9748955117482782	103610.27072724601
AVVFLEPQWYR	3	sp|P08637|FCG3A_HUMAN	0.006535948	1.0	0.7913265247493649	82502.07627761517
MSSINADFAFNLYR	3	sp|P05543|THBG_HUMAN	0.01010101	0.9797881705057813	0.9014618156016653	15090.937576892835
TMIIYFDQVLVNIGNNFDSER	3	sp|P23435|CBLN1_HUMAN	0.01010101	0.9797881705057813	0.9218238688720171	86168.72008460133
WNDDAC[+57.021465]HK	2	sp|P14151|LYAM1_HUMAN	0.006535948	1.0	0.8485541444464687	6810.3360921837475
NYSPYYNTIDDLK	2	sp|P35527|K1C9_HUMAN	0.006535948	1.0	0.8393087410835733	154328.96404568548
SGTASVVC[+57.021465]LLNNFYPR	3	sp|P01834|IGKC_HUMAN;sp|P0DOX7|IGK_HUMAN	0.011709602	0.9290085173289965	0.7921374732599055	2400.514437398983
LLGIETPLPK	2	sp|P05362|ICAM1_HUMAN	0.009478673	0.9866190731264982	0.9144686362245255	8551.412553950537
GILTVDELLAIR	2	sp|P13473|LAMP2_HUMAN	0.006535948	1.0	0.8914284507418825	38632.17263798959
SYQDFFEAIR	2	sp|P18850|ATF6A_HUMAN	0.006535948	1.0	0.8775227460638759	24316.29758283474
AIGPSQTHTIR	2	sp|Q92954|PRG4_HUMAN	0.006535948	1.0	0.9268423431556939	103795.70050860493
TSDQIHFFFAK	2	sp|P01008|ANT3_HUMAN	0.006535948	1.0	0.9249773564347775	110258.1463713358
GWVTDGFSSLK	2	sp|P02656|APOC3_HUMAN	0.006535948	1.0	0.9557018991144833	3415991.784134966
LHMLQISYFR	2	sp|Q9UNN8|EPCR_HUMAN	0.006535948	1.0	0.9825846148170504	34280.478659291635
EPC[+57.021465]VESLVSQYFQTVTDYGK	3	sp|P02652|APOA2_HUMAN	0.006535948	1.0	0.9262892264333012	476726.2085669269
YTIAALLSPYSYSTTAVVTNPK	3	sp|P02766|TTHY_HUMAN	0.006535948	1.0	0.9430626914000808	23929450.61123578
SLDLDSIIAEVK	2	sp|P04264|K2C1_HUMAN	0.006535948	1.0	0.8460474680375129	5622.050991495874
EHAVEGDC[+57.021465]DFQLLK	2	sp|P02765|FETUA_HUMAN	0.01010101	0.9797881705057813	0.9290253927888756	110964.41181807182
VVGLIQDLKPNTIMVLVNYIHFK	4	sp|P05543|THBG_HUMAN	0.006535948	1.0	0.8012281767063304	14932.272404046209
TLMFGSYLDDEK	2	sp|P19652|A1AG2_HUMAN	0.023782559	1.0	0.9448628262137873	1479690.1498959234
RYTIAALLSPYSYSTTAVVTNPK	4	sp|P02766|TTHY_HUMAN	0.006535948	1.0	0.9726217173076549	1266279.335141708
SPLFMGK	2	sp|P01009|A1AT_HUMAN	0.006535948	1.0	0.9798614279442305	843267.1925727739
FNWYVDGVEVHNAK	3	sp|P01857|IGHG1_HUMAN;sp|P0DOX5|IGG1_HUMAN	0.009478673	0.9866190731264982	0.9111051062135849	25299.104611740506
KGEVLPLPEANFPSFPLPHHK	4	sp|P04196|HRG_HUMAN	0.006535948	1.0	0.9706083729435036	1764562.7695091069
YVGGQEHFAHLLILRDTK	4	sp|P02763|A1AG1_HUMAN	0.006535948	1.0	0.9481012978098468	239870.02065222317
GDSVVYGLR	2	sp|P10451|OSTP_HUMAN	0.01010101	0.9728591838590949	0.9840143671289864	12890.072812175174
YPIVSPR	2	sp|P16112|PGCA_HUMAN	0.010765551	0.9658285256870233	0.9574806617133478	14704.253050325819
TLILDVPPGVEK	2	sp|P08575|PTPRC_HUMAN	0.007889546	0.9933552810135716	0.797834454894606	10087.753510012779
DYWSTVK	2	sp|P02656|APOC3_HUMAN	0.012790698	1.0	0.9869427833864014	2944227.1699906774
KAADDTWEPFASGK	2	sp|P02766|TTHY_HUMAN	0.009478673	0.9866190731264982	0.9595183974962901	88006.8036345354
VTSIQDWVQK	2	sp|P00738|HPT_HUMAN	0.006535948	1.0	0.9657211479364461	714549.7398495374
LQHLENELTHDIITK	2	sp|P01009|A1AT_HUMAN	0.006535948	1.0	0.9617668991348263	2045511.7350210873
LILVDYILFK	2	sp|Q9UK55|ZPI_HUMAN	0.007889546	0.9933552810135716	0.8581143455683696	7231.200779919825
GLASANVDFAFSLYK	3	sp|P08185|CBG_HUMAN	0.006535948	1.0	0.908251013499857	249678.9555466185
QNC[+57.021465]ELFEQLGEYK	2	sp|P02768|ALBU_HUMAN	0.01010101	0.9797881705057813	0.882495560986236	129524.66876722903
YTIAALLSPYSYSTTAVVTNPK	4	sp|P02766|TTHY_HUMAN	0.006535948	1.0	0.9733979188445183	416714.9608518114
IC[+57.021465]LDLQAPLYK	3	sp|P02776|PLF4_HUMAN	0.006535948	1.0	0.972738710167503	1836.6277081030175
TPSSTGPSPVFDIK	2	sp|Q12913|PTPRJ_HUMAN	0.007889546	0.9933552810135716	0.9644627809146797	180709.17469889528
AAAATGTIFTFR	2	sp|P05154|IPSP_HUMAN	0.010765551	0.9366095275687156	0.8391514588680915	1623.3802514521801
ALLSPEQR	2	sp|Q10588|BST1_HUMAN	0.006535948	1.0	0.7367610552478931	40305.76679778177
FDTISEK	2	sp|P01008|ANT3_HUMAN	0.01010101	0.9728591838590949	0.9750642663472331	2576.80512645891
YSLTYIYTGLSK	2	sp|P25311|ZA2G_HUMAN	0.006535948	1.0	0.842857879682913	53920.15423063819
FEMEQNLR	2	sp|P35527|K1C9_HUMAN	0.01010101	0.9797881705057813	0.9902448441666032	25982.286162348024
QGHNSVFLIK	3	sp|P02790|HEMO_HUMAN	0.010765551	0.9658285256870233	0.9305599392329078	2192.7581662045063
NTWSILHTQGALVQGGYGHSSVYDHR	3	sp|O75882|ATRN_HUMAN	0.006535948	1.0	0.9268137569451251	5436440.658991987
AEAESWYQTK	2	sp|O95678|K2C75_HUMAN;sp|P02538|K2C6A_HUMAN;sp|P04259|K2C6B_HUMAN;sp|P48668|K2C6C_HUMAN	0.006535948	1.0	0.8039326303011592	8795.711205015648
IVDLFSGLDSPAILVLVNYIFFK	3	sp|P08185|CBG_HUMAN	0.01010101	0.9797881705057813	0.9323329294441438	11536.324735948576
SASLHLPK	2	sp|P01009|A1AT_HUMAN	0.01010101	0.9728591838590949	0.9643867706929434	7160.887681549695
IAPQLSTEELVSLGEK	2	sp|P43652|AFAM_HUMAN	0.006535948	1.0	0.914691052789105	790643.1962594539
FTVNNLAEPQK	2	sp|P12259|FA5_HUMAN	0.007889546	0.9933552810135716	0.788492256353446	9364.067167992751
MEEVEAMLLPETLK	2	sp|P01011|AACT_HUMAN	0.009478673	0.9866190731264982	0.9660099060392289	46931.10835554752
FRIEDGFSLK	2	sp|P01008|ANT3_HUMAN	0.010765551	0.9586923939928679	0.9802714691760415	103573.47561422887
EQLGEFYEALDC[+57.021465]LC[+57.021465]IPR	4	sp|P19652|A1AG2_HUMAN	0.011709602	0.9212790999005022	0.7808479028408217	51160.513197245586
GDDITMVLILPKPEK	3	sp|P01008|ANT3_HUMAN	0.009478673	0.9866190731264982	0.9330094909501238	785372.8591867154
GDTFSC[+57.021465]MVGHEALPLAFTQK	3	sp|P01876|IGHA1_HUMAN	0.007889546	0.9933552810135716	0.8247230472117103	14363.177206904897
EHVAHLLFLRDTK	4	sp|P19652|A1AG2_HUMAN	0.006535948	1.0	0.9822574883450056	1951422.247463408
AQWANPFDPSK	2	sp|P05543|THBG_HUMAN	0.007889546	0.9933552810135716	0.9901922324067203	158580.10402465376
ATSYAELC[+57.021465]SEYR	2	sp|Q9NQ38|ISK5_HUMAN	0.007889546	0.9933552810135716	0.8628213396023823	1366.746736430755
YIFSDDSSQLTIK	2	sp|P13591|NCAM1_HUMAN	0.009478673	0.9866190731264982	0.735121418660548	16259.794382764025
FNKPFVFLMIEQNTK	2	sp|P01009|A1AT_HUMAN	0.007889546	0.9933552810135716	0.9433080403878706	172243.74848413354
GLPNVVTSAISLPNIR	3	sp|Q92954|PRG4_HUMAN	0.009478673	0.9866190731264982	0.9603371029862061	183538.9233388177
SDVVYTDWK	2	sp|P02763|A1AG1_HUMAN	0.009478673	0.9866190731264982	0.965247523785217	337454.4526004413
SGVQQLIQYYQDQK	3	sp|Q13790|APOF_HUMAN	0.01010101	0.9797881705057813	0.7668644117948595	6084.62324616941
WVQDYIK	2	sp|Q16627|CCL14_HUMAN	0.006535948	1.0	0.9825587903727236	1124497.4372987344
TATITVLPQQPR	2	sp|P30530|UFO_HUMAN	0.006535948	1.0	0.9621111196768704	5625.729300502662
GWVDLFVPK	2	sp|P05543|THBG_HUMAN	0.01010101	0.9797881705057813	0.9509808241918037	317908.60426727566
FLEDVKK	2	sp|P01009|A1AT_HUMAN	0.01010101	0.9728591838590949	0.9876629463197668	84172.65656052496
QDQC[+57.021465]IYNTTYLNVQR	2	sp|P02763|A1AG1_HUMAN	0.010765551	0.9658285256870233	0.8216714154705456	11844.546730230606
C[+57.021465]PLFEHFLK	3	sp|Q9NPH3|IL1AP_HUMAN	0.010765551	0.9586923939928679	0.8744836067223392	3928.598014335278
YAASSYLSLTPEQWK	2	sp|A0M8Q6|IGLC7_HUMAN;sp|B9A064|IGLL5_HUMAN;sp|P0CF74|IGLC6_HUMAN;sp|P0CG04|IGLC1_HUMAN;sp|P0DOX8|IGL1_HUMAN;sp|P0DOY2|IGLC2_HUMAN;sp|P0DOY3|IGLC3_HUMAN	0.006535948	1.0	0.9449307823277823	6508774.355786094
TC[+57.021465]PKPDDLPFSTVVPLK	2	sp|P02749|APOH_HUMAN	0.006535948	1.0	0.942371613658403	66252.76001212028
LSSWVLLM[+15.994915]K	2	sp|P01009|A1AT_HUMAN	0.009478673	0.9866190731264982	0.8008228505179168	15247.049428033117
LTSLPLGALR	2	sp|P07359|GP1BA_HUMAN	0.006535948	1.0	0.9370748929147101	216142.52106860367
ELTPEVLQEWLDELEEMMLVVHMPR	4	sp|P01008|ANT3_HUMAN	0.006535948	1.0	0.9138565235804966	964902.9659925047
TMLLQPAGSLGSYSYR	3	sp|P41222|PTGDS_HUMAN	0.006535948	1.0	0.9233705357057621	1988376.135771467
DALSSVQESQVAQQARGWVTDGFSSLK	3	sp|P02656|APOC3_HUMAN	0.010765551	0.9658285256870233	0.9563671745983231	104145.75636383552
LLDNWDSVTSTFSK	2	sp|P02647|APOA1_HUMAN	0.006535948	1.0	0.9625999979839273	1979423.9338669698
DLLLPQPDLR	2	sp|P02750|A2GL_HUMAN	0.006535948	1.0	0.8506273812021269	74921.56159540785
AVSISPTNVILTWK	3	sp|Q12913|PTPRJ_HUMAN	0.006535948	1.0	0.7432075409641828	61870.35847590136
TFYEPGEEITYSC[+57.021465]KPGYVSR	3	sp|P02749|APOH_HUMAN	0.009478673	0.9866190731264982	0.9308769857311887	285911.6585728259
YVGGQEHFAHLLILR	2	sp|P02763|A1AG1_HUMAN	0.006535948	1.0	0.9484179882222044	11314148.02124614
NKEDC[+57.021465]VEIYIK	3	sp|P14151|LYAM1_HUMAN	0.006535948	1.0	0.9464801797559845	107048.13840856124
EHVAHLLFLRDTK	3	sp|P19652|A1AG2_HUMAN	0.006535948	1.0	0.9405842653089876	404044.4223610805
RLGMFNIQHC[+57.021465]K	2	sp|P01009|A1AT_HUMAN	0.006535948	1.0	0.9213119515982339	426380.3218146621
SAGSVESPSVSSTHR	3	sp|P17936|IBP3_HUMAN	0.006535948	1.0	0.94437058375965	118851.9956977669
NSLYLQMNSLR	2	sp|A0A0B4J1V1|HV321_HUMAN;sp|A0A0B4J1X8|HV343_HUMAN;sp|A0A0C4DH32|HV320_HUMAN;sp|P01762|HV311_HUMAN;sp|P01763|HV348_HUMAN;sp|P01766|HV313_HUMAN;sp|P01780|HV307_HUMAN;sp|P01782|HV309_HUMAN;sp|P0DP04|HV43D_HUMAN	0.006535948	1.0	0.8565297290300522	4595.583529141915
IPKSDVVYTDWK	2	sp|P02763|A1AG1_HUMAN	0.007889546	0.9933552810135716	0.9754093991645746	111781.21609320414
KATVVYQGER	2	sp|P02749|APOH_HUMAN	0.009478673	0.9866190731264982	0.9101805518025755	30854.722366768558
QGLLPVLESFK	2	sp|P02647|APOA1_HUMAN	0.007889546	0.9933552810135716	0.9098032963197608	189279.97770103678
EGVLYVGSK	2	sp|P37840|SYUA_HUMAN;sp|Q16143|SYUB_HUMAN	0.006535948	1.0	0.9308599888469847	80995.8168799171
TYFPHFDLSHGSAQVK	4	sp|P69905|HBA_HUMAN	0.006535948	1.0	0.9585077618921319	1075627.592753996
GGEGTGYFVDFSVR	2	sp|P04196|HRG_HUMAN	0.009478673	0.9866190731264982	0.8794200691232915	122196.03538595287
AGALQLLLVGDK	2	sp|P55058|PLTP_HUMAN	0.006535948	1.0	0.7665246190145615	10702.397551754495
DTEEEDFHVDQVTTVK	2	sp|P01009|A1AT_HUMAN	0.010765551	0.9658285256870233	0.9428693007951903	2135074.703759902
HVVLAQLWAGLR	3	sp|O95998|I18BP_HUMAN	0.006535948	1.0	0.8725026846468118	138397.82496421976
WKNFPSPVDAAFR	3	sp|P02790|HEMO_HUMAN	0.026936026	0.606735609642813	0.7221217789994557	16187.834338077122
ATVVYQGER	2	sp|P02749|APOH_HUMAN	0.006535948	1.0	0.9652555571581249	489764.13579627103
YNSQNQSNNQFVLYR	2	sp|P01042|KNG1_HUMAN	0.006535948	1.0	0.8844266451357974	1362639.5919908327
IDSLLENDR	2	sp|P10909|CLUS_HUMAN	0.01010101	0.9797881705057813	0.9746544966490487	53706.54024352176
DYVSQFEGSALGK	2	sp|P02647|APOA1_HUMAN	0.006535948	1.0	0.9430901985523711	550294.6915672913
TM[+15.994915]LLQPAGSLGSYSYR	2	sp|P41222|PTGDS_HUMAN	0.006535948	1.0	0.8907507058573845	794392.0562287137
EHVAHLLFLR	2	sp|P19652|A1AG2_HUMAN	0.01010101	0.9728591838590949	0.9711499454398621	22276.879995160183
ENFLFLTPDC[+57.021465]K	3	sp|P01042|KNG1_HUMAN	0.014959724	0.8354707271418766	0.8335035728554607	5521.606704442579
FNRPFLMIIVPTDTQNIFFMSK	3	sp|P01011|AACT_HUMAN	0.006535948	1.0	0.9449338132443349	6294106.065606766
TVAAC[+57.021465]NLPIVR	3	sp|P02760|AMBP_HUMAN	0.006535948	1.0	0.828582299646641	21762.977181831317
AEAESLYQSK	2	sp|P04264|K2C1_HUMAN	0.006535948	1.0	0.978957653385841	185814.43325369025
LLIYGASTR	2	sp|A0A075B6H7|KV37_HUMAN;sp|A0A0C4DH55|KVD07_HUMAN;sp|P01624|KV315_HUMAN	0.006535948	1.0	0.8180084416770577	190582.094564636
ALAQC[+57.021465]APPPAVC[+57.021465]AELVR	3	sp|P17936|IBP3_HUMAN	0.006535948	1.0	0.7357092920962373	31015.212419601492
DFVQPPTK	1	sp|P01042|KNG1_HUMAN	0.011709602	0.9054124614333342	0.7117515163551861	3141.294805657842
FIVLSNNYLQIR	2	sp|P13591|NCAM1_HUMAN	0.007889546	0.9933552810135716	0.970396167969014	5700.058453429254
STAAMSTYTGIFTDQVLSVLK	3	sp|P02655|APOC2_HUMAN	0.009478673	0.9866190731264982	0.9173981000597168	1068404.1236665887
DKC[+57.021465]EPLEKQHEK	2	sp|P02763|A1AG1_HUMAN;sp|P19652|A1AG2_HUMAN	0.010765551	0.9658285256870233	0.9411125631462436	1113.930927420722
SGTASEMGTER	2	sp|Q9ULI3|HEG1_HUMAN	0.006535948	1.0	0.7846565882463757	24886.100557383143
LWWLDLK	2	sp|P02790|HEMO_HUMAN	0.01010101	0.9797881705057813	0.9155713096028927	23592.46283515795
TLLDIDNTR	2	sp|P35527|K1C9_HUMAN	0.01010101	0.9797881705057813	0.9618546988749833	88876.23465343243
DIPMNPMC[+57.021465]IYR	2	sp|P01008|ANT3_HUMAN	0.006535948	1.0	0.9534305316070819	543455.3117880246
TEGDGVYTLNNEK	2	sp|P00738|HPT_HUMAN	0.007889546	0.9933552810135716	0.9510682657636903	22116.146876396007
VPTVEPLDSLTLFLFR	2	sp|P13598|ICAM2_HUMAN	0.006535948	1.0	0.9638695793053756	11558196.601652652
SVDIWLR	1	sp|P15151|PVR_HUMAN	0.006535948	1.0	0.7242778064110068	23853.74580792796
AFLEVNEEGSEAAASTAVVIAGR	3	sp|P01008|ANT3_HUMAN	0.009478673	0.9866190731264982	0.8576252889153204	98662.25027393334
AYVPIAQVK	2	sp|Q14956|GPNMB_HUMAN	0.006535948	1.0	0.9522448873936714	217311.83540671918
ITLLSALVETR	3	sp|P01011|AACT_HUMAN	0.014959724	0.8448700454299841	0.7768594332304672	32353.410747623995
DLDSQTMMVLVNYIFFK	3	sp|P01011|AACT_HUMAN	0.007889546	0.9933552810135716	0.7036079710901255	4342.598693504697
ALGISPFHEHAEVVFTANDSGPR	5	sp|P02766|TTHY_HUMAN	0.028026905	0.5226635955578876	0.7078186954630507	11976.376227022854
ALPAPIEK	2	sp|P01857|IGHG1_HUMAN;sp|P01860|IGHG3_HUMAN;sp|P0DOX5|IGG1_HUMAN	0.01010101	0.9728591838590949	0.9632270750460058	3236.9593541827935
MADEAGSEADHEGTHSTK	3	sp|P02671|FIBA_HUMAN	0.006535948	1.0	0.9283441471581518	45621.07043159841
TLLVFEVQQPFLFVLWDQQHK	3	sp|P05155|IC1_HUMAN	0.006535948	1.0	0.8878802310744822	214969.7979000257
LNDLEDALQQAK	3	sp|P04264|K2C1_HUMAN	0.007889546	0.9933552810135716	0.7331717855338103	6546.5338456706995
FLSTLTIDGVTR	2	sp|P35968|VGFR2_HUMAN	0.006535948	1.0	0.8730091580979713	4959.436608425526
SSQTVAVHHPQYGFSVQGEYQGR	4	sp|Q9NQS3|NECT3_HUMAN	0.01010101	0.9797881705057813	0.7096748006558583	929.912607988906
ALGISPFHEHAEVVFTANDSGPRR	5	sp|P02766|TTHY_HUMAN	0.006535948	1.0	0.941042506689021	327816.7336059649
SLNNQFASFIDK	2	sp|P04264|K2C1_HUMAN	0.007889546	0.9933552810135716	0.9618201001452863	144738.84255240328
AADDTWEPFASGK	2	sp|P02766|TTHY_HUMAN	0.006535948	1.0	0.9720217886185293	836641.8510133945
AFLLVQDIMEDTMR	2	sp|P09603|CSF1_HUMAN	0.006535948	1.0	0.7345300535920644	107028.11125532596
FSSSSGYGGGSSR	2	sp|P35527|K1C9_HUMAN	0.007889546	0.9933552810135716	0.9142388531656173	4046.2860886222275
LVLLNAIYLSAK	3	sp|P05155|IC1_HUMAN	0.006535948	1.0	0.942281952484754	10666.808392185152
LYLVQGTQVYVFLTK	2	sp|P02790|HEMO_HUMAN	0.006535948	1.0	0.9436562527979655	675735.9822345162
LNSQRLVFNRPFLMFIVDNNILFLGKVNRP	6	sp|P05154|IPSP_HUMAN	0.007889546	0.9933552810135716	0.7451715261985569	2411.9022001735634
VNVDEVGGEALGR	2	sp|P68871|HBB_HUMAN	0.006535948	1.0	0.936424117429981	13701.889424102097
LLGLSLAGK	1	sp|Q9Y5Y7|LYVE1_HUMAN	0.010765551	0.9586923939928679	0.7296594934181531	841.6132489011453
NWGLSVYADKPETTK	3	sp|P02763|A1AG1_HUMAN	0.010765551	0.9514467542496609	0.7813578638055748	50707.26714278837
GDPLGTEGGLDASNTER	2	sp|Q12913|PTPRJ_HUMAN	0.006535948	1.0	0.9309523069202629	1616855.3089340911
LGNQEPGGQTALK	2	sp|P08697|A2AP_HUMAN	0.006535948	1.0	0.9869506633335894	4624.96835218041
GLYDVVSVLR	2	sp|O75144|ICOSL_HUMAN	0.006535948	1.0	0.9738790237149779	1199579.7346361103
GSPAINVAVHVFRK	2	sp|P02766|TTHY_HUMAN	0.006535948	1.0	0.8543656955679161	39890.58978880239
ETPAATEAPSSTPK	2	sp|P80723|BASP1_HUMAN	0.006535948	1.0	0.9142282761038806	21600.202141036734
AVLHIGEK	2	sp|P05543|THBG_HUMAN	0.029147983	0.9728591838590949	0.944713084093382	7824.015023564682
TDTSHHDQDHPTFNK	4	sp|P01009|A1AT_HUMAN	0.006535948	1.0	0.9468792917586205	7002689.816457029
LYHSEAFTVNFGDTEEAKK	3	sp|P01009|A1AT_HUMAN	0.009259259	0.9933552810135716	0.9779870924500269	81033.13114185364
FAGVFHVEK	2	sp|P16070|CD44_HUMAN	0.01010101	0.9797881705057813	0.8924610913109785	6845.322248948392
GPALTTPK	2	sp|Q92954|PRG4_HUMAN	0.006535948	1.0	0.9733203215773732	684313.0053940117
MSGEC[+57.021465]APNVSVSVSTSHTTISGGGSR	3	sp|P04264|K2C1_HUMAN	0.01010101	0.9797881705057813	0.9010673012508661	2950.417265789587
VTMQNLNDR	2	sp|P02533|K1C14_HUMAN;sp|P08779|K1C16_HUMAN;sp|P13645|K1C10_HUMAN;sp|Q7Z3Y7|K1C28_HUMAN;sp|Q7Z3Y8|K1C27_HUMAN;sp|Q7Z3Y9|K1C26_HUMAN;sp|Q7Z3Z0|K1C25_HUMAN	0.028026905	0.9866190731264982	0.9745760931797643	6389.767045409852
DYFMPC[+57.021465]PGR	2	sp|P02790|HEMO_HUMAN	0.009478673	0.9866190731264982	0.8967415402724852	2022461.3183815698
VEIDTKSYWK	2	sp|P02766|TTHY_HUMAN	0.006535948	1.0	0.9460432235384579	38471.341701585974
SSQTVAVHHPQYGFSVQGEYQGR	3	sp|Q9NQS3|NECT3_HUMAN	0.01010101	0.9797881705057813	0.9440175037723597	3710.8742429794906
IITDFPSLTR	2	sp|Q9H8J5|MANS1_HUMAN	0.006535948	1.0	0.8767972803860267	21828.340084177074
ANRPFLVFIR	3	sp|P01008|ANT3_HUMAN	0.006535948	1.0	0.9506733560247336	6201059.960489882
WSAGLTSSQVDLYIPK	3	sp|P08185|CBG_HUMAN	0.010765551	0.9586923939928679	0.758176029289066	874.531525423335
FLASVSTVLTSK	2	sp|P69905|HBA_HUMAN	0.006535948	1.0	0.8984271645322773	48064.34140111692
GLGELQELYLK	2	sp|P07359|GP1BA_HUMAN	0.009259259	0.9933552810135716	0.9935061328775572	185943.61699884405
FKLDDDLEHQGGHVLDHGHK	6	sp|P01042|KNG1_HUMAN	0.006535948	1.0	0.9285224947160737	138731.9973415116
LPTDSELAPR	2	sp|P49908|SEPP1_HUMAN	0.009478673	0.9866190731264982	0.7752113900790755	6172.62774530374
GTHC[+57.021465]NQVEVIATLK	2	sp|P02775|CXCL7_HUMAN	0.006535948	1.0	0.9650992420761308	1698275.3703376874
SDVVYTDWKKDK	2	sp|P02763|A1AG1_HUMAN	0.006535948	1.0	0.9345472947033568	133809.10568970285
GLGEISAASEFK	2	sp|P13591|NCAM1_HUMAN	0.006535948	1.0	0.9274034855296339	23059.463425136724
VVSTNYNQHAMVFFK	3	sp|P80188|NGAL_HUMAN	0.01010101	0.9728591838590949	0.8726780203534202	10939.070148007586
AVMDDFAAFVEK	3	sp|P02768|ALBU_HUMAN	0.006535948	1.0	0.8710844105923239	336829.5730314505
EESLDSDLYAELR	2	sp|P02775|CXCL7_HUMAN	0.006535948	1.0	0.9403272429249162	4654708.699152993
ASFHIPQVQVR	2	sp|Q9BQ51|PD1L2_HUMAN	0.010765551	0.9586923939928679	0.8379837154534773	4187.530859132192
QISNLQQSISDAEQR	2	sp|P04264|K2C1_HUMAN	0.006535948	1.0	0.9440299367687222	1872339.3702245287
VIVVSMNYR	2	sp|P06276|CHLE_HUMAN	0.009478673	0.9866190731264982	0.970518321163507	16808.099487887666
MTVTDQVNC[+57.021465]PK	2	sp|P05090|APOD_HUMAN	0.006535948	1.0	0.9171078650996068	51904.37834956946
VVAGVANALAHK	3	sp|P02042|HBD_HUMAN;sp|P68871|HBB_HUMAN	0.009478673	0.9866190731264982	0.9174458804528833	18201.745248359875
IYPTVNC[+57.021465]QPLGMISLMK	3	sp|P01042|KNG1_HUMAN	0.006535948	1.0	0.9105225243936078	65026.434487851664
DGYLFQLLR	2	sp|P04196|HRG_HUMAN	0.006535948	1.0	0.923886068295516	375556.56671945885
ESLLNHFLYEVAR	2	sp|P43652|AFAM_HUMAN	0.01010101	0.9797881705057813	0.7138495586700175	34658.05605687228
NFPSPVDAAFR	2	sp|P02790|HEMO_HUMAN	0.009259259	0.9933552810135716	0.9511908088280493	93997.2882336902
GVTSVSQIFHSPDLAIR	2	sp|P05155|IC1_HUMAN	0.009259259	0.9933552810135716	0.7961153460065284	16518.89061219513
AVLTIDEK	2	sp|P01009|A1AT_HUMAN	0.006535948	1.0	0.9804505150259685	7856253.690008404
RYTIAALLSPYSYSTTAVVTNPKE	4	sp|P02766|TTHY_HUMAN	0.010765551	0.9586923939928679	0.7915135271543987	10231.498849638501
TWQDC[+57.021465]EYK	2	sp|P01042|KNG1_HUMAN	0.006535948	1.0	0.9823342686083973	135972.21182321818
DQYYNIDVPSR	3	sp|Q92954|PRG4_HUMAN	0.006535948	1.0	0.9084842395975994	27224.746364463528
GFMQTYYDDHLR	3	sp|P55056|APOC4_HUMAN	0.01010101	0.9797881705057813	0.8222333983887984	2084.7675151725025
C[+57.021465]TWLIEGQPNR	2	sp|O75882|ATRN_HUMAN	0.006535948	1.0	0.9013652147158154	41990.76643617549
RDGYLFQLLR	2	sp|P04196|HRG_HUMAN	0.010765551	0.9586923939928679	0.9825350402683408	27498.378772485365
VVHFIYIAILSQK	3	sp|P43652|AFAM_HUMAN	0.006535948	1.0	0.8084715716252728	35065.29453634574
TNHFTIPK	2	sp|P40189|IL6RB_HUMAN	0.01010101	0.9728591838590949	0.83849988215698	6286.186314487756
STSESTAALGC[+57.021465]LVK	2	sp|P01859|IGHG2_HUMAN;sp|P01861|IGHG4_HUMAN	0.006535948	1.0	0.870205430285776	77112.10147418723
SGGGGGGGLGSGGSIR	2	sp|P35527|K1C9_HUMAN	0.009259259	0.9933552810135716	0.9067503965106328	7324.115056777245
VFSNGADLSGVTEEAPLK	3	sp|P01009|A1AT_HUMAN	0.01010101	0.9728591838590949	0.9606754284500223	15419.168446897358
GKMNTVIAALSR	3	sp|P08185|CBG_HUMAN	0.009259259	0.9933552810135716	0.8785863203472508	5710.190737476205
ADLFYDVEALDLESPK	3	sp|P04196|HRG_HUMAN	0.009259259	0.9933552810135716	0.9706961455199148	302656.1836963025
SGYFLSISDSK	2	sp|Q86SQ4|AGRG6_HUMAN	0.006535948	1.0	0.765762151273898	53445.576573650585
QPAVEEPAEVTATVLASR	4	sp|P32942|ICAM3_HUMAN	0.012790698	0.888960273227615	0.9618158403820779	59555.78949550792
SKEQLTPLIK	3	sp|P02652|APOA2_HUMAN	0.009259259	0.9933552810135716	0.8835142262061955	521.0097214793136
GDSVVYGLR	1	sp|P10451|OSTP_HUMAN	0.018285714	0.8058999028144878	0.7160880373319068	351.502016117288
AQSIAYHLK	2	sp|Q14515|SPRL1_HUMAN	0.01010101	0.9797881705057813	0.9208333958418606	1289.0391514005978
GPPFSSSQSIPVVPR	2	sp|Q8IZP9|AGRG2_HUMAN	0.011709602	0.9134157281067091	0.7995613355905793	3714.459363765983
SEAAC[+57.021465]LAAGPGIR	2	sp|O75882|ATRN_HUMAN	0.006535948	1.0	0.9222099224900876	87770.46422990564
TVESITDIR	2	sp|P11279|LAMP1_HUMAN	0.01010101	0.9797881705057813	0.9559194955209157	374015.80674316094
FATTFYQHLADSK	2	sp|P01008|ANT3_HUMAN	0.006535948	1.0	0.9472421106405958	2718090.0082124257
ATLVC[+57.021465]LISDFYPGAVTVAWK	3	sp|B9A064|IGLL5_HUMAN;sp|P0CG04|IGLC1_HUMAN;sp|P0DOX8|IGL1_HUMAN;sp|P0DOY2|IGLC2_HUMAN;sp|P0DOY3|IGLC3_HUMAN	0.009259259	0.9933552810135716	0.9259100569621713	94874.43971055307
QQDVLGFLEANK	2	sp|O75368|SH3L1_HUMAN	0.006535948	1.0	0.8537367242968021	18024.613863494098
LYGSEAFATDFQDSAAAK	2	sp|P01011|AACT_HUMAN	0.01010101	0.9728591838590949	0.8052164148201537	651.4788190176496
GTQEQDFYVTSETVVR	2	sp|P05154|IPSP_HUMAN	0.006535948	1.0	0.9321075901459792	634268.3645213421
EQLGEFYEALDC[+57.021465]LR	2	sp|P02763|A1AG1_HUMAN	0.006535948	1.0	0.9524757250680589	339293107.1158868
C[+57.021465]EDLETQTQSEK	2	sp|O00592|PODXL_HUMAN	0.006535948	1.0	0.966795251876614	19677.75272240358
IQYQLVDISQDNALR	2	sp|Q9H299|SH3L3_HUMAN	0.012790698	0.897262926642552	0.7550109133656356	22815.72791193328
LEDMEQALSPSVFK	3	sp|P05155|IC1_HUMAN	0.006535948	1.0	0.9192059435000679	636976.506283391
YLDFVFAVK	2	sp|P13473|LAMP2_HUMAN	0.009478673	0.9866190731264982	0.9726496361523556	23705.593126981425
EDC[+57.021465]VEIYIK	2	sp|P14151|LYAM1_HUMAN	0.009259259	0.9933552810135716	0.96254975334573	11030.542090191531
VLDAVRGSPAINVAVHVFR	3	sp|P02766|TTHY_HUMAN	0.006535948	1.0	0.8749526395602136	351641.749018791
ITPNLAEFAFSLYR	2	sp|P01009|A1AT_HUMAN	0.01010101	0.9797881705057813	0.9528822057839449	3571284.9159285096
ALDLINKR	2	sp|P04196|HRG_HUMAN	0.006535948	1.0	0.9827427990118166	65233.39318788261
NSVIKVPMMNSK	3	sp|P05155|IC1_HUMAN	0.006535948	1.0	0.9772867327462689	176267.36465501142
EILSVDC[+57.021465]STNNPSQAK	2	sp|P10909|CLUS_HUMAN	0.01010101	0.9728591838590949	0.8822163012363174	56925.57365571099
AIMEKLEMSK	3	sp|P05155|IC1_HUMAN	0.006535948	1.0	0.8685512072203525	33524.65541905098
LLSLGAGEFK	2	sp|P12259|FA5_HUMAN	0.010765551	0.9514467542496609	0.8125357670579385	1718.5468677984477
YFHHNSDFHIPK	2	sp|O75015|FCG3B_HUMAN	0.010765551	0.9586923939928679	0.8299633305003241	11985.934126308246
VETNMAFSPFSIASLLTQVLLGAGENTK	4	sp|P05155|IC1_HUMAN	0.010765551	0.9658285256870233	0.8925672348511264	1071.701879413344
DDLYVSDAFHK	2	sp|P01008|ANT3_HUMAN	0.006535948	1.0	0.970038539622967	23700.182376359946
LTQLNLDR	2	sp|P07359|GP1BA_HUMAN	0.01010101	0.9797881705057813	0.8632424101557783	2903.092543746735
DYFM[+15.994915]PC[+57.021465]PGR	2	sp|P02790|HEMO_HUMAN	0.009478673	0.9866190731264982	0.9609792217381629	120099.30587524833
DVSSSVYSTWK	2	sp|P10721|KIT_HUMAN	0.009259259	0.9933552810135716	0.8929098018310231	39157.40637021833
VQPYLDDFQK	3	sp|P02647|APOA1_HUMAN	0.026936026	0.5879493283318651	0.778761480486477	613.2847188735291
ITC[+57.021465]AEEGWSPTPK	2	sp|P36980|FHR2_HUMAN	0.010765551	0.9366095275687156	0.8760691062909568	6709.530597414257
C[+57.021465]SPHLVLSALTSDNHGATYAFSGTHYWR	4	sp|P02790|HEMO_HUMAN	0.006535948	1.0	0.9292107027458433	12350304.495938998
LVVEWQLQDDK	2	sp|P61916|NPC2_HUMAN	0.006535948	1.0	0.818067655700464	17207.07550058415
SGAQATWTELPWPHEK	3	sp|P02790|HEMO_HUMAN	0.01010101	0.9728591838590949	0.7669139867795102	7407.923920282837
YWNDC[+57.021465]EPPDSR	2	sp|P04196|HRG_HUMAN	0.009259259	0.9933552810135716	0.9597574485757078	23085.676808401135
GNLMGGWK	2	sp|P23435|CBLN1_HUMAN;sp|Q8IUK8|CBLN2_HUMAN	0.006535948	1.0	0.9428879442276638	552590.1922430897
QNQC[+57.021465]FYNSSYLNVQR	2	sp|P19652|A1AG2_HUMAN	0.006535948	1.0	0.9387411605960733	415661.94664258393
VLDAVRGSPAINVAVHVFR	4	sp|P02766|TTHY_HUMAN	0.006535948	1.0	0.9547463751630383	584387.2982955414
TLM[+15.994915]FGSYLDDEK	2	sp|P19652|A1AG2_HUMAN	0.009259259	0.9933552810135716	0.9386129445952929	42744.24791026813
MEPFHFK	2	sp|P05155|IC1_HUMAN	0.006535948	1.0	0.9690270232103997	10441672.97958694
FLEQQNQVLQTK	2	sp|P04264|K2C1_HUMAN;sp|P35908|K22E_HUMAN;sp|Q7Z794|K2C1B_HUMAN	0.009259259	0.9933552810135716	0.9179549023997817	3084.757394643582
RVAEGTQVLELPFK	3	sp|P01008|ANT3_HUMAN	0.01010101	0.9797881705057813	0.7341319085026307	22173.02363848731
YTIAALLSPYSYSTTAVVTNPKE	4	sp|P02766|TTHY_HUMAN	0.01010101	0.9797881705057813	0.8166717925627832	55314.1428410635
GGSIQQYIYK	2	sp|Q92954|PRG4_HUMAN	0.009259259	0.9933552810135716	0.9335652725410365	44807.860260463196
ALFLETEQLK	2	sp|Q13740|CD166_HUMAN	0.006535948	1.0	0.9492248783866488	63559.09295405186
GEFVWKSHK	2	sp|P02790|HEMO_HUMAN	0.009478673	0.9866190731264982	0.808036106669948	3672.4819729226497
SGFPQVSMFFTHTFPK	3	sp|P04196|HRG_HUMAN	0.009259259	0.9933552810135716	0.7704573033026574	30764.283946266718
HTLNQIDEVK	3	sp|P02765|FETUA_HUMAN	0.006535948	1.0	0.9513315775756519	144954.51340747613
HTFMGVVSLGSPSGEVSHPR	3	sp|P02765|FETUA_HUMAN	0.006535948	1.0	0.9777030622323636	226197.54405733236
TFYEPGEEITYSC[+57.021465]KPGYVSR	4	sp|P02749|APOH_HUMAN	0.009478673	0.9866190731264982	0.9192985331577932	7158.235183277937
QVILTLQPTLVAVGK	3	sp|P13598|ICAM2_HUMAN	0.009478673	0.9866190731264982	0.9121061694665672	136929.26969870483
TVPLAVLQLR	2	sp|P23467|PTPRB_HUMAN	0.009478673	0.9866190731264982	0.8004258899047333	6754.369576508761
TVGSDTFYSFK	2	sp|P01042|KNG1_HUMAN	0.006535948	1.0	0.9438852750132893	66618.28165886119
LTGSSGFVTDGPGNYK	2	sp|O75882|ATRN_HUMAN	0.006535948	1.0	0.9503836883239023	3342047.9322310956
DGWHSWPIAHQWPQGPSAVDAAFSWEEK	5	sp|P02790|HEMO_HUMAN	0.011709602	0.9054124614333342	0.7189921044755437	30444.46914926958
ITDVIPSEAINELTVLVLVNTIYFK	4	sp|P01008|ANT3_HUMAN	0.006535948	1.0	0.9190181924630308	16957.33557166061
SGAQATWTELPWPHEK	4	sp|P02790|HEMO_HUMAN	0.01010101	0.9728591838590949	0.7506024446487366	2662.2678420960356
YFIDFVAR	2	sp|P01042|KNG1_HUMAN	0.01010101	0.9797881705057813	0.9457217927654822	88897.87698689071
LEDM[+15.994915]EQALSPSVFK	2	sp|P05155|IC1_HUMAN	0.006535948	1.0	0.8265647743477583	72292.63406270822
NMQDMVEDYR	2	sp|P04264|K2C1_HUMAN	0.006535948	1.0	0.9486325354342541	9632.530143622469
LALDVEIATYR	2	sp|O95678|K2C75_HUMAN;sp|P02538|K2C6A_HUMAN;sp|P04259|K2C6B_HUMAN;sp|P12035|K2C3_HUMAN;sp|P13647|K2C5_HUMAN;sp|P35908|K22E_HUMAN;sp|P48668|K2C6C_HUMAN;sp|Q01546|K22O_HUMAN;sp|Q5XKE5|K2C79_HUMAN	0.011709602	0.9290085173289965	0.7894391510916855	35694.37043888326
SYYWIGIR	2	sp|P14151|LYAM1_HUMAN	0.01010101	0.9797881705057813	0.9792006480841865	535340.0460178609
AEELSIQVSC[+57.021465]R	2	sp|Q9Y5Y7|LYVE1_HUMAN	0.006535948	1.0	0.9303434938314497	314292.8510583258
YVSELHLTR	2	sp|P10721|KIT_HUMAN	0.009478673	0.9866190731264982	0.9512818436117699	64135.558492804026
GFSGIFEDR	2	sp|P09619|PGFRB_HUMAN	0.01010101	0.9797881705057813	0.7979848280401717	7132.8860507621
RGENLFAITDEGMDVPLAMEEWHHER	5	sp|Q6UXB8|PI16_HUMAN	0.009259259	0.9933552810135716	0.798521027856659	86129.70405145624
YEGSYALTSEEAER	2	sp|O95810|CAVN2_HUMAN	0.006535948	1.0	0.9552433831507453	113044.06696728515
DIAPTLTLYVGK	2	sp|P00738|HPT_HUMAN;sp|P00739|HPTR_HUMAN	0.006535948	1.0	0.9744189681496116	296693.9492717157
TVALGSNVEFMC[+57.021465]K	2	sp|P11362|FGFR1_HUMAN	0.009259259	0.9933552810135716	0.9414437675517658	20503.08650145932
NTLYLQMNSLR	2	sp|A0A0B4J1X5|HV374_HUMAN;sp|A0A0C4DH42|HV366_HUMAN;sp|P01764|HV323_HUMAN;sp|P01767|HV353_HUMAN;sp|P01768|HV330_HUMAN;sp|P01772|HV333_HUMAN;sp|P0DP02|HVC33_HUMAN;sp|P0DP03|HVC05_HUMAN	0.009259259	0.9933552810135716	0.701193499187743	15280.289170876167
SDVMYTDWKK	3	sp|P19652|A1AG2_HUMAN	0.023782559	0.7266555365444503	0.8812837771696025	15339.820760594517
FSGSNSGNTATLTISR	2	sp|A0A075B6K5|LV39_HUMAN;sp|P80748|LV321_HUMAN	0.006535948	1.0	0.9903070654775898	237365.78363209483
WQEEMELYR	2	sp|P02647|APOA1_HUMAN	0.009259259	0.9933552810135716	0.8809569590703871	23748.68288389706
IASFSQNC[+57.021465]DIYPGK	2	sp|P01042|KNG1_HUMAN	0.006535948	1.0	0.9350888629685861	1239112.221941368
EENFYVDETTVVK	3	sp|P08185|CBG_HUMAN	0.006535948	1.0	0.9362181631990004	1153317.3198418012
LINDYVK	2	sp|P01011|AACT_HUMAN	0.01010101	0.9728591838590949	0.9940148131508837	71448.88980196147
IHWESASLLR	3	sp|P01024|CO3_HUMAN	0.006535948	1.0	0.9554678754918714	117317.42088863775
AFIQLWAFDAVK	2	sp|P02760|AMBP_HUMAN	0.006535948	1.0	0.9668846185698372	2458457.674410611
AFQVQQAVDLR	2	sp|P13497|BMP1_HUMAN	0.006535948	1.0	0.8867801889797137	7105.707687475773
WTFEILDETNENK	2	sp|P10721|KIT_HUMAN	0.009478673	0.9866190731264982	0.7885994240073343	10101.669557521736
HRLEDMEQALSPSVFK	4	sp|P05155|IC1_HUMAN	0.006535948	1.0	0.862858159949302	901611.7713483706
FIC[+57.021465]PLTGLWPINTLK	3	sp|P02749|APOH_HUMAN	0.006535948	1.0	0.9173134605830001	415156.7085337407
AVGEEVWHSK	2	sp|P13591|NCAM1_HUMAN	0.009478673	0.9866190731264982	0.8950870657023222	9918.48072847376
GPLQLER	2	sp|P02750|A2GL_HUMAN	0.010765551	0.9658285256870233	0.7590239406969654	5646.085211273099
THLAPYSDELR	3	sp|P02647|APOA1_HUMAN	0.01010101	0.9728591838590949	0.8838616043301865	18893.126630151528
SVDIWLR	2	sp|P15151|PVR_HUMAN	0.006535948	1.0	0.9597293402564164	418855.7538096777
NIQSLEVIGK	2	sp|P02775|CXCL7_HUMAN	0.009478673	0.9866190731264982	0.9172237182581116	5744.959588181464
IEQKDFK	2	sp|Q8WZA2|RPGF4_HUMAN	0.006535948	1.0	0.9686988821240342	139771.66401887868
AATGEC[+57.021465]TATVGK	2	sp|P01042|KNG1_HUMAN	0.006535948	1.0	0.9013534285195156	50552.98411382424
VADFLSWC[+57.021465]R	2	sp|Q10588|BST1_HUMAN	0.009259259	0.9933552810135716	0.7830417381911934	1556.5627321442662
SKLPGIVAEGRDDLYVSDAFHK	4	sp|P01008|ANT3_HUMAN	0.006535948	1.0	0.8981099477783667	353899.9307015205
VMTPAVYAPYDVK	2	sp|O00533|NCHL1_HUMAN	0.009259259	0.9933552810135716	0.8812559381116943	28526.187873401574
NHNALLASLTTQK	3	sp|O75882|ATRN_HUMAN	0.006535948	1.0	0.8684056280806359	125757.96695576794
SGGGFSSGSAGIINYQR	2	sp|P04264|K2C1_HUMAN	0.01010101	0.9797881705057813	0.8025539878188338	19558.613945158566
DLMEKVK	2	sp|P02652|APOA2_HUMAN	0.006535948	1.0	0.9587826729218287	317020.48968580866
ISIGGGSC[+57.021465]AISGGYGSR	2	sp|P02538|K2C6A_HUMAN;sp|P04259|K2C6B_HUMAN;sp|P48668|K2C6C_HUMAN	0.006535948	1.0	0.8521331411491959	186762.06386939407
TSESGELHGLTTEEEFVEGIYK	3	sp|P02766|TTHY_HUMAN	0.022727273	0.9866190731264982	0.9223675915291326	140479.20401087348
GFQQLLQELNQPR	2	sp|P05154|IPSP_HUMAN	0.006535948	1.0	0.8744540245801956	110008.91725148146
LDDDLEHQGGHVLDHGHK	4	sp|P01042|KNG1_HUMAN	0.010765551	0.9658285256870233	0.8992546729478443	37607.38258780314
WYNLAIGSTC[+57.021465]PWLK	2	sp|P02760|AMBP_HUMAN	0.011709602	0.9366095275687156	0.9668139066844428	570330.0228348982
AVLDVFEEGTEASAATAVK	3	sp|P01011|AACT_HUMAN	0.010765551	0.9658285256870233	0.9787806468071548	451542.4079032045
SSSNEEVMFLTVQVK	2	sp|P01023|A2MG_HUMAN	0.01010101	0.9797881705057813	0.8022452878084203	11103.024015656476
NWGLSFYADKPETTK	3	sp|P19652|A1AG2_HUMAN	0.006535948	1.0	0.9383848409155914	173990.46321228097
ILGGHLDAK	2	sp|P00738|HPT_HUMAN;sp|P00739|HPTR_HUMAN	0.006535948	1.0	0.9737479618385306	1186156.2000520276
DLGGFDEDAEPR	2	sp|Q9BRK5|CAB45_HUMAN	0.006535948	1.0	0.9348159505440983	1488.0092915903867
NPNLPPETVDSLK	3	sp|P05090|APOD_HUMAN	0.006535948	1.0	0.8419707664089742	19765.264753670403
LISLIC[+57.021465]R	2	sp|O00592|PODXL_HUMAN	0.01010101	0.9728591838590949	0.7453369587495696	7888.651451120203
ELELQIGNALFIGK	3	sp|P05543|THBG_HUMAN	0.006535948	1.0	0.7701482231506703	22310.207103740475
ILLDEQAQWK	2	sp|P13598|ICAM2_HUMAN	0.006535948	1.0	0.9597514507451717	280795.56361681496
HIQETEWQSQEGK	2	sp|Q14515|SPRL1_HUMAN	0.006535948	1.0	0.9478429403739581	295324.07730825536
GAQTQTEEEMTR	2	sp|Q12841|FSTL1_HUMAN	0.009259259	0.9933552810135716	0.882884069331724	12059.417713528659
LLGLSLAGK	2	sp|Q9Y5Y7|LYVE1_HUMAN	0.016110472	0.9728591838590949	0.9709256071662471	119441.6863062843
FNRPFLMIIVPTDTQNIFFMSK	4	sp|P01011|AACT_HUMAN	0.006535948	1.0	0.8653000120686378	148608.9860731213
MEEVEAMLLPETLKR	3	sp|P01011|AACT_HUMAN	0.006535948	1.0	0.838945749186016	57528.78303315761
DLATVYVDVLK	2	sp|P02647|APOA1_HUMAN	0.009259259	0.9933552810135716	0.9827871566247767	788922.6515000607
TLMFGSYLDDEKNWGLSFYADKPETTK	4	sp|P19652|A1AG2_HUMAN	0.009478673	0.9866190731264982	0.9859867208278668	1138463.3089231066
VTTSQDMLSIMEK	3	sp|P05155|IC1_HUMAN	0.014959724	0.8540617215638593	0.829085215734052	7266.010719737815
SVNNVVVR	2	sp|O75882|ATRN_HUMAN	0.006535948	1.0	0.9825157849016591	317977.4978508023
VMPIC[+57.021465]LPSK	2	sp|P00738|HPT_HUMAN;sp|P00739|HPTR_HUMAN	0.006535948	1.0	0.8790333306985866	786733.0759637101
AVLHIGEK	1	sp|P05543|THBG_HUMAN	0.01010101	0.9728591838590949	0.8347409544741944	780.3639065126042
QFTSSTSYNR	3	sp|P02671|FIBA_HUMAN	0.024858758	0.7138053936648634	0.914462291524038	634.7787818038673
VAEGTQVLELPFK	3	sp|P01008|ANT3_HUMAN	0.009259259	0.9933552810135716	0.833417381462603	21684.201994684696
GTWTQPFDLASTR	3	sp|P08185|CBG_HUMAN	0.009259259	0.9933552810135716	0.9651903001387745	22794.757070954834
LSFQEFLK	2	sp|Q12841|FSTL1_HUMAN	0.01010101	0.9797881705057813	0.9650561035170365	17814.9278426886
DEELSC[+57.021465]TVVELK	2	sp|P01011|AACT_HUMAN	0.006535948	1.0	0.9316673679192811	131425.4123260819
SETEIHQGFQHLHQLFAK	3	sp|P08185|CBG_HUMAN	0.006535948	1.0	0.7805986049045629	695708.2305037284
TLGDSSAGEIALSTR	2	sp|P09619|PGFRB_HUMAN	0.009259259	0.9933552810135716	0.7812605568016626	6762.419905398288
SPELQAEAK	2	sp|P02652|APOA2_HUMAN	0.01010101	0.9728591838590949	0.9169029660346546	31207.105579401385
EGQMESVEAAMSSK	2	sp|P05543|THBG_HUMAN	0.006535948	1.0	0.8422538338003088	235125.9757135835
EQYAVVGHSAHIVTLK	4	sp|O75882|ATRN_HUMAN	0.01010101	0.9728591838590949	0.9357949945959613	73620.50721526353
ALQATVGNSYK	2	sp|P11279|LAMP1_HUMAN	0.009478673	0.9866190731264982	0.9708206990849259	37350.162345807104
LNSQRLVFNRPFLMFIVDNNILFLGKVNRP	4	sp|P05154|IPSP_HUMAN	0.009259259	0.9933552810135716	0.7377369629137908	6386.128661805917
DLDMFINASK	2	sp|O75882|ATRN_HUMAN	0.009259259	0.9933552810135716	0.800005989125213	11806.279862529453
ALEEANADLEVK	2	sp|P02533|K1C14_HUMAN;sp|P08779|K1C16_HUMAN;sp|P13646|K1C13_HUMAN;sp|P19012|K1C15_HUMAN	0.025959369	1.0	0.9436261870775697	5412.1740251462525
ESLSSYWESAK	2	sp|P02655|APOC2_HUMAN	0.009259259	0.9933552810135716	0.9354071185949859	271735.6944780052
ATFNPAQDK	2	sp|O00592|PODXL_HUMAN	0.006535948	1.0	0.976590582096057	139948.53437972633
FLQSFAR	2	sp|Q13201|MMRN1_HUMAN	0.01010101	0.9728591838590949	0.7241151868313304	3752.2255224071464
RSLSGTAFGGFLMFK	2	sp|Q9H8L6|MMRN2_HUMAN	0.010765551	0.9440873193926883	0.8787502254818986	26348.796039137054
AAEAAAAPAESAAPAAGEEPSKEEGEPK	3	sp|P80723|BASP1_HUMAN	0.006535948	1.0	0.8889942713298482	265062.5293693495
VWPQQPSGELFEIEIDTLETTC[+57.021465]HVLDPTPVAR	5	sp|P02765|FETUA_HUMAN	0.010765551	0.9586923939928679	0.7520628806976045	9702.265531657074
TEDSSSFLIDK	2	sp|P05543|THBG_HUMAN	0.006535948	1.0	0.928894623356184	108069.87272769854
EVDSDAYYVYR	2	sp|P09619|PGFRB_HUMAN	0.009259259	0.9933552810135716	0.8859551627736381	11661.359665595251
RDPPQYPVVPVHLDR	4	sp|P10153|RNAS2_HUMAN	0.006535948	1.0	0.9157509858256693	279670.65742651984
TLLVFEVQQPFLFVLWDQQHK	4	sp|P05155|IC1_HUMAN	0.012790698	0.897262926642552	0.9640783817828372	521245.4707563263
TYM[+15.994915]LAFDVNDEK	2	sp|P02763|A1AG1_HUMAN	0.009259259	0.9933552810135716	0.959048727862069	3729817.534894788
LYHSEAFTVNFGDTEEAKK	5	sp|P01009|A1AT_HUMAN	0.017221585	0.8258516653955662	0.7754714631790863	1858.1407238342138
ISC[+57.021465]PEGTNAYR	2	sp|P05451|REG1A_HUMAN;sp|P48304|REG1B_HUMAN	0.006535948	1.0	0.9543663145030742	13962.768441637945
HGVQELEIELQSQLSK	3	sp|P35527|K1C9_HUMAN	0.009259259	0.9933552810135716	0.9859605738474846	148459.50033676342
NIFISPVSISMALAMLSLGTC[+57.021465]GHTR	3	sp|P08185|CBG_HUMAN	0.006535948	1.0	0.9426347427394335	1837597.577407007
AQVSPTASDMLHMR	3	sp|Q6UXB8|PI16_HUMAN	0.01010101	0.9797881705057813	0.8228065233018665	18237.02957546699
DAVEDLESVGK	2	sp|P81605|DCD_HUMAN	0.006535948	1.0	0.904224642629595	119550.61090728053
GSPAINVAVHVFR	2	sp|P02766|TTHY_HUMAN	0.006535948	1.0	0.9456302574345096	542536.0138934718
SC[+57.021465]AVAEYGVYVK	3	sp|P00738|HPT_HUMAN;sp|P00739|HPTR_HUMAN	0.023782559	0.7266555365444503	0.8326063419432903	8117.252567917076
KGIYSFSFHVIK	2	sp|Q9NTU7|CBLN4_HUMAN	0.006535948	1.0	0.8327016128496024	48178.56817551703
EVPLNTIIFMGR	3	sp|P01008|ANT3_HUMAN	0.006535948	1.0	0.9441937905150762	517203.35919908533
SETEIHQGFQHLHQLFAK	4	sp|P08185|CBG_HUMAN	0.006535948	1.0	0.9212000072130022	908004.674739596
FKLDDDLEHQGGHVLDHGHK	4	sp|P01042|KNG1_HUMAN	0.006535948	1.0	0.8771404902459359	12826.199985640626
YDVDTQMWTILK	2	sp|O75882|ATRN_HUMAN	0.009478673	0.9866190731264982	0.9940524051844764	435705.87996226555
ENEGFTVTAEGK	2	sp|P01024|CO3_HUMAN	0.009478673	0.9933552810135716	0.9528874056419983	20931.01409812691
TGDTIEFMC[+57.021465]K	2	sp|Q02985|FHR3_HUMAN;sp|Q92496|FHR4_HUMAN	0.006535948	1.0	0.9811677822133604	241888.21009840825
GSFPWQAK	1	sp|P00738|HPT_HUMAN;sp|P00739|HPTR_HUMAN	0.006535948	1.0	0.8564961328035328	19337.570899180973
LGNFPWQAFTSIHGR	3	sp|Q9NZP8|C1RL_HUMAN	0.009478673	0.9933552810135716	0.8314622148396542	5192.359807193668
YVMLPVADQDQC[+57.021465]IR	2	sp|P00738|HPT_HUMAN	0.01010101	0.9797881705057813	0.9618165053176662	548213.7488579707
EITVATGGFIYTGEVVHR	3	sp|Q6UX71|PXDC2_HUMAN	0.006535948	1.0	0.8892983485837854	13161.135437703319
RVWELSK	2	sp|P01008|ANT3_HUMAN	0.006535948	1.0	0.9871292696050115	1710342.0933487855
QPAVEEPAEVTATVLASR	3	sp|P32942|ICAM3_HUMAN	0.006535948	1.0	0.7377723309529474	211668.99829259524
AVVFLEPQWYR	2	sp|P08637|FCG3A_HUMAN	0.006535948	1.0	0.9603432766169779	2416240.759047782
HTFM[+15.994915]GVVSLGSPSGEVSHPR	3	sp|P02765|FETUA_HUMAN	0.006535948	1.0	0.9482811958141323	22600.635925868028
NLDLDSIIAEVK	2	sp|O95678|K2C75_HUMAN;sp|P02538|K2C6A_HUMAN;sp|P04259|K2C6B_HUMAN;sp|P13647|K2C5_HUMAN;sp|P35908|K22E_HUMAN;sp|P48668|K2C6C_HUMAN;sp|Q5XKE5|K2C79_HUMAN	0.006535948	1.0	0.9240030653810687	18335.525654049245
QEPSQGTTTFAVTSILR	3	sp|P01876|IGHA1_HUMAN	0.009478673	0.9933552810135716	0.9358494353194543	454211.77704788727
DASGATFTWTPSSGK	2	sp|P01877|IGHA2_HUMAN;sp|P0DOX2|IGA2_HUMAN	0.009478673	0.9866190731264982	0.9104877909793262	48665.854934759336
ADTLTDEINFLR	2	sp|P02538|K2C6A_HUMAN;sp|P04259|K2C6B_HUMAN;sp|P48668|K2C6C_HUMAN	0.006535948	1.0	0.8531895235694661	79394.58541495817
LLQDEFPGIPSPLDAAVEC[+57.021465]HR	3	sp|P02790|HEMO_HUMAN	0.006535948	1.0	0.9162948116188139	9081890.037483755
NIFISPVSISMALAMLSLGTC[+57.021465]GHTR	4	sp|P08185|CBG_HUMAN	0.006535948	1.0	0.9266547626662117	157595.91778107043
ISVFIQTDK	2	sp|Q6YHK3|CD109_HUMAN	0.011709602	0.9134157281067091	0.9104402930323413	2505.04346284821
GVTSVSQIFHSPDLAIR	4	sp|P05155|IC1_HUMAN	0.009478673	0.9933552810135716	0.9608343910919981	16577.318033989206
KYPVAHFIDQTLK	2	sp|P05155|IC1_HUMAN	0.006535948	1.0	0.9389465439625253	802342.0593533346
DDFLIYDR	2	sp|P49908|SEPP1_HUMAN	0.01010101	0.9797881705057813	0.9535941671914697	161180.97561567088
VKSPELQAEAK	3	sp|P02652|APOA2_HUMAN	0.006535948	1.0	0.9027925243014377	27531.70199046696
LHMLQISYFR	3	sp|Q9UNN8|EPCR_HUMAN	0.006535948	1.0	0.862012552068174	26475.36729253374
LALDLEIATYR	2	sp|P04264|K2C1_HUMAN	0.006535948	1.0	0.9808025449572741	172478.02342092365
EQLSLLDR	2	sp|P01011|AACT_HUMAN	0.01010101	0.9797881705057813	0.7195577701514339	151.47310560967549
GDEC[+57.021465]QLC[+57.021465]EVENR	2	sp|O75882|ATRN_HUMAN	0.014959724	0.9134157281067091	0.9702329366321363	15600.471921930102
SLTVSLGPVSK	2	sp|Q9ULI3|HEG1_HUMAN	0.009478673	0.9866190731264982	0.9101128661693775	3266.4422406554772
KGEVLPLPEANFPSFPLPHHK	3	sp|P04196|HRG_HUMAN	0.006535948	1.0	0.9290047661521889	266958.6577862453
RYTIAALLSPYSYSTTAVVTNPK	5	sp|P02766|TTHY_HUMAN	0.014959724	0.8718655118414741	0.8480259585933086	6798.9796377839475
IADAHLDR	2	sp|P04196|HRG_HUMAN	0.006535948	1.0	0.9212966605413894	125183.0216833277
YVGGQEHFAHLLILRDTK	5	sp|P02763|A1AG1_HUMAN	0.006535948	1.0	0.9427806864935993	1061603.6832588045
GPSVFPLAPSSK	2	sp|P01857|IGHG1_HUMAN;sp|P0DOX5|IGG1_HUMAN	0.006535948	1.0	0.9836569229413922	826761.5952565947
AYLEEEC[+57.021465]PATLR	2	sp|P25311|ZA2G_HUMAN	0.018285714	0.9933552810135716	0.9066237926055007	26775.530731845873
LTQLNLDR	1	sp|P07359|GP1BA_HUMAN	0.018285714	0.8058999028144878	0.7241941545032919	6351.734455018629
QQTHMLDVMQDHFSR	2	sp|P10909|CLUS_HUMAN	0.006535948	1.0	0.7717722513342877	32289.030312964314
LLQDEFPGIPSPLDAAVEC[+57.021465]HR	4	sp|P02790|HEMO_HUMAN	0.006535948	1.0	0.8534307453017235	155275.85222626012
DYWSTVK	1	sp|P02656|APOC3_HUMAN	0.006535948	1.0	0.9769651013563542	1030175.4626490788
DLQFVEVTDVK	2	sp|P02751|FINC_HUMAN	0.006535948	1.0	0.8542052291587511	6078.775706437287
KAADDTWEPFASGK	3	sp|P02766|TTHY_HUMAN	0.017221585	0.8258516653955662	0.8308507879789055	3385.2620697792813
FNKPFVFLMIEQNTK	4	sp|P01009|A1AT_HUMAN	0.009478673	0.9933552810135716	0.7094579628433612	16412.57305222287
RYTIAALLSPYSYSTTAVVTNPKE	3	sp|P02766|TTHY_HUMAN	0.01010101	0.9728591838590949	0.9274220485809005	363336.8985640488
KPDGYDYYAFSK	2	sp|Q92954|PRG4_HUMAN	0.01010101	0.9728591838590949	0.9452506709709677	20945.675683501166
DYNLNDILLQLGIEEAFTSK	3	sp|P01011|AACT_HUMAN	0.006535948	1.0	0.7926227191238522	40946.25112696225
ITGKWFYIASAFR	2	sp|P02763|A1AG1_HUMAN;sp|P19652|A1AG2_HUMAN	0.006535948	1.0	0.9283278881424668	1624744.8484018515
SFTIEC[+57.021465]R	2	sp|P13598|ICAM2_HUMAN	0.006535948	1.0	0.9254012212821943	198654.27005495594
IEDGFSLK	2	sp|P01008|ANT3_HUMAN	0.006535948	1.0	0.8915286416153799	620246.893827503
GLASANVDFAFSLYK	2	sp|P08185|CBG_HUMAN	0.006535948	1.0	0.9529722160889785	12931864.11391692
NQVSLTC[+57.021465]LVK	2	sp|P01857|IGHG1_HUMAN;sp|P01859|IGHG2_HUMAN;sp|P01860|IGHG3_HUMAN;sp|P01861|IGHG4_HUMAN;sp|P0DOX5|IGG1_HUMAN	0.006535948	1.0	0.8876326244483688	203021.10835445675
MEPFHFK	1	sp|P05155|IC1_HUMAN	0.006535948	1.0	0.894086789511245	237920.57253893727
AGLQVYNK	2	sp|P13987|CD59_HUMAN	0.006535948	1.0	0.8571388204259707	23553.961790226702
LESEETMVLEAHDAQGDVPVTVTVHDFPGK	4	sp|P01024|CO3_HUMAN	0.006535948	1.0	0.8737316098393527	801339.6612437806
FDTISEK	1	sp|P01008|ANT3_HUMAN	0.01010101	0.9728591838590949	0.7441320313089689	141.60109599420767
IMGITLVSK	2	sp|Q9Y5Y7|LYVE1_HUMAN	0.01010101	0.9728591838590949	0.8666354837116428	30536.599918199543
SILFLGK	2	sp|P05543|THBG_HUMAN	0.006535948	1.0	0.7321308347675739	145172.46707183492
VLNQELR	1	sp|P05090|APOD_HUMAN	0.01010101	0.9728591838590949	0.9413303446563538	9018.104996789813
NTWSILHTQGALVQGGYGHSSVYDHR	4	sp|O75882|ATRN_HUMAN	0.006535948	1.0	0.9406310543923423	12645978.28230969
IVDLFSGLDSPAILVLVNYIFFK	4	sp|P08185|CBG_HUMAN	0.018285714	0.8058999028144878	0.9133710819149417	50867.21914765916
SASLHLPK	1	sp|P01009|A1AT_HUMAN	0.01010101	0.9728591838590949	0.9740234802320855	3513.975477872568
MEEVEAMLLPETLK	3	sp|P01011|AACT_HUMAN	0.01010101	0.9866190731264982	0.7314183856684334	6404.367247838285
TLYSSSPR	2	sp|P05155|IC1_HUMAN	0.006535948	1.0	0.9796458474482734	145225.79926197746
FLNVLSPR	2	sp|P17936|IBP3_HUMAN	0.006535948	1.0	0.9820073681651956	617469.8128219191
C[+57.021465]SPHLVLSALTSDNHGATYAFSGTHYWR	6	sp|P02790|HEMO_HUMAN	0.006535948	1.0	0.7425211233752602	312797.0837786054
ATEHLSTLSEK	2	sp|P02647|APOA1_HUMAN	0.006535948	1.0	0.976050853737316	128948.91807065041
LSPLGEEMR	2	sp|P02647|APOA1_HUMAN	0.01010101	0.9797881705057813	0.963317807069718	202196.89877536724
EVGTPHGIILDSVDAAFIC[+57.021465]PGSSR	4	sp|P02790|HEMO_HUMAN	0.01010101	0.9797881705057813	0.9071851413113935	498355.295151283
TVVQPSVGAAAGPVVPPC[+57.021465]PGR	3	sp|P02765|FETUA_HUMAN	0.006535948	1.0	0.9139580184319052	467475.701360198
TGLEAISNHK	2	sp|Q14515|SPRL1_HUMAN	0.01010101	0.9797881705057813	0.951594176340922	26579.848991880597
EAATNGVLLYLDK	2	sp|Q9NTU7|CBLN4_HUMAN	0.006535948	1.0	0.9100935555966332	97540.02100125018
QEINSHVEMQTK	2	sp|P05543|THBG_HUMAN	0.006535948	1.0	0.9099183835855839	129842.49450772368
TC[+57.021465]PKPDDLPFSTVVPLK	3	sp|P02749|APOH_HUMAN	0.006535948	1.0	0.9520172439828005	239080.3973376971
YPNC[+57.021465]AYR	2	sp|P07998|RNAS1_HUMAN	0.006535948	1.0	0.9547440303625141	182112.83282117196
DTKTYMLAFDVNDEK	2	sp|P02763|A1AG1_HUMAN	0.01010101	0.9728591838590949	0.9334253209957024	174264.1049602833
IKVTTSQDMLSIMEK	2	sp|P05155|IC1_HUMAN	0.01010101	0.9797881705057813	0.9578987500675792	28541.748818576074
ELTPEVLQEWLDELEEMMLVVHMPR	5	sp|P01008|ANT3_HUMAN	0.006535948	1.0	0.8073477931215752	87825.19177049352
KGDTFSC[+57.021465]MVGHEALPLAFTQK	4	sp|P01876|IGHA1_HUMAN	0.009478673	0.9933552810135716	0.9077927704268669	72543.09020620184
WVFKEEDPIHLR	4	sp|O75015|FCG3B_HUMAN;sp|P08637|FCG3A_HUMAN	0.006535948	1.0	0.8150175045911182	294551.66329864995
WFYIASAFR	2	sp|P02763|A1AG1_HUMAN;sp|P19652|A1AG2_HUMAN	0.006535948	1.0	0.9596021392748237	1190689.7299759146
GGGALLGDR	2	sp|P00736|C1R_HUMAN;sp|Q9NZP8|C1RL_HUMAN	0.010765551	0.9658285256870233	0.9384002760941127	8576.3908594354
VTTVASHTSDSDVPSGVTEVVVK	3	sp|P10909|CLUS_HUMAN	0.006535948	1.0	0.9749703153863327	658802.4668101406
AKPALEDLR	2	sp|P02647|APOA1_HUMAN	0.01010101	0.9797881705057813	0.9785755517153907	19214.721849866753
LSSWVLLMK	2	sp|P01009|A1AT_HUMAN	0.01010101	0.9866190731264982	0.9602089558640022	21895.583759386875
NKEDC[+57.021465]VEIYIK	2	sp|P14151|LYAM1_HUMAN	0.006535948	1.0	0.9518877679068867	1054691.4044004797
VDALMDEINFMK	2	sp|P13647|K2C5_HUMAN	0.009478673	0.9933552810135716	0.9599927287199177	18349.34474106377
AEDTAVYYC[+57.021465]AK	2	sp|P01764|HV323_HUMAN;sp|P01768|HV330_HUMAN;sp|P0DP03|HVC05_HUMAN	0.006535948	1.0	0.8741719580554715	5832.060978421785
HYYESEVLAMNFQDWATASR	4	sp|P08185|CBG_HUMAN	0.011709602	0.9054124614333342	0.9144957247621914	31701.60764188032
NALALFVLPK	2	sp|P05543|THBG_HUMAN	0.01010101	0.9866190731264982	0.9346435997148216	72419.56722302626
ELISERWK	2	sp|P02790|HEMO_HUMAN	0.01010101	0.9797881705057813	0.9570809932556568	29505.81606785509
ALEESNYELEGK	2	sp|P13645|K1C10_HUMAN	0.009478673	0.9933552810135716	0.9008250368031412	7315.072456916456
ADLSGITGAR	2	sp|P01011|AACT_HUMAN	0.01010101	0.9728591838590949	0.9696577572429366	89983.53143243604
KATVVYQGER	3	sp|P02749|APOH_HUMAN	0.011709602	0.9366095275687156	0.8450795490842088	2692.000792356082
SDVVYTDWKK	3	sp|P02763|A1AG1_HUMAN	0.006535948	1.0	0.8011941741503752	11708.797243070672
VWFELTQGSITK	2	sp|Q9H8L6|MMRN2_HUMAN	0.006535948	1.0	0.9794653772804149	2542991.8109913813
EWFSETFQK	2	sp|P02654|APOC1_HUMAN	0.006535948	1.0	0.9618875685743223	863359.1669909615
KMTVTDQVNC[+57.021465]PK	2	sp|P05090|APOD_HUMAN	0.006535948	1.0	0.9319529086928249	102851.08959887303
GPGEDFR	1	sp|P41222|PTGDS_HUMAN	0.012790698	0.8804971228634604	0.7665609056028925	90.9009610895592
LFDSDPITVTVPVEVSR	2	sp|P10909|CLUS_HUMAN	0.014959724	0.8540617215638593	0.8480752666011265	19.100201420588714
EHSSLAFWK	2	sp|P02749|APOH_HUMAN	0.01010101	0.9866190731264982	0.9894033599192007	69213.60517445745
NLMIDIQK	2	sp|Q9BY67|CADM1_HUMAN	0.011709602	0.9728591838590949	0.9142068261273218	29049.495859080285
DSGSYFC[+57.021465]R	2	sp|O75015|FCG3B_HUMAN;sp|P08637|FCG3A_HUMAN	0.006535948	1.0	0.9907210237378422	246775.0609108846
FQPTLLTLPR	3	sp|P05155|IC1_HUMAN	0.024858758	0.7138053936648634	0.9407212194638394	24717.22102234428
FNQPFIIMIFDHFTWSSLFLAR	3	sp|P08185|CBG_HUMAN	0.006535948	1.0	0.9540095937236021	1677707.4786717766
YEGGREHVAHLLFLR	2	sp|P19652|A1AG2_HUMAN	0.012790698	0.897262926642552	0.7805642093467005	7346.114009710445
ENFLFLTPDC[+57.021465]K	2	sp|P01042|KNG1_HUMAN	0.009478673	0.9933552810135716	0.9585246225310375	193274.2558907249
GDTFYVVSFR	2	sp|P18850|ATF6A_HUMAN	0.006535948	1.0	0.8925809770967951	29573.110912666787
VLAPWITETHFK	3	sp|P23467|PTPRB_HUMAN	0.01010101	0.9797881705057813	0.8937868661489221	1038.7305122971527
ALGISPFHEHAEVVFTANDSGPR	3	sp|P02766|TTHY_HUMAN	0.01010101	0.9866190731264982	0.9314164603035233	38613.23451472574
ITDVIPSEAINELTVLVLVNTIYFK	3	sp|P01008|ANT3_HUMAN	0.006535948	1.0	0.9868808048291807	16767.85113845337
TTVILPLAPFVR	2	sp|O00533|NCHL1_HUMAN	0.006535948	1.0	0.8460981104382684	4234.526509090851
GKEESLDSDLYAELR	2	sp|P02775|CXCL7_HUMAN	0.01010101	0.9797881705057813	0.9508523673120103	392105.96202107926
LSITGTYDLK	2	sp|P01009|A1AT_HUMAN	0.01010101	0.9866190731264982	0.9402649186161264	64590.24829240932
DFTC[+57.021465]VHQALK	2	sp|P05155|IC1_HUMAN	0.009478673	0.9933552810135716	0.9863584505031596	40589.45023758802
DFVQPPTK	2	sp|P01042|KNG1_HUMAN	0.006535948	1.0	0.9366375749443554	175446.03783168242
DLMEKVK	1	sp|P02652|APOA2_HUMAN	0.006535948	1.0	0.7389312255052244	5609.84775359663
YGFIEGHVVIPR	3	sp|P16070|CD44_HUMAN	0.006535948	1.0	0.955703987156644	5027015.401636225
VTVLGQPK	1	sp|B9A064|IGLL5_HUMAN;sp|P0DOX8|IGL1_HUMAN	0.006535948	1.0	0.7429947186085647	10370.46950401889
HITSLEVIK	2	sp|P02776|PLF4_HUMAN;sp|P10720|PF4V_HUMAN	0.01010101	0.9797881705057813	0.9876023064189082	309728.89003420324
TAAQNLYEK	2	sp|P02655|APOC2_HUMAN	0.01010101	0.9797881705057813	0.9760204233889904	285643.047494955
ALGISPFHEHAEVVFTANDSGPRR	3	sp|P02766|TTHY_HUMAN	0.006535948	1.0	0.8916036311578499	198074.68334341428
